company,requested_region,normalized_region,region_source,office_label,office_url,review_url,status,failure_reason,discovery_mode,resolved_at
Google,Taipei,taipei,manual-seed,"Taipei, TPQ","https://www.glassdoor.com/Location/All-ASUS-Taipei-Office-Locations-EI_IE40093.4,8_IL.9,15_IC3271041.htm","https://www.glassdoor.com/Reviews/Google-Taipei-Reviews-EI_IE9079.0,6_IL.7,13_IC3271041.htm",resolved,,pool-location-id,2026-06-28T15:20:30.698501+08:00
ASUS,"Ciudad de Mexico, MEX",ciudad de mexico mex,office-location,"Ciudad de Mexico, MEX","https://www.glassdoor.com/Location/All-ASUS-Ciudad-de-Mexico-Office-Locations-EI_IE40093.4,8_IL.9,25_IC5017436.htm",https://www.glassdoor.com/Reviews/index.htm,resolved,,office-navigation,2026-06-28T15:22:14.599308+08:00
ASUS,"Fremont, CA",fremont ca,office-location,"Fremont, CA","https://www.glassdoor.com/Location/All-ASUS-Fremont-Office-Locations-EI_IE40093.4,8_IL.9,16_IC1147355.htm","https://www.glassdoor.com/Reviews/ASUS-Fremont-Reviews-EI_IE40093.0,4_IL.5,12_IC1147355.htm",resolved,,office-navigation,2026-06-28T15:22:17.454116+08:00
ASUS,"Markham, ON",markham on,office-location,"Markham, ON","https://www.glassdoor.com/Location/All-ASUS-Markham-Office-Locations-EI_IE40093.4,8_IL.9,16_IC2280736.htm","https://www.glassdoor.com/Reviews/ASUS-Markham-Reviews-EI_IE40093.0,4_IL.5,12_IC2280736.htm",resolved,,office-navigation,2026-06-28T15:22:20.828435+08:00
ASUS,"Barcelona, CT",barcelona ct,office-location,"Barcelona, CT","https://www.glassdoor.com/Location/All-ASUS-Barcelona-Office-Locations-EI_IE40093.4,8_IL.9,18_IC2547194.htm","https://www.glassdoor.com/Reviews/ASUS-Barcelona-Reviews-EI_IE40093.0,4_IL.5,14_IC2547194.htm",resolved,,office-navigation,2026-06-28T15:22:24.877394+08:00
ASUS,"Budapest, BU",budapest bu,office-location,"Budapest, BU","https://www.glassdoor.com/Location/All-ASUS-Budapest-Office-Locations-EI_IE40093.4,8_IL.9,17_IC3125126.htm","https://www.glassdoor.com/Reviews/ASUS-Budapest-Reviews-EI_IE40093.0,4_IL.5,13_IC3125126.htm",resolved,,office-navigation,2026-06-28T15:22:28.439118+08:00
ASUS,"Emmen, DR",emmen dr,office-location,"Emmen, DR","https://www.glassdoor.com/Location/All-ASUS-Emmen-Office-Locations-EI_IE40093.4,8_IL.9,14_IC3060162.htm","https://www.glassdoor.com/Reviews/ASUS-Emmen-Reviews-EI_IE40093.0,4_IL.5,10_IC3060162.htm",resolved,,office-navigation,2026-06-28T15:22:31.89237+08:00
ASUS,"Hemel Hempstead, ENG",hemel hempstead eng,office-location,"Hemel Hempstead, ENG","https://www.glassdoor.com/Location/All-ASUS-Hemel-Hempstead-Office-Locations-EI_IE40093.4,8_IL.9,24_IC2669775.htm","https://www.glassdoor.com/Reviews/ASUS-Hemel-Hempstead-Reviews-EI_IE40093.0,4_IL.5,20_IC2669775.htm",resolved,,office-navigation,2026-06-28T15:22:35.115473+08:00
ASUS,"Milan, LOM",milan lom,office-location,"Milan, LOM","https://www.glassdoor.com/Location/All-ASUS-Milan-Office-Locations-EI_IE40093.4,8_IL.9,14_IC2802090.htm","https://www.glassdoor.com/Reviews/ASUS-Milan-Reviews-EI_IE40093.0,4_IL.5,10_IC2802090.htm",resolved,,office-navigation,2026-06-28T15:22:38.402619+08:00
ASUS,"Moravská Ostrava, MO",moravsk ostrava mo,office-location,"Moravská Ostrava, MO","https://www.glassdoor.com/Location/All-ASUS-Moravská-Ostrava-Office-Locations-EI_IE40093.4,8_IL.9,25_IC2288209.htm",https://www.glassdoor.com/Reviews/index.htm,resolved,,office-navigation,2026-06-28T15:22:41.650515+08:00
ASUS,"Noisy-le-Grand, A8",noisy le grand a8,office-location,"Noisy-le-Grand, A8","https://www.glassdoor.com/Location/All-ASUS-Noisy-le-Grand-Office-Locations-EI_IE40093.4,8_IL.9,23_IC3100822.htm","https://www.glassdoor.com/Reviews/ASUS-Noisy-le-Grand-Reviews-EI_IE40093.0,4_IL.5,19_IC3100822.htm",resolved,,office-navigation,2026-06-28T15:22:46.768073+08:00
ASUS,"Ratingen, NW",ratingen nw,office-location,"Ratingen, NW","https://www.glassdoor.com/Location/All-ASUS-Ratingen-Office-Locations-EI_IE40093.4,8_IL.9,17_IC2584004.htm","https://www.glassdoor.com/Reviews/ASUS-Ratingen-Reviews-EI_IE40093.0,4_IL.5,13_IC2584004.htm",resolved,,office-navigation,2026-06-28T15:22:50.576658+08:00
ASUS,"Üsküdar, T34",sk dar t34,office-location,"Üsküdar, T34","https://www.glassdoor.com/Location/All-ASUS-Üsküdar-Office-Locations-EI_IE40093.4,8_IL.9,16_IC3361446.htm",https://www.glassdoor.com/Reviews/index.htm,resolved,,office-navigation,2026-06-28T15:23:04.650563+08:00
ASUS,"Warsaw, MZ",warsaw mz,office-location,"Warsaw, MZ","https://www.glassdoor.com/Location/All-ASUS-Warsaw-Office-Locations-EI_IE40093.4,8_IL.9,15_IC3094484.htm",https://www.glassdoor.com/Reviews/index.htm,resolved,,office-navigation,2026-06-28T15:23:09.018136+08:00
ASUS,"Bangkok, 10",bangkok 10,office-location,"Bangkok, 10","https://www.glassdoor.com/Location/All-ASUS-Bangkok-Office-Locations-EI_IE40093.4,8_IL.9,16_IC3179725.htm","https://www.glassdoor.com/Reviews/ASUS-Bangkok-Reviews-EI_IE40093.0,4_IL.5,12_IC3179725.htm",resolved,,office-navigation,2026-06-28T15:23:19.946738+08:00
ASUS,"Dubai, DU",dubai du,office-location,"Dubai, DU","https://www.glassdoor.com/Location/All-ASUS-Dubai-Office-Locations-EI_IE40093.4,8_IL.9,14_IC2204498.htm","https://www.glassdoor.com/Reviews/ASUS-Dubai-Reviews-EI_IE40093.0,4_IL.5,10_IC2204498.htm",resolved,,office-navigation,2026-06-28T15:23:23.8522+08:00
ASUS,"Jakarta, JK",jakarta jk,office-location,"Jakarta, JK","https://www.glassdoor.com/Location/All-ASUS-Jakarta-Office-Locations-EI_IE40093.4,8_IL.9,16_IC2709872.htm","https://www.glassdoor.com/Reviews/ASUS-Jakarta-Reviews-EI_IE40093.0,4_IL.5,12_IC2709872.htm",resolved,,office-navigation,2026-06-28T15:23:30.368469+08:00
ASUS,"Kuala Lumpur, 14",kuala lumpur 14,office-location,"Kuala Lumpur, 14","https://www.glassdoor.com/Location/All-ASUS-Kuala-Lumpur-Office-Locations-EI_IE40093.4,8_IL.9,21_IC2986682.htm","https://www.glassdoor.com/Reviews/ASUS-Kuala-Lumpur-Reviews-EI_IE40093.0,4_IL.5,17_IC2986682.htm",resolved,,office-navigation,2026-06-28T15:23:34.013141+08:00
ASUS,"Manila, D9",manila d9,office-location,"Manila, D9","https://www.glassdoor.com/Location/All-ASUS-Manila-Office-Locations-EI_IE40093.4,8_IL.9,15_IC2363570.htm","https://www.glassdoor.com/Reviews/ASUS-Manila-Reviews-EI_IE40093.0,4_IL.5,11_IC2363570.htm",resolved,,office-navigation,2026-06-28T15:23:40.381208+08:00
ASUS,"Mumbai, MH",mumbai mh,office-location,"Mumbai, MH","https://www.glassdoor.com/Location/All-ASUS-Mumbai-Office-Locations-EI_IE40093.4,8_IL.9,15_IC2851180.htm","https://www.glassdoor.com/Reviews/ASUS-Mumbai-Reviews-EI_IE40093.0,4_IL.5,11_IC2851180.htm",resolved,,office-navigation,2026-06-28T15:23:45.019729+08:00
ASUS,"Seoul, 11",seoul 11,office-location,"Seoul, 11","https://www.glassdoor.com/Location/All-ASUS-Seoul-Office-Locations-EI_IE40093.4,8_IL.9,14_IC3021489.htm","https://www.glassdoor.com/Reviews/ASUS-Seoul-Reviews-EI_IE40093.0,4_IL.5,10_IC3021489.htm",resolved,,office-navigation,2026-06-28T15:23:49.229589+08:00
ASUS,Singapore,singapore,office-location,Singapore,"https://www.glassdoor.com/Location/All-ASUS-Singapore-Office-Locations-EI_IE40093.4,8_IL.9,18_IC3235921.htm","https://www.glassdoor.com/Reviews/ASUS-Singapore-Reviews-EI_IE40093.0,4_IL.5,14_IC3235921.htm",resolved,,office-navigation,2026-06-28T15:23:52.617976+08:00
ASUS,"Taipei, TPQ",taipei tpq,office-location,"Taipei, TPQ","https://www.glassdoor.com/Location/All-ASUS-Taipei-Office-Locations-EI_IE40093.4,8_IL.9,15_IC3271041.htm","https://www.glassdoor.com/Reviews/ASUS-Taipei-Reviews-EI_IE40093.0,4_IL.5,11_IC3271041.htm",resolved,,office-navigation,2026-06-28T15:24:03.750334+08:00
ASUS,"Tokyo, 40",tokyo 40,office-location,"Tokyo, 40","https://www.glassdoor.com/Location/All-ASUS-Tokyo-Office-Locations-EI_IE40093.4,8_IL.9,14_IC2851580.htm","https://www.glassdoor.com/Reviews/ASUS-Tokyo-Reviews-EI_IE40093.0,4_IL.5,10_IC2851580.htm",resolved,,office-navigation,2026-06-28T15:24:08.799496+08:00
ASUS,"San Isidro, HUC",san isidro huc,office-location,"San Isidro, HUC","https://www.glassdoor.com/Location/All-ASUS-San-Isidro-Office-Locations-EI_IE40093.4,8_IL.9,19_IC4694011.htm",https://www.glassdoor.com/Reviews/index.htm,resolved,,office-navigation,2026-06-28T15:24:13.868926+08:00
ASUS,"Santiago, RM",santiago rm,office-location,"Santiago, RM","https://www.glassdoor.com/Location/All-ASUS-Santiago-Office-Locations-EI_IE40093.4,8_IL.9,17_IC2434030.htm","https://www.glassdoor.com/Reviews/ASUS-Santiago-Reviews-EI_IE40093.0,4_IL.5,13_IC2434030.htm",resolved,,office-navigation,2026-06-28T15:24:19.083723+08:00
ASUS,"São Paulo, SP",s o paulo sp,office-location,"São Paulo, SP","https://www.glassdoor.com/Location/All-ASUS-São-Paulo-Office-Locations-EI_IE40093.4,8_IL.9,18_IC2479061.htm","https://www.glassdoor.com/Reviews/ASUS-São-Paulo-Reviews-EI_IE40093.0,4_IL.5,14_IC2479061.htm",resolved,,office-navigation,2026-06-28T15:24:24.57036+08:00
ASUS,"Sydney, NSW",sydney nsw,office-location,"Sydney, NSW","https://www.glassdoor.com/Location/All-ASUS-Sydney-Office-Locations-EI_IE40093.4,8_IL.9,15_IC2235932.htm","https://www.glassdoor.com/Reviews/ASUS-Sydney-Reviews-EI_IE40093.0,4_IL.5,11_IC2235932.htm",resolved,,office-navigation,2026-06-28T15:24:30.22842+08:00
ASUS,"Austin, TX",austin tx,office-location,"Austin, TX","https://www.glassdoor.com/Location/All-NVIDIA-Austin-Office-Locations-EI_IE7633.4,10_IL.11,17_IC1139761.htm","https://www.glassdoor.com/Reviews/ASUS-Austin-Reviews-EI_IE40093.0,4_IL.5,11_IC1139761.htm",validation_failed,gap_probe_failed: missing_target_metrics,pool-location-id,2026-06-28T15:40:57.23004+08:00
ASUS,"Beaverton, OR",beaverton or,office-location,"Beaverton, OR","https://www.glassdoor.com/Location/All-NVIDIA-Beaverton-Office-Locations-EI_IE7633.4,10_IL.11,20_IC1151576.htm","https://www.glassdoor.com/Reviews/ASUS-Beaverton-Reviews-EI_IE40093.0,4_IL.5,14_IC1151576.htm",validation_failed,gap_probe_failed: missing_target_metrics,pool-location-id,2026-06-28T15:41:02.216883+08:00
ASUS,"Bellevue, WA",bellevue wa,office-location,"Bellevue, WA","https://www.glassdoor.com/Location/All-NVIDIA-Bellevue-Office-Locations-EI_IE7633.4,10_IL.11,19_IC1150442.htm","https://www.glassdoor.com/Reviews/ASUS-Bellevue-Reviews-EI_IE40093.0,4_IL.5,13_IC1150442.htm",resolved,,pool-location-id,2026-06-28T15:41:06.711484+08:00
ASUS,"Durham, NC",durham nc,office-location,"Durham, NC","https://www.glassdoor.com/Location/All-NVIDIA-Durham-Office-Locations-EI_IE7633.4,10_IL.11,17_IC1138697.htm","https://www.glassdoor.com/Reviews/ASUS-Durham-Reviews-EI_IE40093.0,4_IL.5,11_IC1138697.htm",validation_failed,gap_probe_failed: missing_target_metrics,pool-location-id,2026-06-28T15:41:11.38656+08:00
ASUS,"Hillsboro, OR",hillsboro or,office-location,"Hillsboro, OR","https://www.glassdoor.com/Location/All-NVIDIA-Hillsboro-Office-Locations-EI_IE7633.4,10_IL.11,20_IC1151603.htm","https://www.glassdoor.com/Reviews/ASUS-Hillsboro-Reviews-EI_IE40093.0,4_IL.5,14_IC1151603.htm",validation_failed,gap_probe_failed: missing_target_metrics,pool-location-id,2026-06-28T15:41:15.43047+08:00
ASUS,"Redmond, WA",redmond wa,office-location,"Redmond, WA","https://www.glassdoor.com/Location/All-NVIDIA-Redmond-Office-Locations-EI_IE7633.4,10_IL.11,18_IC1150499.htm","https://www.glassdoor.com/Reviews/ASUS-Redmond-Reviews-EI_IE40093.0,4_IL.5,12_IC1150499.htm",validation_failed,gap_probe_failed: missing_target_metrics,pool-location-id,2026-06-28T15:41:19.304102+08:00
ASUS,"Saint Louis, MO",saint louis mo,office-location,"Saint Louis, MO","https://www.glassdoor.com/Location/All-NVIDIA-Saint-Louis-Office-Locations-EI_IE7633.4,10_IL.11,22_IC1131270.htm","https://www.glassdoor.com/Reviews/ASUS-Saint-Louis-Reviews-EI_IE40093.0,4_IL.5,16_IC1131270.htm",validation_failed,gap_probe_failed: missing_target_metrics,pool-location-id,2026-06-28T15:41:23.640003+08:00
ASUS,"San Francisco, CA",san francisco ca,office-location,"San Francisco, CA","https://www.glassdoor.com/Location/All-NVIDIA-San-Francisco-Office-Locations-EI_IE7633.4,10_IL.11,24_IC1147401.htm","https://www.glassdoor.com/Reviews/ASUS-San-Francisco-Reviews-EI_IE40093.0,4_IL.5,18_IC1147401.htm",validation_failed,gap_probe_failed: missing_target_metrics,pool-location-id,2026-06-28T15:41:29.870719+08:00
ASUS,"San Jose, CA",san jose,office-location,"San Jose, CA","https://www.glassdoor.com/Location/All-NVIDIA-San-Jose-Office-Locations-EI_IE7633.4,10_IL.11,19_IC1147436.htm","https://www.glassdoor.com/Reviews/ASUS-San-Jose-Reviews-EI_IE40093.0,4_IL.5,13_IC1147436.htm",resolved,,pool-location-id,2026-06-28T15:41:33.757391+08:00
ASUS,"Santa Clara, CA",santa clara ca,office-location,"Santa Clara, CA","https://www.glassdoor.com/Location/All-NVIDIA-Santa-Clara-Office-Locations-EI_IE7633.4,10_IL.11,22_IC1147439.htm","https://www.glassdoor.com/Reviews/ASUS-Santa-Clara-Reviews-EI_IE40093.0,4_IL.5,16_IC1147439.htm",validation_failed,gap_probe_failed: missing_target_metrics,pool-location-id,2026-06-28T15:41:37.926889+08:00
ASUS,"Toronto, ON",toronto on,office-location,"Toronto, ON","https://www.glassdoor.com/Location/All-NVIDIA-Toronto-Office-Locations-EI_IE7633.4,10_IL.11,18_IC2281069.htm","https://www.glassdoor.com/Reviews/ASUS-Toronto-Reviews-EI_IE40093.0,4_IL.5,12_IC2281069.htm",resolved,,pool-location-id,2026-06-28T08:37:58.994756+00:00
ASUS,"Westford, MA",westford ma,office-location,"Westford, MA","https://www.glassdoor.com/Location/All-NVIDIA-Westford-Office-Locations-EI_IE7633.4,10_IL.11,19_IC1154720.htm","https://www.glassdoor.com/Reviews/ASUS-Westford-Reviews-EI_IE40093.0,4_IL.5,13_IC1154720.htm",validation_failed,gap_probe_failed: missing_target_metrics,pool-location-id,2026-06-28T08:40:35.248060+00:00
ASUS,"Moscow, 48",moscow 48,office-location,"Moscow, 48","https://www.glassdoor.com/Location/All-NVIDIA-Moscow-Office-Locations-EI_IE7633.4,10_IL.11,17_IC3348306.htm","https://www.glassdoor.com/Reviews/ASUS-Moscow-Reviews-EI_IE40093.0,4_IL.5,11_IC3348306.htm",resolved,,pool-location-id,2026-06-28T08:40:42.327607+00:00
ASUS,"Munich, BY",munich by,office-location,"Munich, BY","https://www.glassdoor.com/Location/All-NVIDIA-Munich-Office-Locations-EI_IE7633.4,10_IL.11,17_IC4990924.htm","https://www.glassdoor.com/Reviews/ASUS-Munich-Reviews-EI_IE40093.0,4_IL.5,11_IC4990924.htm",resolved,,pool-location-id,2026-06-28T08:40:49.483408+00:00
ASUS,"Reading, ENG",reading eng,office-location,"Reading, ENG","https://www.glassdoor.com/Location/All-NVIDIA-Reading-Office-Locations-EI_IE7633.4,10_IL.11,18_IC2675152.htm","https://www.glassdoor.com/Reviews/ASUS-Reading-Reviews-EI_IE40093.0,4_IL.5,12_IC2675152.htm",validation_failed,gap_probe_failed: missing_target_metrics,pool-location-id,2026-06-28T08:40:57.073523+00:00
ASUS,"Zürich, ZH",z rich zh,office-location,"Zürich, ZH","https://www.glassdoor.com/Location/All-NVIDIA-Zürich-Office-Locations-EI_IE7633.4,10_IL.11,17_IC3297851.htm","https://www.glassdoor.com/Reviews/ASUS-Z%C3%BCrich-Reviews-EI_IE40093.0,4_IL.5,11_IC3297851.htm",resolved,,pool-location-id,2026-06-28T08:41:03.483080+00:00
ASUS,"Bengaluru, KA",bengaluru ka,office-location,"Bengaluru, KA","https://www.glassdoor.com/Location/All-NVIDIA-Bengaluru-Office-Locations-EI_IE7633.4,10_IL.11,20_IC2940587.htm","https://www.glassdoor.com/Reviews/ASUS-Bengaluru-Reviews-EI_IE40093.0,4_IL.5,14_IC2940587.htm",resolved,,pool-location-id,2026-06-28T08:41:10.089691+00:00
ASUS,"Hsinchu, TXG",hsinchu txg,office-location,"Hsinchu, TXG","https://www.glassdoor.com/Location/All-NVIDIA-Hsinchu-Office-Locations-EI_IE7633.4,10_IL.11,18_IC4915323.htm","https://www.glassdoor.com/Reviews/ASUS-Hsinchu-Reviews-EI_IE40093.0,4_IL.5,12_IC4915323.htm",resolved,,pool-location-id,2026-06-28T08:41:16.855066+00:00
ASUS,"Pudong, 23",pudong 23,office-location,"Pudong, 23","https://www.glassdoor.com/Location/All-NVIDIA-Pudong-Office-Locations-EI_IE7633.4,10_IL.11,17_IC2415109.htm","https://www.glassdoor.com/Reviews/ASUS-Pudong-Reviews-EI_IE40093.0,4_IL.5,11_IC2415109.htm",validation_failed,gap_probe_failed: missing_target_metrics,pool-location-id,2026-06-28T08:41:23.202619+00:00
ASUS,"Pune, MH",pune mh,office-location,"Pune, MH","https://www.glassdoor.com/Location/All-NVIDIA-Pune-Office-Locations-EI_IE7633.4,10_IL.11,15_IC2856202.htm","https://www.glassdoor.com/Reviews/ASUS-Pune-Reviews-EI_IE40093.0,4_IL.5,9_IC2856202.htm",resolved,,pool-location-id,2026-06-28T08:41:29.142112+00:00
ASUS,"Shanghai, 23",shanghai 23,office-location,"Shanghai, 23","https://www.glassdoor.com/Location/All-NVIDIA-Shanghai-Office-Locations-EI_IE7633.4,10_IL.11,19_IC2416009.htm","https://www.glassdoor.com/Reviews/ASUS-Shanghai-Reviews-EI_IE40093.0,4_IL.5,13_IC2416009.htm",resolved,,pool-location-id,2026-06-28T08:41:35.768215+00:00
ASUS,"San Jose, MP",san jose mp,office-location,"San Jose, CA","https://www.glassdoor.com/Location/All-NVIDIA-San-Jose-Office-Locations-EI_IE7633.4,10_IL.11,19_IC1147436.htm","https://www.glassdoor.com/Reviews/ASUS-San-Jose-Reviews-EI_IE40093.0,4_IL.5,13_IC1147436.htm",resolved,,pool-location-id,2026-06-28T08:41:42.481243+00:00
ASUS,"Frankfurt am Main, HE",frankfurt am main he,office-location,"Frankfurt am Main, HE","https://www.glassdoor.com/Location/All-Micro-Star-International-Frankfurt-am-Main-Office-Locations-EI_IE41141.4,28_IL.29,46_IC2632180.htm","https://www.glassdoor.com/Reviews/ASUS-Frankfurt-am-Main-Reviews-EI_IE40093.0,4_IL.5,22_IC2632180.htm",validation_failed,gap_probe_failed: missing_target_metrics,pool-location-id,2026-06-28T08:41:49.407579+00:00
ASUS,"Boise, ID",boise id,office-location,"Boise, ID","https://www.glassdoor.com/Location/All-HP-Inc-Boise-Office-Locations-EI_IE1093161.4,10_IL.11,16_IC1127927.htm","https://www.glassdoor.com/Reviews/ASUS-Boise-Reviews-EI_IE40093.0,4_IL.5,10_IC1127927.htm",validation_failed,gap_probe_failed: missing_target_metrics,pool-location-id,2026-06-28T08:41:56.022448+00:00
ASUS,"Corvallis, OR",corvallis or,office-location,"Corvallis, OR","https://www.glassdoor.com/Location/All-HP-Inc-Corvallis-Office-Locations-EI_IE1093161.4,10_IL.11,20_IC1151455.htm","https://www.glassdoor.com/Reviews/ASUS-Corvallis-Reviews-EI_IE40093.0,4_IL.5,14_IC1151455.htm",validation_failed,gap_probe_failed: missing_target_metrics,pool-location-id,2026-06-28T08:42:02.461900+00:00
ASUS,"Fort Collins, CO",fort collins co,office-location,"Fort Collins, CO","https://www.glassdoor.com/Location/All-HP-Inc-Fort-Collins-Office-Locations-EI_IE1093161.4,10_IL.11,23_IC1148233.htm","https://www.glassdoor.com/Reviews/ASUS-Fort-Collins-Reviews-EI_IE40093.0,4_IL.5,17_IC1148233.htm",validation_failed,gap_probe_failed: missing_target_metrics,pool-location-id,2026-06-28T08:42:08.474670+00:00
ASUS,"Guadalajara, JAL",guadalajara jal,office-location,"Guadalajara, JAL","https://www.glassdoor.com/Location/All-HP-Inc-Guadalajara-Office-Locations-EI_IE1093161.4,10_IL.11,22_IC3486357.htm","https://www.glassdoor.com/Reviews/ASUS-Guadalajara-Reviews-EI_IE40093.0,4_IL.5,16_IC3486357.htm",validation_failed,gap_probe_failed: missing_target_metrics,pool-location-id,2026-06-28T08:42:14.701603+00:00
ASUS,"Houston, TX",houston tx,office-location,"Houston, TX","https://www.glassdoor.com/Location/All-HP-Inc-Houston-Office-Locations-EI_IE1093161.4,10_IL.11,18_IC1140171.htm","https://www.glassdoor.com/Reviews/ASUS-Houston-Reviews-EI_IE40093.0,4_IL.5,12_IC1140171.htm",validation_failed,gap_probe_failed: missing_target_metrics,pool-location-id,2026-06-28T08:42:21.825121+00:00
ASUS,"Palo Alto, CA",palo alto ca,office-location,"Palo Alto, CA","https://www.glassdoor.com/Location/All-HP-Inc-Palo-Alto-Office-Locations-EI_IE1093161.4,10_IL.11,20_IC1147434.htm","https://www.glassdoor.com/Reviews/ASUS-Palo-Alto-Reviews-EI_IE40093.0,4_IL.5,14_IC1147434.htm",validation_failed,gap_probe_failed: missing_target_metrics,pool-location-id,2026-06-28T08:42:29.358323+00:00
ASUS,"Portland, OR",portland or,office-location,"Portland, OR","https://www.glassdoor.com/Location/All-HP-Inc-Portland-Office-Locations-EI_IE1093161.4,10_IL.11,19_IC1151614.htm","https://www.glassdoor.com/Reviews/ASUS-Portland-Reviews-EI_IE40093.0,4_IL.5,13_IC1151614.htm",resolved,,pool-location-id,2026-06-28T08:42:35.654180+00:00
ASUS,"San Diego, CA",san diego ca,office-location,"San Diego, CA","https://www.glassdoor.com/Location/All-HP-Inc-San-Diego-Office-Locations-EI_IE1093161.4,10_IL.11,20_IC1147311.htm","https://www.glassdoor.com/Reviews/ASUS-San-Diego-Reviews-EI_IE40093.0,4_IL.5,14_IC1147311.htm",validation_failed,gap_probe_failed: missing_target_metrics,pool-location-id,2026-06-28T08:42:42.180854+00:00
ASUS,"Spring, TX",spring tx,office-location,"Spring, TX","https://www.glassdoor.com/Location/All-HP-Inc-Spring-Office-Locations-EI_IE1093161.4,10_IL.11,17_IC1140222.htm","https://www.glassdoor.com/Reviews/ASUS-Spring-Reviews-EI_IE40093.0,4_IL.5,11_IC1140222.htm",validation_failed,gap_probe_failed: missing_target_metrics,pool-location-id,2026-06-28T08:42:58.648674+00:00
ASUS,"Sunnyvale, CA",sunnyvale ca,office-location,"Sunnyvale, CA","https://www.glassdoor.com/Location/All-HP-Inc-Sunnyvale-Office-Locations-EI_IE1093161.4,10_IL.11,20_IC1147442.htm","https://www.glassdoor.com/Reviews/ASUS-Sunnyvale-Reviews-EI_IE40093.0,4_IL.5,14_IC1147442.htm",validation_failed,gap_probe_failed: missing_target_metrics,pool-location-id,2026-06-28T08:43:05.206849+00:00
ASUS,"Tlaquepaque, JAL",tlaquepaque jal,office-location,"Tlaquepaque, JAL","https://www.glassdoor.com/Location/All-HP-Inc-Tlaquepaque-Office-Locations-EI_IE1093161.4,10_IL.11,22_IC3486348.htm","https://www.glassdoor.com/Reviews/ASUS-Tlaquepaque-Reviews-EI_IE40093.0,4_IL.5,16_IC3486348.htm",validation_failed,gap_probe_failed: missing_target_metrics,pool-location-id,2026-06-28T08:43:11.252382+00:00
ASUS,"Vancouver, WA",vancouver wa,office-location,"Vancouver, WA","https://www.glassdoor.com/Location/All-HP-Inc-Vancouver-Office-Locations-EI_IE1093161.4,10_IL.11,20_IC1150413.htm","https://www.glassdoor.com/Reviews/ASUS-Vancouver-Reviews-EI_IE40093.0,4_IL.5,14_IC1150413.htm",validation_failed,gap_probe_failed: missing_target_metrics,pool-location-id,2026-06-28T08:43:22.188251+00:00
ASUS,"Zapopan, JAL",zapopan jal,office-location,"Zapopan, JAL","https://www.glassdoor.com/Location/All-HP-Inc-Zapopan-Office-Locations-EI_IE1093161.4,10_IL.11,18_IC3487018.htm","https://www.glassdoor.com/Reviews/ASUS-Zapopan-Reviews-EI_IE40093.0,4_IL.5,12_IC3487018.htm",validation_failed,gap_probe_failed: missing_target_metrics,pool-location-id,2026-06-28T08:43:28.458532+00:00
ASUS,"Boulogne-Billancourt, A8",boulogne billancourt a8,office-location,"Boulogne-Billancourt, A8","https://www.glassdoor.com/Location/All-HP-Inc-Boulogne-Billancourt-Office-Locations-EI_IE1093161.4,10_IL.11,31_IC3040032.htm","https://www.glassdoor.com/Reviews/ASUS-Boulogne-Billancourt-Reviews-EI_IE40093.0,4_IL.5,25_IC3040032.htm",validation_failed,gap_probe_failed: missing_target_metrics,pool-location-id,2026-06-28T08:44:57.113265+00:00
ASUS,"Bucharest, B",bucharest b,office-location,"Bucharest, B","https://www.glassdoor.com/Location/All-HP-Inc-Bucharest-Office-Locations-EI_IE1093161.4,10_IL.11,20_IC3184907.htm","https://www.glassdoor.com/Reviews/ASUS-Bucharest-Reviews-EI_IE40093.0,4_IL.5,14_IC3184907.htm",validation_failed,gap_probe_failed: missing_target_metrics,pool-location-id,2026-06-28T08:45:02.990372+00:00
ASUS,"Cambridge, ENG",cambridge eng,office-location,"Cambridge, ENG","https://www.glassdoor.com/Location/All-HP-Inc-Cambridge-Office-Locations-EI_IE1093161.4,10_IL.11,20_IC2662516.htm","https://www.glassdoor.com/Reviews/ASUS-Cambridge-Reviews-EI_IE40093.0,4_IL.5,14_IC2662516.htm",validation_failed,gap_probe_failed: missing_target_metrics,pool-location-id,2026-06-28T08:45:10.132201+00:00
ASUS,"Meudon, A8",meudon a8,office-location,"Meudon, A8","https://www.glassdoor.com/Location/All-HP-Inc-Meudon-Office-Locations-EI_IE1093161.4,10_IL.11,17_IC3019026.htm","https://www.glassdoor.com/Reviews/ASUS-Meudon-Reviews-EI_IE40093.0,4_IL.5,11_IC3019026.htm",validation_failed,gap_probe_failed: missing_target_metrics,pool-location-id,2026-06-28T08:45:18.055632+00:00
ASUS,"Paris, A8",paris a8,office-location,"Paris, A8","https://www.glassdoor.com/Location/All-HP-Inc-Paris-Office-Locations-EI_IE1093161.4,10_IL.11,16_IC2881970.htm","https://www.glassdoor.com/Reviews/ASUS-Paris-Reviews-EI_IE40093.0,4_IL.5,10_IC2881970.htm",resolved,,pool-location-id,2026-06-28T08:45:24.108752+00:00
ASUS,"Sant Cugat del Vallès, CT",sant cugat del vall s ct,office-location,"Sant Cugat del Vallès, CT","https://www.glassdoor.com/Location/All-HP-Inc-Sant-Cugat-del-Vallès-Office-Locations-EI_IE1093161.4,10_IL.11,32_IC4843928.htm","https://www.glassdoor.com/Reviews/ASUS-Sant-Cugat-del-Vall%C3%A8s-Reviews-EI_IE40093.0,4_IL.5,26_IC4843928.htm",validation_failed,gap_probe_failed: missing_target_metrics,pool-location-id,2026-06-28T08:45:31.177208+00:00
ASUS,"Tuas, W",tuas w,office-location,"Tuas, W","https://www.glassdoor.com/Location/All-HP-Inc-Tuas-Office-Locations-EI_IE1093161.4,10_IL.11,15_IC3235538.htm","https://www.glassdoor.com/Reviews/ASUS-Tuas-Reviews-EI_IE40093.0,4_IL.5,9_IC3235538.htm",validation_failed,gap_probe_failed: missing_target_metrics,pool-location-id,2026-06-28T08:45:37.941392+00:00
ASUS,"Whitefield, KA",whitefield ka,office-location,"Whitefield, KA","https://www.glassdoor.com/Location/All-HP-Inc-Whitefield-Office-Locations-EI_IE1093161.4,10_IL.11,21_IC2941717.htm","https://www.glassdoor.com/Reviews/ASUS-Whitefield-Reviews-EI_IE40093.0,4_IL.5,15_IC2941717.htm",validation_failed,gap_probe_failed: missing_target_metrics,pool-location-id,2026-06-28T08:45:44.974921+00:00
ASUS,"Lake Forest, CA",lake forest ca,office-location,"Lake Forest, CA","https://www.glassdoor.com/Location/All-Wistron-Lake-Forest-Office-Locations-EI_IE15218.4,11_IL.12,23_IC1146811.htm","https://www.glassdoor.com/Reviews/ASUS-Lake-Forest-Reviews-EI_IE40093.0,4_IL.5,16_IC1146811.htm",validation_failed,gap_probe_failed: missing_target_metrics,pool-location-id,2026-06-28T08:45:52.401010+00:00
ASUS,"Rolling Meadows, IL",rolling meadows il,office-location,"Rolling Meadows, IL","https://www.glassdoor.com/Location/All-Wistron-Rolling-Meadows-Office-Locations-EI_IE15218.4,11_IL.12,27_IC1128962.htm","https://www.glassdoor.com/Reviews/ASUS-Rolling-Meadows-Reviews-EI_IE40093.0,4_IL.5,20_IC1128962.htm",validation_failed,gap_probe_failed: missing_target_metrics,pool-location-id,2026-06-28T08:45:59.089318+00:00
ASUS,"Wuhan, 12",wuhan 12,office-location,"Wuhan, 12","https://www.glassdoor.com/Location/All-Wistron-Wuhan-Office-Locations-EI_IE15218.4,11_IL.12,17_IC2478891.htm","https://www.glassdoor.com/Reviews/ASUS-Wuhan-Reviews-EI_IE40093.0,4_IL.5,10_IC2478891.htm",validation_failed,gap_probe_failed: missing_target_metrics,pool-location-id,2026-06-28T08:46:05.404485+00:00
ASUS,"Hoofddorp, NH",hoofddorp nh,office-location,"Hoofddorp, NH","https://www.glassdoor.com/Location/All-Delta-Electronics-Hoofddorp-Office-Locations-EI_IE41146.4,21_IL.22,31_IC3063772.htm","https://www.glassdoor.com/Reviews/ASUS-Hoofddorp-Reviews-EI_IE40093.0,4_IL.5,14_IC3063772.htm",validation_failed,gap_probe_failed: missing_target_metrics,pool-location-id,2026-06-28T08:46:11.730922+00:00
ASUS,"Notting Hill, VIC",notting hill vic,office-location,"Notting Hill, VIC","https://www.glassdoor.com/Location/All-Delta-Electronics-Notting-Hill-Office-Locations-EI_IE41146.4,21_IL.22,34_IC2257042.htm","https://www.glassdoor.com/Reviews/ASUS-Notting-Hill-Reviews-EI_IE40093.0,4_IL.5,17_IC2257042.htm",validation_failed,gap_probe_failed: missing_target_metrics,pool-location-id,2026-06-28T08:46:18.077706+00:00
ASUS,"Jeffersonville, IN",jeffersonville in,office-location,"Jeffersonville, IN","https://www.glassdoor.com/Location/All-Pegatron-Jeffersonville-Office-Locations-EI_IE337948.4,12_IL.13,27_IC1145141.htm","https://www.glassdoor.com/Reviews/ASUS-Jeffersonville-Reviews-EI_IE40093.0,4_IL.5,19_IC1145141.htm",resolved,,pool-location-id,2026-06-28T08:46:24.619744+00:00
ASUS,"Irving, TX",irving tx,office-location,"Irving, TX","https://www.glassdoor.com/Location/All-Trend-Micro-Inc-Irving-Office-Locations-EI_IE8983.4,19_IL.20,26_IC1140006.htm","https://www.glassdoor.com/Reviews/ASUS-Irving-Reviews-EI_IE40093.0,4_IL.5,11_IC1140006.htm",validation_failed,gap_probe_failed: missing_target_metrics,pool-location-id,2026-06-28T08:46:31.634359+00:00
ASUS,"Jersey City, NJ",jersey city nj,office-location,"Jersey City, NJ","https://www.glassdoor.com/Location/All-Trend-Micro-Inc-Jersey-City-Office-Locations-EI_IE8983.4,19_IL.20,31_IC1126819.htm","https://www.glassdoor.com/Reviews/ASUS-Jersey-City-Reviews-EI_IE40093.0,4_IL.5,16_IC1126819.htm",validation_failed,gap_probe_failed: missing_target_metrics,pool-location-id,2026-06-28T08:46:37.908924+00:00
ASUS,"Kanata, ON",kanata on,office-location,"Kanata, ON","https://www.glassdoor.com/Location/All-Trend-Micro-Inc-Kanata-Office-Locations-EI_IE8983.4,19_IL.20,26_IC2282818.htm","https://www.glassdoor.com/Reviews/ASUS-Kanata-Reviews-EI_IE40093.0,4_IL.5,11_IC2282818.htm",validation_failed,gap_probe_failed: missing_target_metrics,pool-location-id,2026-06-28T08:46:44.293852+00:00
ASUS,"Cork, M",cork m,office-location,"Cork, M","https://www.glassdoor.com/Location/All-Trend-Micro-Inc-Cork-Office-Locations-EI_IE8983.4,19_IL.20,24_IC4325638.htm","https://www.glassdoor.com/Reviews/ASUS-Cork-Reviews-EI_IE40093.0,4_IL.5,9_IC4325638.htm",validation_failed,gap_probe_failed: missing_target_metrics,pool-location-id,2026-06-28T08:46:50.414269+00:00
ASUS,"London, ENG",london eng,office-location,"London, ENG","https://www.glassdoor.com/Location/All-Trend-Micro-Inc-London-Office-Locations-EI_IE8983.4,19_IL.20,26_IC2671300.htm","https://www.glassdoor.com/Reviews/ASUS-London-Reviews-EI_IE40093.0,4_IL.5,11_IC2671300.htm",resolved,,pool-location-id,2026-06-28T08:46:56.562081+00:00
ASUS,"Paddington, ENG",paddington eng,office-location,"Paddington, ENG","https://www.glassdoor.com/Location/All-Trend-Micro-Inc-Paddington-Office-Locations-EI_IE8983.4,19_IL.20,30_IC3527325.htm","https://www.glassdoor.com/Reviews/ASUS-Paddington-Reviews-EI_IE40093.0,4_IL.5,15_IC3527325.htm",validation_failed,gap_probe_failed: missing_target_metrics,pool-location-id,2026-06-28T08:47:03.045770+00:00
ASUS,"Aliso, CA",aliso ca,office-location,"Aliso, CA","https://www.glassdoor.com/Location/All-Dell-Technologies-Aliso-Office-Locations-EI_IE1327.4,21_IL.22,27_IC3789361.htm","https://www.glassdoor.com/Reviews/ASUS-Aliso-Reviews-EI_IE40093.0,4_IL.5,10_IC3789361.htm",validation_failed,gap_probe_failed: missing_target_metrics,pool-location-id,2026-06-28T08:47:18.896476+00:00
ASUS,"Bedford, MA",bedford ma,office-location,"Bedford, MA","https://www.glassdoor.com/Location/All-Dell-Technologies-Bedford-Office-Locations-EI_IE1327.4,21_IL.22,29_IC1154527.htm","https://www.glassdoor.com/Reviews/ASUS-Bedford-Reviews-EI_IE40093.0,4_IL.5,12_IC1154527.htm",validation_failed,gap_probe_failed: missing_target_metrics,pool-location-id,2026-06-28T08:47:25.318250+00:00
ASUS,"Boston, MA",boston ma,office-location,"Boston, MA","https://www.glassdoor.com/Location/All-Dell-Technologies-Boston-Office-Locations-EI_IE1327.4,21_IL.22,28_IC1154532.htm","https://www.glassdoor.com/Reviews/ASUS-Boston-Reviews-EI_IE40093.0,4_IL.5,11_IC1154532.htm",validation_failed,gap_probe_failed: missing_target_metrics,pool-location-id,2026-06-28T08:47:32.092335+00:00
ASUS,"Boydton, VA",boydton va,office-location,"Boydton, VA","https://www.glassdoor.com/Location/All-Dell-Technologies-Boydton-Office-Locations-EI_IE1327.4,21_IL.22,29_IC1129623.htm","https://www.glassdoor.com/Reviews/ASUS-Boydton-Reviews-EI_IE40093.0,4_IL.5,12_IC1129623.htm",validation_failed,gap_probe_failed: missing_target_metrics,pool-location-id,2026-06-28T08:47:38.615582+00:00
ASUS,"Cambridge, MA",cambridge ma,office-location,"Cambridge, MA","https://www.glassdoor.com/Location/All-Dell-Technologies-Cambridge-Office-Locations-EI_IE1327.4,21_IL.22,31_IC1154545.htm","https://www.glassdoor.com/Reviews/ASUS-Cambridge-Reviews-EI_IE40093.0,4_IL.5,14_IC1154545.htm",validation_failed,gap_probe_failed: missing_target_metrics,pool-location-id,2026-06-28T08:47:44.847092+00:00
ASUS,"Canada, KY",canada ky,office-location,"Canada, KY","https://www.glassdoor.com/Location/All-Dell-Technologies-Canada-Office-Locations-EI_IE1327.4,21_IL.22,28_IC1137126.htm","https://www.glassdoor.com/Reviews/ASUS-Canada-Reviews-EI_IE40093.0,4_IL.5,11_IC1137126.htm",validation_failed,gap_probe_failed: missing_target_metrics,pool-location-id,2026-06-28T08:47:51.360917+00:00
ASUS,"Canton, MA",canton ma,office-location,"Canton, MA","https://www.glassdoor.com/Location/All-Dell-Technologies-Canton-Office-Locations-EI_IE1327.4,21_IL.22,28_IC1154546.htm","https://www.glassdoor.com/Reviews/ASUS-Canton-Reviews-EI_IE40093.0,4_IL.5,11_IC1154546.htm",validation_failed,gap_probe_failed: missing_target_metrics,pool-location-id,2026-06-28T08:47:57.760915+00:00
ASUS,"Cedar Park, TX",cedar park tx,office-location,"Cedar Park, TX","https://www.glassdoor.com/Location/All-Dell-Technologies-Cedar-Park-Office-Locations-EI_IE1327.4,21_IL.22,32_IC1139765.htm","https://www.glassdoor.com/Reviews/ASUS-Cedar-Park-Reviews-EI_IE40093.0,4_IL.5,15_IC1139765.htm",validation_failed,gap_probe_failed: missing_target_metrics,pool-location-id,2026-06-28T08:48:04.599537+00:00
ASUS,"Framingham, MA",framingham ma,office-location,"Framingham, MA","https://www.glassdoor.com/Location/All-Dell-Technologies-Framingham-Office-Locations-EI_IE1327.4,21_IL.22,32_IC1154571.htm","https://www.glassdoor.com/Reviews/ASUS-Framingham-Reviews-EI_IE40093.0,4_IL.5,15_IC1154571.htm",validation_failed,gap_probe_failed: missing_target_metrics,pool-location-id,2026-06-28T08:48:11.316529+00:00
ASUS,"Franklin, MA",franklin ma,office-location,"Franklin, MA","https://www.glassdoor.com/Location/All-Dell-Technologies-Franklin-Office-Locations-EI_IE1327.4,21_IL.22,30_IC1154572.htm","https://www.glassdoor.com/Reviews/ASUS-Franklin-Reviews-EI_IE40093.0,4_IL.5,13_IC1154572.htm",validation_failed,gap_probe_failed: missing_target_metrics,pool-location-id,2026-06-28T08:48:18.446418+00:00
ASUS,"Fuquay-Varina, NC",fuquay varina nc,office-location,"Fuquay-Varina, NC","https://www.glassdoor.com/Location/All-Dell-Technologies-Fuquay-Varina-Office-Locations-EI_IE1327.4,21_IL.22,35_IC3757296.htm","https://www.glassdoor.com/Reviews/ASUS-Fuquay-Varina-Reviews-EI_IE40093.0,4_IL.5,18_IC3757296.htm",validation_failed,gap_probe_failed: missing_target_metrics,pool-location-id,2026-06-28T08:48:25.848884+00:00
ASUS,"Georgetown, TX",georgetown tx,office-location,"Georgetown, TX","https://www.glassdoor.com/Location/All-Dell-Technologies-Georgetown-Office-Locations-EI_IE1327.4,21_IL.22,32_IC1139774.htm","https://www.glassdoor.com/Reviews/ASUS-Georgetown-Reviews-EI_IE40093.0,4_IL.5,15_IC1139774.htm",validation_failed,gap_probe_failed: missing_target_metrics,pool-location-id,2026-06-28T08:48:32.052309+00:00
ASUS,"Hopkinton, MA",hopkinton ma,office-location,"Hopkinton, MA","https://www.glassdoor.com/Location/All-Dell-Technologies-Hopkinton-Office-Locations-EI_IE1327.4,21_IL.22,31_IC1154589.htm","https://www.glassdoor.com/Reviews/ASUS-Hopkinton-Reviews-EI_IE40093.0,4_IL.5,14_IC1154589.htm",validation_failed,gap_probe_failed: missing_target_metrics,pool-location-id,2026-06-28T08:48:38.926994+00:00
ASUS,"India, TX",india tx,office-location,"India, TX","https://www.glassdoor.com/Location/All-Dell-Technologies-India-Office-Locations-EI_IE1327.4,21_IL.22,27_IC3759223.htm","https://www.glassdoor.com/Reviews/ASUS-India-Reviews-EI_IE40093.0,4_IL.5,10_IC3759223.htm",validation_failed,gap_probe_failed: missing_target_metrics,pool-location-id,2026-06-28T08:48:45.733177+00:00
ASUS,"Land O' Lakes, FL",land o lakes fl,office-location,"Land O' Lakes, FL","https://www.glassdoor.com/Location/All-Dell-Technologies-Land-O-Lakes-Office-Locations-EI_IE1327.4,21_IL.22,34_IC3817049.htm","https://www.glassdoor.com/Reviews/ASUS-Land-O-Lakes-Reviews-EI_IE40093.0,4_IL.5,17_IC3817049.htm",validation_failed,gap_probe_failed: missing_target_metrics,pool-location-id,2026-06-28T08:48:52.052082+00:00
ASUS,"Leander, TX",leander tx,office-location,"Leander, TX","https://www.glassdoor.com/Location/All-Dell-Technologies-Leander-Office-Locations-EI_IE1327.4,21_IL.22,29_IC1139779.htm","https://www.glassdoor.com/Reviews/ASUS-Leander-Reviews-EI_IE40093.0,4_IL.5,12_IC1139779.htm",validation_failed,gap_probe_failed: missing_target_metrics,pool-location-id,2026-06-28T08:48:57.945974+00:00
ASUS,"Pflugerville, TX",pflugerville tx,office-location,"Pflugerville, TX","https://www.glassdoor.com/Location/All-Dell-Technologies-Pflugerville-Office-Locations-EI_IE1327.4,21_IL.22,34_IC1139790.htm","https://www.glassdoor.com/Reviews/ASUS-Pflugerville-Reviews-EI_IE40093.0,4_IL.5,17_IC1139790.htm",validation_failed,gap_probe_failed: missing_target_metrics,pool-location-id,2026-06-28T08:49:04.363844+00:00
ASUS,"Quincy, MA",quincy ma,office-location,"Quincy, MA","https://www.glassdoor.com/Location/All-Dell-Technologies-Quincy-Office-Locations-EI_IE1327.4,21_IL.22,28_IC1154667.htm","https://www.glassdoor.com/Reviews/ASUS-Quincy-Reviews-EI_IE40093.0,4_IL.5,11_IC1154667.htm",validation_failed,gap_probe_failed: missing_target_metrics,pool-location-id,2026-06-28T08:49:10.676595+00:00
ASUS,"Round Rock, TX",round rock tx,office-location,"Round Rock, TX","https://www.glassdoor.com/Location/All-Dell-Technologies-Round-Rock-Office-Locations-EI_IE1327.4,21_IL.22,32_IC1139794.htm","https://www.glassdoor.com/Reviews/ASUS-Round-Rock-Reviews-EI_IE40093.0,4_IL.5,15_IC1139794.htm",validation_failed,gap_probe_failed: missing_target_metrics,pool-location-id,2026-06-28T08:49:17.223599+00:00
ASUS,"San Marcos, TX",san marcos tx,office-location,"San Marcos, TX","https://www.glassdoor.com/Location/All-Dell-Technologies-San-Marcos-Office-Locations-EI_IE1327.4,21_IL.22,32_IC1139795.htm","https://www.glassdoor.com/Reviews/ASUS-San-Marcos-Reviews-EI_IE40093.0,4_IL.5,15_IC1139795.htm",validation_failed,gap_probe_failed: missing_target_metrics,pool-location-id,2026-06-28T08:49:24.123802+00:00
ASUS,"Satellite Beach, FL",satellite beach fl,office-location,"Satellite Beach, FL","https://www.glassdoor.com/Location/All-Dell-Technologies-Satellite-Beach-Office-Locations-EI_IE1327.4,21_IL.22,37_IC1154294.htm","https://www.glassdoor.com/Reviews/ASUS-Satellite-Beach-Reviews-EI_IE40093.0,4_IL.5,20_IC1154294.htm",validation_failed,gap_probe_failed: missing_target_metrics,pool-location-id,2026-06-28T08:49:40.709298+00:00
ASUS,"Wellesley, MA",wellesley ma,office-location,"Wellesley, MA","https://www.glassdoor.com/Location/All-Dell-Technologies-Wellesley-Office-Locations-EI_IE1327.4,21_IL.22,31_IC1154708.htm","https://www.glassdoor.com/Reviews/ASUS-Wellesley-Reviews-EI_IE40093.0,4_IL.5,14_IC1154708.htm",validation_failed,gap_probe_failed: missing_target_metrics,pool-location-id,2026-06-28T08:49:46.765639+00:00
ASUS,"Domlur, KA",domlur ka,office-location,"Domlur, KA","https://www.glassdoor.com/Location/All-Dell-Technologies-Domlur-Office-Locations-EI_IE1327.4,21_IL.22,28_IC4470560.htm","https://www.glassdoor.com/Reviews/ASUS-Domlur-Reviews-EI_IE40093.0,4_IL.5,11_IC4470560.htm",validation_failed,gap_probe_failed: missing_target_metrics,pool-location-id,2026-06-28T08:49:52.942318+00:00
ASUS,"Chicago, IL",chicago il,office-location,"Chicago, IL","https://www.glassdoor.com/Location/All-Lenovo-Chicago-Office-Locations-EI_IE8034.4,10_IL.11,18_IC1128808.htm","https://www.glassdoor.com/Reviews/ASUS-Chicago-Reviews-EI_IE40093.0,4_IL.5,12_IC1128808.htm",resolved,,pool-location-id,2026-06-28T08:49:59.316014+00:00
ASUS,"Morrisville, NC",morrisville nc,office-location,"Morrisville, NC","https://www.glassdoor.com/Location/All-Lenovo-Morrisville-Office-Locations-EI_IE8034.4,10_IL.11,22_IC1138956.htm","https://www.glassdoor.com/Reviews/ASUS-Morrisville-Reviews-EI_IE40093.0,4_IL.5,16_IC1138956.htm",validation_failed,gap_probe_failed: missing_target_metrics,pool-location-id,2026-06-28T08:50:06.201841+00:00
ASUS,"Bratislava, 02",bratislava 02,office-location,"Bratislava, 02","https://www.glassdoor.com/Location/All-Lenovo-Bratislava-Office-Locations-EI_IE8034.4,10_IL.11,21_IC2907054.htm","https://www.glassdoor.com/Reviews/ASUS-Bratislava-Reviews-EI_IE40093.0,4_IL.5,15_IC2907054.htm",validation_failed,gap_probe_failed: missing_target_metrics,pool-location-id,2026-06-28T08:50:12.107067+00:00
ASUS,"Stuttgart, BW",stuttgart bw,office-location,"Stuttgart, BW","https://www.glassdoor.com/Location/All-Lenovo-Stuttgart-Office-Locations-EI_IE8034.4,10_IL.11,20_IC2507190.htm","https://www.glassdoor.com/Reviews/ASUS-Stuttgart-Reviews-EI_IE40093.0,4_IL.5,14_IC2507190.htm",validation_failed,gap_probe_failed: missing_target_metrics,pool-location-id,2026-06-28T08:50:24.067673+00:00
ASUS,"Beijing, 22",beijing 22,office-location,"Beijing, 22","https://www.glassdoor.com/Location/All-Lenovo-Beijing-Office-Locations-EI_IE8034.4,10_IL.11,18_IC2398510.htm","https://www.glassdoor.com/Reviews/ASUS-Beijing-Reviews-EI_IE40093.0,4_IL.5,12_IC2398510.htm",resolved,,pool-location-id,2026-06-28T08:50:31.527199+00:00
ASUS,"Changping, 22",changping 22,office-location,"Changping, 22","https://www.glassdoor.com/Location/All-Lenovo-Changping-Office-Locations-EI_IE8034.4,10_IL.11,20_IC2405661.htm","https://www.glassdoor.com/Reviews/ASUS-Changping-Reviews-EI_IE40093.0,4_IL.5,14_IC2405661.htm",validation_failed,gap_probe_failed: missing_target_metrics,pool-location-id,2026-06-28T08:50:38.441003+00:00
ASUS,"Haidian, 22",haidian 22,office-location,"Haidian, 22","https://www.glassdoor.com/Location/All-Lenovo-Haidian-Office-Locations-EI_IE8034.4,10_IL.11,18_IC2405685.htm","https://www.glassdoor.com/Reviews/ASUS-Haidian-Reviews-EI_IE40093.0,4_IL.5,12_IC2405685.htm",validation_failed,gap_probe_failed: missing_target_metrics,pool-location-id,2026-06-28T08:50:44.351878+00:00
ASUS,Hong Kong,hong kong,office-location,Hong Kong,"https://www.glassdoor.com/Location/All-Lenovo-Hong-Kong-Office-Locations-EI_IE8034.4,10_IL.11,20_IC2308631.htm","https://www.glassdoor.com/Reviews/ASUS-Hong-Kong-Reviews-EI_IE40093.0,4_IL.5,14_IC2308631.htm",resolved,,pool-location-id,2026-06-28T08:50:52.517744+00:00
ASUS,"Shenzhenzhen, 02",shenzhenzhen 02,office-location,"Shenzhenzhen, 02","https://www.glassdoor.com/Location/All-Lenovo-Shenzhenzhen-Office-Locations-EI_IE8034.4,10_IL.11,23_IC2441398.htm","https://www.glassdoor.com/Reviews/ASUS-Shenzhenzhen-Reviews-EI_IE40093.0,4_IL.5,17_IC2441398.htm",validation_failed,gap_probe_failed: missing_target_metrics,pool-location-id,2026-06-28T08:50:59.360570+00:00
ASUS,"Xiamen, 07",xiamen 07,office-location,"Xiamen, 07","https://www.glassdoor.com/Location/All-Lenovo-Xiamen-Office-Locations-EI_IE8034.4,10_IL.11,17_IC2564138.htm","https://www.glassdoor.com/Reviews/ASUS-Xiamen-Reviews-EI_IE40093.0,4_IL.5,11_IC2564138.htm",validation_failed,gap_probe_failed: missing_target_metrics,pool-location-id,2026-06-28T08:51:07.106797+00:00
ASUS,"Buenos Aires, C",buenos aires c,office-location,"Buenos Aires, C","https://www.glassdoor.com/Location/All-Lenovo-Buenos-Aires-Office-Locations-EI_IE8034.4,10_IL.11,23_IC2242084.htm","https://www.glassdoor.com/Reviews/ASUS-Buenos-Aires-Reviews-EI_IE40093.0,4_IL.5,17_IC2242084.htm",resolved,,pool-location-id,2026-06-28T08:51:12.999267+00:00
ASUS,"Campinas, SP",campinas sp,office-location,"Campinas, SP","https://www.glassdoor.com/Location/All-Lenovo-Campinas-Office-Locations-EI_IE8034.4,10_IL.11,19_IC2490130.htm","https://www.glassdoor.com/Reviews/ASUS-Campinas-Reviews-EI_IE40093.0,4_IL.5,13_IC2490130.htm",validation_failed,gap_probe_failed: missing_target_metrics,pool-location-id,2026-06-28T08:51:19.396549+00:00
ASUS,"Indaiatuba, SP",indaiatuba sp,office-location,"Indaiatuba, SP","https://www.glassdoor.com/Location/All-Lenovo-Indaiatuba-Office-Locations-EI_IE8034.4,10_IL.11,21_IC2480058.htm","https://www.glassdoor.com/Reviews/ASUS-Indaiatuba-Reviews-EI_IE40093.0,4_IL.5,15_IC2480058.htm",validation_failed,gap_probe_failed: missing_target_metrics,pool-location-id,2026-06-28T08:51:30.769169+00:00
ASUS,"Itu, SP",itu sp,office-location,"Itu, SP","https://www.glassdoor.com/Location/All-Lenovo-Itu-Office-Locations-EI_IE8034.4,10_IL.11,14_IC2490672.htm","https://www.glassdoor.com/Reviews/ASUS-Itu-Reviews-EI_IE40093.0,4_IL.5,8_IC2490672.htm",validation_failed,gap_probe_failed: missing_target_metrics,pool-location-id,2026-06-28T08:51:38.409042+00:00
ASUS,"Martínez, B",mart nez b,office-location,"Martínez, B","https://www.glassdoor.com/Location/All-Lenovo-Martínez-Office-Locations-EI_IE8034.4,10_IL.11,19_IC2207815.htm","https://www.glassdoor.com/Reviews/ASUS-Mart%C3%ADnez-Reviews-EI_IE40093.0,4_IL.5,13_IC2207815.htm",validation_failed,gap_probe_failed: missing_target_metrics,pool-location-id,2026-06-28T08:51:45.596555+00:00
ASUS,"Sorocaba, SP",sorocaba sp,office-location,"Sorocaba, SP","https://www.glassdoor.com/Location/All-Lenovo-Sorocaba-Office-Locations-EI_IE8034.4,10_IL.11,19_IC2475809.htm","https://www.glassdoor.com/Reviews/ASUS-Sorocaba-Reviews-EI_IE40093.0,4_IL.5,13_IC2475809.htm",validation_failed,gap_probe_failed: missing_target_metrics,pool-location-id,2026-06-28T08:51:51.656429+00:00
ASUS,"Vicente López, B",vicente l pez b,office-location,"Vicente López, B","https://www.glassdoor.com/Location/All-Lenovo-Vicente-López-Office-Locations-EI_IE8034.4,10_IL.11,24_IC2211608.htm","https://www.glassdoor.com/Reviews/ASUS-Vicente-L%C3%B3pez-Reviews-EI_IE40093.0,4_IL.5,18_IC2211608.htm",validation_failed,gap_probe_failed: missing_target_metrics,pool-location-id,2026-06-28T08:51:58.239564+00:00
ASUS,Global,global,manual-seed,,,https://www.glassdoor.com/Reviews/ASUS-Reviews-E40093.htm,resolved,,review-url-hint,2026-06-28T15:24:32.215924+08:00
ASUS,Taipei,taipei,manual-seed,"Taipei, TPQ","https://www.glassdoor.com/Location/All-ASUS-Taipei-Office-Locations-EI_IE40093.4,8_IL.9,15_IC3271041.htm","https://www.glassdoor.com/Reviews/ASUS-Taipei-Reviews-EI_IE40093.0,4_IL.5,11_IC3271041.htm",resolved,,office-navigation,2026-06-28T15:24:35.879963+08:00
ASUS,Hsinchu,hsinchu,manual-seed,"Hsinchu, TXG","https://www.glassdoor.com/Location/All-NVIDIA-Hsinchu-Office-Locations-EI_IE7633.4,10_IL.11,18_IC4915323.htm","https://www.glassdoor.com/Reviews/ASUS-Hsinchu-Reviews-EI_IE40093.0,4_IL.5,12_IC4915323.htm",resolved,,pool-location-id,2026-06-28T15:48:43.217641+08:00
ASUS,Taoyuan,taoyuan,manual-seed,,,,no_result,pool_location_id_not_found,pool-location-id,2026-06-28T15:48:43.271412+08:00
ASUS,Shanghai,shanghai,manual-seed,"Shanghai, 23","https://www.glassdoor.com/Location/All-NVIDIA-Shanghai-Office-Locations-EI_IE7633.4,10_IL.11,19_IC2416009.htm","https://www.glassdoor.com/Reviews/ASUS-Shanghai-Reviews-EI_IE40093.0,4_IL.5,13_IC2416009.htm",resolved,,pool-location-id,2026-06-28T15:48:47.237213+08:00
ASUS,Shenzhen,shenzhen,manual-seed,"Shenzhenzhen, 02","https://www.glassdoor.com/Location/All-Lenovo-Shenzhenzhen-Office-Locations-EI_IE8034.4,10_IL.11,23_IC2441398.htm","https://www.glassdoor.com/Reviews/ASUS-Shenzhenzhen-Reviews-EI_IE40093.0,4_IL.5,17_IC2441398.htm",validation_failed,gap_probe_failed: missing_target_metrics,pool-location-id,2026-06-28T15:49:01.110291+08:00
ASUS,Tokyo,tokyo,manual-seed,"Tokyo, 40","https://www.glassdoor.com/Location/All-ASUS-Tokyo-Office-Locations-EI_IE40093.4,8_IL.9,14_IC2851580.htm","https://www.glassdoor.com/Reviews/ASUS-Tokyo-Reviews-EI_IE40093.0,4_IL.5,10_IC2851580.htm",resolved,,office-navigation,2026-06-28T15:24:39.783035+08:00
ASUS,Seoul,seoul,manual-seed,"Seoul, 11","https://www.glassdoor.com/Location/All-ASUS-Seoul-Office-Locations-EI_IE40093.4,8_IL.9,14_IC3021489.htm","https://www.glassdoor.com/Reviews/ASUS-Seoul-Reviews-EI_IE40093.0,4_IL.5,10_IC3021489.htm",resolved,,office-navigation,2026-06-28T15:24:45.875572+08:00
ASUS,Austin,austin,manual-seed,"Austin, TX","https://www.glassdoor.com/Location/All-NVIDIA-Austin-Office-Locations-EI_IE7633.4,10_IL.11,17_IC1139761.htm","https://www.glassdoor.com/Reviews/ASUS-Austin-Reviews-EI_IE40093.0,4_IL.5,11_IC1139761.htm",validation_failed,gap_probe_failed: missing_target_metrics,pool-location-id,2026-06-28T15:49:27.536589+08:00
ASUS,Seattle,seattle,manual-seed,,,,no_result,pool_location_id_not_found,pool-location-id,2026-06-28T15:49:27.641258+08:00
ASUS,London,london,manual-seed,"London, ENG","https://www.glassdoor.com/Location/All-Trend-Micro-Inc-London-Office-Locations-EI_IE8983.4,19_IL.20,26_IC2671300.htm","https://www.glassdoor.com/Reviews/ASUS-London-Reviews-EI_IE40093.0,4_IL.5,11_IC2671300.htm",resolved,,pool-location-id,2026-06-28T15:49:33.434268+08:00
ASUS,Dublin,dublin,manual-seed,,,,no_result,pool_location_id_not_found,pool-location-id,2026-06-28T15:49:33.53599+08:00
ASUS,Munich,munich,manual-seed,"Munich, BY","https://www.glassdoor.com/Location/All-NVIDIA-Munich-Office-Locations-EI_IE7633.4,10_IL.11,17_IC4990924.htm","https://www.glassdoor.com/Reviews/ASUS-Munich-Reviews-EI_IE40093.0,4_IL.5,11_IC4990924.htm",resolved,,pool-location-id,2026-06-28T15:49:38.870153+08:00
NVIDIA,"Ciudad de Mexico, MEX",ciudad de mexico mex,office-location,"Ciudad de Mexico, MEX","https://www.glassdoor.com/Location/All-ASUS-Ciudad-de-Mexico-Office-Locations-EI_IE40093.4,8_IL.9,25_IC5017436.htm","https://www.glassdoor.com/Reviews/NVIDIA-Ciudad-de-Mexico-Reviews-EI_IE7633.0,6_IL.7,23_IC5017436.htm",validation_failed,gap_probe_failed: missing_target_metrics,pool-location-id,2026-06-28T08:52:16.229857+00:00
NVIDIA,"Fremont, CA",fremont ca,office-location,"Fremont, CA","https://www.glassdoor.com/Location/All-ASUS-Fremont-Office-Locations-EI_IE40093.4,8_IL.9,16_IC1147355.htm","https://www.glassdoor.com/Reviews/NVIDIA-Fremont-Reviews-EI_IE7633.0,6_IL.7,14_IC1147355.htm",resolved,,pool-location-id,2026-06-28T08:52:23.034896+00:00
NVIDIA,"Markham, ON",markham on,office-location,"Markham, ON","https://www.glassdoor.com/Location/All-ASUS-Markham-Office-Locations-EI_IE40093.4,8_IL.9,16_IC2280736.htm","https://www.glassdoor.com/Reviews/NVIDIA-Markham-Reviews-EI_IE7633.0,6_IL.7,14_IC2280736.htm",validation_failed,gap_probe_failed: missing_target_metrics,pool-location-id,2026-06-28T08:52:30.440345+00:00
NVIDIA,"Barcelona, CT",barcelona ct,office-location,"Barcelona, CT","https://www.glassdoor.com/Location/All-ASUS-Barcelona-Office-Locations-EI_IE40093.4,8_IL.9,18_IC2547194.htm","https://www.glassdoor.com/Reviews/NVIDIA-Barcelona-Reviews-EI_IE7633.0,6_IL.7,16_IC2547194.htm",validation_failed,gap_probe_failed: missing_target_metrics,pool-location-id,2026-06-28T08:52:37.901194+00:00
NVIDIA,"Budapest, BU",budapest bu,office-location,"Budapest, BU","https://www.glassdoor.com/Location/All-ASUS-Budapest-Office-Locations-EI_IE40093.4,8_IL.9,17_IC3125126.htm","https://www.glassdoor.com/Reviews/NVIDIA-Budapest-Reviews-EI_IE7633.0,6_IL.7,15_IC3125126.htm",resolved,,pool-location-id,2026-06-28T08:52:45.079945+00:00
NVIDIA,"Emmen, DR",emmen dr,office-location,"Emmen, DR","https://www.glassdoor.com/Location/All-ASUS-Emmen-Office-Locations-EI_IE40093.4,8_IL.9,14_IC3060162.htm","https://www.glassdoor.com/Reviews/NVIDIA-Emmen-Reviews-EI_IE7633.0,6_IL.7,12_IC3060162.htm",validation_failed,gap_probe_failed: missing_target_metrics,pool-location-id,2026-06-28T08:52:52.911867+00:00
NVIDIA,"Hemel Hempstead, ENG",hemel hempstead eng,office-location,"Hemel Hempstead, ENG","https://www.glassdoor.com/Location/All-ASUS-Hemel-Hempstead-Office-Locations-EI_IE40093.4,8_IL.9,24_IC2669775.htm","https://www.glassdoor.com/Reviews/NVIDIA-Hemel-Hempstead-Reviews-EI_IE7633.0,6_IL.7,22_IC2669775.htm",validation_failed,gap_probe_failed: missing_target_metrics,pool-location-id,2026-06-28T08:52:59.174340+00:00
NVIDIA,"Milan, LOM",milan lom,office-location,"Milan, LOM","https://www.glassdoor.com/Location/All-ASUS-Milan-Office-Locations-EI_IE40093.4,8_IL.9,14_IC2802090.htm","https://www.glassdoor.com/Reviews/NVIDIA-Milan-Reviews-EI_IE7633.0,6_IL.7,12_IC2802090.htm",resolved,,pool-location-id,2026-06-28T08:53:06.233477+00:00
NVIDIA,"Moravská Ostrava, MO",moravsk ostrava mo,office-location,"Moravská Ostrava, MO","https://www.glassdoor.com/Location/All-ASUS-Moravská-Ostrava-Office-Locations-EI_IE40093.4,8_IL.9,25_IC2288209.htm","https://www.glassdoor.com/Reviews/NVIDIA-Moravsk%C3%A1-Ostrava-Reviews-EI_IE7633.0,6_IL.7,23_IC2288209.htm",validation_failed,gap_probe_failed: missing_target_metrics,pool-location-id,2026-06-28T08:53:12.886126+00:00
NVIDIA,"Noisy-le-Grand, A8",noisy le grand a8,office-location,"Noisy-le-Grand, A8","https://www.glassdoor.com/Location/All-ASUS-Noisy-le-Grand-Office-Locations-EI_IE40093.4,8_IL.9,23_IC3100822.htm","https://www.glassdoor.com/Reviews/NVIDIA-Noisy-le-Grand-Reviews-EI_IE7633.0,6_IL.7,21_IC3100822.htm",validation_failed,gap_probe_failed: missing_target_metrics,pool-location-id,2026-06-28T08:53:19.643066+00:00
NVIDIA,"Ratingen, NW",ratingen nw,office-location,"Ratingen, NW","https://www.glassdoor.com/Location/All-ASUS-Ratingen-Office-Locations-EI_IE40093.4,8_IL.9,17_IC2584004.htm","https://www.glassdoor.com/Reviews/NVIDIA-Ratingen-Reviews-EI_IE7633.0,6_IL.7,15_IC2584004.htm",validation_failed,gap_probe_failed: missing_target_metrics,pool-location-id,2026-06-28T08:53:27.108102+00:00
NVIDIA,"Üsküdar, T34",sk dar t34,office-location,"Üsküdar, T34","https://www.glassdoor.com/Location/All-ASUS-Üsküdar-Office-Locations-EI_IE40093.4,8_IL.9,16_IC3361446.htm","https://www.glassdoor.com/Reviews/NVIDIA-%C3%9Csk%C3%BCdar-Reviews-EI_IE7633.0,6_IL.7,14_IC3361446.htm",validation_failed,gap_probe_failed: missing_target_metrics,pool-location-id,2026-06-28T08:53:36.436146+00:00
NVIDIA,"Warsaw, MZ",warsaw mz,office-location,"Warsaw, MZ","https://www.glassdoor.com/Location/All-ASUS-Warsaw-Office-Locations-EI_IE40093.4,8_IL.9,15_IC3094484.htm","https://www.glassdoor.com/Reviews/NVIDIA-Warsaw-Reviews-EI_IE7633.0,6_IL.7,13_IC3094484.htm",resolved,,pool-location-id,2026-06-28T08:53:43.107618+00:00
NVIDIA,"Bangkok, 10",bangkok 10,office-location,"Bangkok, 10","https://www.glassdoor.com/Location/All-ASUS-Bangkok-Office-Locations-EI_IE40093.4,8_IL.9,16_IC3179725.htm","https://www.glassdoor.com/Reviews/NVIDIA-Bangkok-Reviews-EI_IE7633.0,6_IL.7,14_IC3179725.htm",validation_failed,gap_probe_failed: missing_target_metrics,pool-location-id,2026-06-28T08:53:49.293547+00:00
NVIDIA,"Dubai, DU",dubai du,office-location,"Dubai, DU","https://www.glassdoor.com/Location/All-ASUS-Dubai-Office-Locations-EI_IE40093.4,8_IL.9,14_IC2204498.htm","https://www.glassdoor.com/Reviews/NVIDIA-Dubai-Reviews-EI_IE7633.0,6_IL.7,12_IC2204498.htm",validation_failed,gap_probe_failed: missing_target_metrics,pool-location-id,2026-06-28T08:53:57.981171+00:00
NVIDIA,"Jakarta, JK",jakarta jk,office-location,"Jakarta, JK","https://www.glassdoor.com/Location/All-ASUS-Jakarta-Office-Locations-EI_IE40093.4,8_IL.9,16_IC2709872.htm","https://www.glassdoor.com/Reviews/NVIDIA-Jakarta-Reviews-EI_IE7633.0,6_IL.7,14_IC2709872.htm",validation_failed,gap_probe_failed: missing_target_metrics,pool-location-id,2026-06-28T08:54:05.263435+00:00
NVIDIA,"Kuala Lumpur, 14",kuala lumpur 14,office-location,"Kuala Lumpur, 14","https://www.glassdoor.com/Location/All-ASUS-Kuala-Lumpur-Office-Locations-EI_IE40093.4,8_IL.9,21_IC2986682.htm","https://www.glassdoor.com/Reviews/NVIDIA-Kuala-Lumpur-Reviews-EI_IE7633.0,6_IL.7,19_IC2986682.htm",validation_failed,gap_probe_failed: missing_target_metrics,pool-location-id,2026-06-28T08:54:12.037996+00:00
NVIDIA,"Manila, D9",manila d9,office-location,"Manila, D9","https://www.glassdoor.com/Location/All-ASUS-Manila-Office-Locations-EI_IE40093.4,8_IL.9,15_IC2363570.htm","https://www.glassdoor.com/Reviews/NVIDIA-Manila-Reviews-EI_IE7633.0,6_IL.7,13_IC2363570.htm",validation_failed,gap_probe_failed: missing_target_metrics,pool-location-id,2026-06-28T08:54:20.016280+00:00
NVIDIA,"Mumbai, MH",mumbai mh,office-location,"Mumbai, MH","https://www.glassdoor.com/Location/All-NVIDIA-Mumbai-Office-Locations-EI_IE7633.4,10_IL.11,17_IC2851180.htm","https://www.glassdoor.com/Reviews/NVIDIA-Mumbai-Reviews-EI_IE7633.0,6_IL.7,13_IC2851180.htm",resolved,,office-navigation,2026-06-28T15:24:49.913544+08:00
NVIDIA,"Seoul, 11",seoul 11,office-location,"Seoul, 11","https://www.glassdoor.com/Location/All-ASUS-Seoul-Office-Locations-EI_IE40093.4,8_IL.9,14_IC3021489.htm","https://www.glassdoor.com/Reviews/NVIDIA-Seoul-Reviews-EI_IE7633.0,6_IL.7,12_IC3021489.htm",resolved,,pool-location-id,2026-06-28T08:54:26.495761+00:00
NVIDIA,Singapore,singapore,office-location,Singapore,"https://www.glassdoor.com/Location/All-ASUS-Singapore-Office-Locations-EI_IE40093.4,8_IL.9,18_IC3235921.htm","https://www.glassdoor.com/Reviews/NVIDIA-Singapore-Reviews-EI_IE7633.0,6_IL.7,16_IC3235921.htm",resolved,,pool-location-id,2026-06-28T15:49:43.511262+08:00
NVIDIA,"Taipei, TPQ",taipei tpq,office-location,"Taipei, TPQ","https://www.glassdoor.com/Location/All-NVIDIA-Taipei-Office-Locations-EI_IE7633.4,10_IL.11,17_IC3271041.htm","https://www.glassdoor.com/Reviews/NVIDIA-Taipei-Reviews-EI_IE7633.0,6_IL.7,13_IC3271041.htm",resolved,,office-navigation,2026-06-28T15:24:54.983264+08:00
NVIDIA,"Tokyo, 40",tokyo 40,office-location,"Tokyo, 40","https://www.glassdoor.com/Location/All-ASUS-Tokyo-Office-Locations-EI_IE40093.4,8_IL.9,14_IC2851580.htm","https://www.glassdoor.com/Reviews/NVIDIA-Tokyo-Reviews-EI_IE7633.0,6_IL.7,12_IC2851580.htm",resolved,,pool-location-id,2026-06-28T08:54:34.909380+00:00
NVIDIA,"San Isidro, HUC",san isidro huc,office-location,"San Isidro, HUC","https://www.glassdoor.com/Location/All-ASUS-San-Isidro-Office-Locations-EI_IE40093.4,8_IL.9,19_IC4694011.htm","https://www.glassdoor.com/Reviews/NVIDIA-San-Isidro-Reviews-EI_IE7633.0,6_IL.7,17_IC4694011.htm",validation_failed,gap_probe_failed: missing_target_metrics,pool-location-id,2026-06-28T08:54:50.871117+00:00
NVIDIA,"Santiago, RM",santiago rm,office-location,"Santiago, RM","https://www.glassdoor.com/Location/All-ASUS-Santiago-Office-Locations-EI_IE40093.4,8_IL.9,17_IC2434030.htm","https://www.glassdoor.com/Reviews/NVIDIA-Santiago-Reviews-EI_IE7633.0,6_IL.7,15_IC2434030.htm",validation_failed,gap_probe_failed: missing_target_metrics,pool-location-id,2026-06-28T08:55:02.896462+00:00
NVIDIA,"São Paulo, SP",s o paulo sp,office-location,"São Paulo, SP","https://www.glassdoor.com/Location/All-ASUS-São-Paulo-Office-Locations-EI_IE40093.4,8_IL.9,18_IC2479061.htm","https://www.glassdoor.com/Reviews/NVIDIA-S%C3%A3o-Paulo-Reviews-EI_IE7633.0,6_IL.7,16_IC2479061.htm",resolved,,pool-location-id,2026-06-28T08:55:09.465650+00:00
NVIDIA,"Sydney, NSW",sydney nsw,office-location,"Sydney, NSW","https://www.glassdoor.com/Location/All-ASUS-Sydney-Office-Locations-EI_IE40093.4,8_IL.9,15_IC2235932.htm","https://www.glassdoor.com/Reviews/NVIDIA-Sydney-Reviews-EI_IE7633.0,6_IL.7,13_IC2235932.htm",validation_failed,gap_probe_failed: missing_target_metrics,pool-location-id,2026-06-28T08:55:16.218591+00:00
NVIDIA,"Austin, TX",austin tx,office-location,"Austin, TX","https://www.glassdoor.com/Location/All-NVIDIA-Austin-Office-Locations-EI_IE7633.4,10_IL.11,17_IC1139761.htm","https://www.glassdoor.com/Reviews/NVIDIA-Austin-Reviews-EI_IE7633.0,6_IL.7,13_IC1139761.htm",resolved,,office-navigation,2026-06-28T15:25:03.364829+08:00
NVIDIA,"Beaverton, OR",beaverton or,office-location,"Beaverton, OR","https://www.glassdoor.com/Location/All-NVIDIA-Beaverton-Office-Locations-EI_IE7633.4,10_IL.11,20_IC1151576.htm","https://www.glassdoor.com/Reviews/NVIDIA-Beaverton-Reviews-EI_IE7633.0,6_IL.7,16_IC1151576.htm",resolved,,office-navigation,2026-06-28T15:25:08.228978+08:00
NVIDIA,"Bellevue, WA",bellevue wa,office-location,"Bellevue, WA","https://www.glassdoor.com/Location/All-NVIDIA-Bellevue-Office-Locations-EI_IE7633.4,10_IL.11,19_IC1150442.htm","https://www.glassdoor.com/Reviews/NVIDIA-Bellevue-Reviews-EI_IE7633.0,6_IL.7,15_IC1150442.htm",resolved,,office-navigation,2026-06-28T15:25:12.665829+08:00
NVIDIA,"Durham, NC",durham nc,office-location,"Durham, NC","https://www.glassdoor.com/Location/All-NVIDIA-Durham-Office-Locations-EI_IE7633.4,10_IL.11,17_IC1138697.htm","https://www.glassdoor.com/Reviews/NVIDIA-Durham-Reviews-EI_IE7633.0,6_IL.7,13_IC1138697.htm",resolved,,office-navigation,2026-06-28T15:25:16.834717+08:00
NVIDIA,"Hillsboro, OR",hillsboro or,office-location,"Hillsboro, OR","https://www.glassdoor.com/Location/All-NVIDIA-Hillsboro-Office-Locations-EI_IE7633.4,10_IL.11,20_IC1151603.htm","https://www.glassdoor.com/Reviews/NVIDIA-Hillsboro-Reviews-EI_IE7633.0,6_IL.7,16_IC1151603.htm",resolved,,office-navigation,2026-06-28T15:25:20.145143+08:00
NVIDIA,"Redmond, WA",redmond wa,office-location,"Redmond, WA","https://www.glassdoor.com/Location/All-NVIDIA-Redmond-Office-Locations-EI_IE7633.4,10_IL.11,18_IC1150499.htm","https://www.glassdoor.com/Reviews/NVIDIA-Redmond-Reviews-EI_IE7633.0,6_IL.7,14_IC1150499.htm",resolved,,office-navigation,2026-06-28T15:25:24.158833+08:00
NVIDIA,"Saint Louis, MO",saint louis mo,office-location,"Saint Louis, MO","https://www.glassdoor.com/Location/All-NVIDIA-Saint-Louis-Office-Locations-EI_IE7633.4,10_IL.11,22_IC1131270.htm","https://www.glassdoor.com/Reviews/NVIDIA-Saint-Louis-Reviews-EI_IE7633.0,6_IL.7,18_IC1131270.htm",resolved,,office-navigation,2026-06-28T15:25:31.20092+08:00
NVIDIA,"San Francisco, CA",san francisco ca,office-location,"San Francisco, CA","https://www.glassdoor.com/Location/All-NVIDIA-San-Francisco-Office-Locations-EI_IE7633.4,10_IL.11,24_IC1147401.htm","https://www.glassdoor.com/Reviews/NVIDIA-San-Francisco-Reviews-EI_IE7633.0,6_IL.7,20_IC1147401.htm",resolved,,office-navigation,2026-06-28T15:25:36.669997+08:00
NVIDIA,"San Jose, CA",san jose,office-location,"San Jose, CA","https://www.glassdoor.com/Location/All-NVIDIA-San-Jose-Office-Locations-EI_IE7633.4,10_IL.11,19_IC1147436.htm","https://www.glassdoor.com/Reviews/NVIDIA-San-Jose-Reviews-EI_IE7633.0,6_IL.7,15_IC1147436.htm",resolved,,office-navigation,2026-06-28T15:25:41.410067+08:00
NVIDIA,"Santa Clara, CA",santa clara ca,office-location,"Santa Clara, CA","https://www.glassdoor.com/Location/All-NVIDIA-Santa-Clara-Office-Locations-EI_IE7633.4,10_IL.11,22_IC1147439.htm","https://www.glassdoor.com/Reviews/NVIDIA-Santa-Clara-Reviews-EI_IE7633.0,6_IL.7,18_IC1147439.htm",resolved,,office-navigation,2026-06-28T15:25:45.150581+08:00
NVIDIA,"Toronto, ON",toronto on,office-location,"Toronto, ON","https://www.glassdoor.com/Location/All-NVIDIA-Toronto-Office-Locations-EI_IE7633.4,10_IL.11,18_IC2281069.htm","https://www.glassdoor.com/Reviews/NVIDIA-Toronto-Reviews-EI_IE7633.0,6_IL.7,14_IC2281069.htm",resolved,,office-navigation,2026-06-28T15:25:49.838546+08:00
NVIDIA,"Westford, MA",westford ma,office-location,"Westford, MA","https://www.glassdoor.com/Location/All-NVIDIA-Westford-Office-Locations-EI_IE7633.4,10_IL.11,19_IC1154720.htm","https://www.glassdoor.com/Reviews/NVIDIA-Westford-Reviews-EI_IE7633.0,6_IL.7,15_IC1154720.htm",resolved,,office-navigation,2026-06-28T15:25:53.524379+08:00
NVIDIA,"Moscow, 48",moscow 48,office-location,"Moscow, 48","https://www.glassdoor.com/Location/All-NVIDIA-Moscow-Office-Locations-EI_IE7633.4,10_IL.11,17_IC3348306.htm","https://www.glassdoor.com/Reviews/NVIDIA-Moscow-Reviews-EI_IE7633.0,6_IL.7,13_IC3348306.htm",resolved,,office-navigation,2026-06-28T15:26:00.829226+08:00
NVIDIA,"Munich, BY",munich by,office-location,"Munich, BY","https://www.glassdoor.com/Location/All-NVIDIA-Munich-Office-Locations-EI_IE7633.4,10_IL.11,17_IC4990924.htm","https://www.glassdoor.com/Reviews/NVIDIA-Munich-Reviews-EI_IE7633.0,6_IL.7,13_IC4990924.htm",resolved,,office-navigation,2026-06-28T15:26:05.114267+08:00
NVIDIA,"Reading, ENG",reading eng,office-location,"Reading, ENG","https://www.glassdoor.com/Location/All-NVIDIA-Reading-Office-Locations-EI_IE7633.4,10_IL.11,18_IC2675152.htm",https://www.glassdoor.com/Reviews/index.htm,resolved,,office-navigation,2026-06-28T15:26:12.629861+08:00
NVIDIA,"Zürich, ZH",z rich zh,office-location,"Zürich, ZH","https://www.glassdoor.com/Location/All-NVIDIA-Zürich-Office-Locations-EI_IE7633.4,10_IL.11,17_IC3297851.htm","https://www.glassdoor.com/Reviews/NVIDIA-Zürich-Reviews-EI_IE7633.0,6_IL.7,13_IC3297851.htm",resolved,,office-navigation,2026-06-28T15:26:16.992024+08:00
NVIDIA,"Bengaluru, KA",bengaluru ka,office-location,"Bengaluru, KA","https://www.glassdoor.com/Location/All-NVIDIA-Bengaluru-Office-Locations-EI_IE7633.4,10_IL.11,20_IC2940587.htm","https://www.glassdoor.com/Reviews/NVIDIA-Bengaluru-Reviews-EI_IE7633.0,6_IL.7,16_IC2940587.htm",resolved,,office-navigation,2026-06-28T15:26:21.30678+08:00
NVIDIA,"Hsinchu, TXG",hsinchu txg,office-location,"Hsinchu, TXG","https://www.glassdoor.com/Location/All-NVIDIA-Hsinchu-Office-Locations-EI_IE7633.4,10_IL.11,18_IC4915323.htm","https://www.glassdoor.com/Reviews/NVIDIA-Hsinchu-Reviews-EI_IE7633.0,6_IL.7,14_IC4915323.htm",resolved,,office-navigation,2026-06-28T15:26:25.359771+08:00
NVIDIA,"Pudong, 23",pudong 23,office-location,"Pudong, 23","https://www.glassdoor.com/Location/All-NVIDIA-Pudong-Office-Locations-EI_IE7633.4,10_IL.11,17_IC2415109.htm","https://www.glassdoor.com/Reviews/NVIDIA-Pudong-Reviews-EI_IE7633.0,6_IL.7,13_IC2415109.htm",resolved,,office-navigation,2026-06-28T15:26:30.251089+08:00
NVIDIA,"Pune, MH",pune mh,office-location,"Pune, MH","https://www.glassdoor.com/Location/All-NVIDIA-Pune-Office-Locations-EI_IE7633.4,10_IL.11,15_IC2856202.htm","https://www.glassdoor.com/Reviews/NVIDIA-Pune-Reviews-EI_IE7633.0,6_IL.7,11_IC2856202.htm",resolved,,office-navigation,2026-06-28T15:26:34.879795+08:00
NVIDIA,"Shanghai, 23",shanghai 23,office-location,"Shanghai, 23","https://www.glassdoor.com/Location/All-NVIDIA-Shanghai-Office-Locations-EI_IE7633.4,10_IL.11,19_IC2416009.htm","https://www.glassdoor.com/Reviews/NVIDIA-Shanghai-Reviews-EI_IE7633.0,6_IL.7,15_IC2416009.htm",resolved,,office-navigation,2026-06-28T15:26:38.72049+08:00
NVIDIA,"San Jose, MP",san jose mp,office-location,"San Jose, CA","https://www.glassdoor.com/Location/All-NVIDIA-San-Jose-Office-Locations-EI_IE7633.4,10_IL.11,19_IC1147436.htm","https://www.glassdoor.com/Reviews/NVIDIA-San-Jose-Reviews-EI_IE7633.0,6_IL.7,15_IC1147436.htm",resolved,,office-navigation,2026-06-28T15:26:44.06677+08:00
NVIDIA,"Frankfurt am Main, HE",frankfurt am main he,office-location,"Frankfurt am Main, HE","https://www.glassdoor.com/Location/All-Micro-Star-International-Frankfurt-am-Main-Office-Locations-EI_IE41141.4,28_IL.29,46_IC2632180.htm","https://www.glassdoor.com/Reviews/NVIDIA-Frankfurt-am-Main-Reviews-EI_IE7633.0,6_IL.7,24_IC2632180.htm",validation_failed,gap_probe_failed: missing_target_metrics,pool-location-id,2026-06-28T08:55:23.136302+00:00
NVIDIA,"Boise, ID",boise id,office-location,"Boise, ID","https://www.glassdoor.com/Location/All-HP-Inc-Boise-Office-Locations-EI_IE1093161.4,10_IL.11,16_IC1127927.htm","https://www.glassdoor.com/Reviews/NVIDIA-Boise-Reviews-EI_IE7633.0,6_IL.7,12_IC1127927.htm",validation_failed,gap_probe_failed: missing_target_metrics,pool-location-id,2026-06-28T08:55:29.652026+00:00
NVIDIA,"Corvallis, OR",corvallis or,office-location,"Corvallis, OR","https://www.glassdoor.com/Location/All-HP-Inc-Corvallis-Office-Locations-EI_IE1093161.4,10_IL.11,20_IC1151455.htm","https://www.glassdoor.com/Reviews/NVIDIA-Corvallis-Reviews-EI_IE7633.0,6_IL.7,16_IC1151455.htm",validation_failed,gap_probe_failed: missing_target_metrics,pool-location-id,2026-06-28T08:55:36.209242+00:00
NVIDIA,"Fort Collins, CO",fort collins co,office-location,"Fort Collins, CO","https://www.glassdoor.com/Location/All-HP-Inc-Fort-Collins-Office-Locations-EI_IE1093161.4,10_IL.11,23_IC1148233.htm","https://www.glassdoor.com/Reviews/NVIDIA-Fort-Collins-Reviews-EI_IE7633.0,6_IL.7,19_IC1148233.htm",validation_failed,gap_probe_failed: missing_target_metrics,pool-location-id,2026-06-28T08:55:42.957954+00:00
NVIDIA,"Guadalajara, JAL",guadalajara jal,office-location,"Guadalajara, JAL","https://www.glassdoor.com/Location/All-HP-Inc-Guadalajara-Office-Locations-EI_IE1093161.4,10_IL.11,22_IC3486357.htm","https://www.glassdoor.com/Reviews/NVIDIA-Guadalajara-Reviews-EI_IE7633.0,6_IL.7,18_IC3486357.htm",validation_failed,gap_probe_failed: missing_target_metrics,pool-location-id,2026-06-28T08:55:49.521196+00:00
NVIDIA,"Houston, TX",houston tx,office-location,"Houston, TX","https://www.glassdoor.com/Location/All-HP-Inc-Houston-Office-Locations-EI_IE1093161.4,10_IL.11,18_IC1140171.htm","https://www.glassdoor.com/Reviews/NVIDIA-Houston-Reviews-EI_IE7633.0,6_IL.7,14_IC1140171.htm",resolved,,pool-location-id,2026-06-28T08:55:56.132987+00:00
NVIDIA,"Palo Alto, CA",palo alto ca,office-location,"Palo Alto, CA","https://www.glassdoor.com/Location/All-HP-Inc-Palo-Alto-Office-Locations-EI_IE1093161.4,10_IL.11,20_IC1147434.htm","https://www.glassdoor.com/Reviews/NVIDIA-Palo-Alto-Reviews-EI_IE7633.0,6_IL.7,16_IC1147434.htm",resolved,,pool-location-id,2026-06-28T08:56:02.848132+00:00
NVIDIA,"Portland, OR",portland or,office-location,"Portland, OR","https://www.glassdoor.com/Location/All-HP-Inc-Portland-Office-Locations-EI_IE1093161.4,10_IL.11,19_IC1151614.htm","https://www.glassdoor.com/Reviews/NVIDIA-Portland-Reviews-EI_IE7633.0,6_IL.7,15_IC1151614.htm",resolved,,pool-location-id,2026-06-28T08:56:09.018455+00:00
NVIDIA,"San Diego, CA",san diego ca,office-location,"San Diego, CA","https://www.glassdoor.com/Location/All-HP-Inc-San-Diego-Office-Locations-EI_IE1093161.4,10_IL.11,20_IC1147311.htm","https://www.glassdoor.com/Reviews/NVIDIA-San-Diego-Reviews-EI_IE7633.0,6_IL.7,16_IC1147311.htm",resolved,,pool-location-id,2026-06-28T08:56:15.830733+00:00
NVIDIA,"Spring, TX",spring tx,office-location,"Spring, TX","https://www.glassdoor.com/Location/All-HP-Inc-Spring-Office-Locations-EI_IE1093161.4,10_IL.11,17_IC1140222.htm","https://www.glassdoor.com/Reviews/NVIDIA-Spring-Reviews-EI_IE7633.0,6_IL.7,13_IC1140222.htm",validation_failed,gap_probe_failed: missing_target_metrics,pool-location-id,2026-06-28T08:56:22.215569+00:00
NVIDIA,"Sunnyvale, CA",sunnyvale ca,office-location,"Sunnyvale, CA","https://www.glassdoor.com/Location/All-HP-Inc-Sunnyvale-Office-Locations-EI_IE1093161.4,10_IL.11,20_IC1147442.htm","https://www.glassdoor.com/Reviews/NVIDIA-Sunnyvale-Reviews-EI_IE7633.0,6_IL.7,16_IC1147442.htm",resolved,,pool-location-id,2026-06-28T08:56:29.644852+00:00
NVIDIA,"Tlaquepaque, JAL",tlaquepaque jal,office-location,"Tlaquepaque, JAL","https://www.glassdoor.com/Location/All-HP-Inc-Tlaquepaque-Office-Locations-EI_IE1093161.4,10_IL.11,22_IC3486348.htm","https://www.glassdoor.com/Reviews/NVIDIA-Tlaquepaque-Reviews-EI_IE7633.0,6_IL.7,18_IC3486348.htm",validation_failed,gap_probe_failed: missing_target_metrics,pool-location-id,2026-06-28T08:56:36.679377+00:00
NVIDIA,"Vancouver, WA",vancouver wa,office-location,"Vancouver, WA","https://www.glassdoor.com/Location/All-HP-Inc-Vancouver-Office-Locations-EI_IE1093161.4,10_IL.11,20_IC1150413.htm","https://www.glassdoor.com/Reviews/NVIDIA-Vancouver-Reviews-EI_IE7633.0,6_IL.7,16_IC1150413.htm",validation_failed,gap_probe_failed: missing_target_metrics,pool-location-id,2026-06-28T08:56:43.284324+00:00
NVIDIA,"Zapopan, JAL",zapopan jal,office-location,"Zapopan, JAL","https://www.glassdoor.com/Location/All-HP-Inc-Zapopan-Office-Locations-EI_IE1093161.4,10_IL.11,18_IC3487018.htm","https://www.glassdoor.com/Reviews/NVIDIA-Zapopan-Reviews-EI_IE7633.0,6_IL.7,14_IC3487018.htm",validation_failed,gap_probe_failed: missing_target_metrics,pool-location-id,2026-06-28T08:56:49.480153+00:00
NVIDIA,"Boulogne-Billancourt, A8",boulogne billancourt a8,office-location,"Boulogne-Billancourt, A8","https://www.glassdoor.com/Location/All-HP-Inc-Boulogne-Billancourt-Office-Locations-EI_IE1093161.4,10_IL.11,31_IC3040032.htm","https://www.glassdoor.com/Reviews/NVIDIA-Boulogne-Billancourt-Reviews-EI_IE7633.0,6_IL.7,27_IC3040032.htm",validation_failed,gap_probe_failed: missing_target_metrics,pool-location-id,2026-06-28T08:56:56.253490+00:00
NVIDIA,"Bucharest, B",bucharest b,office-location,"Bucharest, B","https://www.glassdoor.com/Location/All-HP-Inc-Bucharest-Office-Locations-EI_IE1093161.4,10_IL.11,20_IC3184907.htm","https://www.glassdoor.com/Reviews/NVIDIA-Bucharest-Reviews-EI_IE7633.0,6_IL.7,16_IC3184907.htm",validation_failed,gap_probe_failed: missing_target_metrics,pool-location-id,2026-06-28T08:57:03.242539+00:00
NVIDIA,"Cambridge, ENG",cambridge eng,office-location,"Cambridge, ENG","https://www.glassdoor.com/Location/All-HP-Inc-Cambridge-Office-Locations-EI_IE1093161.4,10_IL.11,20_IC2662516.htm","https://www.glassdoor.com/Reviews/NVIDIA-Cambridge-Reviews-EI_IE7633.0,6_IL.7,16_IC2662516.htm",resolved,,pool-location-id,2026-06-28T08:57:20.609520+00:00
NVIDIA,"Meudon, A8",meudon a8,office-location,"Meudon, A8","https://www.glassdoor.com/Location/All-HP-Inc-Meudon-Office-Locations-EI_IE1093161.4,10_IL.11,17_IC3019026.htm","https://www.glassdoor.com/Reviews/NVIDIA-Meudon-Reviews-EI_IE7633.0,6_IL.7,13_IC3019026.htm",validation_failed,gap_probe_failed: missing_target_metrics,pool-location-id,2026-06-28T08:57:27.361270+00:00
NVIDIA,"Paris, A8",paris a8,office-location,"Paris, A8","https://www.glassdoor.com/Location/All-HP-Inc-Paris-Office-Locations-EI_IE1093161.4,10_IL.11,16_IC2881970.htm","https://www.glassdoor.com/Reviews/NVIDIA-Paris-Reviews-EI_IE7633.0,6_IL.7,12_IC2881970.htm",resolved,,pool-location-id,2026-06-28T08:57:33.628787+00:00
NVIDIA,"Sant Cugat del Vallès, CT",sant cugat del vall s ct,office-location,"Sant Cugat del Vallès, CT","https://www.glassdoor.com/Location/All-HP-Inc-Sant-Cugat-del-Vallès-Office-Locations-EI_IE1093161.4,10_IL.11,32_IC4843928.htm","https://www.glassdoor.com/Reviews/NVIDIA-Sant-Cugat-del-Vall%C3%A8s-Reviews-EI_IE7633.0,6_IL.7,28_IC4843928.htm",validation_failed,gap_probe_failed: missing_target_metrics,pool-location-id,2026-06-28T08:57:40.268295+00:00
NVIDIA,"Tuas, W",tuas w,office-location,"Tuas, W","https://www.glassdoor.com/Location/All-HP-Inc-Tuas-Office-Locations-EI_IE1093161.4,10_IL.11,15_IC3235538.htm","https://www.glassdoor.com/Reviews/NVIDIA-Tuas-Reviews-EI_IE7633.0,6_IL.7,11_IC3235538.htm",validation_failed,gap_probe_failed: missing_target_metrics,pool-location-id,2026-06-28T08:57:47.598708+00:00
NVIDIA,"Whitefield, KA",whitefield ka,office-location,"Whitefield, KA","https://www.glassdoor.com/Location/All-HP-Inc-Whitefield-Office-Locations-EI_IE1093161.4,10_IL.11,21_IC2941717.htm","https://www.glassdoor.com/Reviews/NVIDIA-Whitefield-Reviews-EI_IE7633.0,6_IL.7,17_IC2941717.htm",validation_failed,gap_probe_failed: missing_target_metrics,pool-location-id,2026-06-28T08:57:54.241890+00:00
NVIDIA,"Lake Forest, CA",lake forest ca,office-location,"Lake Forest, CA","https://www.glassdoor.com/Location/All-Wistron-Lake-Forest-Office-Locations-EI_IE15218.4,11_IL.12,23_IC1146811.htm","https://www.glassdoor.com/Reviews/NVIDIA-Lake-Forest-Reviews-EI_IE7633.0,6_IL.7,18_IC1146811.htm",validation_failed,gap_probe_failed: missing_target_metrics,pool-location-id,2026-06-28T08:58:01.003404+00:00
NVIDIA,"Rolling Meadows, IL",rolling meadows il,office-location,"Rolling Meadows, IL","https://www.glassdoor.com/Location/All-Wistron-Rolling-Meadows-Office-Locations-EI_IE15218.4,11_IL.12,27_IC1128962.htm","https://www.glassdoor.com/Reviews/NVIDIA-Rolling-Meadows-Reviews-EI_IE7633.0,6_IL.7,22_IC1128962.htm",validation_failed,gap_probe_failed: missing_target_metrics,pool-location-id,2026-06-28T08:58:08.695737+00:00
NVIDIA,"Wuhan, 12",wuhan 12,office-location,"Wuhan, 12","https://www.glassdoor.com/Location/All-Wistron-Wuhan-Office-Locations-EI_IE15218.4,11_IL.12,17_IC2478891.htm","https://www.glassdoor.com/Reviews/NVIDIA-Wuhan-Reviews-EI_IE7633.0,6_IL.7,12_IC2478891.htm",validation_failed,gap_probe_failed: missing_target_metrics,pool-location-id,2026-06-28T08:58:15.232618+00:00
NVIDIA,"Hoofddorp, NH",hoofddorp nh,office-location,"Hoofddorp, NH","https://www.glassdoor.com/Location/All-Delta-Electronics-Hoofddorp-Office-Locations-EI_IE41146.4,21_IL.22,31_IC3063772.htm","https://www.glassdoor.com/Reviews/NVIDIA-Hoofddorp-Reviews-EI_IE7633.0,6_IL.7,16_IC3063772.htm",validation_failed,gap_probe_failed: missing_target_metrics,pool-location-id,2026-06-28T08:58:21.637180+00:00
NVIDIA,"Notting Hill, VIC",notting hill vic,office-location,"Notting Hill, VIC","https://www.glassdoor.com/Location/All-Delta-Electronics-Notting-Hill-Office-Locations-EI_IE41146.4,21_IL.22,34_IC2257042.htm","https://www.glassdoor.com/Reviews/NVIDIA-Notting-Hill-Reviews-EI_IE7633.0,6_IL.7,19_IC2257042.htm",validation_failed,gap_probe_failed: missing_target_metrics,pool-location-id,2026-06-28T08:58:28.752349+00:00
NVIDIA,"Jeffersonville, IN",jeffersonville in,office-location,"Jeffersonville, IN","https://www.glassdoor.com/Location/All-Pegatron-Jeffersonville-Office-Locations-EI_IE337948.4,12_IL.13,27_IC1145141.htm","https://www.glassdoor.com/Reviews/NVIDIA-Jeffersonville-Reviews-EI_IE7633.0,6_IL.7,21_IC1145141.htm",validation_failed,gap_probe_failed: missing_target_metrics,pool-location-id,2026-06-28T08:58:34.914910+00:00
NVIDIA,"Irving, TX",irving tx,office-location,"Irving, TX","https://www.glassdoor.com/Location/All-Trend-Micro-Inc-Irving-Office-Locations-EI_IE8983.4,19_IL.20,26_IC1140006.htm","https://www.glassdoor.com/Reviews/NVIDIA-Irving-Reviews-EI_IE7633.0,6_IL.7,13_IC1140006.htm",validation_failed,gap_probe_failed: missing_target_metrics,pool-location-id,2026-06-28T08:58:41.585852+00:00
NVIDIA,"Jersey City, NJ",jersey city nj,office-location,"Jersey City, NJ","https://www.glassdoor.com/Location/All-Trend-Micro-Inc-Jersey-City-Office-Locations-EI_IE8983.4,19_IL.20,31_IC1126819.htm","https://www.glassdoor.com/Reviews/NVIDIA-Jersey-City-Reviews-EI_IE7633.0,6_IL.7,18_IC1126819.htm",validation_failed,gap_probe_failed: missing_target_metrics,pool-location-id,2026-06-28T08:58:47.622662+00:00
NVIDIA,"Kanata, ON",kanata on,office-location,"Kanata, ON","https://www.glassdoor.com/Location/All-Trend-Micro-Inc-Kanata-Office-Locations-EI_IE8983.4,19_IL.20,26_IC2282818.htm","https://www.glassdoor.com/Reviews/NVIDIA-Kanata-Reviews-EI_IE7633.0,6_IL.7,13_IC2282818.htm",validation_failed,gap_probe_failed: missing_target_metrics,pool-location-id,2026-06-28T08:58:53.700811+00:00
NVIDIA,"Cork, M",cork m,office-location,"Cork, M","https://www.glassdoor.com/Location/All-Trend-Micro-Inc-Cork-Office-Locations-EI_IE8983.4,19_IL.20,24_IC4325638.htm","https://www.glassdoor.com/Reviews/NVIDIA-Cork-Reviews-EI_IE7633.0,6_IL.7,11_IC4325638.htm",validation_failed,gap_probe_failed: missing_target_metrics,pool-location-id,2026-06-28T08:58:59.727647+00:00
NVIDIA,"London, ENG",london eng,office-location,"London, ENG","https://www.glassdoor.com/Location/All-Trend-Micro-Inc-London-Office-Locations-EI_IE8983.4,19_IL.20,26_IC2671300.htm","https://www.glassdoor.com/Reviews/NVIDIA-London-Reviews-EI_IE7633.0,6_IL.7,13_IC2671300.htm",resolved,,pool-location-id,2026-06-28T08:59:05.787822+00:00
NVIDIA,"Paddington, ENG",paddington eng,office-location,"Paddington, ENG","https://www.glassdoor.com/Location/All-Trend-Micro-Inc-Paddington-Office-Locations-EI_IE8983.4,19_IL.20,30_IC3527325.htm","https://www.glassdoor.com/Reviews/NVIDIA-Paddington-Reviews-EI_IE7633.0,6_IL.7,17_IC3527325.htm",validation_failed,gap_probe_failed: missing_target_metrics,pool-location-id,2026-06-28T08:59:11.961678+00:00
NVIDIA,"Aliso, CA",aliso ca,office-location,"Aliso, CA","https://www.glassdoor.com/Location/All-Dell-Technologies-Aliso-Office-Locations-EI_IE1327.4,21_IL.22,27_IC3789361.htm","https://www.glassdoor.com/Reviews/NVIDIA-Aliso-Reviews-EI_IE7633.0,6_IL.7,12_IC3789361.htm",validation_failed,gap_probe_failed: missing_target_metrics,pool-location-id,2026-06-28T08:59:18.735946+00:00
NVIDIA,"Bedford, MA",bedford ma,office-location,"Bedford, MA","https://www.glassdoor.com/Location/All-Dell-Technologies-Bedford-Office-Locations-EI_IE1327.4,21_IL.22,29_IC1154527.htm","https://www.glassdoor.com/Reviews/NVIDIA-Bedford-Reviews-EI_IE7633.0,6_IL.7,14_IC1154527.htm",resolved,,pool-location-id,2026-06-28T08:59:25.036135+00:00
NVIDIA,"Boston, MA",boston ma,office-location,"Boston, MA","https://www.glassdoor.com/Location/All-Dell-Technologies-Boston-Office-Locations-EI_IE1327.4,21_IL.22,28_IC1154532.htm","https://www.glassdoor.com/Reviews/NVIDIA-Boston-Reviews-EI_IE7633.0,6_IL.7,13_IC1154532.htm",resolved,,pool-location-id,2026-06-28T08:59:40.883521+00:00
NVIDIA,"Boydton, VA",boydton va,office-location,"Boydton, VA","https://www.glassdoor.com/Location/All-Dell-Technologies-Boydton-Office-Locations-EI_IE1327.4,21_IL.22,29_IC1129623.htm","https://www.glassdoor.com/Reviews/NVIDIA-Boydton-Reviews-EI_IE7633.0,6_IL.7,14_IC1129623.htm",validation_failed,gap_probe_failed: missing_target_metrics,pool-location-id,2026-06-28T08:59:47.216930+00:00
NVIDIA,"Cambridge, MA",cambridge ma,office-location,"Cambridge, MA","https://www.glassdoor.com/Location/All-Dell-Technologies-Cambridge-Office-Locations-EI_IE1327.4,21_IL.22,31_IC1154545.htm","https://www.glassdoor.com/Reviews/NVIDIA-Cambridge-Reviews-EI_IE7633.0,6_IL.7,16_IC1154545.htm",validation_failed,gap_probe_failed: missing_target_metrics,pool-location-id,2026-06-28T08:59:53.929898+00:00
NVIDIA,"Canada, KY",canada ky,office-location,"Canada, KY","https://www.glassdoor.com/Location/All-Dell-Technologies-Canada-Office-Locations-EI_IE1327.4,21_IL.22,28_IC1137126.htm","https://www.glassdoor.com/Reviews/NVIDIA-Canada-Reviews-EI_IE7633.0,6_IL.7,13_IC1137126.htm",validation_failed,gap_probe_failed: missing_target_metrics,pool-location-id,2026-06-28T09:00:00.795876+00:00
NVIDIA,"Canton, MA",canton ma,office-location,"Canton, MA","https://www.glassdoor.com/Location/All-Dell-Technologies-Canton-Office-Locations-EI_IE1327.4,21_IL.22,28_IC1154546.htm","https://www.glassdoor.com/Reviews/NVIDIA-Canton-Reviews-EI_IE7633.0,6_IL.7,13_IC1154546.htm",validation_failed,gap_probe_failed: missing_target_metrics,pool-location-id,2026-06-28T09:00:06.539963+00:00
NVIDIA,"Cedar Park, TX",cedar park tx,office-location,"Cedar Park, TX","https://www.glassdoor.com/Location/All-Dell-Technologies-Cedar-Park-Office-Locations-EI_IE1327.4,21_IL.22,32_IC1139765.htm","https://www.glassdoor.com/Reviews/NVIDIA-Cedar-Park-Reviews-EI_IE7633.0,6_IL.7,17_IC1139765.htm",validation_failed,gap_probe_failed: missing_target_metrics,pool-location-id,2026-06-28T09:00:12.995112+00:00
NVIDIA,"Framingham, MA",framingham ma,office-location,"Framingham, MA","https://www.glassdoor.com/Location/All-Dell-Technologies-Framingham-Office-Locations-EI_IE1327.4,21_IL.22,32_IC1154571.htm","https://www.glassdoor.com/Reviews/NVIDIA-Framingham-Reviews-EI_IE7633.0,6_IL.7,17_IC1154571.htm",validation_failed,gap_probe_failed: missing_target_metrics,pool-location-id,2026-06-28T09:00:19.309501+00:00
NVIDIA,"Franklin, MA",franklin ma,office-location,"Franklin, MA","https://www.glassdoor.com/Location/All-Dell-Technologies-Franklin-Office-Locations-EI_IE1327.4,21_IL.22,30_IC1154572.htm","https://www.glassdoor.com/Reviews/NVIDIA-Franklin-Reviews-EI_IE7633.0,6_IL.7,15_IC1154572.htm",validation_failed,gap_probe_failed: missing_target_metrics,pool-location-id,2026-06-28T09:00:26.974240+00:00
NVIDIA,"Fuquay-Varina, NC",fuquay varina nc,office-location,"Fuquay-Varina, NC","https://www.glassdoor.com/Location/All-Dell-Technologies-Fuquay-Varina-Office-Locations-EI_IE1327.4,21_IL.22,35_IC3757296.htm","https://www.glassdoor.com/Reviews/NVIDIA-Fuquay-Varina-Reviews-EI_IE7633.0,6_IL.7,20_IC3757296.htm",validation_failed,gap_probe_failed: missing_target_metrics,pool-location-id,2026-06-28T09:00:33.256738+00:00
NVIDIA,"Georgetown, TX",georgetown tx,office-location,"Georgetown, TX","https://www.glassdoor.com/Location/All-Dell-Technologies-Georgetown-Office-Locations-EI_IE1327.4,21_IL.22,32_IC1139774.htm","https://www.glassdoor.com/Reviews/NVIDIA-Georgetown-Reviews-EI_IE7633.0,6_IL.7,17_IC1139774.htm",validation_failed,gap_probe_failed: missing_target_metrics,pool-location-id,2026-06-28T09:00:40.372569+00:00
NVIDIA,"Hopkinton, MA",hopkinton ma,office-location,"Hopkinton, MA","https://www.glassdoor.com/Location/All-Dell-Technologies-Hopkinton-Office-Locations-EI_IE1327.4,21_IL.22,31_IC1154589.htm","https://www.glassdoor.com/Reviews/NVIDIA-Hopkinton-Reviews-EI_IE7633.0,6_IL.7,16_IC1154589.htm",validation_failed,gap_probe_failed: missing_target_metrics,pool-location-id,2026-06-28T09:00:47.077007+00:00
NVIDIA,"India, TX",india tx,office-location,"India, TX","https://www.glassdoor.com/Location/All-Dell-Technologies-India-Office-Locations-EI_IE1327.4,21_IL.22,27_IC3759223.htm","https://www.glassdoor.com/Reviews/NVIDIA-India-Reviews-EI_IE7633.0,6_IL.7,12_IC3759223.htm",resolved,,pool-location-id,2026-06-28T09:00:54.700491+00:00
NVIDIA,"Land O' Lakes, FL",land o lakes fl,office-location,"Land O' Lakes, FL","https://www.glassdoor.com/Location/All-Dell-Technologies-Land-O-Lakes-Office-Locations-EI_IE1327.4,21_IL.22,34_IC3817049.htm","https://www.glassdoor.com/Reviews/NVIDIA-Land-O-Lakes-Reviews-EI_IE7633.0,6_IL.7,19_IC3817049.htm",validation_failed,gap_probe_failed: missing_target_metrics,pool-location-id,2026-06-28T09:01:01.568383+00:00
NVIDIA,"Leander, TX",leander tx,office-location,"Leander, TX","https://www.glassdoor.com/Location/All-Dell-Technologies-Leander-Office-Locations-EI_IE1327.4,21_IL.22,29_IC1139779.htm","https://www.glassdoor.com/Reviews/NVIDIA-Leander-Reviews-EI_IE7633.0,6_IL.7,14_IC1139779.htm",validation_failed,gap_probe_failed: missing_target_metrics,pool-location-id,2026-06-28T09:01:08.870399+00:00
NVIDIA,"Pflugerville, TX",pflugerville tx,office-location,"Pflugerville, TX","https://www.glassdoor.com/Location/All-Dell-Technologies-Pflugerville-Office-Locations-EI_IE1327.4,21_IL.22,34_IC1139790.htm","https://www.glassdoor.com/Reviews/NVIDIA-Pflugerville-Reviews-EI_IE7633.0,6_IL.7,19_IC1139790.htm",validation_failed,gap_probe_failed: missing_target_metrics,pool-location-id,2026-06-28T09:01:15.529118+00:00
NVIDIA,"Quincy, MA",quincy ma,office-location,"Quincy, MA","https://www.glassdoor.com/Location/All-Dell-Technologies-Quincy-Office-Locations-EI_IE1327.4,21_IL.22,28_IC1154667.htm","https://www.glassdoor.com/Reviews/NVIDIA-Quincy-Reviews-EI_IE7633.0,6_IL.7,13_IC1154667.htm",validation_failed,gap_probe_failed: missing_target_metrics,pool-location-id,2026-06-28T09:01:21.595499+00:00
NVIDIA,"Round Rock, TX",round rock tx,office-location,"Round Rock, TX","https://www.glassdoor.com/Location/All-Dell-Technologies-Round-Rock-Office-Locations-EI_IE1327.4,21_IL.22,32_IC1139794.htm","https://www.glassdoor.com/Reviews/NVIDIA-Round-Rock-Reviews-EI_IE7633.0,6_IL.7,17_IC1139794.htm",validation_failed,gap_probe_failed: missing_target_metrics,pool-location-id,2026-06-28T09:01:28.198726+00:00
NVIDIA,"San Marcos, TX",san marcos tx,office-location,"San Marcos, TX","https://www.glassdoor.com/Location/All-Dell-Technologies-San-Marcos-Office-Locations-EI_IE1327.4,21_IL.22,32_IC1139795.htm","https://www.glassdoor.com/Reviews/NVIDIA-San-Marcos-Reviews-EI_IE7633.0,6_IL.7,17_IC1139795.htm",validation_failed,gap_probe_failed: missing_target_metrics,pool-location-id,2026-06-28T09:01:35.275099+00:00
NVIDIA,"Satellite Beach, FL",satellite beach fl,office-location,"Satellite Beach, FL","https://www.glassdoor.com/Location/All-Dell-Technologies-Satellite-Beach-Office-Locations-EI_IE1327.4,21_IL.22,37_IC1154294.htm","https://www.glassdoor.com/Reviews/NVIDIA-Satellite-Beach-Reviews-EI_IE7633.0,6_IL.7,22_IC1154294.htm",validation_failed,gap_probe_failed: missing_target_metrics,pool-location-id,2026-06-28T09:01:42.867598+00:00
NVIDIA,"Wellesley, MA",wellesley ma,office-location,"Wellesley, MA","https://www.glassdoor.com/Location/All-Dell-Technologies-Wellesley-Office-Locations-EI_IE1327.4,21_IL.22,31_IC1154708.htm","https://www.glassdoor.com/Reviews/NVIDIA-Wellesley-Reviews-EI_IE7633.0,6_IL.7,16_IC1154708.htm",validation_failed,gap_probe_failed: missing_target_metrics,pool-location-id,2026-06-28T09:01:50.362518+00:00
NVIDIA,"Domlur, KA",domlur ka,office-location,"Domlur, KA","https://www.glassdoor.com/Location/All-Dell-Technologies-Domlur-Office-Locations-EI_IE1327.4,21_IL.22,28_IC4470560.htm","https://www.glassdoor.com/Reviews/NVIDIA-Domlur-Reviews-EI_IE7633.0,6_IL.7,13_IC4470560.htm",validation_failed,gap_probe_failed: missing_target_metrics,pool-location-id,2026-06-28T09:02:06.261027+00:00
NVIDIA,"Chicago, IL",chicago il,office-location,"Chicago, IL","https://www.glassdoor.com/Location/All-Lenovo-Chicago-Office-Locations-EI_IE8034.4,10_IL.11,18_IC1128808.htm","https://www.glassdoor.com/Reviews/NVIDIA-Chicago-Reviews-EI_IE7633.0,6_IL.7,14_IC1128808.htm",resolved,,pool-location-id,2026-06-28T09:02:12.510610+00:00
NVIDIA,"Morrisville, NC",morrisville nc,office-location,"Morrisville, NC","https://www.glassdoor.com/Location/All-Lenovo-Morrisville-Office-Locations-EI_IE8034.4,10_IL.11,22_IC1138956.htm","https://www.glassdoor.com/Reviews/NVIDIA-Morrisville-Reviews-EI_IE7633.0,6_IL.7,18_IC1138956.htm",validation_failed,gap_probe_failed: missing_target_metrics,pool-location-id,2026-06-28T09:02:18.342499+00:00
NVIDIA,"Bratislava, 02",bratislava 02,office-location,"Bratislava, 02","https://www.glassdoor.com/Location/All-Lenovo-Bratislava-Office-Locations-EI_IE8034.4,10_IL.11,21_IC2907054.htm","https://www.glassdoor.com/Reviews/NVIDIA-Bratislava-Reviews-EI_IE7633.0,6_IL.7,17_IC2907054.htm",validation_failed,gap_probe_failed: missing_target_metrics,pool-location-id,2026-06-28T09:02:24.025114+00:00
NVIDIA,"Stuttgart, BW",stuttgart bw,office-location,"Stuttgart, BW","https://www.glassdoor.com/Location/All-Lenovo-Stuttgart-Office-Locations-EI_IE8034.4,10_IL.11,20_IC2507190.htm","https://www.glassdoor.com/Reviews/NVIDIA-Stuttgart-Reviews-EI_IE7633.0,6_IL.7,16_IC2507190.htm",resolved,,pool-location-id,2026-06-28T09:02:30.426003+00:00
NVIDIA,"Beijing, 22",beijing 22,office-location,"Beijing, 22","https://www.glassdoor.com/Location/All-Lenovo-Beijing-Office-Locations-EI_IE8034.4,10_IL.11,18_IC2398510.htm","https://www.glassdoor.com/Reviews/NVIDIA-Beijing-Reviews-EI_IE7633.0,6_IL.7,14_IC2398510.htm",resolved,,pool-location-id,2026-06-28T09:02:37.178610+00:00
NVIDIA,"Changping, 22",changping 22,office-location,"Changping, 22","https://www.glassdoor.com/Location/All-Lenovo-Changping-Office-Locations-EI_IE8034.4,10_IL.11,20_IC2405661.htm","https://www.glassdoor.com/Reviews/NVIDIA-Changping-Reviews-EI_IE7633.0,6_IL.7,16_IC2405661.htm",validation_failed,gap_probe_failed: missing_target_metrics,pool-location-id,2026-06-28T09:02:42.938062+00:00
NVIDIA,"Haidian, 22",haidian 22,office-location,"Haidian, 22","https://www.glassdoor.com/Location/All-Lenovo-Haidian-Office-Locations-EI_IE8034.4,10_IL.11,18_IC2405685.htm","https://www.glassdoor.com/Reviews/NVIDIA-Haidian-Reviews-EI_IE7633.0,6_IL.7,14_IC2405685.htm",validation_failed,gap_probe_failed: missing_target_metrics,pool-location-id,2026-06-28T09:02:50.236391+00:00
NVIDIA,Hong Kong,hong kong,office-location,Hong Kong,"https://www.glassdoor.com/Location/All-Lenovo-Hong-Kong-Office-Locations-EI_IE8034.4,10_IL.11,20_IC2308631.htm","https://www.glassdoor.com/Reviews/NVIDIA-Hong-Kong-Reviews-EI_IE7633.0,6_IL.7,16_IC2308631.htm",resolved,,pool-location-id,2026-06-28T09:02:57.678622+00:00
NVIDIA,"Shenzhenzhen, 02",shenzhenzhen 02,office-location,"Shenzhenzhen, 02","https://www.glassdoor.com/Location/All-Lenovo-Shenzhenzhen-Office-Locations-EI_IE8034.4,10_IL.11,23_IC2441398.htm","https://www.glassdoor.com/Reviews/NVIDIA-Shenzhenzhen-Reviews-EI_IE7633.0,6_IL.7,19_IC2441398.htm",validation_failed,gap_probe_failed: missing_target_metrics,pool-location-id,2026-06-28T09:03:06.062199+00:00
NVIDIA,"Xiamen, 07",xiamen 07,office-location,"Xiamen, 07","https://www.glassdoor.com/Location/All-Lenovo-Xiamen-Office-Locations-EI_IE8034.4,10_IL.11,17_IC2564138.htm","https://www.glassdoor.com/Reviews/NVIDIA-Xiamen-Reviews-EI_IE7633.0,6_IL.7,13_IC2564138.htm",validation_failed,gap_probe_failed: missing_target_metrics,pool-location-id,2026-06-28T09:03:12.498538+00:00
NVIDIA,"Buenos Aires, C",buenos aires c,office-location,"Buenos Aires, C","https://www.glassdoor.com/Location/All-Lenovo-Buenos-Aires-Office-Locations-EI_IE8034.4,10_IL.11,23_IC2242084.htm","https://www.glassdoor.com/Reviews/NVIDIA-Buenos-Aires-Reviews-EI_IE7633.0,6_IL.7,19_IC2242084.htm",validation_failed,gap_probe_failed: missing_target_metrics,pool-location-id,2026-06-28T09:03:18.993825+00:00
NVIDIA,"Campinas, SP",campinas sp,office-location,"Campinas, SP","https://www.glassdoor.com/Location/All-Lenovo-Campinas-Office-Locations-EI_IE8034.4,10_IL.11,19_IC2490130.htm","https://www.glassdoor.com/Reviews/NVIDIA-Campinas-Reviews-EI_IE7633.0,6_IL.7,15_IC2490130.htm",validation_failed,gap_probe_failed: missing_target_metrics,pool-location-id,2026-06-28T09:03:25.789110+00:00
NVIDIA,"Indaiatuba, SP",indaiatuba sp,office-location,"Indaiatuba, SP","https://www.glassdoor.com/Location/All-Lenovo-Indaiatuba-Office-Locations-EI_IE8034.4,10_IL.11,21_IC2480058.htm","https://www.glassdoor.com/Reviews/NVIDIA-Indaiatuba-Reviews-EI_IE7633.0,6_IL.7,17_IC2480058.htm",validation_failed,gap_probe_failed: missing_target_metrics,pool-location-id,2026-06-28T09:03:32.628805+00:00
NVIDIA,"Itu, SP",itu sp,office-location,"Itu, SP","https://www.glassdoor.com/Location/All-Lenovo-Itu-Office-Locations-EI_IE8034.4,10_IL.11,14_IC2490672.htm","https://www.glassdoor.com/Reviews/NVIDIA-Itu-Reviews-EI_IE7633.0,6_IL.7,10_IC2490672.htm",validation_failed,gap_probe_failed: missing_target_metrics,pool-location-id,2026-06-28T09:03:39.227636+00:00
NVIDIA,"Martínez, B",mart nez b,office-location,"Martínez, B","https://www.glassdoor.com/Location/All-Lenovo-Martínez-Office-Locations-EI_IE8034.4,10_IL.11,19_IC2207815.htm","https://www.glassdoor.com/Reviews/NVIDIA-Mart%C3%ADnez-Reviews-EI_IE7633.0,6_IL.7,15_IC2207815.htm",validation_failed,gap_probe_failed: missing_target_metrics,pool-location-id,2026-06-28T09:03:46.243624+00:00
NVIDIA,"Sorocaba, SP",sorocaba sp,office-location,"Sorocaba, SP","https://www.glassdoor.com/Location/All-Lenovo-Sorocaba-Office-Locations-EI_IE8034.4,10_IL.11,19_IC2475809.htm","https://www.glassdoor.com/Reviews/NVIDIA-Sorocaba-Reviews-EI_IE7633.0,6_IL.7,15_IC2475809.htm",validation_failed,gap_probe_failed: missing_target_metrics,pool-location-id,2026-06-28T09:03:52.811729+00:00
NVIDIA,"Vicente López, B",vicente l pez b,office-location,"Vicente López, B","https://www.glassdoor.com/Location/All-Lenovo-Vicente-López-Office-Locations-EI_IE8034.4,10_IL.11,24_IC2211608.htm","https://www.glassdoor.com/Reviews/NVIDIA-Vicente-L%C3%B3pez-Reviews-EI_IE7633.0,6_IL.7,20_IC2211608.htm",validation_failed,gap_probe_failed: missing_target_metrics,pool-location-id,2026-06-28T09:03:59.485159+00:00
NVIDIA,Global,global,manual-seed,,,https://www.glassdoor.com/Reviews/NVIDIA-Reviews-E7633.htm,resolved,,review-url-hint,2026-06-28T15:26:45.962009+08:00
NVIDIA,Taipei,taipei,manual-seed,"Taipei, TPQ","https://www.glassdoor.com/Location/All-NVIDIA-Taipei-Office-Locations-EI_IE7633.4,10_IL.11,17_IC3271041.htm","https://www.glassdoor.com/Reviews/NVIDIA-Taipei-Reviews-EI_IE7633.0,6_IL.7,13_IC3271041.htm",resolved,,office-navigation,2026-06-28T15:26:49.414794+08:00
NVIDIA,Hsinchu,hsinchu,manual-seed,"Hsinchu, TXG","https://www.glassdoor.com/Location/All-NVIDIA-Hsinchu-Office-Locations-EI_IE7633.4,10_IL.11,18_IC4915323.htm","https://www.glassdoor.com/Reviews/NVIDIA-Hsinchu-Reviews-EI_IE7633.0,6_IL.7,14_IC4915323.htm",resolved,,office-navigation,2026-06-28T15:26:56.12416+08:00
NVIDIA,Taoyuan,taoyuan,manual-seed,,,,no_result,pool_location_id_not_found,pool-location-id,2026-06-28T15:49:43.58588+08:00
NVIDIA,Shanghai,shanghai,manual-seed,"Shanghai, 23","https://www.glassdoor.com/Location/All-NVIDIA-Shanghai-Office-Locations-EI_IE7633.4,10_IL.11,19_IC2416009.htm","https://www.glassdoor.com/Reviews/NVIDIA-Shanghai-Reviews-EI_IE7633.0,6_IL.7,15_IC2416009.htm",resolved,,office-navigation,2026-06-28T15:27:03.653807+08:00
NVIDIA,Shenzhen,shenzhen,manual-seed,"Shenzhenzhen, 02","https://www.glassdoor.com/Location/All-Lenovo-Shenzhenzhen-Office-Locations-EI_IE8034.4,10_IL.11,23_IC2441398.htm","https://www.glassdoor.com/Reviews/NVIDIA-Shenzhenzhen-Reviews-EI_IE7633.0,6_IL.7,19_IC2441398.htm",validation_failed,gap_probe_failed: missing_target_metrics,pool-location-id,2026-06-28T15:49:49.202235+08:00
NVIDIA,Tokyo,tokyo,manual-seed,"Tokyo, 40","https://www.glassdoor.com/Location/All-ASUS-Tokyo-Office-Locations-EI_IE40093.4,8_IL.9,14_IC2851580.htm","https://www.glassdoor.com/Reviews/NVIDIA-Tokyo-Reviews-EI_IE7633.0,6_IL.7,12_IC2851580.htm",resolved,,pool-location-id,2026-06-28T15:50:05.221992+08:00
NVIDIA,Seoul,seoul,manual-seed,"Seoul, 11","https://www.glassdoor.com/Location/All-ASUS-Seoul-Office-Locations-EI_IE40093.4,8_IL.9,14_IC3021489.htm","https://www.glassdoor.com/Reviews/NVIDIA-Seoul-Reviews-EI_IE7633.0,6_IL.7,12_IC3021489.htm",resolved,,pool-location-id,2026-06-28T15:50:15.378407+08:00
NVIDIA,Austin,austin,manual-seed,"Austin, TX","https://www.glassdoor.com/Location/All-NVIDIA-Austin-Office-Locations-EI_IE7633.4,10_IL.11,17_IC1139761.htm","https://www.glassdoor.com/Reviews/NVIDIA-Austin-Reviews-EI_IE7633.0,6_IL.7,13_IC1139761.htm",resolved,,office-navigation,2026-06-28T15:27:07.64457+08:00
NVIDIA,Seattle,seattle,manual-seed,,,,no_result,pool_location_id_not_found,pool-location-id,2026-06-28T15:50:15.514393+08:00
NVIDIA,London,london,manual-seed,"London, ENG","https://www.glassdoor.com/Location/All-Trend-Micro-Inc-London-Office-Locations-EI_IE8983.4,19_IL.20,26_IC2671300.htm","https://www.glassdoor.com/Reviews/NVIDIA-London-Reviews-EI_IE7633.0,6_IL.7,13_IC2671300.htm",resolved,,pool-location-id,2026-06-28T15:50:23.471765+08:00
NVIDIA,Dublin,dublin,manual-seed,,,,no_result,pool_location_id_not_found,pool-location-id,2026-06-28T15:50:23.666676+08:00
NVIDIA,Munich,munich,manual-seed,"Munich, BY","https://www.glassdoor.com/Location/All-NVIDIA-Munich-Office-Locations-EI_IE7633.4,10_IL.11,17_IC4990924.htm","https://www.glassdoor.com/Reviews/NVIDIA-Munich-Reviews-EI_IE7633.0,6_IL.7,13_IC4990924.htm",resolved,,office-navigation,2026-06-28T15:27:12.916177+08:00
TSMC,"Ciudad de Mexico, MEX",ciudad de mexico mex,office-location,"Ciudad de Mexico, MEX","https://www.glassdoor.com/Location/All-ASUS-Ciudad-de-Mexico-Office-Locations-EI_IE40093.4,8_IL.9,25_IC5017436.htm","https://www.glassdoor.com/Reviews/TSMC-Ciudad-de-Mexico-Reviews-EI_IE4130.0,4_IL.5,21_IC5017436.htm",validation_failed,gap_probe_failed: missing_target_metrics,pool-location-id,2026-06-28T09:04:06.281049+00:00
TSMC,"Fremont, CA",fremont ca,office-location,"Fremont, CA","https://www.glassdoor.com/Location/All-ASUS-Fremont-Office-Locations-EI_IE40093.4,8_IL.9,16_IC1147355.htm","https://www.glassdoor.com/Reviews/TSMC-Fremont-Reviews-EI_IE4130.0,4_IL.5,12_IC1147355.htm",validation_failed,gap_probe_failed: missing_target_metrics,pool-location-id,2026-06-28T09:04:12.526758+00:00
TSMC,"Markham, ON",markham on,office-location,"Markham, ON","https://www.glassdoor.com/Location/All-ASUS-Markham-Office-Locations-EI_IE40093.4,8_IL.9,16_IC2280736.htm","https://www.glassdoor.com/Reviews/TSMC-Markham-Reviews-EI_IE4130.0,4_IL.5,12_IC2280736.htm",validation_failed,gap_probe_failed: missing_target_metrics,pool-location-id,2026-06-28T09:04:28.834012+00:00
TSMC,"Barcelona, CT",barcelona ct,office-location,"Barcelona, CT","https://www.glassdoor.com/Location/All-ASUS-Barcelona-Office-Locations-EI_IE40093.4,8_IL.9,18_IC2547194.htm","https://www.glassdoor.com/Reviews/TSMC-Barcelona-Reviews-EI_IE4130.0,4_IL.5,14_IC2547194.htm",validation_failed,gap_probe_failed: missing_target_metrics,pool-location-id,2026-06-28T09:04:37.563232+00:00
TSMC,"Budapest, BU",budapest bu,office-location,"Budapest, BU","https://www.glassdoor.com/Location/All-ASUS-Budapest-Office-Locations-EI_IE40093.4,8_IL.9,17_IC3125126.htm","https://www.glassdoor.com/Reviews/TSMC-Budapest-Reviews-EI_IE4130.0,4_IL.5,13_IC3125126.htm",validation_failed,gap_probe_failed: missing_target_metrics,pool-location-id,2026-06-28T09:04:44.039275+00:00
TSMC,"Emmen, DR",emmen dr,office-location,"Emmen, DR","https://www.glassdoor.com/Location/All-ASUS-Emmen-Office-Locations-EI_IE40093.4,8_IL.9,14_IC3060162.htm","https://www.glassdoor.com/Reviews/TSMC-Emmen-Reviews-EI_IE4130.0,4_IL.5,10_IC3060162.htm",validation_failed,gap_probe_failed: missing_target_metrics,pool-location-id,2026-06-28T09:04:50.529404+00:00
TSMC,"Hemel Hempstead, ENG",hemel hempstead eng,office-location,"Hemel Hempstead, ENG","https://www.glassdoor.com/Location/All-ASUS-Hemel-Hempstead-Office-Locations-EI_IE40093.4,8_IL.9,24_IC2669775.htm","https://www.glassdoor.com/Reviews/TSMC-Hemel-Hempstead-Reviews-EI_IE4130.0,4_IL.5,20_IC2669775.htm",validation_failed,gap_probe_failed: missing_target_metrics,pool-location-id,2026-06-28T09:04:57.090642+00:00
TSMC,"Milan, LOM",milan lom,office-location,"Milan, LOM","https://www.glassdoor.com/Location/All-ASUS-Milan-Office-Locations-EI_IE40093.4,8_IL.9,14_IC2802090.htm","https://www.glassdoor.com/Reviews/TSMC-Milan-Reviews-EI_IE4130.0,4_IL.5,10_IC2802090.htm",resolved,,pool-location-id,2026-06-28T09:05:04.518259+00:00
TSMC,"Moravská Ostrava, MO",moravsk ostrava mo,office-location,"Moravská Ostrava, MO","https://www.glassdoor.com/Location/All-ASUS-Moravská-Ostrava-Office-Locations-EI_IE40093.4,8_IL.9,25_IC2288209.htm","https://www.glassdoor.com/Reviews/TSMC-Moravsk%C3%A1-Ostrava-Reviews-EI_IE4130.0,4_IL.5,21_IC2288209.htm",validation_failed,gap_probe_failed: missing_target_metrics,pool-location-id,2026-06-28T09:05:10.287209+00:00
TSMC,"Noisy-le-Grand, A8",noisy le grand a8,office-location,"Noisy-le-Grand, A8","https://www.glassdoor.com/Location/All-ASUS-Noisy-le-Grand-Office-Locations-EI_IE40093.4,8_IL.9,23_IC3100822.htm","https://www.glassdoor.com/Reviews/TSMC-Noisy-le-Grand-Reviews-EI_IE4130.0,4_IL.5,19_IC3100822.htm",validation_failed,gap_probe_failed: missing_target_metrics,pool-location-id,2026-06-28T09:05:18.044820+00:00
TSMC,"Ratingen, NW",ratingen nw,office-location,"Ratingen, NW","https://www.glassdoor.com/Location/All-ASUS-Ratingen-Office-Locations-EI_IE40093.4,8_IL.9,17_IC2584004.htm","https://www.glassdoor.com/Reviews/TSMC-Ratingen-Reviews-EI_IE4130.0,4_IL.5,13_IC2584004.htm",validation_failed,gap_probe_failed: missing_target_metrics,pool-location-id,2026-06-28T09:05:24.779200+00:00
TSMC,"Üsküdar, T34",sk dar t34,office-location,"Üsküdar, T34","https://www.glassdoor.com/Location/All-ASUS-Üsküdar-Office-Locations-EI_IE40093.4,8_IL.9,16_IC3361446.htm","https://www.glassdoor.com/Reviews/TSMC-%C3%9Csk%C3%BCdar-Reviews-EI_IE4130.0,4_IL.5,12_IC3361446.htm",validation_failed,gap_probe_failed: missing_target_metrics,pool-location-id,2026-06-28T09:05:31.021969+00:00
TSMC,"Warsaw, MZ",warsaw mz,office-location,"Warsaw, MZ","https://www.glassdoor.com/Location/All-ASUS-Warsaw-Office-Locations-EI_IE40093.4,8_IL.9,15_IC3094484.htm","https://www.glassdoor.com/Reviews/TSMC-Warsaw-Reviews-EI_IE4130.0,4_IL.5,11_IC3094484.htm",validation_failed,gap_probe_failed: missing_target_metrics,pool-location-id,2026-06-28T09:05:42.002004+00:00
TSMC,"Bangkok, 10",bangkok 10,office-location,"Bangkok, 10","https://www.glassdoor.com/Location/All-ASUS-Bangkok-Office-Locations-EI_IE40093.4,8_IL.9,16_IC3179725.htm","https://www.glassdoor.com/Reviews/TSMC-Bangkok-Reviews-EI_IE4130.0,4_IL.5,12_IC3179725.htm",validation_failed,gap_probe_failed: missing_target_metrics,pool-location-id,2026-06-28T09:05:48.721706+00:00
TSMC,"Dubai, DU",dubai du,office-location,"Dubai, DU","https://www.glassdoor.com/Location/All-ASUS-Dubai-Office-Locations-EI_IE40093.4,8_IL.9,14_IC2204498.htm","https://www.glassdoor.com/Reviews/TSMC-Dubai-Reviews-EI_IE4130.0,4_IL.5,10_IC2204498.htm",validation_failed,gap_probe_failed: missing_target_metrics,pool-location-id,2026-06-28T09:05:55.199483+00:00
TSMC,"Jakarta, JK",jakarta jk,office-location,"Jakarta, JK","https://www.glassdoor.com/Location/All-ASUS-Jakarta-Office-Locations-EI_IE40093.4,8_IL.9,16_IC2709872.htm","https://www.glassdoor.com/Reviews/TSMC-Jakarta-Reviews-EI_IE4130.0,4_IL.5,12_IC2709872.htm",validation_failed,gap_probe_failed: missing_target_metrics,pool-location-id,2026-06-28T09:06:02.007142+00:00
TSMC,"Kuala Lumpur, 14",kuala lumpur 14,office-location,"Kuala Lumpur, 14","https://www.glassdoor.com/Location/All-ASUS-Kuala-Lumpur-Office-Locations-EI_IE40093.4,8_IL.9,21_IC2986682.htm","https://www.glassdoor.com/Reviews/TSMC-Kuala-Lumpur-Reviews-EI_IE4130.0,4_IL.5,17_IC2986682.htm",resolved,,pool-location-id,2026-06-28T09:06:08.067523+00:00
TSMC,"Manila, D9",manila d9,office-location,"Manila, D9","https://www.glassdoor.com/Location/All-ASUS-Manila-Office-Locations-EI_IE40093.4,8_IL.9,15_IC2363570.htm","https://www.glassdoor.com/Reviews/TSMC-Manila-Reviews-EI_IE4130.0,4_IL.5,11_IC2363570.htm",validation_failed,gap_probe_failed: missing_target_metrics,pool-location-id,2026-06-28T09:06:14.982249+00:00
TSMC,"Mumbai, MH",mumbai mh,office-location,"Mumbai, MH","https://www.glassdoor.com/Location/All-ASUS-Mumbai-Office-Locations-EI_IE40093.4,8_IL.9,15_IC2851180.htm","https://www.glassdoor.com/Reviews/TSMC-Mumbai-Reviews-EI_IE4130.0,4_IL.5,11_IC2851180.htm",validation_failed,gap_probe_failed: missing_target_metrics,pool-location-id,2026-06-28T09:06:21.677274+00:00
TSMC,"Seoul, 11",seoul 11,office-location,"Seoul, 11","https://www.glassdoor.com/Location/All-ASUS-Seoul-Office-Locations-EI_IE40093.4,8_IL.9,14_IC3021489.htm","https://www.glassdoor.com/Reviews/TSMC-Seoul-Reviews-EI_IE4130.0,4_IL.5,10_IC3021489.htm",validation_failed,gap_probe_failed: missing_target_metrics,pool-location-id,2026-06-28T09:06:28.087325+00:00
TSMC,Singapore,singapore,office-location,Singapore,"https://www.glassdoor.com/Location/All-ASUS-Singapore-Office-Locations-EI_IE40093.4,8_IL.9,18_IC3235921.htm","https://www.glassdoor.com/Reviews/TSMC-Singapore-Reviews-EI_IE4130.0,4_IL.5,14_IC3235921.htm",resolved,,pool-location-id,2026-06-28T15:50:30.617605+08:00
TSMC,"Taipei, TPQ",taipei tpq,office-location,"Taipei, TPQ","https://www.glassdoor.com/Location/All-ASUS-Taipei-Office-Locations-EI_IE40093.4,8_IL.9,15_IC3271041.htm","https://www.glassdoor.com/Reviews/TSMC-Taipei-Reviews-EI_IE4130.0,4_IL.5,11_IC3271041.htm",resolved,,pool-location-id,2026-06-28T09:06:34.715412+00:00
TSMC,"Tokyo, 40",tokyo 40,office-location,"Tokyo, 40","https://www.glassdoor.com/Location/All-ASUS-Tokyo-Office-Locations-EI_IE40093.4,8_IL.9,14_IC2851580.htm","https://www.glassdoor.com/Reviews/TSMC-Tokyo-Reviews-EI_IE4130.0,4_IL.5,10_IC2851580.htm",validation_failed,gap_probe_failed: missing_target_metrics,pool-location-id,2026-06-28T09:06:41.872394+00:00
TSMC,"San Isidro, HUC",san isidro huc,office-location,"San Isidro, HUC","https://www.glassdoor.com/Location/All-ASUS-San-Isidro-Office-Locations-EI_IE40093.4,8_IL.9,19_IC4694011.htm","https://www.glassdoor.com/Reviews/TSMC-San-Isidro-Reviews-EI_IE4130.0,4_IL.5,15_IC4694011.htm",validation_failed,gap_probe_failed: missing_target_metrics,pool-location-id,2026-06-28T09:06:58.316635+00:00
TSMC,"Santiago, RM",santiago rm,office-location,"Santiago, RM","https://www.glassdoor.com/Location/All-ASUS-Santiago-Office-Locations-EI_IE40093.4,8_IL.9,17_IC2434030.htm","https://www.glassdoor.com/Reviews/TSMC-Santiago-Reviews-EI_IE4130.0,4_IL.5,13_IC2434030.htm",validation_failed,gap_probe_failed: missing_target_metrics,pool-location-id,2026-06-28T09:07:04.042499+00:00
TSMC,"São Paulo, SP",s o paulo sp,office-location,"São Paulo, SP","https://www.glassdoor.com/Location/All-ASUS-São-Paulo-Office-Locations-EI_IE40093.4,8_IL.9,18_IC2479061.htm","https://www.glassdoor.com/Reviews/TSMC-S%C3%A3o-Paulo-Reviews-EI_IE4130.0,4_IL.5,14_IC2479061.htm",validation_failed,gap_probe_failed: missing_target_metrics,pool-location-id,2026-06-28T09:07:10.450948+00:00
TSMC,"Sydney, NSW",sydney nsw,office-location,"Sydney, NSW","https://www.glassdoor.com/Location/All-ASUS-Sydney-Office-Locations-EI_IE40093.4,8_IL.9,15_IC2235932.htm","https://www.glassdoor.com/Reviews/TSMC-Sydney-Reviews-EI_IE4130.0,4_IL.5,11_IC2235932.htm",validation_failed,gap_probe_failed: missing_target_metrics,pool-location-id,2026-06-28T09:07:17.097414+00:00
TSMC,"Austin, TX",austin tx,office-location,"Austin, TX","https://www.glassdoor.com/Location/All-NVIDIA-Austin-Office-Locations-EI_IE7633.4,10_IL.11,17_IC1139761.htm","https://www.glassdoor.com/Reviews/TSMC-Austin-Reviews-EI_IE4130.0,4_IL.5,11_IC1139761.htm",resolved,,pool-location-id,2026-06-28T09:07:23.913849+00:00
TSMC,"Beaverton, OR",beaverton or,office-location,"Beaverton, OR","https://www.glassdoor.com/Location/All-NVIDIA-Beaverton-Office-Locations-EI_IE7633.4,10_IL.11,20_IC1151576.htm","https://www.glassdoor.com/Reviews/TSMC-Beaverton-Reviews-EI_IE4130.0,4_IL.5,14_IC1151576.htm",validation_failed,gap_probe_failed: missing_target_metrics,pool-location-id,2026-06-28T09:07:30.523575+00:00
TSMC,"Bellevue, WA",bellevue wa,office-location,"Bellevue, WA","https://www.glassdoor.com/Location/All-NVIDIA-Bellevue-Office-Locations-EI_IE7633.4,10_IL.11,19_IC1150442.htm","https://www.glassdoor.com/Reviews/TSMC-Bellevue-Reviews-EI_IE4130.0,4_IL.5,13_IC1150442.htm",validation_failed,gap_probe_failed: missing_target_metrics,pool-location-id,2026-06-28T09:07:37.289120+00:00
TSMC,"Durham, NC",durham nc,office-location,"Durham, NC","https://www.glassdoor.com/Location/All-NVIDIA-Durham-Office-Locations-EI_IE7633.4,10_IL.11,17_IC1138697.htm","https://www.glassdoor.com/Reviews/TSMC-Durham-Reviews-EI_IE4130.0,4_IL.5,11_IC1138697.htm",validation_failed,gap_probe_failed: missing_target_metrics,pool-location-id,2026-06-28T09:07:43.181168+00:00
TSMC,"Hillsboro, OR",hillsboro or,office-location,"Hillsboro, OR","https://www.glassdoor.com/Location/All-NVIDIA-Hillsboro-Office-Locations-EI_IE7633.4,10_IL.11,20_IC1151603.htm","https://www.glassdoor.com/Reviews/TSMC-Hillsboro-Reviews-EI_IE4130.0,4_IL.5,14_IC1151603.htm",validation_failed,gap_probe_failed: missing_target_metrics,pool-location-id,2026-06-28T09:07:51.040219+00:00
TSMC,"Redmond, WA",redmond wa,office-location,"Redmond, WA","https://www.glassdoor.com/Location/All-NVIDIA-Redmond-Office-Locations-EI_IE7633.4,10_IL.11,18_IC1150499.htm","https://www.glassdoor.com/Reviews/TSMC-Redmond-Reviews-EI_IE4130.0,4_IL.5,12_IC1150499.htm",validation_failed,gap_probe_failed: missing_target_metrics,pool-location-id,2026-06-28T09:07:57.759789+00:00
TSMC,"Saint Louis, MO",saint louis mo,office-location,"Saint Louis, MO","https://www.glassdoor.com/Location/All-NVIDIA-Saint-Louis-Office-Locations-EI_IE7633.4,10_IL.11,22_IC1131270.htm","https://www.glassdoor.com/Reviews/TSMC-Saint-Louis-Reviews-EI_IE4130.0,4_IL.5,16_IC1131270.htm",validation_failed,gap_probe_failed: missing_target_metrics,pool-location-id,2026-06-28T09:08:04.350009+00:00
TSMC,"San Francisco, CA",san francisco ca,office-location,"San Francisco, CA","https://www.glassdoor.com/Location/All-NVIDIA-San-Francisco-Office-Locations-EI_IE7633.4,10_IL.11,24_IC1147401.htm","https://www.glassdoor.com/Reviews/TSMC-San-Francisco-Reviews-EI_IE4130.0,4_IL.5,18_IC1147401.htm",validation_failed,gap_probe_failed: missing_target_metrics,pool-location-id,2026-06-28T09:08:10.286102+00:00
TSMC,"San Jose, CA",san jose,office-location,"San Jose, MP","https://www.glassdoor.com/Location/All-TSMC-San-Jose-Office-Locations-EI_IE4130.4,8_IL.9,17_IC5022815.htm",https://www.glassdoor.com/Reviews/index.htm,resolved,,office-navigation,2026-06-28T15:27:17.327055+08:00
TSMC,"Santa Clara, CA",santa clara ca,office-location,"Santa Clara, CA","https://www.glassdoor.com/Location/All-NVIDIA-Santa-Clara-Office-Locations-EI_IE7633.4,10_IL.11,22_IC1147439.htm","https://www.glassdoor.com/Reviews/TSMC-Santa-Clara-Reviews-EI_IE4130.0,4_IL.5,16_IC1147439.htm",validation_failed,gap_probe_failed: missing_target_metrics,pool-location-id,2026-06-28T09:08:16.365131+00:00
TSMC,"Toronto, ON",toronto on,office-location,"Toronto, ON","https://www.glassdoor.com/Location/All-NVIDIA-Toronto-Office-Locations-EI_IE7633.4,10_IL.11,18_IC2281069.htm","https://www.glassdoor.com/Reviews/TSMC-Toronto-Reviews-EI_IE4130.0,4_IL.5,12_IC2281069.htm",validation_failed,gap_probe_failed: missing_target_metrics,pool-location-id,2026-06-28T09:08:23.430624+00:00
TSMC,"Westford, MA",westford ma,office-location,"Westford, MA","https://www.glassdoor.com/Location/All-NVIDIA-Westford-Office-Locations-EI_IE7633.4,10_IL.11,19_IC1154720.htm","https://www.glassdoor.com/Reviews/TSMC-Westford-Reviews-EI_IE4130.0,4_IL.5,13_IC1154720.htm",validation_failed,gap_probe_failed: missing_target_metrics,pool-location-id,2026-06-28T09:08:30.104222+00:00
TSMC,"Moscow, 48",moscow 48,office-location,"Moscow, 48","https://www.glassdoor.com/Location/All-NVIDIA-Moscow-Office-Locations-EI_IE7633.4,10_IL.11,17_IC3348306.htm","https://www.glassdoor.com/Reviews/TSMC-Moscow-Reviews-EI_IE4130.0,4_IL.5,11_IC3348306.htm",validation_failed,gap_probe_failed: missing_target_metrics,pool-location-id,2026-06-28T09:08:36.683080+00:00
TSMC,"Munich, BY",munich by,office-location,"Munich, BY","https://www.glassdoor.com/Location/All-NVIDIA-Munich-Office-Locations-EI_IE7633.4,10_IL.11,17_IC4990924.htm","https://www.glassdoor.com/Reviews/TSMC-Munich-Reviews-EI_IE4130.0,4_IL.5,11_IC4990924.htm",validation_failed,gap_probe_failed: missing_target_metrics,pool-location-id,2026-06-28T09:08:43.807028+00:00
TSMC,"Reading, ENG",reading eng,office-location,"Reading, ENG","https://www.glassdoor.com/Location/All-NVIDIA-Reading-Office-Locations-EI_IE7633.4,10_IL.11,18_IC2675152.htm","https://www.glassdoor.com/Reviews/TSMC-Reading-Reviews-EI_IE4130.0,4_IL.5,12_IC2675152.htm",validation_failed,gap_probe_failed: missing_target_metrics,pool-location-id,2026-06-28T09:08:50.505197+00:00
TSMC,"Zürich, ZH",z rich zh,office-location,"Zürich, ZH","https://www.glassdoor.com/Location/All-NVIDIA-Zürich-Office-Locations-EI_IE7633.4,10_IL.11,17_IC3297851.htm","https://www.glassdoor.com/Reviews/TSMC-Z%C3%BCrich-Reviews-EI_IE4130.0,4_IL.5,11_IC3297851.htm",validation_failed,gap_probe_failed: missing_target_metrics,pool-location-id,2026-06-28T09:08:56.453830+00:00
TSMC,"Bengaluru, KA",bengaluru ka,office-location,"Bengaluru, KA","https://www.glassdoor.com/Location/All-NVIDIA-Bengaluru-Office-Locations-EI_IE7633.4,10_IL.11,20_IC2940587.htm","https://www.glassdoor.com/Reviews/TSMC-Bengaluru-Reviews-EI_IE4130.0,4_IL.5,14_IC2940587.htm",validation_failed,gap_probe_failed: missing_target_metrics,pool-location-id,2026-06-28T09:09:02.961185+00:00
TSMC,"Hsinchu, TXG",hsinchu txg,office-location,"Hsinchu, TXG","https://www.glassdoor.com/Location/All-TSMC-Hsinchu-Office-Locations-EI_IE4130.4,8_IL.9,16_IC4915323.htm","https://www.glassdoor.com/Reviews/TSMC-Hsinchu-Reviews-EI_IE4130.0,4_IL.5,12_IC4915323.htm",resolved,,office-navigation,2026-06-28T15:27:25.829292+08:00
TSMC,"Pudong, 23",pudong 23,office-location,"Pudong, 23","https://www.glassdoor.com/Location/All-NVIDIA-Pudong-Office-Locations-EI_IE7633.4,10_IL.11,17_IC2415109.htm","https://www.glassdoor.com/Reviews/TSMC-Pudong-Reviews-EI_IE4130.0,4_IL.5,11_IC2415109.htm",validation_failed,gap_probe_failed: missing_target_metrics,pool-location-id,2026-06-28T09:09:20.067798+00:00
TSMC,"Pune, MH",pune mh,office-location,"Pune, MH","https://www.glassdoor.com/Location/All-NVIDIA-Pune-Office-Locations-EI_IE7633.4,10_IL.11,15_IC2856202.htm","https://www.glassdoor.com/Reviews/TSMC-Pune-Reviews-EI_IE4130.0,4_IL.5,9_IC2856202.htm",validation_failed,gap_probe_failed: missing_target_metrics,pool-location-id,2026-06-28T09:09:25.521875+00:00
TSMC,"Shanghai, 23",shanghai 23,office-location,"Shanghai, 23","https://www.glassdoor.com/Location/All-NVIDIA-Shanghai-Office-Locations-EI_IE7633.4,10_IL.11,19_IC2416009.htm","https://www.glassdoor.com/Reviews/TSMC-Shanghai-Reviews-EI_IE4130.0,4_IL.5,13_IC2416009.htm",resolved,,pool-location-id,2026-06-28T09:09:31.598413+00:00
TSMC,"San Jose, MP",san jose mp,office-location,"San Jose, MP","https://www.glassdoor.com/Location/All-TSMC-San-Jose-Office-Locations-EI_IE4130.4,8_IL.9,17_IC5022815.htm",https://www.glassdoor.com/Reviews/index.htm,resolved,,office-navigation,2026-06-28T15:27:29.397344+08:00
TSMC,"Frankfurt am Main, HE",frankfurt am main he,office-location,"Frankfurt am Main, HE","https://www.glassdoor.com/Location/All-Micro-Star-International-Frankfurt-am-Main-Office-Locations-EI_IE41141.4,28_IL.29,46_IC2632180.htm","https://www.glassdoor.com/Reviews/TSMC-Frankfurt-am-Main-Reviews-EI_IE4130.0,4_IL.5,22_IC2632180.htm",validation_failed,gap_probe_failed: missing_target_metrics,pool-location-id,2026-06-28T09:09:38.000043+00:00
TSMC,"Boise, ID",boise id,office-location,"Boise, ID","https://www.glassdoor.com/Location/All-HP-Inc-Boise-Office-Locations-EI_IE1093161.4,10_IL.11,16_IC1127927.htm","https://www.glassdoor.com/Reviews/TSMC-Boise-Reviews-EI_IE4130.0,4_IL.5,10_IC1127927.htm",validation_failed,gap_probe_failed: missing_target_metrics,pool-location-id,2026-06-28T09:09:44.077440+00:00
TSMC,"Corvallis, OR",corvallis or,office-location,"Corvallis, OR","https://www.glassdoor.com/Location/All-HP-Inc-Corvallis-Office-Locations-EI_IE1093161.4,10_IL.11,20_IC1151455.htm","https://www.glassdoor.com/Reviews/TSMC-Corvallis-Reviews-EI_IE4130.0,4_IL.5,14_IC1151455.htm",validation_failed,gap_probe_failed: missing_target_metrics,pool-location-id,2026-06-28T09:09:51.314484+00:00
TSMC,"Fort Collins, CO",fort collins co,office-location,"Fort Collins, CO","https://www.glassdoor.com/Location/All-HP-Inc-Fort-Collins-Office-Locations-EI_IE1093161.4,10_IL.11,23_IC1148233.htm","https://www.glassdoor.com/Reviews/TSMC-Fort-Collins-Reviews-EI_IE4130.0,4_IL.5,17_IC1148233.htm",validation_failed,gap_probe_failed: missing_target_metrics,pool-location-id,2026-06-28T09:09:57.841830+00:00
TSMC,"Guadalajara, JAL",guadalajara jal,office-location,"Guadalajara, JAL","https://www.glassdoor.com/Location/All-HP-Inc-Guadalajara-Office-Locations-EI_IE1093161.4,10_IL.11,22_IC3486357.htm","https://www.glassdoor.com/Reviews/TSMC-Guadalajara-Reviews-EI_IE4130.0,4_IL.5,16_IC3486357.htm",validation_failed,gap_probe_failed: missing_target_metrics,pool-location-id,2026-06-28T09:10:04.001702+00:00
TSMC,"Houston, TX",houston tx,office-location,"Houston, TX","https://www.glassdoor.com/Location/All-HP-Inc-Houston-Office-Locations-EI_IE1093161.4,10_IL.11,18_IC1140171.htm","https://www.glassdoor.com/Reviews/TSMC-Houston-Reviews-EI_IE4130.0,4_IL.5,12_IC1140171.htm",validation_failed,gap_probe_failed: missing_target_metrics,pool-location-id,2026-06-28T09:10:11.124200+00:00
TSMC,"Palo Alto, CA",palo alto ca,office-location,"Palo Alto, CA","https://www.glassdoor.com/Location/All-HP-Inc-Palo-Alto-Office-Locations-EI_IE1093161.4,10_IL.11,20_IC1147434.htm","https://www.glassdoor.com/Reviews/TSMC-Palo-Alto-Reviews-EI_IE4130.0,4_IL.5,14_IC1147434.htm",validation_failed,gap_probe_failed: missing_target_metrics,pool-location-id,2026-06-28T09:10:17.192804+00:00
TSMC,"Portland, OR",portland or,office-location,"Portland, OR","https://www.glassdoor.com/Location/All-HP-Inc-Portland-Office-Locations-EI_IE1093161.4,10_IL.11,19_IC1151614.htm","https://www.glassdoor.com/Reviews/TSMC-Portland-Reviews-EI_IE4130.0,4_IL.5,13_IC1151614.htm",validation_failed,gap_probe_failed: missing_target_metrics,pool-location-id,2026-06-28T09:10:24.011662+00:00
TSMC,"San Diego, CA",san diego ca,office-location,"San Diego, CA","https://www.glassdoor.com/Location/All-HP-Inc-San-Diego-Office-Locations-EI_IE1093161.4,10_IL.11,20_IC1147311.htm","https://www.glassdoor.com/Reviews/TSMC-San-Diego-Reviews-EI_IE4130.0,4_IL.5,14_IC1147311.htm",resolved,,pool-location-id,2026-06-28T09:10:30.549549+00:00
TSMC,"Spring, TX",spring tx,office-location,"Spring, TX","https://www.glassdoor.com/Location/All-HP-Inc-Spring-Office-Locations-EI_IE1093161.4,10_IL.11,17_IC1140222.htm","https://www.glassdoor.com/Reviews/TSMC-Spring-Reviews-EI_IE4130.0,4_IL.5,11_IC1140222.htm",validation_failed,gap_probe_failed: missing_target_metrics,pool-location-id,2026-06-28T09:10:37.576294+00:00
TSMC,"Sunnyvale, CA",sunnyvale ca,office-location,"Sunnyvale, CA","https://www.glassdoor.com/Location/All-HP-Inc-Sunnyvale-Office-Locations-EI_IE1093161.4,10_IL.11,20_IC1147442.htm","https://www.glassdoor.com/Reviews/TSMC-Sunnyvale-Reviews-EI_IE4130.0,4_IL.5,14_IC1147442.htm",resolved,,pool-location-id,2026-06-28T09:10:44.227876+00:00
TSMC,"Tlaquepaque, JAL",tlaquepaque jal,office-location,"Tlaquepaque, JAL","https://www.glassdoor.com/Location/All-HP-Inc-Tlaquepaque-Office-Locations-EI_IE1093161.4,10_IL.11,22_IC3486348.htm","https://www.glassdoor.com/Reviews/TSMC-Tlaquepaque-Reviews-EI_IE4130.0,4_IL.5,16_IC3486348.htm",validation_failed,gap_probe_failed: missing_target_metrics,pool-location-id,2026-06-28T09:10:50.913835+00:00
TSMC,"Vancouver, WA",vancouver wa,office-location,"Vancouver, WA","https://www.glassdoor.com/Location/All-HP-Inc-Vancouver-Office-Locations-EI_IE1093161.4,10_IL.11,20_IC1150413.htm","https://www.glassdoor.com/Reviews/TSMC-Vancouver-Reviews-EI_IE4130.0,4_IL.5,14_IC1150413.htm",resolved,,pool-location-id,2026-06-28T09:10:57.559684+00:00
TSMC,"Zapopan, JAL",zapopan jal,office-location,"Zapopan, JAL","https://www.glassdoor.com/Location/All-HP-Inc-Zapopan-Office-Locations-EI_IE1093161.4,10_IL.11,18_IC3487018.htm","https://www.glassdoor.com/Reviews/TSMC-Zapopan-Reviews-EI_IE4130.0,4_IL.5,12_IC3487018.htm",validation_failed,gap_probe_failed: missing_target_metrics,pool-location-id,2026-06-28T09:11:04.372268+00:00
TSMC,"Boulogne-Billancourt, A8",boulogne billancourt a8,office-location,"Boulogne-Billancourt, A8","https://www.glassdoor.com/Location/All-HP-Inc-Boulogne-Billancourt-Office-Locations-EI_IE1093161.4,10_IL.11,31_IC3040032.htm","https://www.glassdoor.com/Reviews/TSMC-Boulogne-Billancourt-Reviews-EI_IE4130.0,4_IL.5,25_IC3040032.htm",validation_failed,gap_probe_failed: missing_target_metrics,pool-location-id,2026-06-28T09:11:10.787298+00:00
TSMC,"Bucharest, B",bucharest b,office-location,"Bucharest, B","https://www.glassdoor.com/Location/All-HP-Inc-Bucharest-Office-Locations-EI_IE1093161.4,10_IL.11,20_IC3184907.htm","https://www.glassdoor.com/Reviews/TSMC-Bucharest-Reviews-EI_IE4130.0,4_IL.5,14_IC3184907.htm",validation_failed,gap_probe_failed: missing_target_metrics,pool-location-id,2026-06-28T09:11:17.701686+00:00
TSMC,"Cambridge, ENG",cambridge eng,office-location,"Cambridge, ENG","https://www.glassdoor.com/Location/All-HP-Inc-Cambridge-Office-Locations-EI_IE1093161.4,10_IL.11,20_IC2662516.htm","https://www.glassdoor.com/Reviews/TSMC-Cambridge-Reviews-EI_IE4130.0,4_IL.5,14_IC2662516.htm",validation_failed,gap_probe_failed: missing_target_metrics,pool-location-id,2026-06-28T09:11:23.699703+00:00
TSMC,"Meudon, A8",meudon a8,office-location,"Meudon, A8","https://www.glassdoor.com/Location/All-HP-Inc-Meudon-Office-Locations-EI_IE1093161.4,10_IL.11,17_IC3019026.htm","https://www.glassdoor.com/Reviews/TSMC-Meudon-Reviews-EI_IE4130.0,4_IL.5,11_IC3019026.htm",validation_failed,gap_probe_failed: missing_target_metrics,pool-location-id,2026-06-28T09:11:39.922122+00:00
TSMC,"Paris, A8",paris a8,office-location,"Paris, A8","https://www.glassdoor.com/Location/All-HP-Inc-Paris-Office-Locations-EI_IE1093161.4,10_IL.11,16_IC2881970.htm","https://www.glassdoor.com/Reviews/TSMC-Paris-Reviews-EI_IE4130.0,4_IL.5,10_IC2881970.htm",validation_failed,gap_probe_failed: missing_target_metrics,pool-location-id,2026-06-28T09:11:46.568510+00:00
TSMC,"Sant Cugat del Vallès, CT",sant cugat del vall s ct,office-location,"Sant Cugat del Vallès, CT","https://www.glassdoor.com/Location/All-HP-Inc-Sant-Cugat-del-Vallès-Office-Locations-EI_IE1093161.4,10_IL.11,32_IC4843928.htm","https://www.glassdoor.com/Reviews/TSMC-Sant-Cugat-del-Vall%C3%A8s-Reviews-EI_IE4130.0,4_IL.5,26_IC4843928.htm",validation_failed,gap_probe_failed: missing_target_metrics,pool-location-id,2026-06-28T09:11:52.864411+00:00
TSMC,"Tuas, W",tuas w,office-location,"Tuas, W","https://www.glassdoor.com/Location/All-HP-Inc-Tuas-Office-Locations-EI_IE1093161.4,10_IL.11,15_IC3235538.htm","https://www.glassdoor.com/Reviews/TSMC-Tuas-Reviews-EI_IE4130.0,4_IL.5,9_IC3235538.htm",validation_failed,gap_probe_failed: missing_target_metrics,pool-location-id,2026-06-28T09:11:58.595896+00:00
TSMC,"Whitefield, KA",whitefield ka,office-location,"Whitefield, KA","https://www.glassdoor.com/Location/All-HP-Inc-Whitefield-Office-Locations-EI_IE1093161.4,10_IL.11,21_IC2941717.htm","https://www.glassdoor.com/Reviews/TSMC-Whitefield-Reviews-EI_IE4130.0,4_IL.5,15_IC2941717.htm",validation_failed,gap_probe_failed: missing_target_metrics,pool-location-id,2026-06-28T09:12:05.356977+00:00
TSMC,"Lake Forest, CA",lake forest ca,office-location,"Lake Forest, CA","https://www.glassdoor.com/Location/All-Wistron-Lake-Forest-Office-Locations-EI_IE15218.4,11_IL.12,23_IC1146811.htm","https://www.glassdoor.com/Reviews/TSMC-Lake-Forest-Reviews-EI_IE4130.0,4_IL.5,16_IC1146811.htm",validation_failed,gap_probe_failed: missing_target_metrics,pool-location-id,2026-06-28T09:12:12.187832+00:00
TSMC,"Rolling Meadows, IL",rolling meadows il,office-location,"Rolling Meadows, IL","https://www.glassdoor.com/Location/All-Wistron-Rolling-Meadows-Office-Locations-EI_IE15218.4,11_IL.12,27_IC1128962.htm","https://www.glassdoor.com/Reviews/TSMC-Rolling-Meadows-Reviews-EI_IE4130.0,4_IL.5,20_IC1128962.htm",validation_failed,gap_probe_failed: missing_target_metrics,pool-location-id,2026-06-28T09:12:18.298433+00:00
TSMC,"Wuhan, 12",wuhan 12,office-location,"Wuhan, 12","https://www.glassdoor.com/Location/All-Wistron-Wuhan-Office-Locations-EI_IE15218.4,11_IL.12,17_IC2478891.htm","https://www.glassdoor.com/Reviews/TSMC-Wuhan-Reviews-EI_IE4130.0,4_IL.5,10_IC2478891.htm",validation_failed,gap_probe_failed: missing_target_metrics,pool-location-id,2026-06-28T09:12:23.998903+00:00
TSMC,"Hoofddorp, NH",hoofddorp nh,office-location,"Hoofddorp, NH","https://www.glassdoor.com/Location/All-Delta-Electronics-Hoofddorp-Office-Locations-EI_IE41146.4,21_IL.22,31_IC3063772.htm","https://www.glassdoor.com/Reviews/TSMC-Hoofddorp-Reviews-EI_IE4130.0,4_IL.5,14_IC3063772.htm",validation_failed,gap_probe_failed: missing_target_metrics,pool-location-id,2026-06-28T09:12:30.088005+00:00
TSMC,"Notting Hill, VIC",notting hill vic,office-location,"Notting Hill, VIC","https://www.glassdoor.com/Location/All-Delta-Electronics-Notting-Hill-Office-Locations-EI_IE41146.4,21_IL.22,34_IC2257042.htm","https://www.glassdoor.com/Reviews/TSMC-Notting-Hill-Reviews-EI_IE4130.0,4_IL.5,17_IC2257042.htm",validation_failed,gap_probe_failed: missing_target_metrics,pool-location-id,2026-06-28T09:12:36.688363+00:00
TSMC,"Jeffersonville, IN",jeffersonville in,office-location,"Jeffersonville, IN","https://www.glassdoor.com/Location/All-Pegatron-Jeffersonville-Office-Locations-EI_IE337948.4,12_IL.13,27_IC1145141.htm","https://www.glassdoor.com/Reviews/TSMC-Jeffersonville-Reviews-EI_IE4130.0,4_IL.5,19_IC1145141.htm",validation_failed,gap_probe_failed: missing_target_metrics,pool-location-id,2026-06-28T09:12:43.029495+00:00
TSMC,"Irving, TX",irving tx,office-location,"Irving, TX","https://www.glassdoor.com/Location/All-Trend-Micro-Inc-Irving-Office-Locations-EI_IE8983.4,19_IL.20,26_IC1140006.htm","https://www.glassdoor.com/Reviews/TSMC-Irving-Reviews-EI_IE4130.0,4_IL.5,11_IC1140006.htm",validation_failed,gap_probe_failed: missing_target_metrics,pool-location-id,2026-06-28T09:12:48.906756+00:00
TSMC,"Jersey City, NJ",jersey city nj,office-location,"Jersey City, NJ","https://www.glassdoor.com/Location/All-Trend-Micro-Inc-Jersey-City-Office-Locations-EI_IE8983.4,19_IL.20,31_IC1126819.htm","https://www.glassdoor.com/Reviews/TSMC-Jersey-City-Reviews-EI_IE4130.0,4_IL.5,16_IC1126819.htm",validation_failed,gap_probe_failed: missing_target_metrics,pool-location-id,2026-06-28T09:12:55.842174+00:00
TSMC,"Kanata, ON",kanata on,office-location,"Kanata, ON","https://www.glassdoor.com/Location/All-Trend-Micro-Inc-Kanata-Office-Locations-EI_IE8983.4,19_IL.20,26_IC2282818.htm","https://www.glassdoor.com/Reviews/TSMC-Kanata-Reviews-EI_IE4130.0,4_IL.5,11_IC2282818.htm",resolved,,pool-location-id,2026-06-28T09:13:02.237817+00:00
TSMC,"Cork, M",cork m,office-location,"Cork, M","https://www.glassdoor.com/Location/All-Trend-Micro-Inc-Cork-Office-Locations-EI_IE8983.4,19_IL.20,24_IC4325638.htm","https://www.glassdoor.com/Reviews/TSMC-Cork-Reviews-EI_IE4130.0,4_IL.5,9_IC4325638.htm",validation_failed,gap_probe_failed: missing_target_metrics,pool-location-id,2026-06-28T09:13:08.679462+00:00
TSMC,"London, ENG",london eng,office-location,"London, ENG","https://www.glassdoor.com/Location/All-Trend-Micro-Inc-London-Office-Locations-EI_IE8983.4,19_IL.20,26_IC2671300.htm","https://www.glassdoor.com/Reviews/TSMC-London-Reviews-EI_IE4130.0,4_IL.5,11_IC2671300.htm",validation_failed,gap_probe_failed: missing_target_metrics,pool-location-id,2026-06-28T09:13:15.029815+00:00
TSMC,"Paddington, ENG",paddington eng,office-location,"Paddington, ENG","https://www.glassdoor.com/Location/All-Trend-Micro-Inc-Paddington-Office-Locations-EI_IE8983.4,19_IL.20,30_IC3527325.htm","https://www.glassdoor.com/Reviews/TSMC-Paddington-Reviews-EI_IE4130.0,4_IL.5,15_IC3527325.htm",validation_failed,gap_probe_failed: missing_target_metrics,pool-location-id,2026-06-28T09:13:21.078556+00:00
TSMC,"Aliso, CA",aliso ca,office-location,"Aliso, CA","https://www.glassdoor.com/Location/All-Dell-Technologies-Aliso-Office-Locations-EI_IE1327.4,21_IL.22,27_IC3789361.htm","https://www.glassdoor.com/Reviews/TSMC-Aliso-Reviews-EI_IE4130.0,4_IL.5,10_IC3789361.htm",validation_failed,gap_probe_failed: missing_target_metrics,pool-location-id,2026-06-28T09:13:27.398052+00:00
TSMC,"Bedford, MA",bedford ma,office-location,"Bedford, MA","https://www.glassdoor.com/Location/All-Dell-Technologies-Bedford-Office-Locations-EI_IE1327.4,21_IL.22,29_IC1154527.htm","https://www.glassdoor.com/Reviews/TSMC-Bedford-Reviews-EI_IE4130.0,4_IL.5,12_IC1154527.htm",validation_failed,gap_probe_failed: missing_target_metrics,pool-location-id,2026-06-28T09:13:33.760378+00:00
TSMC,"Boston, MA",boston ma,office-location,"Boston, MA","https://www.glassdoor.com/Location/All-Dell-Technologies-Boston-Office-Locations-EI_IE1327.4,21_IL.22,28_IC1154532.htm","https://www.glassdoor.com/Reviews/TSMC-Boston-Reviews-EI_IE4130.0,4_IL.5,11_IC1154532.htm",validation_failed,gap_probe_failed: missing_target_metrics,pool-location-id,2026-06-28T09:13:39.974377+00:00
TSMC,"Boydton, VA",boydton va,office-location,"Boydton, VA","https://www.glassdoor.com/Location/All-Dell-Technologies-Boydton-Office-Locations-EI_IE1327.4,21_IL.22,29_IC1129623.htm","https://www.glassdoor.com/Reviews/TSMC-Boydton-Reviews-EI_IE4130.0,4_IL.5,12_IC1129623.htm",validation_failed,gap_probe_failed: missing_target_metrics,pool-location-id,2026-06-28T09:13:55.750746+00:00
TSMC,"Cambridge, MA",cambridge ma,office-location,"Cambridge, MA","https://www.glassdoor.com/Location/All-Dell-Technologies-Cambridge-Office-Locations-EI_IE1327.4,21_IL.22,31_IC1154545.htm","https://www.glassdoor.com/Reviews/TSMC-Cambridge-Reviews-EI_IE4130.0,4_IL.5,14_IC1154545.htm",validation_failed,gap_probe_failed: missing_target_metrics,pool-location-id,2026-06-28T09:14:02.211148+00:00
TSMC,"Canada, KY",canada ky,office-location,"Canada, KY","https://www.glassdoor.com/Location/All-Dell-Technologies-Canada-Office-Locations-EI_IE1327.4,21_IL.22,28_IC1137126.htm","https://www.glassdoor.com/Reviews/TSMC-Canada-Reviews-EI_IE4130.0,4_IL.5,11_IC1137126.htm",validation_failed,gap_probe_failed: missing_target_metrics,pool-location-id,2026-06-28T09:14:08.810058+00:00
TSMC,"Canton, MA",canton ma,office-location,"Canton, MA","https://www.glassdoor.com/Location/All-Dell-Technologies-Canton-Office-Locations-EI_IE1327.4,21_IL.22,28_IC1154546.htm","https://www.glassdoor.com/Reviews/TSMC-Canton-Reviews-EI_IE4130.0,4_IL.5,11_IC1154546.htm",validation_failed,gap_probe_failed: missing_target_metrics,pool-location-id,2026-06-28T09:14:15.893460+00:00
TSMC,"Cedar Park, TX",cedar park tx,office-location,"Cedar Park, TX","https://www.glassdoor.com/Location/All-Dell-Technologies-Cedar-Park-Office-Locations-EI_IE1327.4,21_IL.22,32_IC1139765.htm","https://www.glassdoor.com/Reviews/TSMC-Cedar-Park-Reviews-EI_IE4130.0,4_IL.5,15_IC1139765.htm",validation_failed,gap_probe_failed: missing_target_metrics,pool-location-id,2026-06-28T09:14:22.530352+00:00
TSMC,"Framingham, MA",framingham ma,office-location,"Framingham, MA","https://www.glassdoor.com/Location/All-Dell-Technologies-Framingham-Office-Locations-EI_IE1327.4,21_IL.22,32_IC1154571.htm","https://www.glassdoor.com/Reviews/TSMC-Framingham-Reviews-EI_IE4130.0,4_IL.5,15_IC1154571.htm",validation_failed,gap_probe_failed: missing_target_metrics,pool-location-id,2026-06-28T09:14:28.460994+00:00
TSMC,"Franklin, MA",franklin ma,office-location,"Franklin, MA","https://www.glassdoor.com/Location/All-Dell-Technologies-Franklin-Office-Locations-EI_IE1327.4,21_IL.22,30_IC1154572.htm","https://www.glassdoor.com/Reviews/TSMC-Franklin-Reviews-EI_IE4130.0,4_IL.5,13_IC1154572.htm",validation_failed,gap_probe_failed: missing_target_metrics,pool-location-id,2026-06-28T09:14:34.822320+00:00
TSMC,"Fuquay-Varina, NC",fuquay varina nc,office-location,"Fuquay-Varina, NC","https://www.glassdoor.com/Location/All-Dell-Technologies-Fuquay-Varina-Office-Locations-EI_IE1327.4,21_IL.22,35_IC3757296.htm","https://www.glassdoor.com/Reviews/TSMC-Fuquay-Varina-Reviews-EI_IE4130.0,4_IL.5,18_IC3757296.htm",validation_failed,gap_probe_failed: missing_target_metrics,pool-location-id,2026-06-28T09:14:40.825622+00:00
TSMC,"Georgetown, TX",georgetown tx,office-location,"Georgetown, TX","https://www.glassdoor.com/Location/All-Dell-Technologies-Georgetown-Office-Locations-EI_IE1327.4,21_IL.22,32_IC1139774.htm","https://www.glassdoor.com/Reviews/TSMC-Georgetown-Reviews-EI_IE4130.0,4_IL.5,15_IC1139774.htm",validation_failed,gap_probe_failed: missing_target_metrics,pool-location-id,2026-06-28T09:14:46.870465+00:00
TSMC,"Hopkinton, MA",hopkinton ma,office-location,"Hopkinton, MA","https://www.glassdoor.com/Location/All-Dell-Technologies-Hopkinton-Office-Locations-EI_IE1327.4,21_IL.22,31_IC1154589.htm","https://www.glassdoor.com/Reviews/TSMC-Hopkinton-Reviews-EI_IE4130.0,4_IL.5,14_IC1154589.htm",validation_failed,gap_probe_failed: missing_target_metrics,pool-location-id,2026-06-28T09:14:53.690414+00:00
TSMC,"India, TX",india tx,office-location,"India, TX","https://www.glassdoor.com/Location/All-Dell-Technologies-India-Office-Locations-EI_IE1327.4,21_IL.22,27_IC3759223.htm","https://www.glassdoor.com/Reviews/TSMC-India-Reviews-EI_IE4130.0,4_IL.5,10_IC3759223.htm",validation_failed,gap_probe_failed: missing_target_metrics,pool-location-id,2026-06-28T09:15:01.170613+00:00
TSMC,"Land O' Lakes, FL",land o lakes fl,office-location,"Land O' Lakes, FL","https://www.glassdoor.com/Location/All-Dell-Technologies-Land-O-Lakes-Office-Locations-EI_IE1327.4,21_IL.22,34_IC3817049.htm","https://www.glassdoor.com/Reviews/TSMC-Land-O-Lakes-Reviews-EI_IE4130.0,4_IL.5,17_IC3817049.htm",validation_failed,gap_probe_failed: missing_target_metrics,pool-location-id,2026-06-28T09:15:07.625644+00:00
TSMC,"Leander, TX",leander tx,office-location,"Leander, TX","https://www.glassdoor.com/Location/All-Dell-Technologies-Leander-Office-Locations-EI_IE1327.4,21_IL.22,29_IC1139779.htm","https://www.glassdoor.com/Reviews/TSMC-Leander-Reviews-EI_IE4130.0,4_IL.5,12_IC1139779.htm",validation_failed,gap_probe_failed: missing_target_metrics,pool-location-id,2026-06-28T09:15:14.593922+00:00
TSMC,"Pflugerville, TX",pflugerville tx,office-location,"Pflugerville, TX","https://www.glassdoor.com/Location/All-Dell-Technologies-Pflugerville-Office-Locations-EI_IE1327.4,21_IL.22,34_IC1139790.htm","https://www.glassdoor.com/Reviews/TSMC-Pflugerville-Reviews-EI_IE4130.0,4_IL.5,17_IC1139790.htm",validation_failed,gap_probe_failed: missing_target_metrics,pool-location-id,2026-06-28T09:15:20.788018+00:00
TSMC,"Quincy, MA",quincy ma,office-location,"Quincy, MA","https://www.glassdoor.com/Location/All-Dell-Technologies-Quincy-Office-Locations-EI_IE1327.4,21_IL.22,28_IC1154667.htm","https://www.glassdoor.com/Reviews/TSMC-Quincy-Reviews-EI_IE4130.0,4_IL.5,11_IC1154667.htm",validation_failed,gap_probe_failed: missing_target_metrics,pool-location-id,2026-06-28T09:15:27.022706+00:00
TSMC,"Round Rock, TX",round rock tx,office-location,"Round Rock, TX","https://www.glassdoor.com/Location/All-Dell-Technologies-Round-Rock-Office-Locations-EI_IE1327.4,21_IL.22,32_IC1139794.htm","https://www.glassdoor.com/Reviews/TSMC-Round-Rock-Reviews-EI_IE4130.0,4_IL.5,15_IC1139794.htm",validation_failed,gap_probe_failed: missing_target_metrics,pool-location-id,2026-06-28T09:15:34.157629+00:00
TSMC,"San Marcos, TX",san marcos tx,office-location,"San Marcos, TX","https://www.glassdoor.com/Location/All-Dell-Technologies-San-Marcos-Office-Locations-EI_IE1327.4,21_IL.22,32_IC1139795.htm","https://www.glassdoor.com/Reviews/TSMC-San-Marcos-Reviews-EI_IE4130.0,4_IL.5,15_IC1139795.htm",validation_failed,gap_probe_failed: missing_target_metrics,pool-location-id,2026-06-28T09:15:40.001876+00:00
TSMC,"Satellite Beach, FL",satellite beach fl,office-location,"Satellite Beach, FL","https://www.glassdoor.com/Location/All-Dell-Technologies-Satellite-Beach-Office-Locations-EI_IE1327.4,21_IL.22,37_IC1154294.htm","https://www.glassdoor.com/Reviews/TSMC-Satellite-Beach-Reviews-EI_IE4130.0,4_IL.5,20_IC1154294.htm",validation_failed,gap_probe_failed: missing_target_metrics,pool-location-id,2026-06-28T09:15:46.533359+00:00
TSMC,"Wellesley, MA",wellesley ma,office-location,"Wellesley, MA","https://www.glassdoor.com/Location/All-Dell-Technologies-Wellesley-Office-Locations-EI_IE1327.4,21_IL.22,31_IC1154708.htm","https://www.glassdoor.com/Reviews/TSMC-Wellesley-Reviews-EI_IE4130.0,4_IL.5,14_IC1154708.htm",validation_failed,gap_probe_failed: missing_target_metrics,pool-location-id,2026-06-28T09:15:53.036262+00:00
TSMC,"Domlur, KA",domlur ka,office-location,"Domlur, KA","https://www.glassdoor.com/Location/All-Dell-Technologies-Domlur-Office-Locations-EI_IE1327.4,21_IL.22,28_IC4470560.htm","https://www.glassdoor.com/Reviews/TSMC-Domlur-Reviews-EI_IE4130.0,4_IL.5,11_IC4470560.htm",validation_failed,gap_probe_failed: missing_target_metrics,pool-location-id,2026-06-28T09:15:58.993465+00:00
TSMC,"Chicago, IL",chicago il,office-location,"Chicago, IL","https://www.glassdoor.com/Location/All-Lenovo-Chicago-Office-Locations-EI_IE8034.4,10_IL.11,18_IC1128808.htm","https://www.glassdoor.com/Reviews/TSMC-Chicago-Reviews-EI_IE4130.0,4_IL.5,12_IC1128808.htm",validation_failed,gap_probe_failed: missing_target_metrics,pool-location-id,2026-06-28T09:16:15.698849+00:00
TSMC,"Morrisville, NC",morrisville nc,office-location,"Morrisville, NC","https://www.glassdoor.com/Location/All-Lenovo-Morrisville-Office-Locations-EI_IE8034.4,10_IL.11,22_IC1138956.htm","https://www.glassdoor.com/Reviews/TSMC-Morrisville-Reviews-EI_IE4130.0,4_IL.5,16_IC1138956.htm",validation_failed,gap_probe_failed: missing_target_metrics,pool-location-id,2026-06-28T09:16:22.025767+00:00
TSMC,"Bratislava, 02",bratislava 02,office-location,"Bratislava, 02","https://www.glassdoor.com/Location/All-Lenovo-Bratislava-Office-Locations-EI_IE8034.4,10_IL.11,21_IC2907054.htm","https://www.glassdoor.com/Reviews/TSMC-Bratislava-Reviews-EI_IE4130.0,4_IL.5,15_IC2907054.htm",validation_failed,gap_probe_failed: missing_target_metrics,pool-location-id,2026-06-28T09:16:28.555216+00:00
TSMC,"Stuttgart, BW",stuttgart bw,office-location,"Stuttgart, BW","https://www.glassdoor.com/Location/All-Lenovo-Stuttgart-Office-Locations-EI_IE8034.4,10_IL.11,20_IC2507190.htm","https://www.glassdoor.com/Reviews/TSMC-Stuttgart-Reviews-EI_IE4130.0,4_IL.5,14_IC2507190.htm",validation_failed,gap_probe_failed: missing_target_metrics,pool-location-id,2026-06-28T09:16:35.006942+00:00
TSMC,"Beijing, 22",beijing 22,office-location,"Beijing, 22","https://www.glassdoor.com/Location/All-Lenovo-Beijing-Office-Locations-EI_IE8034.4,10_IL.11,18_IC2398510.htm","https://www.glassdoor.com/Reviews/TSMC-Beijing-Reviews-EI_IE4130.0,4_IL.5,12_IC2398510.htm",validation_failed,gap_probe_failed: missing_target_metrics,pool-location-id,2026-06-28T09:16:41.043691+00:00
TSMC,"Changping, 22",changping 22,office-location,"Changping, 22","https://www.glassdoor.com/Location/All-Lenovo-Changping-Office-Locations-EI_IE8034.4,10_IL.11,20_IC2405661.htm","https://www.glassdoor.com/Reviews/TSMC-Changping-Reviews-EI_IE4130.0,4_IL.5,14_IC2405661.htm",validation_failed,gap_probe_failed: missing_target_metrics,pool-location-id,2026-06-28T09:16:47.159538+00:00
TSMC,"Haidian, 22",haidian 22,office-location,"Haidian, 22","https://www.glassdoor.com/Location/All-Lenovo-Haidian-Office-Locations-EI_IE8034.4,10_IL.11,18_IC2405685.htm","https://www.glassdoor.com/Reviews/TSMC-Haidian-Reviews-EI_IE4130.0,4_IL.5,12_IC2405685.htm",validation_failed,gap_probe_failed: missing_target_metrics,pool-location-id,2026-06-28T09:16:53.391110+00:00
TSMC,Hong Kong,hong kong,office-location,Hong Kong,"https://www.glassdoor.com/Location/All-Lenovo-Hong-Kong-Office-Locations-EI_IE8034.4,10_IL.11,20_IC2308631.htm","https://www.glassdoor.com/Reviews/TSMC-Hong-Kong-Reviews-EI_IE4130.0,4_IL.5,14_IC2308631.htm",validation_failed,gap_probe_failed: missing_target_metrics,pool-location-id,2026-06-28T09:16:59.587689+00:00
TSMC,"Shenzhenzhen, 02",shenzhenzhen 02,office-location,"Shenzhenzhen, 02","https://www.glassdoor.com/Location/All-Lenovo-Shenzhenzhen-Office-Locations-EI_IE8034.4,10_IL.11,23_IC2441398.htm","https://www.glassdoor.com/Reviews/TSMC-Shenzhenzhen-Reviews-EI_IE4130.0,4_IL.5,17_IC2441398.htm",validation_failed,gap_probe_failed: missing_target_metrics,pool-location-id,2026-06-28T09:17:06.275892+00:00
TSMC,"Xiamen, 07",xiamen 07,office-location,"Xiamen, 07","https://www.glassdoor.com/Location/All-Lenovo-Xiamen-Office-Locations-EI_IE8034.4,10_IL.11,17_IC2564138.htm","https://www.glassdoor.com/Reviews/TSMC-Xiamen-Reviews-EI_IE4130.0,4_IL.5,11_IC2564138.htm",validation_failed,gap_probe_failed: missing_target_metrics,pool-location-id,2026-06-28T09:17:11.892304+00:00
TSMC,"Buenos Aires, C",buenos aires c,office-location,"Buenos Aires, C","https://www.glassdoor.com/Location/All-Lenovo-Buenos-Aires-Office-Locations-EI_IE8034.4,10_IL.11,23_IC2242084.htm","https://www.glassdoor.com/Reviews/TSMC-Buenos-Aires-Reviews-EI_IE4130.0,4_IL.5,17_IC2242084.htm",validation_failed,gap_probe_failed: missing_target_metrics,pool-location-id,2026-06-28T09:17:17.736357+00:00
TSMC,"Campinas, SP",campinas sp,office-location,"Campinas, SP","https://www.glassdoor.com/Location/All-Lenovo-Campinas-Office-Locations-EI_IE8034.4,10_IL.11,19_IC2490130.htm","https://www.glassdoor.com/Reviews/TSMC-Campinas-Reviews-EI_IE4130.0,4_IL.5,13_IC2490130.htm",validation_failed,gap_probe_failed: missing_target_metrics,pool-location-id,2026-06-28T09:17:25.083699+00:00
TSMC,"Indaiatuba, SP",indaiatuba sp,office-location,"Indaiatuba, SP","https://www.glassdoor.com/Location/All-Lenovo-Indaiatuba-Office-Locations-EI_IE8034.4,10_IL.11,21_IC2480058.htm","https://www.glassdoor.com/Reviews/TSMC-Indaiatuba-Reviews-EI_IE4130.0,4_IL.5,15_IC2480058.htm",validation_failed,gap_probe_failed: missing_target_metrics,pool-location-id,2026-06-28T09:17:30.917919+00:00
TSMC,"Itu, SP",itu sp,office-location,"Itu, SP","https://www.glassdoor.com/Location/All-Lenovo-Itu-Office-Locations-EI_IE8034.4,10_IL.11,14_IC2490672.htm","https://www.glassdoor.com/Reviews/TSMC-Itu-Reviews-EI_IE4130.0,4_IL.5,8_IC2490672.htm",validation_failed,gap_probe_failed: missing_target_metrics,pool-location-id,2026-06-28T09:17:36.759546+00:00
TSMC,"Martínez, B",mart nez b,office-location,"Martínez, B","https://www.glassdoor.com/Location/All-Lenovo-Martínez-Office-Locations-EI_IE8034.4,10_IL.11,19_IC2207815.htm","https://www.glassdoor.com/Reviews/TSMC-Mart%C3%ADnez-Reviews-EI_IE4130.0,4_IL.5,13_IC2207815.htm",validation_failed,gap_probe_failed: missing_target_metrics,pool-location-id,2026-06-28T09:17:43.098980+00:00
TSMC,"Sorocaba, SP",sorocaba sp,office-location,"Sorocaba, SP","https://www.glassdoor.com/Location/All-Lenovo-Sorocaba-Office-Locations-EI_IE8034.4,10_IL.11,19_IC2475809.htm","https://www.glassdoor.com/Reviews/TSMC-Sorocaba-Reviews-EI_IE4130.0,4_IL.5,13_IC2475809.htm",validation_failed,gap_probe_failed: missing_target_metrics,pool-location-id,2026-06-28T09:17:49.983206+00:00
TSMC,"Vicente López, B",vicente l pez b,office-location,"Vicente López, B","https://www.glassdoor.com/Location/All-Lenovo-Vicente-López-Office-Locations-EI_IE8034.4,10_IL.11,24_IC2211608.htm","https://www.glassdoor.com/Reviews/TSMC-Vicente-L%C3%B3pez-Reviews-EI_IE4130.0,4_IL.5,18_IC2211608.htm",validation_failed,gap_probe_failed: missing_target_metrics,pool-location-id,2026-06-28T09:17:57.370022+00:00
TSMC,Global,global,manual-seed,,,https://www.glassdoor.com/Reviews/TSMC-Reviews-E4130.htm,resolved,,review-url-hint,2026-06-28T15:27:32.475897+08:00
TSMC,Taipei,taipei,manual-seed,"Taipei, TPQ","https://www.glassdoor.com/Location/All-ASUS-Taipei-Office-Locations-EI_IE40093.4,8_IL.9,15_IC3271041.htm","https://www.glassdoor.com/Reviews/TSMC-Taipei-Reviews-EI_IE4130.0,4_IL.5,11_IC3271041.htm",resolved,,pool-location-id,2026-06-28T15:50:36.383237+08:00
TSMC,Hsinchu,hsinchu,manual-seed,"Hsinchu, TXG","https://www.glassdoor.com/Location/All-TSMC-Hsinchu-Office-Locations-EI_IE4130.4,8_IL.9,16_IC4915323.htm","https://www.glassdoor.com/Reviews/TSMC-Hsinchu-Reviews-EI_IE4130.0,4_IL.5,12_IC4915323.htm",resolved,,office-navigation,2026-06-28T15:27:36.662735+08:00
TSMC,Taoyuan,taoyuan,manual-seed,,,,no_result,pool_location_id_not_found,pool-location-id,2026-06-28T15:50:36.478715+08:00
TSMC,Shanghai,shanghai,manual-seed,"Shanghai, 23","https://www.glassdoor.com/Location/All-NVIDIA-Shanghai-Office-Locations-EI_IE7633.4,10_IL.11,19_IC2416009.htm","https://www.glassdoor.com/Reviews/TSMC-Shanghai-Reviews-EI_IE4130.0,4_IL.5,13_IC2416009.htm",resolved,,pool-location-id,2026-06-28T15:50:40.70043+08:00
TSMC,Shenzhen,shenzhen,manual-seed,"Shenzhenzhen, 02","https://www.glassdoor.com/Location/All-Lenovo-Shenzhenzhen-Office-Locations-EI_IE8034.4,10_IL.11,23_IC2441398.htm","https://www.glassdoor.com/Reviews/TSMC-Shenzhenzhen-Reviews-EI_IE4130.0,4_IL.5,17_IC2441398.htm",validation_failed,gap_probe_failed: missing_target_metrics,pool-location-id,2026-06-28T15:50:44.573644+08:00
TSMC,Tokyo,tokyo,manual-seed,"Tokyo, 40","https://www.glassdoor.com/Location/All-ASUS-Tokyo-Office-Locations-EI_IE40093.4,8_IL.9,14_IC2851580.htm","https://www.glassdoor.com/Reviews/TSMC-Tokyo-Reviews-EI_IE4130.0,4_IL.5,10_IC2851580.htm",validation_failed,gap_probe_failed: missing_target_metrics,pool-location-id,2026-06-28T15:50:48.776484+08:00
TSMC,Seoul,seoul,manual-seed,"Seoul, 11","https://www.glassdoor.com/Location/All-ASUS-Seoul-Office-Locations-EI_IE40093.4,8_IL.9,14_IC3021489.htm","https://www.glassdoor.com/Reviews/TSMC-Seoul-Reviews-EI_IE4130.0,4_IL.5,10_IC3021489.htm",validation_failed,gap_probe_failed: missing_target_metrics,pool-location-id,2026-06-28T15:50:52.765546+08:00
TSMC,Austin,austin,manual-seed,"Austin, TX","https://www.glassdoor.com/Location/All-NVIDIA-Austin-Office-Locations-EI_IE7633.4,10_IL.11,17_IC1139761.htm","https://www.glassdoor.com/Reviews/TSMC-Austin-Reviews-EI_IE4130.0,4_IL.5,11_IC1139761.htm",resolved,,pool-location-id,2026-06-28T15:50:57.059939+08:00
TSMC,Seattle,seattle,manual-seed,,,,no_result,pool_location_id_not_found,pool-location-id,2026-06-28T15:50:57.13497+08:00
TSMC,London,london,manual-seed,"London, ENG","https://www.glassdoor.com/Location/All-Trend-Micro-Inc-London-Office-Locations-EI_IE8983.4,19_IL.20,26_IC2671300.htm","https://www.glassdoor.com/Reviews/TSMC-London-Reviews-EI_IE4130.0,4_IL.5,11_IC2671300.htm",validation_failed,gap_probe_failed: missing_target_metrics,pool-location-id,2026-06-28T15:51:01.269203+08:00
TSMC,Dublin,dublin,manual-seed,,,,no_result,pool_location_id_not_found,pool-location-id,2026-06-28T15:51:01.339769+08:00
TSMC,Munich,munich,manual-seed,"Munich, BY","https://www.glassdoor.com/Location/All-NVIDIA-Munich-Office-Locations-EI_IE7633.4,10_IL.11,17_IC4990924.htm","https://www.glassdoor.com/Reviews/TSMC-Munich-Reviews-EI_IE4130.0,4_IL.5,11_IC4990924.htm",validation_failed,gap_probe_failed: missing_target_metrics,pool-location-id,2026-06-28T15:51:05.043779+08:00
Micro-Star International,"Ciudad de Mexico, MEX",ciudad de mexico mex,office-location,"Ciudad de Mexico, MEX","https://www.glassdoor.com/Location/All-ASUS-Ciudad-de-Mexico-Office-Locations-EI_IE40093.4,8_IL.9,25_IC5017436.htm","https://www.glassdoor.com/Reviews/Micro-Star-International-Ciudad-de-Mexico-Reviews-EI_IE41141.0,24_IL.25,41_IC5017436.htm",validation_failed,gap_probe_failed: missing_target_metrics,pool-location-id,2026-06-28T09:18:03.384298+00:00
Micro-Star International,"Fremont, CA",fremont ca,office-location,"Fremont, CA","https://www.glassdoor.com/Location/All-ASUS-Fremont-Office-Locations-EI_IE40093.4,8_IL.9,16_IC1147355.htm","https://www.glassdoor.com/Reviews/Micro-Star-International-Fremont-Reviews-EI_IE41141.0,24_IL.25,32_IC1147355.htm",validation_failed,gap_probe_failed: missing_target_metrics,pool-location-id,2026-06-28T09:18:09.118567+00:00
Micro-Star International,"Markham, ON",markham on,office-location,"Markham, ON","https://www.glassdoor.com/Location/All-ASUS-Markham-Office-Locations-EI_IE40093.4,8_IL.9,16_IC2280736.htm","https://www.glassdoor.com/Reviews/Micro-Star-International-Markham-Reviews-EI_IE41141.0,24_IL.25,32_IC2280736.htm",validation_failed,gap_probe_failed: missing_target_metrics,pool-location-id,2026-06-28T09:18:15.432346+00:00
Micro-Star International,"Barcelona, CT",barcelona ct,office-location,"Barcelona, CT","https://www.glassdoor.com/Location/All-ASUS-Barcelona-Office-Locations-EI_IE40093.4,8_IL.9,18_IC2547194.htm","https://www.glassdoor.com/Reviews/Micro-Star-International-Barcelona-Reviews-EI_IE41141.0,24_IL.25,34_IC2547194.htm",resolved,,pool-location-id,2026-06-28T09:18:31.528650+00:00
Micro-Star International,"Budapest, BU",budapest bu,office-location,"Budapest, BU","https://www.glassdoor.com/Location/All-ASUS-Budapest-Office-Locations-EI_IE40093.4,8_IL.9,17_IC3125126.htm","https://www.glassdoor.com/Reviews/Micro-Star-International-Budapest-Reviews-EI_IE41141.0,24_IL.25,33_IC3125126.htm",validation_failed,gap_probe_failed: missing_target_metrics,pool-location-id,2026-06-28T09:18:38.275639+00:00
Micro-Star International,"Emmen, DR",emmen dr,office-location,"Emmen, DR","https://www.glassdoor.com/Location/All-ASUS-Emmen-Office-Locations-EI_IE40093.4,8_IL.9,14_IC3060162.htm","https://www.glassdoor.com/Reviews/Micro-Star-International-Emmen-Reviews-EI_IE41141.0,24_IL.25,30_IC3060162.htm",validation_failed,gap_probe_failed: missing_target_metrics,pool-location-id,2026-06-28T09:18:44.066743+00:00
Micro-Star International,"Hemel Hempstead, ENG",hemel hempstead eng,office-location,"Hemel Hempstead, ENG","https://www.glassdoor.com/Location/All-ASUS-Hemel-Hempstead-Office-Locations-EI_IE40093.4,8_IL.9,24_IC2669775.htm","https://www.glassdoor.com/Reviews/Micro-Star-International-Hemel-Hempstead-Reviews-EI_IE41141.0,24_IL.25,40_IC2669775.htm",validation_failed,gap_probe_failed: missing_target_metrics,pool-location-id,2026-06-28T09:18:50.091965+00:00
Micro-Star International,"Milan, LOM",milan lom,office-location,"Milan, LOM","https://www.glassdoor.com/Location/All-ASUS-Milan-Office-Locations-EI_IE40093.4,8_IL.9,14_IC2802090.htm","https://www.glassdoor.com/Reviews/Micro-Star-International-Milan-Reviews-EI_IE41141.0,24_IL.25,30_IC2802090.htm",resolved,,pool-location-id,2026-06-28T09:18:56.226779+00:00
Micro-Star International,"Moravská Ostrava, MO",moravsk ostrava mo,office-location,"Moravská Ostrava, MO","https://www.glassdoor.com/Location/All-ASUS-Moravská-Ostrava-Office-Locations-EI_IE40093.4,8_IL.9,25_IC2288209.htm","https://www.glassdoor.com/Reviews/Micro-Star-International-Moravsk%C3%A1-Ostrava-Reviews-EI_IE41141.0,24_IL.25,41_IC2288209.htm",validation_failed,gap_probe_failed: missing_target_metrics,pool-location-id,2026-06-28T09:19:03.124166+00:00
Micro-Star International,"Noisy-le-Grand, A8",noisy le grand a8,office-location,"Noisy-le-Grand, A8","https://www.glassdoor.com/Location/All-ASUS-Noisy-le-Grand-Office-Locations-EI_IE40093.4,8_IL.9,23_IC3100822.htm","https://www.glassdoor.com/Reviews/Micro-Star-International-Noisy-le-Grand-Reviews-EI_IE41141.0,24_IL.25,39_IC3100822.htm",validation_failed,gap_probe_failed: missing_target_metrics,pool-location-id,2026-06-28T09:19:12.595566+00:00
Micro-Star International,"Ratingen, NW",ratingen nw,office-location,"Ratingen, NW","https://www.glassdoor.com/Location/All-ASUS-Ratingen-Office-Locations-EI_IE40093.4,8_IL.9,17_IC2584004.htm","https://www.glassdoor.com/Reviews/Micro-Star-International-Ratingen-Reviews-EI_IE41141.0,24_IL.25,33_IC2584004.htm",validation_failed,gap_probe_failed: missing_target_metrics,pool-location-id,2026-06-28T09:19:17.992118+00:00
Micro-Star International,"Üsküdar, T34",sk dar t34,office-location,"Üsküdar, T34","https://www.glassdoor.com/Location/All-ASUS-Üsküdar-Office-Locations-EI_IE40093.4,8_IL.9,16_IC3361446.htm","https://www.glassdoor.com/Reviews/Micro-Star-International-%C3%9Csk%C3%BCdar-Reviews-EI_IE41141.0,24_IL.25,32_IC3361446.htm",validation_failed,gap_probe_failed: missing_target_metrics,pool-location-id,2026-06-28T09:19:24.615800+00:00
Micro-Star International,"Warsaw, MZ",warsaw mz,office-location,"Warsaw, MZ","https://www.glassdoor.com/Location/All-ASUS-Warsaw-Office-Locations-EI_IE40093.4,8_IL.9,15_IC3094484.htm","https://www.glassdoor.com/Reviews/Micro-Star-International-Warsaw-Reviews-EI_IE41141.0,24_IL.25,31_IC3094484.htm",validation_failed,gap_probe_failed: missing_target_metrics,pool-location-id,2026-06-28T09:19:30.543884+00:00
Micro-Star International,"Bangkok, 10",bangkok 10,office-location,"Bangkok, 10","https://www.glassdoor.com/Location/All-ASUS-Bangkok-Office-Locations-EI_IE40093.4,8_IL.9,16_IC3179725.htm","https://www.glassdoor.com/Reviews/Micro-Star-International-Bangkok-Reviews-EI_IE41141.0,24_IL.25,32_IC3179725.htm",validation_failed,gap_probe_failed: missing_target_metrics,pool-location-id,2026-06-28T09:19:36.556861+00:00
Micro-Star International,"Dubai, DU",dubai du,office-location,"Dubai, DU","https://www.glassdoor.com/Location/All-ASUS-Dubai-Office-Locations-EI_IE40093.4,8_IL.9,14_IC2204498.htm","https://www.glassdoor.com/Reviews/Micro-Star-International-Dubai-Reviews-EI_IE41141.0,24_IL.25,30_IC2204498.htm",validation_failed,gap_probe_failed: missing_target_metrics,pool-location-id,2026-06-28T09:19:42.283025+00:00
Micro-Star International,"Jakarta, JK",jakarta jk,office-location,"Jakarta, JK","https://www.glassdoor.com/Location/All-ASUS-Jakarta-Office-Locations-EI_IE40093.4,8_IL.9,16_IC2709872.htm","https://www.glassdoor.com/Reviews/Micro-Star-International-Jakarta-Reviews-EI_IE41141.0,24_IL.25,32_IC2709872.htm",resolved,,pool-location-id,2026-06-28T09:19:47.631592+00:00
Micro-Star International,"Kuala Lumpur, 14",kuala lumpur 14,office-location,"Kuala Lumpur, 14","https://www.glassdoor.com/Location/All-ASUS-Kuala-Lumpur-Office-Locations-EI_IE40093.4,8_IL.9,21_IC2986682.htm","https://www.glassdoor.com/Reviews/Micro-Star-International-Kuala-Lumpur-Reviews-EI_IE41141.0,24_IL.25,37_IC2986682.htm",resolved,,pool-location-id,2026-06-28T09:19:53.507138+00:00
Micro-Star International,"Manila, D9",manila d9,office-location,"Manila, D9","https://www.glassdoor.com/Location/All-ASUS-Manila-Office-Locations-EI_IE40093.4,8_IL.9,15_IC2363570.htm","https://www.glassdoor.com/Reviews/Micro-Star-International-Manila-Reviews-EI_IE41141.0,24_IL.25,31_IC2363570.htm",validation_failed,gap_probe_failed: missing_target_metrics,pool-location-id,2026-06-28T09:19:59.638223+00:00
Micro-Star International,"Mumbai, MH",mumbai mh,office-location,"Mumbai, MH","https://www.glassdoor.com/Location/All-ASUS-Mumbai-Office-Locations-EI_IE40093.4,8_IL.9,15_IC2851180.htm","https://www.glassdoor.com/Reviews/Micro-Star-International-Mumbai-Reviews-EI_IE41141.0,24_IL.25,31_IC2851180.htm",resolved,,pool-location-id,2026-06-28T09:20:05.791986+00:00
Micro-Star International,"Seoul, 11",seoul 11,office-location,"Seoul, 11","https://www.glassdoor.com/Location/All-ASUS-Seoul-Office-Locations-EI_IE40093.4,8_IL.9,14_IC3021489.htm","https://www.glassdoor.com/Reviews/Micro-Star-International-Seoul-Reviews-EI_IE41141.0,24_IL.25,30_IC3021489.htm",validation_failed,gap_probe_failed: missing_target_metrics,pool-location-id,2026-06-28T09:20:12.075827+00:00
Micro-Star International,Singapore,singapore,office-location,Singapore,"https://www.glassdoor.com/Location/All-ASUS-Singapore-Office-Locations-EI_IE40093.4,8_IL.9,18_IC3235921.htm","https://www.glassdoor.com/Reviews/Micro-Star-International-Singapore-Reviews-EI_IE41141.0,24_IL.25,34_IC3235921.htm",validation_failed,gap_probe_failed: company_mismatch,pool-location-id,2026-06-28T15:51:07.21567+08:00
Micro-Star International,"Taipei, TPQ",taipei tpq,office-location,"Taipei, TPQ","https://www.glassdoor.com/Location/All-ASUS-Taipei-Office-Locations-EI_IE40093.4,8_IL.9,15_IC3271041.htm","https://www.glassdoor.com/Reviews/Micro-Star-International-Taipei-Reviews-EI_IE41141.0,24_IL.25,31_IC3271041.htm",resolved,,pool-location-id,2026-06-28T09:20:18.275044+00:00
Micro-Star International,"Tokyo, 40",tokyo 40,office-location,"Tokyo, 40","https://www.glassdoor.com/Location/All-ASUS-Tokyo-Office-Locations-EI_IE40093.4,8_IL.9,14_IC2851580.htm","https://www.glassdoor.com/Reviews/Micro-Star-International-Tokyo-Reviews-EI_IE41141.0,24_IL.25,30_IC2851580.htm",resolved,,pool-location-id,2026-06-28T09:20:25.226834+00:00
Micro-Star International,"San Isidro, HUC",san isidro huc,office-location,"San Isidro, HUC","https://www.glassdoor.com/Location/All-ASUS-San-Isidro-Office-Locations-EI_IE40093.4,8_IL.9,19_IC4694011.htm","https://www.glassdoor.com/Reviews/Micro-Star-International-San-Isidro-Reviews-EI_IE41141.0,24_IL.25,35_IC4694011.htm",validation_failed,gap_probe_failed: missing_target_metrics,pool-location-id,2026-06-28T09:20:30.936442+00:00
Micro-Star International,"Santiago, RM",santiago rm,office-location,"Santiago, RM","https://www.glassdoor.com/Location/All-ASUS-Santiago-Office-Locations-EI_IE40093.4,8_IL.9,17_IC2434030.htm","https://www.glassdoor.com/Reviews/Micro-Star-International-Santiago-Reviews-EI_IE41141.0,24_IL.25,33_IC2434030.htm",validation_failed,gap_probe_failed: missing_target_metrics,pool-location-id,2026-06-28T09:20:47.388356+00:00
Micro-Star International,"São Paulo, SP",s o paulo sp,office-location,"São Paulo, SP","https://www.glassdoor.com/Location/All-ASUS-São-Paulo-Office-Locations-EI_IE40093.4,8_IL.9,18_IC2479061.htm","https://www.glassdoor.com/Reviews/Micro-Star-International-S%C3%A3o-Paulo-Reviews-EI_IE41141.0,24_IL.25,34_IC2479061.htm",validation_failed,gap_probe_failed: missing_target_metrics,pool-location-id,2026-06-28T09:20:53.282019+00:00
Micro-Star International,"Sydney, NSW",sydney nsw,office-location,"Sydney, NSW","https://www.glassdoor.com/Location/All-ASUS-Sydney-Office-Locations-EI_IE40093.4,8_IL.9,15_IC2235932.htm","https://www.glassdoor.com/Reviews/Micro-Star-International-Sydney-Reviews-EI_IE41141.0,24_IL.25,31_IC2235932.htm",validation_failed,gap_probe_failed: missing_target_metrics,pool-location-id,2026-06-28T09:20:59.824870+00:00
Micro-Star International,"Austin, TX",austin tx,office-location,"Austin, TX","https://www.glassdoor.com/Location/All-NVIDIA-Austin-Office-Locations-EI_IE7633.4,10_IL.11,17_IC1139761.htm","https://www.glassdoor.com/Reviews/Micro-Star-International-Austin-Reviews-EI_IE41141.0,24_IL.25,31_IC1139761.htm",validation_failed,gap_probe_failed: missing_target_metrics,pool-location-id,2026-06-28T09:21:06.058925+00:00
Micro-Star International,"Beaverton, OR",beaverton or,office-location,"Beaverton, OR","https://www.glassdoor.com/Location/All-NVIDIA-Beaverton-Office-Locations-EI_IE7633.4,10_IL.11,20_IC1151576.htm","https://www.glassdoor.com/Reviews/Micro-Star-International-Beaverton-Reviews-EI_IE41141.0,24_IL.25,34_IC1151576.htm",validation_failed,gap_probe_failed: missing_target_metrics,pool-location-id,2026-06-28T09:21:11.644802+00:00
Micro-Star International,"Bellevue, WA",bellevue wa,office-location,"Bellevue, WA","https://www.glassdoor.com/Location/All-NVIDIA-Bellevue-Office-Locations-EI_IE7633.4,10_IL.11,19_IC1150442.htm","https://www.glassdoor.com/Reviews/Micro-Star-International-Bellevue-Reviews-EI_IE41141.0,24_IL.25,33_IC1150442.htm",validation_failed,gap_probe_failed: missing_target_metrics,pool-location-id,2026-06-28T09:21:17.068242+00:00
Micro-Star International,"Durham, NC",durham nc,office-location,"Durham, NC","https://www.glassdoor.com/Location/All-NVIDIA-Durham-Office-Locations-EI_IE7633.4,10_IL.11,17_IC1138697.htm","https://www.glassdoor.com/Reviews/Micro-Star-International-Durham-Reviews-EI_IE41141.0,24_IL.25,31_IC1138697.htm",validation_failed,gap_probe_failed: missing_target_metrics,pool-location-id,2026-06-28T09:21:23.054223+00:00
Micro-Star International,"Hillsboro, OR",hillsboro or,office-location,"Hillsboro, OR","https://www.glassdoor.com/Location/All-NVIDIA-Hillsboro-Office-Locations-EI_IE7633.4,10_IL.11,20_IC1151603.htm","https://www.glassdoor.com/Reviews/Micro-Star-International-Hillsboro-Reviews-EI_IE41141.0,24_IL.25,34_IC1151603.htm",validation_failed,gap_probe_failed: missing_target_metrics,pool-location-id,2026-06-28T09:21:29.270738+00:00
Micro-Star International,"Redmond, WA",redmond wa,office-location,"Redmond, WA","https://www.glassdoor.com/Location/All-NVIDIA-Redmond-Office-Locations-EI_IE7633.4,10_IL.11,18_IC1150499.htm","https://www.glassdoor.com/Reviews/Micro-Star-International-Redmond-Reviews-EI_IE41141.0,24_IL.25,32_IC1150499.htm",validation_failed,gap_probe_failed: missing_target_metrics,pool-location-id,2026-06-28T09:21:35.385536+00:00
Micro-Star International,"Saint Louis, MO",saint louis mo,office-location,"Saint Louis, MO","https://www.glassdoor.com/Location/All-NVIDIA-Saint-Louis-Office-Locations-EI_IE7633.4,10_IL.11,22_IC1131270.htm","https://www.glassdoor.com/Reviews/Micro-Star-International-Saint-Louis-Reviews-EI_IE41141.0,24_IL.25,36_IC1131270.htm",validation_failed,gap_probe_failed: missing_target_metrics,pool-location-id,2026-06-28T09:21:41.552019+00:00
Micro-Star International,"San Francisco, CA",san francisco ca,office-location,"San Francisco, CA","https://www.glassdoor.com/Location/All-NVIDIA-San-Francisco-Office-Locations-EI_IE7633.4,10_IL.11,24_IC1147401.htm","https://www.glassdoor.com/Reviews/Micro-Star-International-San-Francisco-Reviews-EI_IE41141.0,24_IL.25,38_IC1147401.htm",validation_failed,gap_probe_failed: missing_target_metrics,pool-location-id,2026-06-28T09:21:47.195201+00:00
Micro-Star International,"San Jose, CA",san jose,office-location,"San Jose, CA","https://www.glassdoor.com/Location/All-NVIDIA-San-Jose-Office-Locations-EI_IE7633.4,10_IL.11,19_IC1147436.htm","https://www.glassdoor.com/Reviews/Micro-Star-International-San-Jose-Reviews-EI_IE41141.0,24_IL.25,33_IC1147436.htm",validation_failed,gap_probe_failed: company_mismatch,pool-location-id,2026-06-28T15:51:09.154175+08:00
Micro-Star International,"Santa Clara, CA",santa clara ca,office-location,"Santa Clara, CA","https://www.glassdoor.com/Location/All-NVIDIA-Santa-Clara-Office-Locations-EI_IE7633.4,10_IL.11,22_IC1147439.htm","https://www.glassdoor.com/Reviews/Micro-Star-International-Santa-Clara-Reviews-EI_IE41141.0,24_IL.25,36_IC1147439.htm",validation_failed,gap_probe_failed: missing_target_metrics,pool-location-id,2026-06-28T09:21:53.046320+00:00
Micro-Star International,"Toronto, ON",toronto on,office-location,"Toronto, ON","https://www.glassdoor.com/Location/All-NVIDIA-Toronto-Office-Locations-EI_IE7633.4,10_IL.11,18_IC2281069.htm","https://www.glassdoor.com/Reviews/Micro-Star-International-Toronto-Reviews-EI_IE41141.0,24_IL.25,32_IC2281069.htm",validation_failed,gap_probe_failed: missing_target_metrics,pool-location-id,2026-06-28T09:21:59.432139+00:00
Micro-Star International,"Westford, MA",westford ma,office-location,"Westford, MA","https://www.glassdoor.com/Location/All-NVIDIA-Westford-Office-Locations-EI_IE7633.4,10_IL.11,19_IC1154720.htm","https://www.glassdoor.com/Reviews/Micro-Star-International-Westford-Reviews-EI_IE41141.0,24_IL.25,33_IC1154720.htm",validation_failed,gap_probe_failed: missing_target_metrics,pool-location-id,2026-06-28T09:22:05.088520+00:00
Micro-Star International,"Moscow, 48",moscow 48,office-location,"Moscow, 48","https://www.glassdoor.com/Location/All-NVIDIA-Moscow-Office-Locations-EI_IE7633.4,10_IL.11,17_IC3348306.htm","https://www.glassdoor.com/Reviews/Micro-Star-International-Moscow-Reviews-EI_IE41141.0,24_IL.25,31_IC3348306.htm",validation_failed,gap_probe_failed: missing_target_metrics,pool-location-id,2026-06-28T09:22:11.241719+00:00
Micro-Star International,"Munich, BY",munich by,office-location,"Munich, BY","https://www.glassdoor.com/Location/All-NVIDIA-Munich-Office-Locations-EI_IE7633.4,10_IL.11,17_IC4990924.htm","https://www.glassdoor.com/Reviews/Micro-Star-International-Munich-Reviews-EI_IE41141.0,24_IL.25,31_IC4990924.htm",validation_failed,gap_probe_failed: missing_target_metrics,pool-location-id,2026-06-28T09:22:17.847057+00:00
Micro-Star International,"Reading, ENG",reading eng,office-location,"Reading, ENG","https://www.glassdoor.com/Location/All-NVIDIA-Reading-Office-Locations-EI_IE7633.4,10_IL.11,18_IC2675152.htm","https://www.glassdoor.com/Reviews/Micro-Star-International-Reading-Reviews-EI_IE41141.0,24_IL.25,32_IC2675152.htm",validation_failed,gap_probe_failed: missing_target_metrics,pool-location-id,2026-06-28T09:22:23.547044+00:00
Micro-Star International,"Zürich, ZH",z rich zh,office-location,"Zürich, ZH","https://www.glassdoor.com/Location/All-NVIDIA-Zürich-Office-Locations-EI_IE7633.4,10_IL.11,17_IC3297851.htm","https://www.glassdoor.com/Reviews/Micro-Star-International-Z%C3%BCrich-Reviews-EI_IE41141.0,24_IL.25,31_IC3297851.htm",validation_failed,gap_probe_failed: missing_target_metrics,pool-location-id,2026-06-28T09:22:29.274746+00:00
Micro-Star International,"Bengaluru, KA",bengaluru ka,office-location,"Bengaluru, KA","https://www.glassdoor.com/Location/All-NVIDIA-Bengaluru-Office-Locations-EI_IE7633.4,10_IL.11,20_IC2940587.htm","https://www.glassdoor.com/Reviews/Micro-Star-International-Bengaluru-Reviews-EI_IE41141.0,24_IL.25,34_IC2940587.htm",validation_failed,gap_probe_failed: missing_target_metrics,pool-location-id,2026-06-28T09:22:35.541616+00:00
Micro-Star International,"Hsinchu, TXG",hsinchu txg,office-location,"Hsinchu, TXG","https://www.glassdoor.com/Location/All-NVIDIA-Hsinchu-Office-Locations-EI_IE7633.4,10_IL.11,18_IC4915323.htm","https://www.glassdoor.com/Reviews/Micro-Star-International-Hsinchu-Reviews-EI_IE41141.0,24_IL.25,32_IC4915323.htm",validation_failed,gap_probe_failed: missing_target_metrics,pool-location-id,2026-06-28T09:22:41.520275+00:00
Micro-Star International,"Pudong, 23",pudong 23,office-location,"Pudong, 23","https://www.glassdoor.com/Location/All-NVIDIA-Pudong-Office-Locations-EI_IE7633.4,10_IL.11,17_IC2415109.htm","https://www.glassdoor.com/Reviews/Micro-Star-International-Pudong-Reviews-EI_IE41141.0,24_IL.25,31_IC2415109.htm",resolved,,pool-location-id,2026-06-28T09:22:57.683651+00:00
Micro-Star International,"Pune, MH",pune mh,office-location,"Pune, MH","https://www.glassdoor.com/Location/All-NVIDIA-Pune-Office-Locations-EI_IE7633.4,10_IL.11,15_IC2856202.htm","https://www.glassdoor.com/Reviews/Micro-Star-International-Pune-Reviews-EI_IE41141.0,24_IL.25,29_IC2856202.htm",validation_failed,gap_probe_failed: missing_target_metrics,pool-location-id,2026-06-28T09:23:03.415692+00:00
Micro-Star International,"Shanghai, 23",shanghai 23,office-location,"Shanghai, 23","https://www.glassdoor.com/Location/All-NVIDIA-Shanghai-Office-Locations-EI_IE7633.4,10_IL.11,19_IC2416009.htm","https://www.glassdoor.com/Reviews/Micro-Star-International-Shanghai-Reviews-EI_IE41141.0,24_IL.25,33_IC2416009.htm",resolved,,pool-location-id,2026-06-28T09:23:08.934038+00:00
Micro-Star International,"San Jose, MP",san jose mp,office-location,"San Jose, CA","https://www.glassdoor.com/Location/All-NVIDIA-San-Jose-Office-Locations-EI_IE7633.4,10_IL.11,19_IC1147436.htm","https://www.glassdoor.com/Reviews/Micro-Star-International-San-Jose-Reviews-EI_IE41141.0,24_IL.25,33_IC1147436.htm",validation_failed,gap_probe_failed: missing_target_metrics,pool-location-id,2026-06-28T09:23:16.042224+00:00
Micro-Star International,"Frankfurt am Main, HE",frankfurt am main he,office-location,"Frankfurt am Main, HE","https://www.glassdoor.com/Location/All-Micro-Star-International-Frankfurt-am-Main-Office-Locations-EI_IE41141.4,28_IL.29,46_IC2632180.htm",https://www.glassdoor.com/Reviews/index.htm,resolved,,office-navigation,2026-06-28T15:27:44.514626+08:00
Micro-Star International,"Boise, ID",boise id,office-location,"Boise, ID","https://www.glassdoor.com/Location/All-HP-Inc-Boise-Office-Locations-EI_IE1093161.4,10_IL.11,16_IC1127927.htm","https://www.glassdoor.com/Reviews/Micro-Star-International-Boise-Reviews-EI_IE41141.0,24_IL.25,30_IC1127927.htm",validation_failed,gap_probe_failed: missing_target_metrics,pool-location-id,2026-06-28T09:23:22.232962+00:00
Micro-Star International,"Corvallis, OR",corvallis or,office-location,"Corvallis, OR","https://www.glassdoor.com/Location/All-HP-Inc-Corvallis-Office-Locations-EI_IE1093161.4,10_IL.11,20_IC1151455.htm","https://www.glassdoor.com/Reviews/Micro-Star-International-Corvallis-Reviews-EI_IE41141.0,24_IL.25,34_IC1151455.htm",validation_failed,gap_probe_failed: missing_target_metrics,pool-location-id,2026-06-28T09:23:28.221653+00:00
Micro-Star International,"Fort Collins, CO",fort collins co,office-location,"Fort Collins, CO","https://www.glassdoor.com/Location/All-HP-Inc-Fort-Collins-Office-Locations-EI_IE1093161.4,10_IL.11,23_IC1148233.htm","https://www.glassdoor.com/Reviews/Micro-Star-International-Fort-Collins-Reviews-EI_IE41141.0,24_IL.25,37_IC1148233.htm",validation_failed,gap_probe_failed: missing_target_metrics,pool-location-id,2026-06-28T09:23:34.543877+00:00
Micro-Star International,"Guadalajara, JAL",guadalajara jal,office-location,"Guadalajara, JAL","https://www.glassdoor.com/Location/All-HP-Inc-Guadalajara-Office-Locations-EI_IE1093161.4,10_IL.11,22_IC3486357.htm","https://www.glassdoor.com/Reviews/Micro-Star-International-Guadalajara-Reviews-EI_IE41141.0,24_IL.25,36_IC3486357.htm",validation_failed,gap_probe_failed: missing_target_metrics,pool-location-id,2026-06-28T09:23:39.852018+00:00
Micro-Star International,"Houston, TX",houston tx,office-location,"Houston, TX","https://www.glassdoor.com/Location/All-HP-Inc-Houston-Office-Locations-EI_IE1093161.4,10_IL.11,18_IC1140171.htm","https://www.glassdoor.com/Reviews/Micro-Star-International-Houston-Reviews-EI_IE41141.0,24_IL.25,32_IC1140171.htm",validation_failed,gap_probe_failed: missing_target_metrics,pool-location-id,2026-06-28T09:23:45.264257+00:00
Micro-Star International,"Palo Alto, CA",palo alto ca,office-location,"Palo Alto, CA","https://www.glassdoor.com/Location/All-HP-Inc-Palo-Alto-Office-Locations-EI_IE1093161.4,10_IL.11,20_IC1147434.htm","https://www.glassdoor.com/Reviews/Micro-Star-International-Palo-Alto-Reviews-EI_IE41141.0,24_IL.25,34_IC1147434.htm",validation_failed,gap_probe_failed: missing_target_metrics,pool-location-id,2026-06-28T09:23:50.788272+00:00
Micro-Star International,"Portland, OR",portland or,office-location,"Portland, OR","https://www.glassdoor.com/Location/All-HP-Inc-Portland-Office-Locations-EI_IE1093161.4,10_IL.11,19_IC1151614.htm","https://www.glassdoor.com/Reviews/Micro-Star-International-Portland-Reviews-EI_IE41141.0,24_IL.25,33_IC1151614.htm",validation_failed,gap_probe_failed: missing_target_metrics,pool-location-id,2026-06-28T09:23:56.477039+00:00
Micro-Star International,"San Diego, CA",san diego ca,office-location,"San Diego, CA","https://www.glassdoor.com/Location/All-HP-Inc-San-Diego-Office-Locations-EI_IE1093161.4,10_IL.11,20_IC1147311.htm","https://www.glassdoor.com/Reviews/Micro-Star-International-San-Diego-Reviews-EI_IE41141.0,24_IL.25,34_IC1147311.htm",validation_failed,gap_probe_failed: missing_target_metrics,pool-location-id,2026-06-28T09:24:02.655544+00:00
Micro-Star International,"Spring, TX",spring tx,office-location,"Spring, TX","https://www.glassdoor.com/Location/All-HP-Inc-Spring-Office-Locations-EI_IE1093161.4,10_IL.11,17_IC1140222.htm","https://www.glassdoor.com/Reviews/Micro-Star-International-Spring-Reviews-EI_IE41141.0,24_IL.25,31_IC1140222.htm",validation_failed,gap_probe_failed: missing_target_metrics,pool-location-id,2026-06-28T09:24:08.563568+00:00
Micro-Star International,"Sunnyvale, CA",sunnyvale ca,office-location,"Sunnyvale, CA","https://www.glassdoor.com/Location/All-HP-Inc-Sunnyvale-Office-Locations-EI_IE1093161.4,10_IL.11,20_IC1147442.htm","https://www.glassdoor.com/Reviews/Micro-Star-International-Sunnyvale-Reviews-EI_IE41141.0,24_IL.25,34_IC1147442.htm",validation_failed,gap_probe_failed: missing_target_metrics,pool-location-id,2026-06-28T09:24:14.114085+00:00
Micro-Star International,"Tlaquepaque, JAL",tlaquepaque jal,office-location,"Tlaquepaque, JAL","https://www.glassdoor.com/Location/All-HP-Inc-Tlaquepaque-Office-Locations-EI_IE1093161.4,10_IL.11,22_IC3486348.htm","https://www.glassdoor.com/Reviews/Micro-Star-International-Tlaquepaque-Reviews-EI_IE41141.0,24_IL.25,36_IC3486348.htm",validation_failed,gap_probe_failed: missing_target_metrics,pool-location-id,2026-06-28T09:24:19.807333+00:00
Micro-Star International,"Vancouver, WA",vancouver wa,office-location,"Vancouver, WA","https://www.glassdoor.com/Location/All-HP-Inc-Vancouver-Office-Locations-EI_IE1093161.4,10_IL.11,20_IC1150413.htm","https://www.glassdoor.com/Reviews/Micro-Star-International-Vancouver-Reviews-EI_IE41141.0,24_IL.25,34_IC1150413.htm",validation_failed,gap_probe_failed: missing_target_metrics,pool-location-id,2026-06-28T09:24:25.977016+00:00
Micro-Star International,"Zapopan, JAL",zapopan jal,office-location,"Zapopan, JAL","https://www.glassdoor.com/Location/All-HP-Inc-Zapopan-Office-Locations-EI_IE1093161.4,10_IL.11,18_IC3487018.htm","https://www.glassdoor.com/Reviews/Micro-Star-International-Zapopan-Reviews-EI_IE41141.0,24_IL.25,32_IC3487018.htm",validation_failed,gap_probe_failed: missing_target_metrics,pool-location-id,2026-06-28T09:24:31.967726+00:00
Micro-Star International,"Boulogne-Billancourt, A8",boulogne billancourt a8,office-location,"Boulogne-Billancourt, A8","https://www.glassdoor.com/Location/All-HP-Inc-Boulogne-Billancourt-Office-Locations-EI_IE1093161.4,10_IL.11,31_IC3040032.htm","https://www.glassdoor.com/Reviews/Micro-Star-International-Boulogne-Billancourt-Reviews-EI_IE41141.0,24_IL.25,45_IC3040032.htm",validation_failed,gap_probe_failed: missing_target_metrics,pool-location-id,2026-06-28T09:24:40.138884+00:00
Micro-Star International,"Bucharest, B",bucharest b,office-location,"Bucharest, B","https://www.glassdoor.com/Location/All-HP-Inc-Bucharest-Office-Locations-EI_IE1093161.4,10_IL.11,20_IC3184907.htm","https://www.glassdoor.com/Reviews/Micro-Star-International-Bucharest-Reviews-EI_IE41141.0,24_IL.25,34_IC3184907.htm",validation_failed,gap_probe_failed: missing_target_metrics,pool-location-id,2026-06-28T09:24:46.034354+00:00
Micro-Star International,"Cambridge, ENG",cambridge eng,office-location,"Cambridge, ENG","https://www.glassdoor.com/Location/All-HP-Inc-Cambridge-Office-Locations-EI_IE1093161.4,10_IL.11,20_IC2662516.htm","https://www.glassdoor.com/Reviews/Micro-Star-International-Cambridge-Reviews-EI_IE41141.0,24_IL.25,34_IC2662516.htm",validation_failed,gap_probe_failed: missing_target_metrics,pool-location-id,2026-06-28T09:24:52.154013+00:00
Micro-Star International,"Meudon, A8",meudon a8,office-location,"Meudon, A8","https://www.glassdoor.com/Location/All-HP-Inc-Meudon-Office-Locations-EI_IE1093161.4,10_IL.11,17_IC3019026.htm","https://www.glassdoor.com/Reviews/Micro-Star-International-Meudon-Reviews-EI_IE41141.0,24_IL.25,31_IC3019026.htm",validation_failed,gap_probe_failed: missing_target_metrics,pool-location-id,2026-06-28T09:25:07.955448+00:00
Micro-Star International,"Paris, A8",paris a8,office-location,"Paris, A8","https://www.glassdoor.com/Location/All-HP-Inc-Paris-Office-Locations-EI_IE1093161.4,10_IL.11,16_IC2881970.htm","https://www.glassdoor.com/Reviews/Micro-Star-International-Paris-Reviews-EI_IE41141.0,24_IL.25,30_IC2881970.htm",validation_failed,gap_probe_failed: missing_target_metrics,pool-location-id,2026-06-28T09:25:13.981055+00:00
Micro-Star International,"Sant Cugat del Vallès, CT",sant cugat del vall s ct,office-location,"Sant Cugat del Vallès, CT","https://www.glassdoor.com/Location/All-HP-Inc-Sant-Cugat-del-Vallès-Office-Locations-EI_IE1093161.4,10_IL.11,32_IC4843928.htm","https://www.glassdoor.com/Reviews/Micro-Star-International-Sant-Cugat-del-Vall%C3%A8s-Reviews-EI_IE41141.0,24_IL.25,46_IC4843928.htm",validation_failed,gap_probe_failed: missing_target_metrics,pool-location-id,2026-06-28T09:25:20.126056+00:00
Micro-Star International,"Tuas, W",tuas w,office-location,"Tuas, W","https://www.glassdoor.com/Location/All-HP-Inc-Tuas-Office-Locations-EI_IE1093161.4,10_IL.11,15_IC3235538.htm","https://www.glassdoor.com/Reviews/Micro-Star-International-Tuas-Reviews-EI_IE41141.0,24_IL.25,29_IC3235538.htm",validation_failed,gap_probe_failed: missing_target_metrics,pool-location-id,2026-06-28T09:25:25.379543+00:00
Micro-Star International,"Whitefield, KA",whitefield ka,office-location,"Whitefield, KA","https://www.glassdoor.com/Location/All-HP-Inc-Whitefield-Office-Locations-EI_IE1093161.4,10_IL.11,21_IC2941717.htm","https://www.glassdoor.com/Reviews/Micro-Star-International-Whitefield-Reviews-EI_IE41141.0,24_IL.25,35_IC2941717.htm",validation_failed,gap_probe_failed: missing_target_metrics,pool-location-id,2026-06-28T09:25:38.553410+00:00
Micro-Star International,"Lake Forest, CA",lake forest ca,office-location,"Lake Forest, CA","https://www.glassdoor.com/Location/All-Wistron-Lake-Forest-Office-Locations-EI_IE15218.4,11_IL.12,23_IC1146811.htm","https://www.glassdoor.com/Reviews/Micro-Star-International-Lake-Forest-Reviews-EI_IE41141.0,24_IL.25,36_IC1146811.htm",validation_failed,gap_probe_failed: missing_target_metrics,pool-location-id,2026-06-28T09:25:44.747024+00:00
Micro-Star International,"Rolling Meadows, IL",rolling meadows il,office-location,"Rolling Meadows, IL","https://www.glassdoor.com/Location/All-Wistron-Rolling-Meadows-Office-Locations-EI_IE15218.4,11_IL.12,27_IC1128962.htm","https://www.glassdoor.com/Reviews/Micro-Star-International-Rolling-Meadows-Reviews-EI_IE41141.0,24_IL.25,40_IC1128962.htm",validation_failed,gap_probe_failed: missing_target_metrics,pool-location-id,2026-06-28T09:25:50.845437+00:00
Micro-Star International,"Wuhan, 12",wuhan 12,office-location,"Wuhan, 12","https://www.glassdoor.com/Location/All-Wistron-Wuhan-Office-Locations-EI_IE15218.4,11_IL.12,17_IC2478891.htm","https://www.glassdoor.com/Reviews/Micro-Star-International-Wuhan-Reviews-EI_IE41141.0,24_IL.25,30_IC2478891.htm",validation_failed,gap_probe_failed: missing_target_metrics,pool-location-id,2026-06-28T09:25:57.518651+00:00
Micro-Star International,"Hoofddorp, NH",hoofddorp nh,office-location,"Hoofddorp, NH","https://www.glassdoor.com/Location/All-Delta-Electronics-Hoofddorp-Office-Locations-EI_IE41146.4,21_IL.22,31_IC3063772.htm","https://www.glassdoor.com/Reviews/Micro-Star-International-Hoofddorp-Reviews-EI_IE41141.0,24_IL.25,34_IC3063772.htm",validation_failed,gap_probe_failed: missing_target_metrics,pool-location-id,2026-06-28T09:26:03.359239+00:00
Micro-Star International,"Notting Hill, VIC",notting hill vic,office-location,"Notting Hill, VIC","https://www.glassdoor.com/Location/All-Delta-Electronics-Notting-Hill-Office-Locations-EI_IE41146.4,21_IL.22,34_IC2257042.htm","https://www.glassdoor.com/Reviews/Micro-Star-International-Notting-Hill-Reviews-EI_IE41141.0,24_IL.25,37_IC2257042.htm",validation_failed,gap_probe_failed: missing_target_metrics,pool-location-id,2026-06-28T09:26:09.034659+00:00
Micro-Star International,"Jeffersonville, IN",jeffersonville in,office-location,"Jeffersonville, IN","https://www.glassdoor.com/Location/All-Pegatron-Jeffersonville-Office-Locations-EI_IE337948.4,12_IL.13,27_IC1145141.htm","https://www.glassdoor.com/Reviews/Micro-Star-International-Jeffersonville-Reviews-EI_IE41141.0,24_IL.25,39_IC1145141.htm",validation_failed,gap_probe_failed: missing_target_metrics,pool-location-id,2026-06-28T09:26:14.986260+00:00
Micro-Star International,"Irving, TX",irving tx,office-location,"Irving, TX","https://www.glassdoor.com/Location/All-Trend-Micro-Inc-Irving-Office-Locations-EI_IE8983.4,19_IL.20,26_IC1140006.htm","https://www.glassdoor.com/Reviews/Micro-Star-International-Irving-Reviews-EI_IE41141.0,24_IL.25,31_IC1140006.htm",validation_failed,gap_probe_failed: missing_target_metrics,pool-location-id,2026-06-28T09:26:20.561871+00:00
Micro-Star International,"Jersey City, NJ",jersey city nj,office-location,"Jersey City, NJ","https://www.glassdoor.com/Location/All-Trend-Micro-Inc-Jersey-City-Office-Locations-EI_IE8983.4,19_IL.20,31_IC1126819.htm","https://www.glassdoor.com/Reviews/Micro-Star-International-Jersey-City-Reviews-EI_IE41141.0,24_IL.25,36_IC1126819.htm",validation_failed,gap_probe_failed: missing_target_metrics,pool-location-id,2026-06-28T09:26:26.787351+00:00
Micro-Star International,"Kanata, ON",kanata on,office-location,"Kanata, ON","https://www.glassdoor.com/Location/All-Trend-Micro-Inc-Kanata-Office-Locations-EI_IE8983.4,19_IL.20,26_IC2282818.htm","https://www.glassdoor.com/Reviews/Micro-Star-International-Kanata-Reviews-EI_IE41141.0,24_IL.25,31_IC2282818.htm",validation_failed,gap_probe_failed: missing_target_metrics,pool-location-id,2026-06-28T09:26:33.097093+00:00
Micro-Star International,"Cork, M",cork m,office-location,"Cork, M","https://www.glassdoor.com/Location/All-Trend-Micro-Inc-Cork-Office-Locations-EI_IE8983.4,19_IL.20,24_IC4325638.htm","https://www.glassdoor.com/Reviews/Micro-Star-International-Cork-Reviews-EI_IE41141.0,24_IL.25,29_IC4325638.htm",validation_failed,gap_probe_failed: missing_target_metrics,pool-location-id,2026-06-28T09:26:39.282072+00:00
Micro-Star International,"London, ENG",london eng,office-location,"London, ENG","https://www.glassdoor.com/Location/All-Trend-Micro-Inc-London-Office-Locations-EI_IE8983.4,19_IL.20,26_IC2671300.htm","https://www.glassdoor.com/Reviews/Micro-Star-International-London-Reviews-EI_IE41141.0,24_IL.25,31_IC2671300.htm",resolved,,pool-location-id,2026-06-28T09:26:45.642465+00:00
Micro-Star International,"Paddington, ENG",paddington eng,office-location,"Paddington, ENG","https://www.glassdoor.com/Location/All-Trend-Micro-Inc-Paddington-Office-Locations-EI_IE8983.4,19_IL.20,30_IC3527325.htm","https://www.glassdoor.com/Reviews/Micro-Star-International-Paddington-Reviews-EI_IE41141.0,24_IL.25,35_IC3527325.htm",validation_failed,gap_probe_failed: missing_target_metrics,pool-location-id,2026-06-28T09:26:52.005453+00:00
Micro-Star International,"Aliso, CA",aliso ca,office-location,"Aliso, CA","https://www.glassdoor.com/Location/All-Dell-Technologies-Aliso-Office-Locations-EI_IE1327.4,21_IL.22,27_IC3789361.htm","https://www.glassdoor.com/Reviews/Micro-Star-International-Aliso-Reviews-EI_IE41141.0,24_IL.25,30_IC3789361.htm",validation_failed,gap_probe_failed: missing_target_metrics,pool-location-id,2026-06-28T09:26:57.720467+00:00
Micro-Star International,"Bedford, MA",bedford ma,office-location,"Bedford, MA","https://www.glassdoor.com/Location/All-Dell-Technologies-Bedford-Office-Locations-EI_IE1327.4,21_IL.22,29_IC1154527.htm","https://www.glassdoor.com/Reviews/Micro-Star-International-Bedford-Reviews-EI_IE41141.0,24_IL.25,32_IC1154527.htm",validation_failed,gap_probe_failed: missing_target_metrics,pool-location-id,2026-06-28T09:27:03.461770+00:00
Micro-Star International,"Boston, MA",boston ma,office-location,"Boston, MA","https://www.glassdoor.com/Location/All-Dell-Technologies-Boston-Office-Locations-EI_IE1327.4,21_IL.22,28_IC1154532.htm","https://www.glassdoor.com/Reviews/Micro-Star-International-Boston-Reviews-EI_IE41141.0,24_IL.25,31_IC1154532.htm",validation_failed,gap_probe_failed: missing_target_metrics,pool-location-id,2026-06-28T09:27:09.694913+00:00
Micro-Star International,"Boydton, VA",boydton va,office-location,"Boydton, VA","https://www.glassdoor.com/Location/All-Dell-Technologies-Boydton-Office-Locations-EI_IE1327.4,21_IL.22,29_IC1129623.htm","https://www.glassdoor.com/Reviews/Micro-Star-International-Boydton-Reviews-EI_IE41141.0,24_IL.25,32_IC1129623.htm",validation_failed,gap_probe_failed: missing_target_metrics,pool-location-id,2026-06-28T09:27:26.635671+00:00
Micro-Star International,"Cambridge, MA",cambridge ma,office-location,"Cambridge, MA","https://www.glassdoor.com/Location/All-Dell-Technologies-Cambridge-Office-Locations-EI_IE1327.4,21_IL.22,31_IC1154545.htm","https://www.glassdoor.com/Reviews/Micro-Star-International-Cambridge-Reviews-EI_IE41141.0,24_IL.25,34_IC1154545.htm",validation_failed,gap_probe_failed: missing_target_metrics,pool-location-id,2026-06-28T09:27:32.894592+00:00
Micro-Star International,"Canada, KY",canada ky,office-location,"Canada, KY","https://www.glassdoor.com/Location/All-Dell-Technologies-Canada-Office-Locations-EI_IE1327.4,21_IL.22,28_IC1137126.htm","https://www.glassdoor.com/Reviews/Micro-Star-International-Canada-Reviews-EI_IE41141.0,24_IL.25,31_IC1137126.htm",validation_failed,gap_probe_failed: missing_target_metrics,pool-location-id,2026-06-28T09:27:38.451864+00:00
Micro-Star International,"Canton, MA",canton ma,office-location,"Canton, MA","https://www.glassdoor.com/Location/All-Dell-Technologies-Canton-Office-Locations-EI_IE1327.4,21_IL.22,28_IC1154546.htm","https://www.glassdoor.com/Reviews/Micro-Star-International-Canton-Reviews-EI_IE41141.0,24_IL.25,31_IC1154546.htm",validation_failed,gap_probe_failed: missing_target_metrics,pool-location-id,2026-06-28T09:27:44.498605+00:00
Micro-Star International,"Cedar Park, TX",cedar park tx,office-location,"Cedar Park, TX","https://www.glassdoor.com/Location/All-Dell-Technologies-Cedar-Park-Office-Locations-EI_IE1327.4,21_IL.22,32_IC1139765.htm","https://www.glassdoor.com/Reviews/Micro-Star-International-Cedar-Park-Reviews-EI_IE41141.0,24_IL.25,35_IC1139765.htm",validation_failed,gap_probe_failed: missing_target_metrics,pool-location-id,2026-06-28T09:27:51.640458+00:00
Micro-Star International,"Framingham, MA",framingham ma,office-location,"Framingham, MA","https://www.glassdoor.com/Location/All-Dell-Technologies-Framingham-Office-Locations-EI_IE1327.4,21_IL.22,32_IC1154571.htm","https://www.glassdoor.com/Reviews/Micro-Star-International-Framingham-Reviews-EI_IE41141.0,24_IL.25,35_IC1154571.htm",validation_failed,gap_probe_failed: missing_target_metrics,pool-location-id,2026-06-28T09:27:57.439527+00:00
Micro-Star International,"Franklin, MA",franklin ma,office-location,"Franklin, MA","https://www.glassdoor.com/Location/All-Dell-Technologies-Franklin-Office-Locations-EI_IE1327.4,21_IL.22,30_IC1154572.htm","https://www.glassdoor.com/Reviews/Micro-Star-International-Franklin-Reviews-EI_IE41141.0,24_IL.25,33_IC1154572.htm",validation_failed,gap_probe_failed: missing_target_metrics,pool-location-id,2026-06-28T09:28:03.274232+00:00
Micro-Star International,"Fuquay-Varina, NC",fuquay varina nc,office-location,"Fuquay-Varina, NC","https://www.glassdoor.com/Location/All-Dell-Technologies-Fuquay-Varina-Office-Locations-EI_IE1327.4,21_IL.22,35_IC3757296.htm","https://www.glassdoor.com/Reviews/Micro-Star-International-Fuquay-Varina-Reviews-EI_IE41141.0,24_IL.25,38_IC3757296.htm",validation_failed,gap_probe_failed: missing_target_metrics,pool-location-id,2026-06-28T09:28:09.067986+00:00
Micro-Star International,"Georgetown, TX",georgetown tx,office-location,"Georgetown, TX","https://www.glassdoor.com/Location/All-Dell-Technologies-Georgetown-Office-Locations-EI_IE1327.4,21_IL.22,32_IC1139774.htm","https://www.glassdoor.com/Reviews/Micro-Star-International-Georgetown-Reviews-EI_IE41141.0,24_IL.25,35_IC1139774.htm",validation_failed,gap_probe_failed: missing_target_metrics,pool-location-id,2026-06-28T09:28:14.607546+00:00
Micro-Star International,"Hopkinton, MA",hopkinton ma,office-location,"Hopkinton, MA","https://www.glassdoor.com/Location/All-Dell-Technologies-Hopkinton-Office-Locations-EI_IE1327.4,21_IL.22,31_IC1154589.htm","https://www.glassdoor.com/Reviews/Micro-Star-International-Hopkinton-Reviews-EI_IE41141.0,24_IL.25,34_IC1154589.htm",validation_failed,gap_probe_failed: missing_target_metrics,pool-location-id,2026-06-28T09:28:20.512152+00:00
Micro-Star International,"India, TX",india tx,office-location,"India, TX","https://www.glassdoor.com/Location/All-Dell-Technologies-India-Office-Locations-EI_IE1327.4,21_IL.22,27_IC3759223.htm","https://www.glassdoor.com/Reviews/Micro-Star-International-India-Reviews-EI_IE41141.0,24_IL.25,30_IC3759223.htm",validation_failed,gap_probe_failed: missing_target_metrics,pool-location-id,2026-06-28T09:28:27.064775+00:00
Micro-Star International,"Land O' Lakes, FL",land o lakes fl,office-location,"Land O' Lakes, FL","https://www.glassdoor.com/Location/All-Dell-Technologies-Land-O-Lakes-Office-Locations-EI_IE1327.4,21_IL.22,34_IC3817049.htm","https://www.glassdoor.com/Reviews/Micro-Star-International-Land-O-Lakes-Reviews-EI_IE41141.0,24_IL.25,37_IC3817049.htm",validation_failed,gap_probe_failed: missing_target_metrics,pool-location-id,2026-06-28T09:28:32.490526+00:00
Micro-Star International,"Leander, TX",leander tx,office-location,"Leander, TX","https://www.glassdoor.com/Location/All-Dell-Technologies-Leander-Office-Locations-EI_IE1327.4,21_IL.22,29_IC1139779.htm","https://www.glassdoor.com/Reviews/Micro-Star-International-Leander-Reviews-EI_IE41141.0,24_IL.25,32_IC1139779.htm",validation_failed,gap_probe_failed: missing_target_metrics,pool-location-id,2026-06-28T09:28:38.924442+00:00
Micro-Star International,"Pflugerville, TX",pflugerville tx,office-location,"Pflugerville, TX","https://www.glassdoor.com/Location/All-Dell-Technologies-Pflugerville-Office-Locations-EI_IE1327.4,21_IL.22,34_IC1139790.htm","https://www.glassdoor.com/Reviews/Micro-Star-International-Pflugerville-Reviews-EI_IE41141.0,24_IL.25,37_IC1139790.htm",validation_failed,gap_probe_failed: missing_target_metrics,pool-location-id,2026-06-28T09:28:45.458651+00:00
Micro-Star International,"Quincy, MA",quincy ma,office-location,"Quincy, MA","https://www.glassdoor.com/Location/All-Dell-Technologies-Quincy-Office-Locations-EI_IE1327.4,21_IL.22,28_IC1154667.htm","https://www.glassdoor.com/Reviews/Micro-Star-International-Quincy-Reviews-EI_IE41141.0,24_IL.25,31_IC1154667.htm",validation_failed,gap_probe_failed: missing_target_metrics,pool-location-id,2026-06-28T09:28:52.131978+00:00
Micro-Star International,"Round Rock, TX",round rock tx,office-location,"Round Rock, TX","https://www.glassdoor.com/Location/All-Dell-Technologies-Round-Rock-Office-Locations-EI_IE1327.4,21_IL.22,32_IC1139794.htm","https://www.glassdoor.com/Reviews/Micro-Star-International-Round-Rock-Reviews-EI_IE41141.0,24_IL.25,35_IC1139794.htm",validation_failed,gap_probe_failed: missing_target_metrics,pool-location-id,2026-06-28T09:28:58.268697+00:00
Micro-Star International,"San Marcos, TX",san marcos tx,office-location,"San Marcos, TX","https://www.glassdoor.com/Location/All-Dell-Technologies-San-Marcos-Office-Locations-EI_IE1327.4,21_IL.22,32_IC1139795.htm","https://www.glassdoor.com/Reviews/Micro-Star-International-San-Marcos-Reviews-EI_IE41141.0,24_IL.25,35_IC1139795.htm",validation_failed,gap_probe_failed: missing_target_metrics,pool-location-id,2026-06-28T09:29:03.837787+00:00
Micro-Star International,"Satellite Beach, FL",satellite beach fl,office-location,"Satellite Beach, FL","https://www.glassdoor.com/Location/All-Dell-Technologies-Satellite-Beach-Office-Locations-EI_IE1327.4,21_IL.22,37_IC1154294.htm","https://www.glassdoor.com/Reviews/Micro-Star-International-Satellite-Beach-Reviews-EI_IE41141.0,24_IL.25,40_IC1154294.htm",validation_failed,gap_probe_failed: missing_target_metrics,pool-location-id,2026-06-28T09:29:09.297038+00:00
Micro-Star International,"Wellesley, MA",wellesley ma,office-location,"Wellesley, MA","https://www.glassdoor.com/Location/All-Dell-Technologies-Wellesley-Office-Locations-EI_IE1327.4,21_IL.22,31_IC1154708.htm","https://www.glassdoor.com/Reviews/Micro-Star-International-Wellesley-Reviews-EI_IE41141.0,24_IL.25,34_IC1154708.htm",validation_failed,gap_probe_failed: missing_target_metrics,pool-location-id,2026-06-28T09:29:15.537987+00:00
Micro-Star International,"Domlur, KA",domlur ka,office-location,"Domlur, KA","https://www.glassdoor.com/Location/All-Dell-Technologies-Domlur-Office-Locations-EI_IE1327.4,21_IL.22,28_IC4470560.htm","https://www.glassdoor.com/Reviews/Micro-Star-International-Domlur-Reviews-EI_IE41141.0,24_IL.25,31_IC4470560.htm",validation_failed,gap_probe_failed: missing_target_metrics,pool-location-id,2026-06-28T09:29:21.370104+00:00
Micro-Star International,"Chicago, IL",chicago il,office-location,"Chicago, IL","https://www.glassdoor.com/Location/All-Lenovo-Chicago-Office-Locations-EI_IE8034.4,10_IL.11,18_IC1128808.htm","https://www.glassdoor.com/Reviews/Micro-Star-International-Chicago-Reviews-EI_IE41141.0,24_IL.25,32_IC1128808.htm",validation_failed,gap_probe_failed: missing_target_metrics,pool-location-id,2026-06-28T09:29:39.486126+00:00
Micro-Star International,"Morrisville, NC",morrisville nc,office-location,"Morrisville, NC","https://www.glassdoor.com/Location/All-Lenovo-Morrisville-Office-Locations-EI_IE8034.4,10_IL.11,22_IC1138956.htm","https://www.glassdoor.com/Reviews/Micro-Star-International-Morrisville-Reviews-EI_IE41141.0,24_IL.25,36_IC1138956.htm",validation_failed,gap_probe_failed: missing_target_metrics,pool-location-id,2026-06-28T09:29:45.479989+00:00
Micro-Star International,"Bratislava, 02",bratislava 02,office-location,"Bratislava, 02","https://www.glassdoor.com/Location/All-Lenovo-Bratislava-Office-Locations-EI_IE8034.4,10_IL.11,21_IC2907054.htm","https://www.glassdoor.com/Reviews/Micro-Star-International-Bratislava-Reviews-EI_IE41141.0,24_IL.25,35_IC2907054.htm",validation_failed,gap_probe_failed: missing_target_metrics,pool-location-id,2026-06-28T09:29:51.145181+00:00
Micro-Star International,"Stuttgart, BW",stuttgart bw,office-location,"Stuttgart, BW","https://www.glassdoor.com/Location/All-Lenovo-Stuttgart-Office-Locations-EI_IE8034.4,10_IL.11,20_IC2507190.htm","https://www.glassdoor.com/Reviews/Micro-Star-International-Stuttgart-Reviews-EI_IE41141.0,24_IL.25,34_IC2507190.htm",validation_failed,gap_probe_failed: missing_target_metrics,pool-location-id,2026-06-28T09:29:57.369151+00:00
Micro-Star International,"Beijing, 22",beijing 22,office-location,"Beijing, 22","https://www.glassdoor.com/Location/All-Lenovo-Beijing-Office-Locations-EI_IE8034.4,10_IL.11,18_IC2398510.htm","https://www.glassdoor.com/Reviews/Micro-Star-International-Beijing-Reviews-EI_IE41141.0,24_IL.25,32_IC2398510.htm",validation_failed,gap_probe_failed: missing_target_metrics,pool-location-id,2026-06-28T09:30:03.665074+00:00
Micro-Star International,"Changping, 22",changping 22,office-location,"Changping, 22","https://www.glassdoor.com/Location/All-Lenovo-Changping-Office-Locations-EI_IE8034.4,10_IL.11,20_IC2405661.htm","https://www.glassdoor.com/Reviews/Micro-Star-International-Changping-Reviews-EI_IE41141.0,24_IL.25,34_IC2405661.htm",validation_failed,gap_probe_failed: missing_target_metrics,pool-location-id,2026-06-28T09:30:10.459640+00:00
Micro-Star International,"Haidian, 22",haidian 22,office-location,"Haidian, 22","https://www.glassdoor.com/Location/All-Lenovo-Haidian-Office-Locations-EI_IE8034.4,10_IL.11,18_IC2405685.htm","https://www.glassdoor.com/Reviews/Micro-Star-International-Haidian-Reviews-EI_IE41141.0,24_IL.25,32_IC2405685.htm",validation_failed,gap_probe_failed: missing_target_metrics,pool-location-id,2026-06-28T09:30:16.494239+00:00
Micro-Star International,Hong Kong,hong kong,office-location,Hong Kong,"https://www.glassdoor.com/Location/All-Lenovo-Hong-Kong-Office-Locations-EI_IE8034.4,10_IL.11,20_IC2308631.htm","https://www.glassdoor.com/Reviews/Micro-Star-International-Hong-Kong-Reviews-EI_IE41141.0,24_IL.25,34_IC2308631.htm",validation_failed,gap_probe_failed: missing_target_metrics,pool-location-id,2026-06-28T09:30:22.972247+00:00
Micro-Star International,"Shenzhenzhen, 02",shenzhenzhen 02,office-location,"Shenzhenzhen, 02","https://www.glassdoor.com/Location/All-Lenovo-Shenzhenzhen-Office-Locations-EI_IE8034.4,10_IL.11,23_IC2441398.htm","https://www.glassdoor.com/Reviews/Micro-Star-International-Shenzhenzhen-Reviews-EI_IE41141.0,24_IL.25,37_IC2441398.htm",validation_failed,gap_probe_failed: missing_target_metrics,pool-location-id,2026-06-28T09:30:29.697621+00:00
Micro-Star International,"Xiamen, 07",xiamen 07,office-location,"Xiamen, 07","https://www.glassdoor.com/Location/All-Lenovo-Xiamen-Office-Locations-EI_IE8034.4,10_IL.11,17_IC2564138.htm","https://www.glassdoor.com/Reviews/Micro-Star-International-Xiamen-Reviews-EI_IE41141.0,24_IL.25,31_IC2564138.htm",validation_failed,gap_probe_failed: missing_target_metrics,pool-location-id,2026-06-28T09:30:35.714804+00:00
Micro-Star International,"Buenos Aires, C",buenos aires c,office-location,"Buenos Aires, C","https://www.glassdoor.com/Location/All-Lenovo-Buenos-Aires-Office-Locations-EI_IE8034.4,10_IL.11,23_IC2242084.htm","https://www.glassdoor.com/Reviews/Micro-Star-International-Buenos-Aires-Reviews-EI_IE41141.0,24_IL.25,37_IC2242084.htm",validation_failed,gap_probe_failed: missing_target_metrics,pool-location-id,2026-06-28T09:30:41.757227+00:00
Micro-Star International,"Campinas, SP",campinas sp,office-location,"Campinas, SP","https://www.glassdoor.com/Location/All-Lenovo-Campinas-Office-Locations-EI_IE8034.4,10_IL.11,19_IC2490130.htm","https://www.glassdoor.com/Reviews/Micro-Star-International-Campinas-Reviews-EI_IE41141.0,24_IL.25,33_IC2490130.htm",validation_failed,gap_probe_failed: missing_target_metrics,pool-location-id,2026-06-28T09:30:47.423512+00:00
Micro-Star International,"Indaiatuba, SP",indaiatuba sp,office-location,"Indaiatuba, SP","https://www.glassdoor.com/Location/All-Lenovo-Indaiatuba-Office-Locations-EI_IE8034.4,10_IL.11,21_IC2480058.htm","https://www.glassdoor.com/Reviews/Micro-Star-International-Indaiatuba-Reviews-EI_IE41141.0,24_IL.25,35_IC2480058.htm",validation_failed,gap_probe_failed: missing_target_metrics,pool-location-id,2026-06-28T09:30:53.161443+00:00
Micro-Star International,"Itu, SP",itu sp,office-location,"Itu, SP","https://www.glassdoor.com/Location/All-Lenovo-Itu-Office-Locations-EI_IE8034.4,10_IL.11,14_IC2490672.htm","https://www.glassdoor.com/Reviews/Micro-Star-International-Itu-Reviews-EI_IE41141.0,24_IL.25,28_IC2490672.htm",validation_failed,gap_probe_failed: missing_target_metrics,pool-location-id,2026-06-28T09:30:59.809058+00:00
Micro-Star International,"Martínez, B",mart nez b,office-location,"Martínez, B","https://www.glassdoor.com/Location/All-Lenovo-Martínez-Office-Locations-EI_IE8034.4,10_IL.11,19_IC2207815.htm","https://www.glassdoor.com/Reviews/Micro-Star-International-Mart%C3%ADnez-Reviews-EI_IE41141.0,24_IL.25,33_IC2207815.htm",validation_failed,gap_probe_failed: missing_target_metrics,pool-location-id,2026-06-28T09:31:05.916739+00:00
Micro-Star International,"Sorocaba, SP",sorocaba sp,office-location,"Sorocaba, SP","https://www.glassdoor.com/Location/All-Lenovo-Sorocaba-Office-Locations-EI_IE8034.4,10_IL.11,19_IC2475809.htm","https://www.glassdoor.com/Reviews/Micro-Star-International-Sorocaba-Reviews-EI_IE41141.0,24_IL.25,33_IC2475809.htm",validation_failed,gap_probe_failed: missing_target_metrics,pool-location-id,2026-06-28T09:31:11.737963+00:00
Micro-Star International,"Vicente López, B",vicente l pez b,office-location,"Vicente López, B","https://www.glassdoor.com/Location/All-Lenovo-Vicente-López-Office-Locations-EI_IE8034.4,10_IL.11,24_IC2211608.htm","https://www.glassdoor.com/Reviews/Micro-Star-International-Vicente-L%C3%B3pez-Reviews-EI_IE41141.0,24_IL.25,38_IC2211608.htm",validation_failed,gap_probe_failed: missing_target_metrics,pool-location-id,2026-06-28T09:31:18.097310+00:00
Micro-Star International,Global,global,manual-seed,,,https://www.glassdoor.com/Reviews/Micro-Star-International-Reviews-E41141.htm,resolved,,review-url-hint,2026-06-28T15:27:47.870851+08:00
Micro-Star International,Taipei,taipei,manual-seed,"Taipei, TPQ","https://www.glassdoor.com/Location/All-ASUS-Taipei-Office-Locations-EI_IE40093.4,8_IL.9,15_IC3271041.htm","https://www.glassdoor.com/Reviews/Micro-Star-International-Taipei-Reviews-EI_IE41141.0,24_IL.25,31_IC3271041.htm",validation_failed,gap_probe_failed: company_mismatch,pool-location-id,2026-06-28T15:51:11.143529+08:00
Micro-Star International,Hsinchu,hsinchu,manual-seed,"Hsinchu, TXG","https://www.glassdoor.com/Location/All-NVIDIA-Hsinchu-Office-Locations-EI_IE7633.4,10_IL.11,18_IC4915323.htm","https://www.glassdoor.com/Reviews/Micro-Star-International-Hsinchu-Reviews-EI_IE41141.0,24_IL.25,32_IC4915323.htm",validation_failed,gap_probe_failed: company_mismatch,pool-location-id,2026-06-28T15:51:13.137372+08:00
Micro-Star International,Taoyuan,taoyuan,manual-seed,,,,no_result,pool_location_id_not_found,pool-location-id,2026-06-28T15:51:13.227896+08:00
Micro-Star International,Shanghai,shanghai,manual-seed,"Shanghai, 23","https://www.glassdoor.com/Location/All-NVIDIA-Shanghai-Office-Locations-EI_IE7633.4,10_IL.11,19_IC2416009.htm","https://www.glassdoor.com/Reviews/Micro-Star-International-Shanghai-Reviews-EI_IE41141.0,24_IL.25,33_IC2416009.htm",validation_failed,gap_probe_failed: company_mismatch,pool-location-id,2026-06-28T15:51:15.136949+08:00
Micro-Star International,Shenzhen,shenzhen,manual-seed,"Shenzhenzhen, 02","https://www.glassdoor.com/Location/All-Lenovo-Shenzhenzhen-Office-Locations-EI_IE8034.4,10_IL.11,23_IC2441398.htm","https://www.glassdoor.com/Reviews/Micro-Star-International-Shenzhenzhen-Reviews-EI_IE41141.0,24_IL.25,37_IC2441398.htm",validation_failed,gap_probe_failed: company_mismatch,pool-location-id,2026-06-28T15:51:17.402398+08:00
Micro-Star International,Tokyo,tokyo,manual-seed,"Tokyo, 40","https://www.glassdoor.com/Location/All-ASUS-Tokyo-Office-Locations-EI_IE40093.4,8_IL.9,14_IC2851580.htm","https://www.glassdoor.com/Reviews/Micro-Star-International-Tokyo-Reviews-EI_IE41141.0,24_IL.25,30_IC2851580.htm",validation_failed,gap_probe_failed: company_mismatch,pool-location-id,2026-06-28T15:51:20.035728+08:00
Micro-Star International,Seoul,seoul,manual-seed,"Seoul, 11","https://www.glassdoor.com/Location/All-ASUS-Seoul-Office-Locations-EI_IE40093.4,8_IL.9,14_IC3021489.htm","https://www.glassdoor.com/Reviews/Micro-Star-International-Seoul-Reviews-EI_IE41141.0,24_IL.25,30_IC3021489.htm",validation_failed,gap_probe_failed: company_mismatch,pool-location-id,2026-06-28T15:51:22.254236+08:00
Micro-Star International,Austin,austin,manual-seed,"Austin, TX","https://www.glassdoor.com/Location/All-NVIDIA-Austin-Office-Locations-EI_IE7633.4,10_IL.11,17_IC1139761.htm","https://www.glassdoor.com/Reviews/Micro-Star-International-Austin-Reviews-EI_IE41141.0,24_IL.25,31_IC1139761.htm",validation_failed,gap_probe_failed: company_mismatch,pool-location-id,2026-06-28T15:51:24.527639+08:00
Micro-Star International,Seattle,seattle,manual-seed,,,,no_result,pool_location_id_not_found,pool-location-id,2026-06-28T15:51:24.644092+08:00
Micro-Star International,London,london,manual-seed,"London, ENG","https://www.glassdoor.com/Location/All-Trend-Micro-Inc-London-Office-Locations-EI_IE8983.4,19_IL.20,26_IC2671300.htm","https://www.glassdoor.com/Reviews/Micro-Star-International-London-Reviews-EI_IE41141.0,24_IL.25,31_IC2671300.htm",validation_failed,gap_probe_failed: company_mismatch,pool-location-id,2026-06-28T15:51:26.908635+08:00
Micro-Star International,Dublin,dublin,manual-seed,,,,no_result,pool_location_id_not_found,pool-location-id,2026-06-28T15:51:27.012468+08:00
Micro-Star International,Munich,munich,manual-seed,"Munich, BY","https://www.glassdoor.com/Location/All-NVIDIA-Munich-Office-Locations-EI_IE7633.4,10_IL.11,17_IC4990924.htm","https://www.glassdoor.com/Reviews/Micro-Star-International-Munich-Reviews-EI_IE41141.0,24_IL.25,31_IC4990924.htm",validation_failed,gap_probe_failed: company_mismatch,pool-location-id,2026-06-28T15:51:29.316289+08:00
HP Inc.,"Ciudad de Mexico, MEX",ciudad de mexico mex,office-location,"Ciudad de Mexico, MEX","https://www.glassdoor.com/Location/All-ASUS-Ciudad-de-Mexico-Office-Locations-EI_IE40093.4,8_IL.9,25_IC5017436.htm","https://www.glassdoor.com/Reviews/HP-Inc-Ciudad-de-Mexico-Reviews-EI_IE1093161.0,6_IL.7,23_IC5017436.htm",resolved,,pool-location-id,2026-06-28T09:31:24.532146+00:00
HP Inc.,"Fremont, CA",fremont ca,office-location,"Fremont, CA","https://www.glassdoor.com/Location/All-ASUS-Fremont-Office-Locations-EI_IE40093.4,8_IL.9,16_IC1147355.htm","https://www.glassdoor.com/Reviews/HP-Inc-Fremont-Reviews-EI_IE1093161.0,6_IL.7,14_IC1147355.htm",resolved,,pool-location-id,2026-06-28T09:31:31.902811+00:00
HP Inc.,"Markham, ON",markham on,office-location,"Markham, ON","https://www.glassdoor.com/Location/All-ASUS-Markham-Office-Locations-EI_IE40093.4,8_IL.9,16_IC2280736.htm","https://www.glassdoor.com/Reviews/HP-Inc-Markham-Reviews-EI_IE1093161.0,6_IL.7,14_IC2280736.htm",validation_failed,gap_probe_failed: missing_target_metrics,pool-location-id,2026-06-28T09:31:39.647510+00:00
HP Inc.,"Barcelona, CT",barcelona ct,office-location,"Barcelona, CT","https://www.glassdoor.com/Location/All-HP-Inc-Barcelona-Office-Locations-EI_IE1093161.4,10_IL.11,20_IC2547194.htm","https://www.glassdoor.com/Reviews/HP-Inc-Barcelona-Reviews-EI_IE1093161.0,6_IL.7,16_IC2547194.htm",resolved,,office-navigation,2026-06-28T15:27:55.079438+08:00
HP Inc.,"Budapest, BU",budapest bu,office-location,"Budapest, BU","https://www.glassdoor.com/Location/All-ASUS-Budapest-Office-Locations-EI_IE40093.4,8_IL.9,17_IC3125126.htm","https://www.glassdoor.com/Reviews/HP-Inc-Budapest-Reviews-EI_IE1093161.0,6_IL.7,15_IC3125126.htm",resolved,,pool-location-id,2026-06-28T09:31:56.495774+00:00
HP Inc.,"Emmen, DR",emmen dr,office-location,"Emmen, DR","https://www.glassdoor.com/Location/All-ASUS-Emmen-Office-Locations-EI_IE40093.4,8_IL.9,14_IC3060162.htm","https://www.glassdoor.com/Reviews/HP-Inc-Emmen-Reviews-EI_IE1093161.0,6_IL.7,12_IC3060162.htm",validation_failed,gap_probe_failed: missing_target_metrics,pool-location-id,2026-06-28T09:32:03.663267+00:00
HP Inc.,"Hemel Hempstead, ENG",hemel hempstead eng,office-location,"Hemel Hempstead, ENG","https://www.glassdoor.com/Location/All-ASUS-Hemel-Hempstead-Office-Locations-EI_IE40093.4,8_IL.9,24_IC2669775.htm","https://www.glassdoor.com/Reviews/HP-Inc-Hemel-Hempstead-Reviews-EI_IE1093161.0,6_IL.7,22_IC2669775.htm",validation_failed,gap_probe_failed: missing_target_metrics,pool-location-id,2026-06-28T09:32:11.404662+00:00
HP Inc.,"Milan, LOM",milan lom,office-location,"Milan, LOM","https://www.glassdoor.com/Location/All-ASUS-Milan-Office-Locations-EI_IE40093.4,8_IL.9,14_IC2802090.htm","https://www.glassdoor.com/Reviews/HP-Inc-Milan-Reviews-EI_IE1093161.0,6_IL.7,12_IC2802090.htm",resolved,,pool-location-id,2026-06-28T09:32:18.090859+00:00
HP Inc.,"Moravská Ostrava, MO",moravsk ostrava mo,office-location,"Moravská Ostrava, MO","https://www.glassdoor.com/Location/All-ASUS-Moravská-Ostrava-Office-Locations-EI_IE40093.4,8_IL.9,25_IC2288209.htm","https://www.glassdoor.com/Reviews/HP-Inc-Moravsk%C3%A1-Ostrava-Reviews-EI_IE1093161.0,6_IL.7,23_IC2288209.htm",validation_failed,gap_probe_failed: missing_target_metrics,pool-location-id,2026-06-28T09:32:24.096570+00:00
HP Inc.,"Noisy-le-Grand, A8",noisy le grand a8,office-location,"Noisy-le-Grand, A8","https://www.glassdoor.com/Location/All-ASUS-Noisy-le-Grand-Office-Locations-EI_IE40093.4,8_IL.9,23_IC3100822.htm","https://www.glassdoor.com/Reviews/HP-Inc-Noisy-le-Grand-Reviews-EI_IE1093161.0,6_IL.7,21_IC3100822.htm",validation_failed,gap_probe_failed: missing_target_metrics,pool-location-id,2026-06-28T09:32:30.718999+00:00
HP Inc.,"Ratingen, NW",ratingen nw,office-location,"Ratingen, NW","https://www.glassdoor.com/Location/All-ASUS-Ratingen-Office-Locations-EI_IE40093.4,8_IL.9,17_IC2584004.htm","https://www.glassdoor.com/Reviews/HP-Inc-Ratingen-Reviews-EI_IE1093161.0,6_IL.7,15_IC2584004.htm",resolved,,pool-location-id,2026-06-28T09:32:37.357571+00:00
HP Inc.,"Üsküdar, T34",sk dar t34,office-location,"Üsküdar, T34","https://www.glassdoor.com/Location/All-ASUS-Üsküdar-Office-Locations-EI_IE40093.4,8_IL.9,16_IC3361446.htm","https://www.glassdoor.com/Reviews/HP-Inc-%C3%9Csk%C3%BCdar-Reviews-EI_IE1093161.0,6_IL.7,14_IC3361446.htm",validation_failed,gap_probe_failed: missing_target_metrics,pool-location-id,2026-06-28T09:32:44.029916+00:00
HP Inc.,"Warsaw, MZ",warsaw mz,office-location,"Warsaw, MZ","https://www.glassdoor.com/Location/All-ASUS-Warsaw-Office-Locations-EI_IE40093.4,8_IL.9,15_IC3094484.htm","https://www.glassdoor.com/Reviews/HP-Inc-Warsaw-Reviews-EI_IE1093161.0,6_IL.7,13_IC3094484.htm",resolved,,pool-location-id,2026-06-28T09:32:50.738040+00:00
HP Inc.,"Bangkok, 10",bangkok 10,office-location,"Bangkok, 10","https://www.glassdoor.com/Location/All-ASUS-Bangkok-Office-Locations-EI_IE40093.4,8_IL.9,16_IC3179725.htm","https://www.glassdoor.com/Reviews/HP-Inc-Bangkok-Reviews-EI_IE1093161.0,6_IL.7,14_IC3179725.htm",resolved,,pool-location-id,2026-06-28T09:32:57.862390+00:00
HP Inc.,"Dubai, DU",dubai du,office-location,"Dubai, DU","https://www.glassdoor.com/Location/All-ASUS-Dubai-Office-Locations-EI_IE40093.4,8_IL.9,14_IC2204498.htm","https://www.glassdoor.com/Reviews/HP-Inc-Dubai-Reviews-EI_IE1093161.0,6_IL.7,12_IC2204498.htm",resolved,,pool-location-id,2026-06-28T09:33:05.021460+00:00
HP Inc.,"Jakarta, JK",jakarta jk,office-location,"Jakarta, JK","https://www.glassdoor.com/Location/All-ASUS-Jakarta-Office-Locations-EI_IE40093.4,8_IL.9,16_IC2709872.htm","https://www.glassdoor.com/Reviews/HP-Inc-Jakarta-Reviews-EI_IE1093161.0,6_IL.7,14_IC2709872.htm",resolved,,pool-location-id,2026-06-28T09:33:11.009539+00:00
HP Inc.,"Kuala Lumpur, 14",kuala lumpur 14,office-location,"Kuala Lumpur, 14","https://www.glassdoor.com/Location/All-ASUS-Kuala-Lumpur-Office-Locations-EI_IE40093.4,8_IL.9,21_IC2986682.htm","https://www.glassdoor.com/Reviews/HP-Inc-Kuala-Lumpur-Reviews-EI_IE1093161.0,6_IL.7,19_IC2986682.htm",resolved,,pool-location-id,2026-06-28T09:33:18.455630+00:00
HP Inc.,"Manila, D9",manila d9,office-location,"Manila, D9","https://www.glassdoor.com/Location/All-ASUS-Manila-Office-Locations-EI_IE40093.4,8_IL.9,15_IC2363570.htm","https://www.glassdoor.com/Reviews/HP-Inc-Manila-Reviews-EI_IE1093161.0,6_IL.7,13_IC2363570.htm",resolved,,pool-location-id,2026-06-28T09:33:26.338368+00:00
HP Inc.,"Mumbai, MH",mumbai mh,office-location,"Mumbai, MH","https://www.glassdoor.com/Location/All-ASUS-Mumbai-Office-Locations-EI_IE40093.4,8_IL.9,15_IC2851180.htm","https://www.glassdoor.com/Reviews/HP-Inc-Mumbai-Reviews-EI_IE1093161.0,6_IL.7,13_IC2851180.htm",resolved,,pool-location-id,2026-06-28T09:33:32.475351+00:00
HP Inc.,"Seoul, 11",seoul 11,office-location,"Seoul, 11","https://www.glassdoor.com/Location/All-ASUS-Seoul-Office-Locations-EI_IE40093.4,8_IL.9,14_IC3021489.htm","https://www.glassdoor.com/Reviews/HP-Inc-Seoul-Reviews-EI_IE1093161.0,6_IL.7,12_IC3021489.htm",resolved,,pool-location-id,2026-06-28T09:33:41.135705+00:00
HP Inc.,Singapore,singapore,office-location,Singapore,"https://www.glassdoor.com/Location/All-HP-Inc-Singapore-Office-Locations-EI_IE1093161.4,10_IL.11,20_IC3235921.htm","https://www.glassdoor.com/Reviews/HP-Inc-Singapore-Reviews-EI_IE1093161.0,6_IL.7,16_IC3235921.htm",resolved,,office-navigation,2026-06-28T15:28:03.056773+08:00
HP Inc.,"Taipei, TPQ",taipei tpq,office-location,"Taipei, TPQ","https://www.glassdoor.com/Location/All-HP-Inc-Taipei-Office-Locations-EI_IE1093161.4,10_IL.11,17_IC3271041.htm","https://www.glassdoor.com/Reviews/HP-Inc-Taipei-Reviews-EI_IE1093161.0,6_IL.7,13_IC3271041.htm",resolved,,office-navigation,2026-06-28T15:28:09.61068+08:00
HP Inc.,"Tokyo, 40",tokyo 40,office-location,"Tokyo, 40","https://www.glassdoor.com/Location/All-ASUS-Tokyo-Office-Locations-EI_IE40093.4,8_IL.9,14_IC2851580.htm","https://www.glassdoor.com/Reviews/HP-Inc-Tokyo-Reviews-EI_IE1093161.0,6_IL.7,12_IC2851580.htm",resolved,,pool-location-id,2026-06-28T09:33:47.771534+00:00
HP Inc.,"San Isidro, HUC",san isidro huc,office-location,"San Isidro, HUC","https://www.glassdoor.com/Location/All-ASUS-San-Isidro-Office-Locations-EI_IE40093.4,8_IL.9,19_IC4694011.htm","https://www.glassdoor.com/Reviews/HP-Inc-San-Isidro-Reviews-EI_IE1093161.0,6_IL.7,17_IC4694011.htm",validation_failed,gap_probe_failed: missing_target_metrics,pool-location-id,2026-06-28T09:33:54.684200+00:00
HP Inc.,"Santiago, RM",santiago rm,office-location,"Santiago, RM","https://www.glassdoor.com/Location/All-ASUS-Santiago-Office-Locations-EI_IE40093.4,8_IL.9,17_IC2434030.htm","https://www.glassdoor.com/Reviews/HP-Inc-Santiago-Reviews-EI_IE1093161.0,6_IL.7,15_IC2434030.htm",resolved,,pool-location-id,2026-06-28T09:34:00.550530+00:00
HP Inc.,"São Paulo, SP",s o paulo sp,office-location,"São Paulo, SP","https://www.glassdoor.com/Location/All-ASUS-São-Paulo-Office-Locations-EI_IE40093.4,8_IL.9,18_IC2479061.htm","https://www.glassdoor.com/Reviews/HP-Inc-S%C3%A3o-Paulo-Reviews-EI_IE1093161.0,6_IL.7,16_IC2479061.htm",resolved,,pool-location-id,2026-06-28T09:34:07.003932+00:00
HP Inc.,"Sydney, NSW",sydney nsw,office-location,"Sydney, NSW","https://www.glassdoor.com/Location/All-ASUS-Sydney-Office-Locations-EI_IE40093.4,8_IL.9,15_IC2235932.htm","https://www.glassdoor.com/Reviews/HP-Inc-Sydney-Reviews-EI_IE1093161.0,6_IL.7,13_IC2235932.htm",resolved,,pool-location-id,2026-06-28T09:34:23.117397+00:00
HP Inc.,"Austin, TX",austin tx,office-location,"Austin, TX","https://www.glassdoor.com/Location/All-NVIDIA-Austin-Office-Locations-EI_IE7633.4,10_IL.11,17_IC1139761.htm","https://www.glassdoor.com/Reviews/HP-Inc-Austin-Reviews-EI_IE1093161.0,6_IL.7,13_IC1139761.htm",resolved,,pool-location-id,2026-06-28T09:34:29.675791+00:00
HP Inc.,"Beaverton, OR",beaverton or,office-location,"Beaverton, OR","https://www.glassdoor.com/Location/All-NVIDIA-Beaverton-Office-Locations-EI_IE7633.4,10_IL.11,20_IC1151576.htm","https://www.glassdoor.com/Reviews/HP-Inc-Beaverton-Reviews-EI_IE1093161.0,6_IL.7,16_IC1151576.htm",validation_failed,gap_probe_failed: missing_target_metrics,pool-location-id,2026-06-28T09:34:37.156561+00:00
HP Inc.,"Bellevue, WA",bellevue wa,office-location,"Bellevue, WA","https://www.glassdoor.com/Location/All-NVIDIA-Bellevue-Office-Locations-EI_IE7633.4,10_IL.11,19_IC1150442.htm","https://www.glassdoor.com/Reviews/HP-Inc-Bellevue-Reviews-EI_IE1093161.0,6_IL.7,15_IC1150442.htm",resolved,,pool-location-id,2026-06-28T09:34:45.506507+00:00
HP Inc.,"Durham, NC",durham nc,office-location,"Durham, NC","https://www.glassdoor.com/Location/All-NVIDIA-Durham-Office-Locations-EI_IE7633.4,10_IL.11,17_IC1138697.htm","https://www.glassdoor.com/Reviews/HP-Inc-Durham-Reviews-EI_IE1093161.0,6_IL.7,13_IC1138697.htm",resolved,,pool-location-id,2026-06-28T09:34:52.239886+00:00
HP Inc.,"Hillsboro, OR",hillsboro or,office-location,"Hillsboro, OR","https://www.glassdoor.com/Location/All-NVIDIA-Hillsboro-Office-Locations-EI_IE7633.4,10_IL.11,20_IC1151603.htm","https://www.glassdoor.com/Reviews/HP-Inc-Hillsboro-Reviews-EI_IE1093161.0,6_IL.7,16_IC1151603.htm",validation_failed,gap_probe_failed: missing_target_metrics,pool-location-id,2026-06-28T09:34:59.305419+00:00
HP Inc.,"Redmond, WA",redmond wa,office-location,"Redmond, WA","https://www.glassdoor.com/Location/All-NVIDIA-Redmond-Office-Locations-EI_IE7633.4,10_IL.11,18_IC1150499.htm","https://www.glassdoor.com/Reviews/HP-Inc-Redmond-Reviews-EI_IE1093161.0,6_IL.7,14_IC1150499.htm",validation_failed,gap_probe_failed: missing_target_metrics,pool-location-id,2026-06-28T09:35:06.099608+00:00
HP Inc.,"Saint Louis, MO",saint louis mo,office-location,"Saint Louis, MO","https://www.glassdoor.com/Location/All-NVIDIA-Saint-Louis-Office-Locations-EI_IE7633.4,10_IL.11,22_IC1131270.htm","https://www.glassdoor.com/Reviews/HP-Inc-Saint-Louis-Reviews-EI_IE1093161.0,6_IL.7,18_IC1131270.htm",resolved,,pool-location-id,2026-06-28T09:35:12.347129+00:00
HP Inc.,"San Francisco, CA",san francisco ca,office-location,"San Francisco, CA","https://www.glassdoor.com/Location/All-NVIDIA-San-Francisco-Office-Locations-EI_IE7633.4,10_IL.11,24_IC1147401.htm","https://www.glassdoor.com/Reviews/HP-Inc-San-Francisco-Reviews-EI_IE1093161.0,6_IL.7,20_IC1147401.htm",resolved,,pool-location-id,2026-06-28T09:35:19.842022+00:00
HP Inc.,"San Jose, CA",san jose,office-location,"San Jose, CA","https://www.glassdoor.com/Location/All-HP-Inc-San-Jose-Office-Locations-EI_IE1093161.4,10_IL.11,19_IC1147436.htm","https://www.glassdoor.com/Reviews/HP-Inc-San-Jose-Reviews-EI_IE1093161.0,6_IL.7,15_IC1147436.htm",resolved,,office-navigation,2026-06-28T15:28:18.476677+08:00
HP Inc.,"Santa Clara, CA",santa clara ca,office-location,"Santa Clara, CA","https://www.glassdoor.com/Location/All-NVIDIA-Santa-Clara-Office-Locations-EI_IE7633.4,10_IL.11,22_IC1147439.htm","https://www.glassdoor.com/Reviews/HP-Inc-Santa-Clara-Reviews-EI_IE1093161.0,6_IL.7,18_IC1147439.htm",resolved,,pool-location-id,2026-06-28T09:35:27.828355+00:00
HP Inc.,"Toronto, ON",toronto on,office-location,"Toronto, ON","https://www.glassdoor.com/Location/All-NVIDIA-Toronto-Office-Locations-EI_IE7633.4,10_IL.11,18_IC2281069.htm","https://www.glassdoor.com/Reviews/HP-Inc-Toronto-Reviews-EI_IE1093161.0,6_IL.7,14_IC2281069.htm",resolved,,pool-location-id,2026-06-28T09:35:34.861972+00:00
HP Inc.,"Westford, MA",westford ma,office-location,"Westford, MA","https://www.glassdoor.com/Location/All-NVIDIA-Westford-Office-Locations-EI_IE7633.4,10_IL.11,19_IC1154720.htm","https://www.glassdoor.com/Reviews/HP-Inc-Westford-Reviews-EI_IE1093161.0,6_IL.7,15_IC1154720.htm",validation_failed,gap_probe_failed: missing_target_metrics,pool-location-id,2026-06-28T09:35:41.893385+00:00
HP Inc.,"Moscow, 48",moscow 48,office-location,"Moscow, 48","https://www.glassdoor.com/Location/All-NVIDIA-Moscow-Office-Locations-EI_IE7633.4,10_IL.11,17_IC3348306.htm","https://www.glassdoor.com/Reviews/HP-Inc-Moscow-Reviews-EI_IE1093161.0,6_IL.7,13_IC3348306.htm",resolved,,pool-location-id,2026-06-28T09:35:48.066792+00:00
HP Inc.,"Munich, BY",munich by,office-location,"Munich, BY","https://www.glassdoor.com/Location/All-NVIDIA-Munich-Office-Locations-EI_IE7633.4,10_IL.11,17_IC4990924.htm","https://www.glassdoor.com/Reviews/HP-Inc-Munich-Reviews-EI_IE1093161.0,6_IL.7,13_IC4990924.htm",resolved,,pool-location-id,2026-06-28T09:35:55.886404+00:00
HP Inc.,"Reading, ENG",reading eng,office-location,"Reading, ENG","https://www.glassdoor.com/Location/All-NVIDIA-Reading-Office-Locations-EI_IE7633.4,10_IL.11,18_IC2675152.htm","https://www.glassdoor.com/Reviews/HP-Inc-Reading-Reviews-EI_IE1093161.0,6_IL.7,14_IC2675152.htm",resolved,,pool-location-id,2026-06-28T09:36:02.772186+00:00
HP Inc.,"Zürich, ZH",z rich zh,office-location,"Zürich, ZH","https://www.glassdoor.com/Location/All-NVIDIA-Zürich-Office-Locations-EI_IE7633.4,10_IL.11,17_IC3297851.htm","https://www.glassdoor.com/Reviews/HP-Inc-Z%C3%BCrich-Reviews-EI_IE1093161.0,6_IL.7,13_IC3297851.htm",resolved,,pool-location-id,2026-06-28T09:36:08.910311+00:00
HP Inc.,"Bengaluru, KA",bengaluru ka,office-location,"Bengaluru, KA","https://www.glassdoor.com/Location/All-HP-Inc-Bengaluru-Office-Locations-EI_IE1093161.4,10_IL.11,20_IC2940587.htm","https://www.glassdoor.com/Reviews/HP-Inc-Bengaluru-Reviews-EI_IE1093161.0,6_IL.7,16_IC2940587.htm",resolved,,office-navigation,2026-06-28T15:28:22.592461+08:00
HP Inc.,"Hsinchu, TXG",hsinchu txg,office-location,"Hsinchu, TXG","https://www.glassdoor.com/Location/All-NVIDIA-Hsinchu-Office-Locations-EI_IE7633.4,10_IL.11,18_IC4915323.htm","https://www.glassdoor.com/Reviews/HP-Inc-Hsinchu-Reviews-EI_IE1093161.0,6_IL.7,14_IC4915323.htm",resolved,,pool-location-id,2026-06-28T09:36:15.973391+00:00
HP Inc.,"Pudong, 23",pudong 23,office-location,"Pudong, 23","https://www.glassdoor.com/Location/All-NVIDIA-Pudong-Office-Locations-EI_IE7633.4,10_IL.11,17_IC2415109.htm","https://www.glassdoor.com/Reviews/HP-Inc-Pudong-Reviews-EI_IE1093161.0,6_IL.7,13_IC2415109.htm",resolved,,pool-location-id,2026-06-28T09:36:22.632469+00:00
HP Inc.,"Pune, MH",pune mh,office-location,"Pune, MH","https://www.glassdoor.com/Location/All-NVIDIA-Pune-Office-Locations-EI_IE7633.4,10_IL.11,15_IC2856202.htm","https://www.glassdoor.com/Reviews/HP-Inc-Pune-Reviews-EI_IE1093161.0,6_IL.7,11_IC2856202.htm",resolved,,pool-location-id,2026-06-28T09:36:29.514486+00:00
HP Inc.,"Shanghai, 23",shanghai 23,office-location,"Shanghai, 23","https://www.glassdoor.com/Location/All-NVIDIA-Shanghai-Office-Locations-EI_IE7633.4,10_IL.11,19_IC2416009.htm","https://www.glassdoor.com/Reviews/HP-Inc-Shanghai-Reviews-EI_IE1093161.0,6_IL.7,15_IC2416009.htm",resolved,,pool-location-id,2026-06-28T09:36:36.166410+00:00
HP Inc.,"San Jose, MP",san jose mp,office-location,"San Jose, CA","https://www.glassdoor.com/Location/All-HP-Inc-San-Jose-Office-Locations-EI_IE1093161.4,10_IL.11,19_IC1147436.htm","https://www.glassdoor.com/Reviews/HP-Inc-San-Jose-Reviews-EI_IE1093161.0,6_IL.7,15_IC1147436.htm",resolved,,office-navigation,2026-06-28T15:28:36.044652+08:00
HP Inc.,"Frankfurt am Main, HE",frankfurt am main he,office-location,"Frankfurt am Main, HE","https://www.glassdoor.com/Location/All-Micro-Star-International-Frankfurt-am-Main-Office-Locations-EI_IE41141.4,28_IL.29,46_IC2632180.htm","https://www.glassdoor.com/Reviews/HP-Inc-Frankfurt-am-Main-Reviews-EI_IE1093161.0,6_IL.7,24_IC2632180.htm",resolved,,pool-location-id,2026-06-28T09:36:52.489382+00:00
HP Inc.,"Boise, ID",boise id,office-location,"Boise, ID","https://www.glassdoor.com/Location/All-HP-Inc-Boise-Office-Locations-EI_IE1093161.4,10_IL.11,16_IC1127927.htm","https://www.glassdoor.com/Reviews/HP-Inc-Boise-Reviews-EI_IE1093161.0,6_IL.7,12_IC1127927.htm",resolved,,office-navigation,2026-06-28T15:28:39.637966+08:00
HP Inc.,"Corvallis, OR",corvallis or,office-location,"Corvallis, OR","https://www.glassdoor.com/Location/All-HP-Inc-Corvallis-Office-Locations-EI_IE1093161.4,10_IL.11,20_IC1151455.htm","https://www.glassdoor.com/Reviews/HP-Inc-Corvallis-Reviews-EI_IE1093161.0,6_IL.7,16_IC1151455.htm",resolved,,office-navigation,2026-06-28T15:28:43.088191+08:00
HP Inc.,"Fort Collins, CO",fort collins co,office-location,"Fort Collins, CO","https://www.glassdoor.com/Location/All-HP-Inc-Fort-Collins-Office-Locations-EI_IE1093161.4,10_IL.11,23_IC1148233.htm","https://www.glassdoor.com/Reviews/HP-Inc-Fort-Collins-Reviews-EI_IE1093161.0,6_IL.7,19_IC1148233.htm",resolved,,office-navigation,2026-06-28T15:28:46.837096+08:00
HP Inc.,"Guadalajara, JAL",guadalajara jal,office-location,"Guadalajara, JAL","https://www.glassdoor.com/Location/All-HP-Inc-Guadalajara-Office-Locations-EI_IE1093161.4,10_IL.11,22_IC3486357.htm","https://www.glassdoor.com/Reviews/HP-Inc-Guadalajara-Reviews-EI_IE1093161.0,6_IL.7,18_IC3486357.htm",resolved,,office-navigation,2026-06-28T15:28:50.12868+08:00
HP Inc.,"Houston, TX",houston tx,office-location,"Houston, TX","https://www.glassdoor.com/Location/All-HP-Inc-Houston-Office-Locations-EI_IE1093161.4,10_IL.11,18_IC1140171.htm","https://www.glassdoor.com/Reviews/HP-Inc-Houston-Reviews-EI_IE1093161.0,6_IL.7,14_IC1140171.htm",resolved,,office-navigation,2026-06-28T15:28:53.476102+08:00
HP Inc.,"Palo Alto, CA",palo alto ca,office-location,"Palo Alto, CA","https://www.glassdoor.com/Location/All-HP-Inc-Palo-Alto-Office-Locations-EI_IE1093161.4,10_IL.11,20_IC1147434.htm","https://www.glassdoor.com/Reviews/HP-Inc-Palo-Alto-Reviews-EI_IE1093161.0,6_IL.7,16_IC1147434.htm",resolved,,office-navigation,2026-06-28T15:28:58.810544+08:00
HP Inc.,"Portland, OR",portland or,office-location,"Portland, OR","https://www.glassdoor.com/Location/All-HP-Inc-Portland-Office-Locations-EI_IE1093161.4,10_IL.11,19_IC1151614.htm","https://www.glassdoor.com/Reviews/HP-Inc-Portland-Reviews-EI_IE1093161.0,6_IL.7,15_IC1151614.htm",resolved,,office-navigation,2026-06-28T15:29:03.947046+08:00
HP Inc.,"San Diego, CA",san diego ca,office-location,"San Diego, CA","https://www.glassdoor.com/Location/All-HP-Inc-San-Diego-Office-Locations-EI_IE1093161.4,10_IL.11,20_IC1147311.htm","https://www.glassdoor.com/Reviews/HP-Inc-San-Diego-Reviews-EI_IE1093161.0,6_IL.7,16_IC1147311.htm",resolved,,office-navigation,2026-06-28T15:29:07.355201+08:00
HP Inc.,"Spring, TX",spring tx,office-location,"Spring, TX","https://www.glassdoor.com/Location/All-HP-Inc-Spring-Office-Locations-EI_IE1093161.4,10_IL.11,17_IC1140222.htm","https://www.glassdoor.com/Reviews/HP-Inc-Spring-Reviews-EI_IE1093161.0,6_IL.7,13_IC1140222.htm",resolved,,office-navigation,2026-06-28T15:29:11.505276+08:00
HP Inc.,"Sunnyvale, CA",sunnyvale ca,office-location,"Sunnyvale, CA","https://www.glassdoor.com/Location/All-HP-Inc-Sunnyvale-Office-Locations-EI_IE1093161.4,10_IL.11,20_IC1147442.htm","https://www.glassdoor.com/Reviews/HP-Inc-Sunnyvale-Reviews-EI_IE1093161.0,6_IL.7,16_IC1147442.htm",resolved,,office-navigation,2026-06-28T15:29:14.943532+08:00
HP Inc.,"Tlaquepaque, JAL",tlaquepaque jal,office-location,"Tlaquepaque, JAL","https://www.glassdoor.com/Location/All-HP-Inc-Tlaquepaque-Office-Locations-EI_IE1093161.4,10_IL.11,22_IC3486348.htm","https://www.glassdoor.com/Reviews/HP-Inc-Tlaquepaque-Reviews-EI_IE1093161.0,6_IL.7,18_IC3486348.htm",resolved,,office-navigation,2026-06-28T15:29:18.977175+08:00
HP Inc.,"Vancouver, WA",vancouver wa,office-location,"Vancouver, WA","https://www.glassdoor.com/Location/All-HP-Inc-Vancouver-Office-Locations-EI_IE1093161.4,10_IL.11,20_IC1150413.htm","https://www.glassdoor.com/Reviews/HP-Inc-Vancouver-Reviews-EI_IE1093161.0,6_IL.7,16_IC1150413.htm",resolved,,office-navigation,2026-06-28T15:29:22.769829+08:00
HP Inc.,"Zapopan, JAL",zapopan jal,office-location,"Zapopan, JAL","https://www.glassdoor.com/Location/All-HP-Inc-Zapopan-Office-Locations-EI_IE1093161.4,10_IL.11,18_IC3487018.htm","https://www.glassdoor.com/Reviews/HP-Inc-Zapopan-Reviews-EI_IE1093161.0,6_IL.7,14_IC3487018.htm",resolved,,office-navigation,2026-06-28T15:29:27.163034+08:00
HP Inc.,"Boulogne-Billancourt, A8",boulogne billancourt a8,office-location,"Boulogne-Billancourt, A8","https://www.glassdoor.com/Location/All-HP-Inc-Boulogne-Billancourt-Office-Locations-EI_IE1093161.4,10_IL.11,31_IC3040032.htm","https://www.glassdoor.com/Reviews/HP-Inc-Boulogne-Billancourt-Reviews-EI_IE1093161.0,6_IL.7,27_IC3040032.htm",resolved,,pool-location-id,2026-06-28T09:36:59.290781+00:00
HP Inc.,"Bucharest, B",bucharest b,office-location,"Bucharest, B","https://www.glassdoor.com/Location/All-HP-Inc-Bucharest-Office-Locations-EI_IE1093161.4,10_IL.11,20_IC3184907.htm","https://www.glassdoor.com/Reviews/HP-Inc-Bucharest-Reviews-EI_IE1093161.0,6_IL.7,16_IC3184907.htm",resolved,,office-navigation,2026-06-28T15:29:38.522817+08:00
HP Inc.,"Cambridge, ENG",cambridge eng,office-location,"Cambridge, ENG","https://www.glassdoor.com/Location/All-HP-Inc-Cambridge-Office-Locations-EI_IE1093161.4,10_IL.11,20_IC2662516.htm","https://www.glassdoor.com/Reviews/HP-Inc-Cambridge-Reviews-EI_IE1093161.0,6_IL.7,16_IC2662516.htm",resolved,,office-navigation,2026-06-28T15:29:45.995785+08:00
HP Inc.,"Meudon, A8",meudon a8,office-location,"Meudon, A8","https://www.glassdoor.com/Location/All-HP-Inc-Meudon-Office-Locations-EI_IE1093161.4,10_IL.11,17_IC3019026.htm","https://www.glassdoor.com/Reviews/HP-Inc-Meudon-Reviews-EI_IE1093161.0,6_IL.7,13_IC3019026.htm",resolved,,office-navigation,2026-06-28T15:29:49.906975+08:00
HP Inc.,"Paris, A8",paris a8,office-location,"Paris, A8","https://www.glassdoor.com/Location/All-HP-Inc-Paris-Office-Locations-EI_IE1093161.4,10_IL.11,16_IC2881970.htm","https://www.glassdoor.com/Reviews/HP-Inc-Paris-Reviews-EI_IE1093161.0,6_IL.7,12_IC2881970.htm",resolved,,office-navigation,2026-06-28T15:29:53.759083+08:00
HP Inc.,"Sant Cugat del Vallès, CT",sant cugat del vall s ct,office-location,"Sant Cugat del Vallès, CT","https://www.glassdoor.com/Location/All-HP-Inc-Sant-Cugat-del-Vallès-Office-Locations-EI_IE1093161.4,10_IL.11,32_IC4843928.htm","https://www.glassdoor.com/Reviews/HP-Inc-Sant-Cugat-del-Vallès-Reviews-EI_IE1093161.0,6_IL.7,28_IC4843928.htm",resolved,,office-navigation,2026-06-28T15:29:59.005613+08:00
HP Inc.,"Tuas, W",tuas w,office-location,"Tuas, W","https://www.glassdoor.com/Location/All-HP-Inc-Tuas-Office-Locations-EI_IE1093161.4,10_IL.11,15_IC3235538.htm","https://www.glassdoor.com/Reviews/HP-Inc-Tuas-Reviews-EI_IE1093161.0,6_IL.7,11_IC3235538.htm",resolved,,office-navigation,2026-06-28T15:30:02.186452+08:00
HP Inc.,"Whitefield, KA",whitefield ka,office-location,"Whitefield, KA","https://www.glassdoor.com/Location/All-HP-Inc-Whitefield-Office-Locations-EI_IE1093161.4,10_IL.11,21_IC2941717.htm","https://www.glassdoor.com/Reviews/HP-Inc-Whitefield-Reviews-EI_IE1093161.0,6_IL.7,17_IC2941717.htm",resolved,,office-navigation,2026-06-28T15:30:05.872033+08:00
HP Inc.,"Lake Forest, CA",lake forest ca,office-location,"Lake Forest, CA","https://www.glassdoor.com/Location/All-Wistron-Lake-Forest-Office-Locations-EI_IE15218.4,11_IL.12,23_IC1146811.htm","https://www.glassdoor.com/Reviews/HP-Inc-Lake-Forest-Reviews-EI_IE1093161.0,6_IL.7,18_IC1146811.htm",validation_failed,gap_probe_failed: missing_target_metrics,pool-location-id,2026-06-28T09:37:06.224226+00:00
HP Inc.,"Rolling Meadows, IL",rolling meadows il,office-location,"Rolling Meadows, IL","https://www.glassdoor.com/Location/All-Wistron-Rolling-Meadows-Office-Locations-EI_IE15218.4,11_IL.12,27_IC1128962.htm","https://www.glassdoor.com/Reviews/HP-Inc-Rolling-Meadows-Reviews-EI_IE1093161.0,6_IL.7,22_IC1128962.htm",validation_failed,gap_probe_failed: missing_target_metrics,pool-location-id,2026-06-28T09:37:12.531402+00:00
HP Inc.,"Wuhan, 12",wuhan 12,office-location,"Wuhan, 12","https://www.glassdoor.com/Location/All-Wistron-Wuhan-Office-Locations-EI_IE15218.4,11_IL.12,17_IC2478891.htm","https://www.glassdoor.com/Reviews/HP-Inc-Wuhan-Reviews-EI_IE1093161.0,6_IL.7,12_IC2478891.htm",validation_failed,gap_probe_failed: missing_target_metrics,pool-location-id,2026-06-28T09:37:18.963533+00:00
HP Inc.,"Hoofddorp, NH",hoofddorp nh,office-location,"Hoofddorp, NH","https://www.glassdoor.com/Location/All-Delta-Electronics-Hoofddorp-Office-Locations-EI_IE41146.4,21_IL.22,31_IC3063772.htm","https://www.glassdoor.com/Reviews/HP-Inc-Hoofddorp-Reviews-EI_IE1093161.0,6_IL.7,16_IC3063772.htm",validation_failed,gap_probe_failed: missing_target_metrics,pool-location-id,2026-06-28T09:37:26.431023+00:00
HP Inc.,"Notting Hill, VIC",notting hill vic,office-location,"Notting Hill, VIC","https://www.glassdoor.com/Location/All-Delta-Electronics-Notting-Hill-Office-Locations-EI_IE41146.4,21_IL.22,34_IC2257042.htm","https://www.glassdoor.com/Reviews/HP-Inc-Notting-Hill-Reviews-EI_IE1093161.0,6_IL.7,19_IC2257042.htm",validation_failed,gap_probe_failed: missing_target_metrics,pool-location-id,2026-06-28T09:37:33.055200+00:00
HP Inc.,"Jeffersonville, IN",jeffersonville in,office-location,"Jeffersonville, IN","https://www.glassdoor.com/Location/All-Pegatron-Jeffersonville-Office-Locations-EI_IE337948.4,12_IL.13,27_IC1145141.htm","https://www.glassdoor.com/Reviews/HP-Inc-Jeffersonville-Reviews-EI_IE1093161.0,6_IL.7,21_IC1145141.htm",validation_failed,gap_probe_failed: missing_target_metrics,pool-location-id,2026-06-28T09:37:39.398707+00:00
HP Inc.,"Irving, TX",irving tx,office-location,"Irving, TX","https://www.glassdoor.com/Location/All-Trend-Micro-Inc-Irving-Office-Locations-EI_IE8983.4,19_IL.20,26_IC1140006.htm","https://www.glassdoor.com/Reviews/HP-Inc-Irving-Reviews-EI_IE1093161.0,6_IL.7,13_IC1140006.htm",validation_failed,gap_probe_failed: missing_target_metrics,pool-location-id,2026-06-28T09:37:45.709989+00:00
HP Inc.,"Jersey City, NJ",jersey city nj,office-location,"Jersey City, NJ","https://www.glassdoor.com/Location/All-Trend-Micro-Inc-Jersey-City-Office-Locations-EI_IE8983.4,19_IL.20,31_IC1126819.htm","https://www.glassdoor.com/Reviews/HP-Inc-Jersey-City-Reviews-EI_IE1093161.0,6_IL.7,18_IC1126819.htm",resolved,,pool-location-id,2026-06-28T09:37:52.004060+00:00
HP Inc.,"Kanata, ON",kanata on,office-location,"Kanata, ON","https://www.glassdoor.com/Location/All-Trend-Micro-Inc-Kanata-Office-Locations-EI_IE8983.4,19_IL.20,26_IC2282818.htm","https://www.glassdoor.com/Reviews/HP-Inc-Kanata-Reviews-EI_IE1093161.0,6_IL.7,13_IC2282818.htm",validation_failed,gap_probe_failed: missing_target_metrics,pool-location-id,2026-06-28T09:37:58.667234+00:00
HP Inc.,"Cork, M",cork m,office-location,"Cork, M","https://www.glassdoor.com/Location/All-Trend-Micro-Inc-Cork-Office-Locations-EI_IE8983.4,19_IL.20,24_IC4325638.htm","https://www.glassdoor.com/Reviews/HP-Inc-Cork-Reviews-EI_IE1093161.0,6_IL.7,11_IC4325638.htm",resolved,,pool-location-id,2026-06-28T09:38:05.420114+00:00
HP Inc.,"London, ENG",london eng,office-location,"London, ENG","https://www.glassdoor.com/Location/All-Trend-Micro-Inc-London-Office-Locations-EI_IE8983.4,19_IL.20,26_IC2671300.htm","https://www.glassdoor.com/Reviews/HP-Inc-London-Reviews-EI_IE1093161.0,6_IL.7,13_IC2671300.htm",resolved,,pool-location-id,2026-06-28T09:38:11.858693+00:00
HP Inc.,"Paddington, ENG",paddington eng,office-location,"Paddington, ENG","https://www.glassdoor.com/Location/All-Trend-Micro-Inc-Paddington-Office-Locations-EI_IE8983.4,19_IL.20,30_IC3527325.htm","https://www.glassdoor.com/Reviews/HP-Inc-Paddington-Reviews-EI_IE1093161.0,6_IL.7,17_IC3527325.htm",validation_failed,gap_probe_failed: missing_target_metrics,pool-location-id,2026-06-28T09:38:18.519886+00:00
HP Inc.,"Aliso, CA",aliso ca,office-location,"Aliso, CA","https://www.glassdoor.com/Location/All-Dell-Technologies-Aliso-Office-Locations-EI_IE1327.4,21_IL.22,27_IC3789361.htm","https://www.glassdoor.com/Reviews/HP-Inc-Aliso-Reviews-EI_IE1093161.0,6_IL.7,12_IC3789361.htm",validation_failed,gap_probe_failed: missing_target_metrics,pool-location-id,2026-06-28T09:38:25.287444+00:00
HP Inc.,"Bedford, MA",bedford ma,office-location,"Bedford, MA","https://www.glassdoor.com/Location/All-Dell-Technologies-Bedford-Office-Locations-EI_IE1327.4,21_IL.22,29_IC1154527.htm","https://www.glassdoor.com/Reviews/HP-Inc-Bedford-Reviews-EI_IE1093161.0,6_IL.7,14_IC1154527.htm",validation_failed,gap_probe_failed: missing_target_metrics,pool-location-id,2026-06-28T09:38:32.040094+00:00
HP Inc.,"Boston, MA",boston ma,office-location,"Boston, MA","https://www.glassdoor.com/Location/All-Dell-Technologies-Boston-Office-Locations-EI_IE1327.4,21_IL.22,28_IC1154532.htm","https://www.glassdoor.com/Reviews/HP-Inc-Boston-Reviews-EI_IE1093161.0,6_IL.7,13_IC1154532.htm",resolved,,pool-location-id,2026-06-28T09:38:41.279719+00:00
HP Inc.,"Boydton, VA",boydton va,office-location,"Boydton, VA","https://www.glassdoor.com/Location/All-Dell-Technologies-Boydton-Office-Locations-EI_IE1327.4,21_IL.22,29_IC1129623.htm","https://www.glassdoor.com/Reviews/HP-Inc-Boydton-Reviews-EI_IE1093161.0,6_IL.7,14_IC1129623.htm",validation_failed,gap_probe_failed: missing_target_metrics,pool-location-id,2026-06-28T09:38:48.277735+00:00
HP Inc.,"Cambridge, MA",cambridge ma,office-location,"Cambridge, MA","https://www.glassdoor.com/Location/All-Dell-Technologies-Cambridge-Office-Locations-EI_IE1327.4,21_IL.22,31_IC1154545.htm","https://www.glassdoor.com/Reviews/HP-Inc-Cambridge-Reviews-EI_IE1093161.0,6_IL.7,16_IC1154545.htm",validation_failed,gap_probe_failed: missing_target_metrics,pool-location-id,2026-06-28T09:38:55.044571+00:00
HP Inc.,"Canada, KY",canada ky,office-location,"Canada, KY","https://www.glassdoor.com/Location/All-Dell-Technologies-Canada-Office-Locations-EI_IE1327.4,21_IL.22,28_IC1137126.htm","https://www.glassdoor.com/Reviews/HP-Inc-Canada-Reviews-EI_IE1093161.0,6_IL.7,13_IC1137126.htm",validation_failed,gap_probe_failed: missing_target_metrics,pool-location-id,2026-06-28T09:39:02.102918+00:00
HP Inc.,"Canton, MA",canton ma,office-location,"Canton, MA","https://www.glassdoor.com/Location/All-Dell-Technologies-Canton-Office-Locations-EI_IE1327.4,21_IL.22,28_IC1154546.htm","https://www.glassdoor.com/Reviews/HP-Inc-Canton-Reviews-EI_IE1093161.0,6_IL.7,13_IC1154546.htm",validation_failed,gap_probe_failed: missing_target_metrics,pool-location-id,2026-06-28T09:39:18.501690+00:00
HP Inc.,"Cedar Park, TX",cedar park tx,office-location,"Cedar Park, TX","https://www.glassdoor.com/Location/All-Dell-Technologies-Cedar-Park-Office-Locations-EI_IE1327.4,21_IL.22,32_IC1139765.htm","https://www.glassdoor.com/Reviews/HP-Inc-Cedar-Park-Reviews-EI_IE1093161.0,6_IL.7,17_IC1139765.htm",validation_failed,gap_probe_failed: missing_target_metrics,pool-location-id,2026-06-28T09:39:25.324729+00:00
HP Inc.,"Framingham, MA",framingham ma,office-location,"Framingham, MA","https://www.glassdoor.com/Location/All-Dell-Technologies-Framingham-Office-Locations-EI_IE1327.4,21_IL.22,32_IC1154571.htm","https://www.glassdoor.com/Reviews/HP-Inc-Framingham-Reviews-EI_IE1093161.0,6_IL.7,17_IC1154571.htm",validation_failed,gap_probe_failed: missing_target_metrics,pool-location-id,2026-06-28T09:39:31.712356+00:00
HP Inc.,"Franklin, MA",franklin ma,office-location,"Franklin, MA","https://www.glassdoor.com/Location/All-Dell-Technologies-Franklin-Office-Locations-EI_IE1327.4,21_IL.22,30_IC1154572.htm","https://www.glassdoor.com/Reviews/HP-Inc-Franklin-Reviews-EI_IE1093161.0,6_IL.7,15_IC1154572.htm",validation_failed,gap_probe_failed: missing_target_metrics,pool-location-id,2026-06-28T09:39:38.411003+00:00
HP Inc.,"Fuquay-Varina, NC",fuquay varina nc,office-location,"Fuquay-Varina, NC","https://www.glassdoor.com/Location/All-Dell-Technologies-Fuquay-Varina-Office-Locations-EI_IE1327.4,21_IL.22,35_IC3757296.htm","https://www.glassdoor.com/Reviews/HP-Inc-Fuquay-Varina-Reviews-EI_IE1093161.0,6_IL.7,20_IC3757296.htm",validation_failed,gap_probe_failed: missing_target_metrics,pool-location-id,2026-06-28T09:39:45.213874+00:00
HP Inc.,"Georgetown, TX",georgetown tx,office-location,"Georgetown, TX","https://www.glassdoor.com/Location/All-Dell-Technologies-Georgetown-Office-Locations-EI_IE1327.4,21_IL.22,32_IC1139774.htm","https://www.glassdoor.com/Reviews/HP-Inc-Georgetown-Reviews-EI_IE1093161.0,6_IL.7,17_IC1139774.htm",resolved,,pool-location-id,2026-06-28T09:39:51.261921+00:00
HP Inc.,"Hopkinton, MA",hopkinton ma,office-location,"Hopkinton, MA","https://www.glassdoor.com/Location/All-Dell-Technologies-Hopkinton-Office-Locations-EI_IE1327.4,21_IL.22,31_IC1154589.htm","https://www.glassdoor.com/Reviews/HP-Inc-Hopkinton-Reviews-EI_IE1093161.0,6_IL.7,16_IC1154589.htm",validation_failed,gap_probe_failed: missing_target_metrics,pool-location-id,2026-06-28T09:39:57.924342+00:00
HP Inc.,"India, TX",india tx,office-location,"India, TX","https://www.glassdoor.com/Location/All-Dell-Technologies-India-Office-Locations-EI_IE1327.4,21_IL.22,27_IC3759223.htm","https://www.glassdoor.com/Reviews/HP-Inc-India-Reviews-EI_IE1093161.0,6_IL.7,12_IC3759223.htm",validation_failed,gap_probe_failed: missing_target_metrics,pool-location-id,2026-06-28T09:40:04.256473+00:00
HP Inc.,"Land O' Lakes, FL",land o lakes fl,office-location,"Land O' Lakes, FL","https://www.glassdoor.com/Location/All-Dell-Technologies-Land-O-Lakes-Office-Locations-EI_IE1327.4,21_IL.22,34_IC3817049.htm","https://www.glassdoor.com/Reviews/HP-Inc-Land-O-Lakes-Reviews-EI_IE1093161.0,6_IL.7,19_IC3817049.htm",validation_failed,gap_probe_failed: missing_target_metrics,pool-location-id,2026-06-28T09:40:11.785800+00:00
HP Inc.,"Leander, TX",leander tx,office-location,"Leander, TX","https://www.glassdoor.com/Location/All-Dell-Technologies-Leander-Office-Locations-EI_IE1327.4,21_IL.22,29_IC1139779.htm","https://www.glassdoor.com/Reviews/HP-Inc-Leander-Reviews-EI_IE1093161.0,6_IL.7,14_IC1139779.htm",validation_failed,gap_probe_failed: missing_target_metrics,pool-location-id,2026-06-28T09:40:18.526897+00:00
HP Inc.,"Pflugerville, TX",pflugerville tx,office-location,"Pflugerville, TX","https://www.glassdoor.com/Location/All-Dell-Technologies-Pflugerville-Office-Locations-EI_IE1327.4,21_IL.22,34_IC1139790.htm","https://www.glassdoor.com/Reviews/HP-Inc-Pflugerville-Reviews-EI_IE1093161.0,6_IL.7,19_IC1139790.htm",validation_failed,gap_probe_failed: missing_target_metrics,pool-location-id,2026-06-28T09:40:25.263446+00:00
HP Inc.,"Quincy, MA",quincy ma,office-location,"Quincy, MA","https://www.glassdoor.com/Location/All-Dell-Technologies-Quincy-Office-Locations-EI_IE1327.4,21_IL.22,28_IC1154667.htm","https://www.glassdoor.com/Reviews/HP-Inc-Quincy-Reviews-EI_IE1093161.0,6_IL.7,13_IC1154667.htm",validation_failed,gap_probe_failed: missing_target_metrics,pool-location-id,2026-06-28T09:40:31.904155+00:00
HP Inc.,"Round Rock, TX",round rock tx,office-location,"Round Rock, TX","https://www.glassdoor.com/Location/All-Dell-Technologies-Round-Rock-Office-Locations-EI_IE1327.4,21_IL.22,32_IC1139794.htm","https://www.glassdoor.com/Reviews/HP-Inc-Round-Rock-Reviews-EI_IE1093161.0,6_IL.7,17_IC1139794.htm",resolved,,pool-location-id,2026-06-28T09:40:38.862301+00:00
HP Inc.,"San Marcos, TX",san marcos tx,office-location,"San Marcos, TX","https://www.glassdoor.com/Location/All-Dell-Technologies-San-Marcos-Office-Locations-EI_IE1327.4,21_IL.22,32_IC1139795.htm","https://www.glassdoor.com/Reviews/HP-Inc-San-Marcos-Reviews-EI_IE1093161.0,6_IL.7,17_IC1139795.htm",validation_failed,gap_probe_failed: missing_target_metrics,pool-location-id,2026-06-28T09:40:45.044014+00:00
HP Inc.,"Satellite Beach, FL",satellite beach fl,office-location,"Satellite Beach, FL","https://www.glassdoor.com/Location/All-Dell-Technologies-Satellite-Beach-Office-Locations-EI_IE1327.4,21_IL.22,37_IC1154294.htm","https://www.glassdoor.com/Reviews/HP-Inc-Satellite-Beach-Reviews-EI_IE1093161.0,6_IL.7,22_IC1154294.htm",validation_failed,gap_probe_failed: missing_target_metrics,pool-location-id,2026-06-28T09:40:51.851933+00:00
HP Inc.,"Wellesley, MA",wellesley ma,office-location,"Wellesley, MA","https://www.glassdoor.com/Location/All-Dell-Technologies-Wellesley-Office-Locations-EI_IE1327.4,21_IL.22,31_IC1154708.htm","https://www.glassdoor.com/Reviews/HP-Inc-Wellesley-Reviews-EI_IE1093161.0,6_IL.7,16_IC1154708.htm",validation_failed,gap_probe_failed: missing_target_metrics,pool-location-id,2026-06-28T09:40:58.615132+00:00
HP Inc.,"Domlur, KA",domlur ka,office-location,"Domlur, KA","https://www.glassdoor.com/Location/All-Dell-Technologies-Domlur-Office-Locations-EI_IE1327.4,21_IL.22,28_IC4470560.htm","https://www.glassdoor.com/Reviews/HP-Inc-Domlur-Reviews-EI_IE1093161.0,6_IL.7,13_IC4470560.htm",validation_failed,gap_probe_failed: missing_target_metrics,pool-location-id,2026-06-28T09:41:04.963660+00:00
HP Inc.,"Chicago, IL",chicago il,office-location,"Chicago, IL","https://www.glassdoor.com/Location/All-Lenovo-Chicago-Office-Locations-EI_IE8034.4,10_IL.11,18_IC1128808.htm","https://www.glassdoor.com/Reviews/HP-Inc-Chicago-Reviews-EI_IE1093161.0,6_IL.7,14_IC1128808.htm",resolved,,pool-location-id,2026-06-28T09:41:12.496961+00:00
HP Inc.,"Morrisville, NC",morrisville nc,office-location,"Morrisville, NC","https://www.glassdoor.com/Location/All-Lenovo-Morrisville-Office-Locations-EI_IE8034.4,10_IL.11,22_IC1138956.htm","https://www.glassdoor.com/Reviews/HP-Inc-Morrisville-Reviews-EI_IE1093161.0,6_IL.7,18_IC1138956.htm",validation_failed,gap_probe_failed: missing_target_metrics,pool-location-id,2026-06-28T09:41:20.371972+00:00
HP Inc.,"Bratislava, 02",bratislava 02,office-location,"Bratislava, 02","https://www.glassdoor.com/Location/All-Lenovo-Bratislava-Office-Locations-EI_IE8034.4,10_IL.11,21_IC2907054.htm","https://www.glassdoor.com/Reviews/HP-Inc-Bratislava-Reviews-EI_IE1093161.0,6_IL.7,17_IC2907054.htm",resolved,,pool-location-id,2026-06-28T09:41:26.791780+00:00
HP Inc.,"Stuttgart, BW",stuttgart bw,office-location,"Stuttgart, BW","https://www.glassdoor.com/Location/All-Lenovo-Stuttgart-Office-Locations-EI_IE8034.4,10_IL.11,20_IC2507190.htm","https://www.glassdoor.com/Reviews/HP-Inc-Stuttgart-Reviews-EI_IE1093161.0,6_IL.7,16_IC2507190.htm",resolved,,pool-location-id,2026-06-28T09:41:43.520120+00:00
HP Inc.,"Beijing, 22",beijing 22,office-location,"Beijing, 22","https://www.glassdoor.com/Location/All-Lenovo-Beijing-Office-Locations-EI_IE8034.4,10_IL.11,18_IC2398510.htm","https://www.glassdoor.com/Reviews/HP-Inc-Beijing-Reviews-EI_IE1093161.0,6_IL.7,14_IC2398510.htm",resolved,,pool-location-id,2026-06-28T09:41:50.259461+00:00
HP Inc.,"Changping, 22",changping 22,office-location,"Changping, 22","https://www.glassdoor.com/Location/All-Lenovo-Changping-Office-Locations-EI_IE8034.4,10_IL.11,20_IC2405661.htm","https://www.glassdoor.com/Reviews/HP-Inc-Changping-Reviews-EI_IE1093161.0,6_IL.7,16_IC2405661.htm",validation_failed,gap_probe_failed: missing_target_metrics,pool-location-id,2026-06-28T09:41:57.007544+00:00
HP Inc.,"Haidian, 22",haidian 22,office-location,"Haidian, 22","https://www.glassdoor.com/Location/All-Lenovo-Haidian-Office-Locations-EI_IE8034.4,10_IL.11,18_IC2405685.htm","https://www.glassdoor.com/Reviews/HP-Inc-Haidian-Reviews-EI_IE1093161.0,6_IL.7,14_IC2405685.htm",validation_failed,gap_probe_failed: missing_target_metrics,pool-location-id,2026-06-28T09:42:03.619845+00:00
HP Inc.,Hong Kong,hong kong,office-location,Hong Kong,"https://www.glassdoor.com/Location/All-Lenovo-Hong-Kong-Office-Locations-EI_IE8034.4,10_IL.11,20_IC2308631.htm","https://www.glassdoor.com/Reviews/HP-Inc-Hong-Kong-Reviews-EI_IE1093161.0,6_IL.7,16_IC2308631.htm",resolved,,pool-location-id,2026-06-28T09:42:10.362231+00:00
HP Inc.,"Shenzhenzhen, 02",shenzhenzhen 02,office-location,"Shenzhenzhen, 02","https://www.glassdoor.com/Location/All-Lenovo-Shenzhenzhen-Office-Locations-EI_IE8034.4,10_IL.11,23_IC2441398.htm","https://www.glassdoor.com/Reviews/HP-Inc-Shenzhenzhen-Reviews-EI_IE1093161.0,6_IL.7,19_IC2441398.htm",validation_failed,gap_probe_failed: missing_target_metrics,pool-location-id,2026-06-28T09:42:17.162147+00:00
HP Inc.,"Xiamen, 07",xiamen 07,office-location,"Xiamen, 07","https://www.glassdoor.com/Location/All-Lenovo-Xiamen-Office-Locations-EI_IE8034.4,10_IL.11,17_IC2564138.htm","https://www.glassdoor.com/Reviews/HP-Inc-Xiamen-Reviews-EI_IE1093161.0,6_IL.7,13_IC2564138.htm",validation_failed,gap_probe_failed: missing_target_metrics,pool-location-id,2026-06-28T09:42:24.048589+00:00
HP Inc.,"Buenos Aires, C",buenos aires c,office-location,"Buenos Aires, C","https://www.glassdoor.com/Location/All-Lenovo-Buenos-Aires-Office-Locations-EI_IE8034.4,10_IL.11,23_IC2242084.htm","https://www.glassdoor.com/Reviews/HP-Inc-Buenos-Aires-Reviews-EI_IE1093161.0,6_IL.7,19_IC2242084.htm",resolved,,pool-location-id,2026-06-28T09:42:30.060886+00:00
HP Inc.,"Campinas, SP",campinas sp,office-location,"Campinas, SP","https://www.glassdoor.com/Location/All-Lenovo-Campinas-Office-Locations-EI_IE8034.4,10_IL.11,19_IC2490130.htm","https://www.glassdoor.com/Reviews/HP-Inc-Campinas-Reviews-EI_IE1093161.0,6_IL.7,15_IC2490130.htm",resolved,,pool-location-id,2026-06-28T09:42:37.481696+00:00
HP Inc.,"Indaiatuba, SP",indaiatuba sp,office-location,"Indaiatuba, SP","https://www.glassdoor.com/Location/All-Lenovo-Indaiatuba-Office-Locations-EI_IE8034.4,10_IL.11,21_IC2480058.htm","https://www.glassdoor.com/Reviews/HP-Inc-Indaiatuba-Reviews-EI_IE1093161.0,6_IL.7,17_IC2480058.htm",validation_failed,gap_probe_failed: missing_target_metrics,pool-location-id,2026-06-28T09:42:44.084290+00:00
HP Inc.,"Itu, SP",itu sp,office-location,"Itu, SP","https://www.glassdoor.com/Location/All-Lenovo-Itu-Office-Locations-EI_IE8034.4,10_IL.11,14_IC2490672.htm","https://www.glassdoor.com/Reviews/HP-Inc-Itu-Reviews-EI_IE1093161.0,6_IL.7,10_IC2490672.htm",validation_failed,gap_probe_failed: missing_target_metrics,pool-location-id,2026-06-28T09:42:50.259074+00:00
HP Inc.,"Martínez, B",mart nez b,office-location,"Martínez, B","https://www.glassdoor.com/Location/All-Lenovo-Martínez-Office-Locations-EI_IE8034.4,10_IL.11,19_IC2207815.htm","https://www.glassdoor.com/Reviews/HP-Inc-Mart%C3%ADnez-Reviews-EI_IE1093161.0,6_IL.7,15_IC2207815.htm",validation_failed,gap_probe_failed: missing_target_metrics,pool-location-id,2026-06-28T09:42:56.275298+00:00
HP Inc.,"Sorocaba, SP",sorocaba sp,office-location,"Sorocaba, SP","https://www.glassdoor.com/Location/All-Lenovo-Sorocaba-Office-Locations-EI_IE8034.4,10_IL.11,19_IC2475809.htm","https://www.glassdoor.com/Reviews/HP-Inc-Sorocaba-Reviews-EI_IE1093161.0,6_IL.7,15_IC2475809.htm",resolved,,pool-location-id,2026-06-28T09:43:02.939938+00:00
HP Inc.,"Vicente López, B",vicente l pez b,office-location,"Vicente López, B","https://www.glassdoor.com/Location/All-Lenovo-Vicente-López-Office-Locations-EI_IE8034.4,10_IL.11,24_IC2211608.htm","https://www.glassdoor.com/Reviews/HP-Inc-Vicente-L%C3%B3pez-Reviews-EI_IE1093161.0,6_IL.7,20_IC2211608.htm",validation_failed,gap_probe_failed: missing_target_metrics,pool-location-id,2026-06-28T09:43:10.309445+00:00
HP Inc.,Global,global,manual-seed,,,https://www.glassdoor.com/Reviews/HP-Inc-Reviews-E1093161.htm,resolved,,review-url-hint,2026-06-28T15:30:07.368151+08:00
HP Inc.,Taipei,taipei,manual-seed,"Taipei, TPQ","https://www.glassdoor.com/Location/All-HP-Inc-Taipei-Office-Locations-EI_IE1093161.4,10_IL.11,17_IC3271041.htm","https://www.glassdoor.com/Reviews/HP-Inc-Taipei-Reviews-EI_IE1093161.0,6_IL.7,13_IC3271041.htm",resolved,,office-navigation,2026-06-28T15:30:14.658791+08:00
HP Inc.,Hsinchu,hsinchu,manual-seed,"Hsinchu, TXG","https://www.glassdoor.com/Location/All-NVIDIA-Hsinchu-Office-Locations-EI_IE7633.4,10_IL.11,18_IC4915323.htm","https://www.glassdoor.com/Reviews/HP-Inc-Hsinchu-Reviews-EI_IE1093161.0,6_IL.7,14_IC4915323.htm",validation_failed,gap_probe_failed: company_mismatch,pool-location-id,2026-06-28T15:51:31.641972+08:00
HP Inc.,Taoyuan,taoyuan,manual-seed,,,,no_result,pool_location_id_not_found,pool-location-id,2026-06-28T15:51:31.743633+08:00
HP Inc.,Shanghai,shanghai,manual-seed,"Shanghai, 23","https://www.glassdoor.com/Location/All-NVIDIA-Shanghai-Office-Locations-EI_IE7633.4,10_IL.11,19_IC2416009.htm","https://www.glassdoor.com/Reviews/HP-Inc-Shanghai-Reviews-EI_IE1093161.0,6_IL.7,15_IC2416009.htm",validation_failed,gap_probe_failed: company_mismatch,pool-location-id,2026-06-28T15:51:34.383815+08:00
HP Inc.,Shenzhen,shenzhen,manual-seed,"Shenzhenzhen, 02","https://www.glassdoor.com/Location/All-Lenovo-Shenzhenzhen-Office-Locations-EI_IE8034.4,10_IL.11,23_IC2441398.htm","https://www.glassdoor.com/Reviews/HP-Inc-Shenzhenzhen-Reviews-EI_IE1093161.0,6_IL.7,19_IC2441398.htm",validation_failed,gap_probe_failed: company_mismatch,pool-location-id,2026-06-28T15:51:36.826952+08:00
HP Inc.,Tokyo,tokyo,manual-seed,"Tokyo, 40","https://www.glassdoor.com/Location/All-ASUS-Tokyo-Office-Locations-EI_IE40093.4,8_IL.9,14_IC2851580.htm","https://www.glassdoor.com/Reviews/HP-Inc-Tokyo-Reviews-EI_IE1093161.0,6_IL.7,12_IC2851580.htm",validation_failed,gap_probe_failed: company_mismatch,pool-location-id,2026-06-28T15:51:40.547909+08:00
HP Inc.,Seoul,seoul,manual-seed,"Seoul, 11","https://www.glassdoor.com/Location/All-ASUS-Seoul-Office-Locations-EI_IE40093.4,8_IL.9,14_IC3021489.htm","https://www.glassdoor.com/Reviews/HP-Inc-Seoul-Reviews-EI_IE1093161.0,6_IL.7,12_IC3021489.htm",validation_failed,gap_probe_failed: company_mismatch,pool-location-id,2026-06-28T15:51:43.84621+08:00
HP Inc.,Austin,austin,manual-seed,"Austin, TX","https://www.glassdoor.com/Location/All-NVIDIA-Austin-Office-Locations-EI_IE7633.4,10_IL.11,17_IC1139761.htm","https://www.glassdoor.com/Reviews/HP-Inc-Austin-Reviews-EI_IE1093161.0,6_IL.7,13_IC1139761.htm",validation_failed,gap_probe_failed: company_mismatch,pool-location-id,2026-06-28T15:51:46.499266+08:00
HP Inc.,Seattle,seattle,manual-seed,,,,no_result,pool_location_id_not_found,pool-location-id,2026-06-28T15:51:46.601128+08:00
HP Inc.,London,london,manual-seed,"London, ENG","https://www.glassdoor.com/Location/All-Trend-Micro-Inc-London-Office-Locations-EI_IE8983.4,19_IL.20,26_IC2671300.htm","https://www.glassdoor.com/Reviews/HP-Inc-London-Reviews-EI_IE1093161.0,6_IL.7,13_IC2671300.htm",validation_failed,gap_probe_failed: company_mismatch,pool-location-id,2026-06-28T15:51:49.267472+08:00
HP Inc.,Dublin,dublin,manual-seed,,,,no_result,pool_location_id_not_found,pool-location-id,2026-06-28T15:51:49.369038+08:00
HP Inc.,Munich,munich,manual-seed,"Munich, BY","https://www.glassdoor.com/Location/All-NVIDIA-Munich-Office-Locations-EI_IE7633.4,10_IL.11,17_IC4990924.htm","https://www.glassdoor.com/Reviews/HP-Inc-Munich-Reviews-EI_IE1093161.0,6_IL.7,13_IC4990924.htm",validation_failed,gap_probe_failed: company_mismatch,pool-location-id,2026-06-28T15:51:51.497448+08:00
Quanta Computer,"Ciudad de Mexico, MEX",ciudad de mexico mex,office-location,"Ciudad de Mexico, MEX","https://www.glassdoor.com/Location/All-ASUS-Ciudad-de-Mexico-Office-Locations-EI_IE40093.4,8_IL.9,25_IC5017436.htm","https://www.glassdoor.com/Reviews/Quanta-Computer-Ciudad-de-Mexico-Reviews-EI_IE11939.0,15_IL.16,32_IC5017436.htm",validation_failed,gap_probe_failed: missing_target_metrics,pool-location-id,2026-06-28T09:43:16.718250+00:00
Quanta Computer,"Fremont, CA",fremont ca,office-location,"Fremont, CA","https://www.glassdoor.com/Location/All-Quanta-Computer-Fremont-Office-Locations-EI_IE11939.4,19_IL.20,27_IC1147355.htm","https://www.glassdoor.com/Reviews/Quanta-Computer-Fremont-Reviews-EI_IE11939.0,15_IL.16,23_IC1147355.htm",resolved,,office-navigation,2026-06-28T15:30:18.218409+08:00
Quanta Computer,"Markham, ON",markham on,office-location,"Markham, ON","https://www.glassdoor.com/Location/All-ASUS-Markham-Office-Locations-EI_IE40093.4,8_IL.9,16_IC2280736.htm","https://www.glassdoor.com/Reviews/Quanta-Computer-Markham-Reviews-EI_IE11939.0,15_IL.16,23_IC2280736.htm",validation_failed,gap_probe_failed: missing_target_metrics,pool-location-id,2026-06-28T09:43:22.653454+00:00
Quanta Computer,"Barcelona, CT",barcelona ct,office-location,"Barcelona, CT","https://www.glassdoor.com/Location/All-ASUS-Barcelona-Office-Locations-EI_IE40093.4,8_IL.9,18_IC2547194.htm","https://www.glassdoor.com/Reviews/Quanta-Computer-Barcelona-Reviews-EI_IE11939.0,15_IL.16,25_IC2547194.htm",validation_failed,gap_probe_failed: missing_target_metrics,pool-location-id,2026-06-28T09:43:29.677635+00:00
Quanta Computer,"Budapest, BU",budapest bu,office-location,"Budapest, BU","https://www.glassdoor.com/Location/All-ASUS-Budapest-Office-Locations-EI_IE40093.4,8_IL.9,17_IC3125126.htm","https://www.glassdoor.com/Reviews/Quanta-Computer-Budapest-Reviews-EI_IE11939.0,15_IL.16,24_IC3125126.htm",validation_failed,gap_probe_failed: missing_target_metrics,pool-location-id,2026-06-28T09:43:35.824331+00:00
Quanta Computer,"Emmen, DR",emmen dr,office-location,"Emmen, DR","https://www.glassdoor.com/Location/All-ASUS-Emmen-Office-Locations-EI_IE40093.4,8_IL.9,14_IC3060162.htm","https://www.glassdoor.com/Reviews/Quanta-Computer-Emmen-Reviews-EI_IE11939.0,15_IL.16,21_IC3060162.htm",validation_failed,gap_probe_failed: missing_target_metrics,pool-location-id,2026-06-28T09:43:42.630382+00:00
Quanta Computer,"Hemel Hempstead, ENG",hemel hempstead eng,office-location,"Hemel Hempstead, ENG","https://www.glassdoor.com/Location/All-ASUS-Hemel-Hempstead-Office-Locations-EI_IE40093.4,8_IL.9,24_IC2669775.htm","https://www.glassdoor.com/Reviews/Quanta-Computer-Hemel-Hempstead-Reviews-EI_IE11939.0,15_IL.16,31_IC2669775.htm",validation_failed,gap_probe_failed: missing_target_metrics,pool-location-id,2026-06-28T09:43:48.838151+00:00
Quanta Computer,"Milan, LOM",milan lom,office-location,"Milan, LOM","https://www.glassdoor.com/Location/All-ASUS-Milan-Office-Locations-EI_IE40093.4,8_IL.9,14_IC2802090.htm","https://www.glassdoor.com/Reviews/Quanta-Computer-Milan-Reviews-EI_IE11939.0,15_IL.16,21_IC2802090.htm",validation_failed,gap_probe_failed: missing_target_metrics,pool-location-id,2026-06-28T09:44:07.127247+00:00
Quanta Computer,"Moravská Ostrava, MO",moravsk ostrava mo,office-location,"Moravská Ostrava, MO","https://www.glassdoor.com/Location/All-ASUS-Moravská-Ostrava-Office-Locations-EI_IE40093.4,8_IL.9,25_IC2288209.htm","https://www.glassdoor.com/Reviews/Quanta-Computer-Moravsk%C3%A1-Ostrava-Reviews-EI_IE11939.0,15_IL.16,32_IC2288209.htm",validation_failed,gap_probe_failed: missing_target_metrics,pool-location-id,2026-06-28T09:44:12.908002+00:00
Quanta Computer,"Noisy-le-Grand, A8",noisy le grand a8,office-location,"Noisy-le-Grand, A8","https://www.glassdoor.com/Location/All-ASUS-Noisy-le-Grand-Office-Locations-EI_IE40093.4,8_IL.9,23_IC3100822.htm","https://www.glassdoor.com/Reviews/Quanta-Computer-Noisy-le-Grand-Reviews-EI_IE11939.0,15_IL.16,30_IC3100822.htm",validation_failed,gap_probe_failed: missing_target_metrics,pool-location-id,2026-06-28T09:44:18.743084+00:00
Quanta Computer,"Ratingen, NW",ratingen nw,office-location,"Ratingen, NW","https://www.glassdoor.com/Location/All-ASUS-Ratingen-Office-Locations-EI_IE40093.4,8_IL.9,17_IC2584004.htm","https://www.glassdoor.com/Reviews/Quanta-Computer-Ratingen-Reviews-EI_IE11939.0,15_IL.16,24_IC2584004.htm",validation_failed,gap_probe_failed: missing_target_metrics,pool-location-id,2026-06-28T09:44:25.192908+00:00
Quanta Computer,"Üsküdar, T34",sk dar t34,office-location,"Üsküdar, T34","https://www.glassdoor.com/Location/All-ASUS-Üsküdar-Office-Locations-EI_IE40093.4,8_IL.9,16_IC3361446.htm","https://www.glassdoor.com/Reviews/Quanta-Computer-%C3%9Csk%C3%BCdar-Reviews-EI_IE11939.0,15_IL.16,23_IC3361446.htm",validation_failed,gap_probe_failed: missing_target_metrics,pool-location-id,2026-06-28T09:44:34.259008+00:00
Quanta Computer,"Warsaw, MZ",warsaw mz,office-location,"Warsaw, MZ","https://www.glassdoor.com/Location/All-ASUS-Warsaw-Office-Locations-EI_IE40093.4,8_IL.9,15_IC3094484.htm","https://www.glassdoor.com/Reviews/Quanta-Computer-Warsaw-Reviews-EI_IE11939.0,15_IL.16,22_IC3094484.htm",validation_failed,gap_probe_failed: missing_target_metrics,pool-location-id,2026-06-28T09:44:41.285875+00:00
Quanta Computer,"Bangkok, 10",bangkok 10,office-location,"Bangkok, 10","https://www.glassdoor.com/Location/All-ASUS-Bangkok-Office-Locations-EI_IE40093.4,8_IL.9,16_IC3179725.htm","https://www.glassdoor.com/Reviews/Quanta-Computer-Bangkok-Reviews-EI_IE11939.0,15_IL.16,23_IC3179725.htm",validation_failed,gap_probe_failed: missing_target_metrics,pool-location-id,2026-06-28T09:44:47.775994+00:00
Quanta Computer,"Dubai, DU",dubai du,office-location,"Dubai, DU","https://www.glassdoor.com/Location/All-ASUS-Dubai-Office-Locations-EI_IE40093.4,8_IL.9,14_IC2204498.htm","https://www.glassdoor.com/Reviews/Quanta-Computer-Dubai-Reviews-EI_IE11939.0,15_IL.16,21_IC2204498.htm",validation_failed,gap_probe_failed: missing_target_metrics,pool-location-id,2026-06-28T09:44:53.595545+00:00
Quanta Computer,"Jakarta, JK",jakarta jk,office-location,"Jakarta, JK","https://www.glassdoor.com/Location/All-ASUS-Jakarta-Office-Locations-EI_IE40093.4,8_IL.9,16_IC2709872.htm","https://www.glassdoor.com/Reviews/Quanta-Computer-Jakarta-Reviews-EI_IE11939.0,15_IL.16,23_IC2709872.htm",validation_failed,gap_probe_failed: missing_target_metrics,pool-location-id,2026-06-28T09:44:59.892574+00:00
Quanta Computer,"Kuala Lumpur, 14",kuala lumpur 14,office-location,"Kuala Lumpur, 14","https://www.glassdoor.com/Location/All-ASUS-Kuala-Lumpur-Office-Locations-EI_IE40093.4,8_IL.9,21_IC2986682.htm","https://www.glassdoor.com/Reviews/Quanta-Computer-Kuala-Lumpur-Reviews-EI_IE11939.0,15_IL.16,28_IC2986682.htm",validation_failed,gap_probe_failed: missing_target_metrics,pool-location-id,2026-06-28T09:45:07.049497+00:00
Quanta Computer,"Manila, D9",manila d9,office-location,"Manila, D9","https://www.glassdoor.com/Location/All-ASUS-Manila-Office-Locations-EI_IE40093.4,8_IL.9,15_IC2363570.htm","https://www.glassdoor.com/Reviews/Quanta-Computer-Manila-Reviews-EI_IE11939.0,15_IL.16,22_IC2363570.htm",validation_failed,gap_probe_failed: missing_target_metrics,pool-location-id,2026-06-28T09:45:13.503111+00:00
Quanta Computer,"Mumbai, MH",mumbai mh,office-location,"Mumbai, MH","https://www.glassdoor.com/Location/All-ASUS-Mumbai-Office-Locations-EI_IE40093.4,8_IL.9,15_IC2851180.htm","https://www.glassdoor.com/Reviews/Quanta-Computer-Mumbai-Reviews-EI_IE11939.0,15_IL.16,22_IC2851180.htm",validation_failed,gap_probe_failed: missing_target_metrics,pool-location-id,2026-06-28T09:45:19.565378+00:00
Quanta Computer,"Seoul, 11",seoul 11,office-location,"Seoul, 11","https://www.glassdoor.com/Location/All-ASUS-Seoul-Office-Locations-EI_IE40093.4,8_IL.9,14_IC3021489.htm","https://www.glassdoor.com/Reviews/Quanta-Computer-Seoul-Reviews-EI_IE11939.0,15_IL.16,21_IC3021489.htm",validation_failed,gap_probe_failed: missing_target_metrics,pool-location-id,2026-06-28T09:45:26.154953+00:00
Quanta Computer,Singapore,singapore,office-location,Singapore,"https://www.glassdoor.com/Location/All-ASUS-Singapore-Office-Locations-EI_IE40093.4,8_IL.9,18_IC3235921.htm","https://www.glassdoor.com/Reviews/Quanta-Computer-Singapore-Reviews-EI_IE11939.0,15_IL.16,25_IC3235921.htm",validation_failed,gap_probe_failed: company_mismatch,pool-location-id,2026-06-28T15:51:53.898388+08:00
Quanta Computer,"Taipei, TPQ",taipei tpq,office-location,"Taipei, TPQ","https://www.glassdoor.com/Location/All-ASUS-Taipei-Office-Locations-EI_IE40093.4,8_IL.9,15_IC3271041.htm","https://www.glassdoor.com/Reviews/Quanta-Computer-Taipei-Reviews-EI_IE11939.0,15_IL.16,22_IC3271041.htm",resolved,,pool-location-id,2026-06-28T09:45:32.698758+00:00
Quanta Computer,"Tokyo, 40",tokyo 40,office-location,"Tokyo, 40","https://www.glassdoor.com/Location/All-ASUS-Tokyo-Office-Locations-EI_IE40093.4,8_IL.9,14_IC2851580.htm","https://www.glassdoor.com/Reviews/Quanta-Computer-Tokyo-Reviews-EI_IE11939.0,15_IL.16,21_IC2851580.htm",validation_failed,gap_probe_failed: missing_target_metrics,pool-location-id,2026-06-28T09:45:40.329944+00:00
Quanta Computer,"San Isidro, HUC",san isidro huc,office-location,"San Isidro, HUC","https://www.glassdoor.com/Location/All-ASUS-San-Isidro-Office-Locations-EI_IE40093.4,8_IL.9,19_IC4694011.htm","https://www.glassdoor.com/Reviews/Quanta-Computer-San-Isidro-Reviews-EI_IE11939.0,15_IL.16,26_IC4694011.htm",validation_failed,gap_probe_failed: missing_target_metrics,pool-location-id,2026-06-28T09:45:46.738082+00:00
Quanta Computer,"Santiago, RM",santiago rm,office-location,"Santiago, RM","https://www.glassdoor.com/Location/All-ASUS-Santiago-Office-Locations-EI_IE40093.4,8_IL.9,17_IC2434030.htm","https://www.glassdoor.com/Reviews/Quanta-Computer-Santiago-Reviews-EI_IE11939.0,15_IL.16,24_IC2434030.htm",validation_failed,gap_probe_failed: missing_target_metrics,pool-location-id,2026-06-28T09:45:53.030105+00:00
Quanta Computer,"São Paulo, SP",s o paulo sp,office-location,"São Paulo, SP","https://www.glassdoor.com/Location/All-ASUS-São-Paulo-Office-Locations-EI_IE40093.4,8_IL.9,18_IC2479061.htm","https://www.glassdoor.com/Reviews/Quanta-Computer-S%C3%A3o-Paulo-Reviews-EI_IE11939.0,15_IL.16,25_IC2479061.htm",resolved,,pool-location-id,2026-06-28T09:45:59.799432+00:00
Quanta Computer,"Sydney, NSW",sydney nsw,office-location,"Sydney, NSW","https://www.glassdoor.com/Location/All-ASUS-Sydney-Office-Locations-EI_IE40093.4,8_IL.9,15_IC2235932.htm","https://www.glassdoor.com/Reviews/Quanta-Computer-Sydney-Reviews-EI_IE11939.0,15_IL.16,22_IC2235932.htm",validation_failed,gap_probe_failed: missing_target_metrics,pool-location-id,2026-06-28T09:46:05.943009+00:00
Quanta Computer,"Austin, TX",austin tx,office-location,"Austin, TX","https://www.glassdoor.com/Location/All-NVIDIA-Austin-Office-Locations-EI_IE7633.4,10_IL.11,17_IC1139761.htm","https://www.glassdoor.com/Reviews/Quanta-Computer-Austin-Reviews-EI_IE11939.0,15_IL.16,22_IC1139761.htm",validation_failed,gap_probe_failed: missing_target_metrics,pool-location-id,2026-06-28T09:46:11.923128+00:00
Quanta Computer,"Beaverton, OR",beaverton or,office-location,"Beaverton, OR","https://www.glassdoor.com/Location/All-NVIDIA-Beaverton-Office-Locations-EI_IE7633.4,10_IL.11,20_IC1151576.htm","https://www.glassdoor.com/Reviews/Quanta-Computer-Beaverton-Reviews-EI_IE11939.0,15_IL.16,25_IC1151576.htm",validation_failed,gap_probe_failed: missing_target_metrics,pool-location-id,2026-06-28T09:46:28.173787+00:00
Quanta Computer,"Bellevue, WA",bellevue wa,office-location,"Bellevue, WA","https://www.glassdoor.com/Location/All-NVIDIA-Bellevue-Office-Locations-EI_IE7633.4,10_IL.11,19_IC1150442.htm","https://www.glassdoor.com/Reviews/Quanta-Computer-Bellevue-Reviews-EI_IE11939.0,15_IL.16,24_IC1150442.htm",validation_failed,gap_probe_failed: missing_target_metrics,pool-location-id,2026-06-28T09:46:34.917454+00:00
Quanta Computer,"Durham, NC",durham nc,office-location,"Durham, NC","https://www.glassdoor.com/Location/All-NVIDIA-Durham-Office-Locations-EI_IE7633.4,10_IL.11,17_IC1138697.htm","https://www.glassdoor.com/Reviews/Quanta-Computer-Durham-Reviews-EI_IE11939.0,15_IL.16,22_IC1138697.htm",validation_failed,gap_probe_failed: missing_target_metrics,pool-location-id,2026-06-28T09:46:40.769224+00:00
Quanta Computer,"Hillsboro, OR",hillsboro or,office-location,"Hillsboro, OR","https://www.glassdoor.com/Location/All-NVIDIA-Hillsboro-Office-Locations-EI_IE7633.4,10_IL.11,20_IC1151603.htm","https://www.glassdoor.com/Reviews/Quanta-Computer-Hillsboro-Reviews-EI_IE11939.0,15_IL.16,25_IC1151603.htm",validation_failed,gap_probe_failed: missing_target_metrics,pool-location-id,2026-06-28T09:46:47.106952+00:00
Quanta Computer,"Redmond, WA",redmond wa,office-location,"Redmond, WA","https://www.glassdoor.com/Location/All-NVIDIA-Redmond-Office-Locations-EI_IE7633.4,10_IL.11,18_IC1150499.htm","https://www.glassdoor.com/Reviews/Quanta-Computer-Redmond-Reviews-EI_IE11939.0,15_IL.16,23_IC1150499.htm",validation_failed,gap_probe_failed: missing_target_metrics,pool-location-id,2026-06-28T09:46:53.163515+00:00
Quanta Computer,"Saint Louis, MO",saint louis mo,office-location,"Saint Louis, MO","https://www.glassdoor.com/Location/All-NVIDIA-Saint-Louis-Office-Locations-EI_IE7633.4,10_IL.11,22_IC1131270.htm","https://www.glassdoor.com/Reviews/Quanta-Computer-Saint-Louis-Reviews-EI_IE11939.0,15_IL.16,27_IC1131270.htm",validation_failed,gap_probe_failed: missing_target_metrics,pool-location-id,2026-06-28T09:46:59.975032+00:00
Quanta Computer,"San Francisco, CA",san francisco ca,office-location,"San Francisco, CA","https://www.glassdoor.com/Location/All-NVIDIA-San-Francisco-Office-Locations-EI_IE7633.4,10_IL.11,24_IC1147401.htm","https://www.glassdoor.com/Reviews/Quanta-Computer-San-Francisco-Reviews-EI_IE11939.0,15_IL.16,29_IC1147401.htm",validation_failed,gap_probe_failed: missing_target_metrics,pool-location-id,2026-06-28T09:47:06.217272+00:00
Quanta Computer,"San Jose, CA",san jose,office-location,"San Jose, CA","https://www.glassdoor.com/Location/All-NVIDIA-San-Jose-Office-Locations-EI_IE7633.4,10_IL.11,19_IC1147436.htm","https://www.glassdoor.com/Reviews/Quanta-Computer-San-Jose-Reviews-EI_IE11939.0,15_IL.16,24_IC1147436.htm",validation_failed,gap_probe_failed: company_mismatch,pool-location-id,2026-06-28T15:51:56.044639+08:00
Quanta Computer,"Santa Clara, CA",santa clara ca,office-location,"Santa Clara, CA","https://www.glassdoor.com/Location/All-NVIDIA-Santa-Clara-Office-Locations-EI_IE7633.4,10_IL.11,22_IC1147439.htm","https://www.glassdoor.com/Reviews/Quanta-Computer-Santa-Clara-Reviews-EI_IE11939.0,15_IL.16,27_IC1147439.htm",resolved,,pool-location-id,2026-06-28T09:47:12.544644+00:00
Quanta Computer,"Toronto, ON",toronto on,office-location,"Toronto, ON","https://www.glassdoor.com/Location/All-NVIDIA-Toronto-Office-Locations-EI_IE7633.4,10_IL.11,18_IC2281069.htm","https://www.glassdoor.com/Reviews/Quanta-Computer-Toronto-Reviews-EI_IE11939.0,15_IL.16,23_IC2281069.htm",validation_failed,gap_probe_failed: missing_target_metrics,pool-location-id,2026-06-28T09:47:18.743680+00:00
Quanta Computer,"Westford, MA",westford ma,office-location,"Westford, MA","https://www.glassdoor.com/Location/All-NVIDIA-Westford-Office-Locations-EI_IE7633.4,10_IL.11,19_IC1154720.htm","https://www.glassdoor.com/Reviews/Quanta-Computer-Westford-Reviews-EI_IE11939.0,15_IL.16,24_IC1154720.htm",validation_failed,gap_probe_failed: missing_target_metrics,pool-location-id,2026-06-28T09:47:25.525426+00:00
Quanta Computer,"Moscow, 48",moscow 48,office-location,"Moscow, 48","https://www.glassdoor.com/Location/All-NVIDIA-Moscow-Office-Locations-EI_IE7633.4,10_IL.11,17_IC3348306.htm","https://www.glassdoor.com/Reviews/Quanta-Computer-Moscow-Reviews-EI_IE11939.0,15_IL.16,22_IC3348306.htm",validation_failed,gap_probe_failed: missing_target_metrics,pool-location-id,2026-06-28T09:47:31.663813+00:00
Quanta Computer,"Munich, BY",munich by,office-location,"Munich, BY","https://www.glassdoor.com/Location/All-NVIDIA-Munich-Office-Locations-EI_IE7633.4,10_IL.11,17_IC4990924.htm","https://www.glassdoor.com/Reviews/Quanta-Computer-Munich-Reviews-EI_IE11939.0,15_IL.16,22_IC4990924.htm",validation_failed,gap_probe_failed: missing_target_metrics,pool-location-id,2026-06-28T09:47:38.197499+00:00
Quanta Computer,"Reading, ENG",reading eng,office-location,"Reading, ENG","https://www.glassdoor.com/Location/All-NVIDIA-Reading-Office-Locations-EI_IE7633.4,10_IL.11,18_IC2675152.htm","https://www.glassdoor.com/Reviews/Quanta-Computer-Reading-Reviews-EI_IE11939.0,15_IL.16,23_IC2675152.htm",validation_failed,gap_probe_failed: missing_target_metrics,pool-location-id,2026-06-28T09:47:44.670844+00:00
Quanta Computer,"Zürich, ZH",z rich zh,office-location,"Zürich, ZH","https://www.glassdoor.com/Location/All-NVIDIA-Zürich-Office-Locations-EI_IE7633.4,10_IL.11,17_IC3297851.htm","https://www.glassdoor.com/Reviews/Quanta-Computer-Z%C3%BCrich-Reviews-EI_IE11939.0,15_IL.16,22_IC3297851.htm",validation_failed,gap_probe_failed: missing_target_metrics,pool-location-id,2026-06-28T09:47:51.553005+00:00
Quanta Computer,"Bengaluru, KA",bengaluru ka,office-location,"Bengaluru, KA","https://www.glassdoor.com/Location/All-NVIDIA-Bengaluru-Office-Locations-EI_IE7633.4,10_IL.11,20_IC2940587.htm","https://www.glassdoor.com/Reviews/Quanta-Computer-Bengaluru-Reviews-EI_IE11939.0,15_IL.16,25_IC2940587.htm",validation_failed,gap_probe_failed: missing_target_metrics,pool-location-id,2026-06-28T09:47:58.065413+00:00
Quanta Computer,"Hsinchu, TXG",hsinchu txg,office-location,"Hsinchu, TXG","https://www.glassdoor.com/Location/All-NVIDIA-Hsinchu-Office-Locations-EI_IE7633.4,10_IL.11,18_IC4915323.htm","https://www.glassdoor.com/Reviews/Quanta-Computer-Hsinchu-Reviews-EI_IE11939.0,15_IL.16,23_IC4915323.htm",validation_failed,gap_probe_failed: missing_target_metrics,pool-location-id,2026-06-28T09:48:04.368274+00:00
Quanta Computer,"Pudong, 23",pudong 23,office-location,"Pudong, 23","https://www.glassdoor.com/Location/All-NVIDIA-Pudong-Office-Locations-EI_IE7633.4,10_IL.11,17_IC2415109.htm","https://www.glassdoor.com/Reviews/Quanta-Computer-Pudong-Reviews-EI_IE11939.0,15_IL.16,22_IC2415109.htm",validation_failed,gap_probe_failed: missing_target_metrics,pool-location-id,2026-06-28T09:48:11.204619+00:00
Quanta Computer,"Pune, MH",pune mh,office-location,"Pune, MH","https://www.glassdoor.com/Location/All-NVIDIA-Pune-Office-Locations-EI_IE7633.4,10_IL.11,15_IC2856202.htm","https://www.glassdoor.com/Reviews/Quanta-Computer-Pune-Reviews-EI_IE11939.0,15_IL.16,20_IC2856202.htm",validation_failed,gap_probe_failed: missing_target_metrics,pool-location-id,2026-06-28T09:48:17.215683+00:00
Quanta Computer,"Shanghai, 23",shanghai 23,office-location,"Shanghai, 23","https://www.glassdoor.com/Location/All-NVIDIA-Shanghai-Office-Locations-EI_IE7633.4,10_IL.11,19_IC2416009.htm","https://www.glassdoor.com/Reviews/Quanta-Computer-Shanghai-Reviews-EI_IE11939.0,15_IL.16,24_IC2416009.htm",resolved,,pool-location-id,2026-06-28T09:48:23.636193+00:00
Quanta Computer,"San Jose, MP",san jose mp,office-location,"San Jose, CA","https://www.glassdoor.com/Location/All-NVIDIA-San-Jose-Office-Locations-EI_IE7633.4,10_IL.11,19_IC1147436.htm","https://www.glassdoor.com/Reviews/Quanta-Computer-San-Jose-Reviews-EI_IE11939.0,15_IL.16,24_IC1147436.htm",resolved,,pool-location-id,2026-06-28T09:48:30.386392+00:00
Quanta Computer,"Frankfurt am Main, HE",frankfurt am main he,office-location,"Frankfurt am Main, HE","https://www.glassdoor.com/Location/All-Micro-Star-International-Frankfurt-am-Main-Office-Locations-EI_IE41141.4,28_IL.29,46_IC2632180.htm","https://www.glassdoor.com/Reviews/Quanta-Computer-Frankfurt-am-Main-Reviews-EI_IE11939.0,15_IL.16,33_IC2632180.htm",validation_failed,gap_probe_failed: missing_target_metrics,pool-location-id,2026-06-28T09:48:46.721079+00:00
Quanta Computer,"Boise, ID",boise id,office-location,"Boise, ID","https://www.glassdoor.com/Location/All-HP-Inc-Boise-Office-Locations-EI_IE1093161.4,10_IL.11,16_IC1127927.htm","https://www.glassdoor.com/Reviews/Quanta-Computer-Boise-Reviews-EI_IE11939.0,15_IL.16,21_IC1127927.htm",validation_failed,gap_probe_failed: missing_target_metrics,pool-location-id,2026-06-28T09:48:53.143714+00:00
Quanta Computer,"Corvallis, OR",corvallis or,office-location,"Corvallis, OR","https://www.glassdoor.com/Location/All-HP-Inc-Corvallis-Office-Locations-EI_IE1093161.4,10_IL.11,20_IC1151455.htm","https://www.glassdoor.com/Reviews/Quanta-Computer-Corvallis-Reviews-EI_IE11939.0,15_IL.16,25_IC1151455.htm",validation_failed,gap_probe_failed: missing_target_metrics,pool-location-id,2026-06-28T09:48:59.957424+00:00
Quanta Computer,"Fort Collins, CO",fort collins co,office-location,"Fort Collins, CO","https://www.glassdoor.com/Location/All-HP-Inc-Fort-Collins-Office-Locations-EI_IE1093161.4,10_IL.11,23_IC1148233.htm","https://www.glassdoor.com/Reviews/Quanta-Computer-Fort-Collins-Reviews-EI_IE11939.0,15_IL.16,28_IC1148233.htm",validation_failed,gap_probe_failed: missing_target_metrics,pool-location-id,2026-06-28T09:49:06.710233+00:00
Quanta Computer,"Guadalajara, JAL",guadalajara jal,office-location,"Guadalajara, JAL","https://www.glassdoor.com/Location/All-HP-Inc-Guadalajara-Office-Locations-EI_IE1093161.4,10_IL.11,22_IC3486357.htm","https://www.glassdoor.com/Reviews/Quanta-Computer-Guadalajara-Reviews-EI_IE11939.0,15_IL.16,27_IC3486357.htm",validation_failed,gap_probe_failed: missing_target_metrics,pool-location-id,2026-06-28T09:49:13.642037+00:00
Quanta Computer,"Houston, TX",houston tx,office-location,"Houston, TX","https://www.glassdoor.com/Location/All-HP-Inc-Houston-Office-Locations-EI_IE1093161.4,10_IL.11,18_IC1140171.htm","https://www.glassdoor.com/Reviews/Quanta-Computer-Houston-Reviews-EI_IE11939.0,15_IL.16,23_IC1140171.htm",validation_failed,gap_probe_failed: missing_target_metrics,pool-location-id,2026-06-28T09:49:20.113612+00:00
Quanta Computer,"Palo Alto, CA",palo alto ca,office-location,"Palo Alto, CA","https://www.glassdoor.com/Location/All-HP-Inc-Palo-Alto-Office-Locations-EI_IE1093161.4,10_IL.11,20_IC1147434.htm","https://www.glassdoor.com/Reviews/Quanta-Computer-Palo-Alto-Reviews-EI_IE11939.0,15_IL.16,25_IC1147434.htm",validation_failed,gap_probe_failed: missing_target_metrics,pool-location-id,2026-06-28T09:49:26.054452+00:00
Quanta Computer,"Portland, OR",portland or,office-location,"Portland, OR","https://www.glassdoor.com/Location/All-HP-Inc-Portland-Office-Locations-EI_IE1093161.4,10_IL.11,19_IC1151614.htm","https://www.glassdoor.com/Reviews/Quanta-Computer-Portland-Reviews-EI_IE11939.0,15_IL.16,24_IC1151614.htm",validation_failed,gap_probe_failed: missing_target_metrics,pool-location-id,2026-06-28T09:49:32.472522+00:00
Quanta Computer,"San Diego, CA",san diego ca,office-location,"San Diego, CA","https://www.glassdoor.com/Location/All-HP-Inc-San-Diego-Office-Locations-EI_IE1093161.4,10_IL.11,20_IC1147311.htm","https://www.glassdoor.com/Reviews/Quanta-Computer-San-Diego-Reviews-EI_IE11939.0,15_IL.16,25_IC1147311.htm",validation_failed,gap_probe_failed: missing_target_metrics,pool-location-id,2026-06-28T09:49:39.166704+00:00
Quanta Computer,"Spring, TX",spring tx,office-location,"Spring, TX","https://www.glassdoor.com/Location/All-HP-Inc-Spring-Office-Locations-EI_IE1093161.4,10_IL.11,17_IC1140222.htm","https://www.glassdoor.com/Reviews/Quanta-Computer-Spring-Reviews-EI_IE11939.0,15_IL.16,22_IC1140222.htm",validation_failed,gap_probe_failed: missing_target_metrics,pool-location-id,2026-06-28T09:49:46.681710+00:00
Quanta Computer,"Sunnyvale, CA",sunnyvale ca,office-location,"Sunnyvale, CA","https://www.glassdoor.com/Location/All-HP-Inc-Sunnyvale-Office-Locations-EI_IE1093161.4,10_IL.11,20_IC1147442.htm","https://www.glassdoor.com/Reviews/Quanta-Computer-Sunnyvale-Reviews-EI_IE11939.0,15_IL.16,25_IC1147442.htm",validation_failed,gap_probe_failed: missing_target_metrics,pool-location-id,2026-06-28T09:49:53.583535+00:00
Quanta Computer,"Tlaquepaque, JAL",tlaquepaque jal,office-location,"Tlaquepaque, JAL","https://www.glassdoor.com/Location/All-HP-Inc-Tlaquepaque-Office-Locations-EI_IE1093161.4,10_IL.11,22_IC3486348.htm","https://www.glassdoor.com/Reviews/Quanta-Computer-Tlaquepaque-Reviews-EI_IE11939.0,15_IL.16,27_IC3486348.htm",validation_failed,gap_probe_failed: missing_target_metrics,pool-location-id,2026-06-28T09:49:59.770084+00:00
Quanta Computer,"Vancouver, WA",vancouver wa,office-location,"Vancouver, WA","https://www.glassdoor.com/Location/All-HP-Inc-Vancouver-Office-Locations-EI_IE1093161.4,10_IL.11,20_IC1150413.htm","https://www.glassdoor.com/Reviews/Quanta-Computer-Vancouver-Reviews-EI_IE11939.0,15_IL.16,25_IC1150413.htm",validation_failed,gap_probe_failed: missing_target_metrics,pool-location-id,2026-06-28T09:50:05.991808+00:00
Quanta Computer,"Zapopan, JAL",zapopan jal,office-location,"Zapopan, JAL","https://www.glassdoor.com/Location/All-HP-Inc-Zapopan-Office-Locations-EI_IE1093161.4,10_IL.11,18_IC3487018.htm","https://www.glassdoor.com/Reviews/Quanta-Computer-Zapopan-Reviews-EI_IE11939.0,15_IL.16,23_IC3487018.htm",validation_failed,gap_probe_failed: missing_target_metrics,pool-location-id,2026-06-28T09:50:12.585060+00:00
Quanta Computer,"Boulogne-Billancourt, A8",boulogne billancourt a8,office-location,"Boulogne-Billancourt, A8","https://www.glassdoor.com/Location/All-HP-Inc-Boulogne-Billancourt-Office-Locations-EI_IE1093161.4,10_IL.11,31_IC3040032.htm","https://www.glassdoor.com/Reviews/Quanta-Computer-Boulogne-Billancourt-Reviews-EI_IE11939.0,15_IL.16,36_IC3040032.htm",validation_failed,gap_probe_failed: missing_target_metrics,pool-location-id,2026-06-28T09:50:19.045779+00:00
Quanta Computer,"Bucharest, B",bucharest b,office-location,"Bucharest, B","https://www.glassdoor.com/Location/All-HP-Inc-Bucharest-Office-Locations-EI_IE1093161.4,10_IL.11,20_IC3184907.htm","https://www.glassdoor.com/Reviews/Quanta-Computer-Bucharest-Reviews-EI_IE11939.0,15_IL.16,25_IC3184907.htm",validation_failed,gap_probe_failed: missing_target_metrics,pool-location-id,2026-06-28T09:50:25.464590+00:00
Quanta Computer,"Cambridge, ENG",cambridge eng,office-location,"Cambridge, ENG","https://www.glassdoor.com/Location/All-HP-Inc-Cambridge-Office-Locations-EI_IE1093161.4,10_IL.11,20_IC2662516.htm","https://www.glassdoor.com/Reviews/Quanta-Computer-Cambridge-Reviews-EI_IE11939.0,15_IL.16,25_IC2662516.htm",validation_failed,gap_probe_failed: missing_target_metrics,pool-location-id,2026-06-28T09:50:32.064867+00:00
Quanta Computer,"Meudon, A8",meudon a8,office-location,"Meudon, A8","https://www.glassdoor.com/Location/All-HP-Inc-Meudon-Office-Locations-EI_IE1093161.4,10_IL.11,17_IC3019026.htm","https://www.glassdoor.com/Reviews/Quanta-Computer-Meudon-Reviews-EI_IE11939.0,15_IL.16,22_IC3019026.htm",validation_failed,gap_probe_failed: missing_target_metrics,pool-location-id,2026-06-28T09:50:38.535837+00:00
Quanta Computer,"Paris, A8",paris a8,office-location,"Paris, A8","https://www.glassdoor.com/Location/All-HP-Inc-Paris-Office-Locations-EI_IE1093161.4,10_IL.11,16_IC2881970.htm","https://www.glassdoor.com/Reviews/Quanta-Computer-Paris-Reviews-EI_IE11939.0,15_IL.16,21_IC2881970.htm",validation_failed,gap_probe_failed: missing_target_metrics,pool-location-id,2026-06-28T09:50:52.071204+00:00
Quanta Computer,"Sant Cugat del Vallès, CT",sant cugat del vall s ct,office-location,"Sant Cugat del Vallès, CT","https://www.glassdoor.com/Location/All-HP-Inc-Sant-Cugat-del-Vallès-Office-Locations-EI_IE1093161.4,10_IL.11,32_IC4843928.htm","https://www.glassdoor.com/Reviews/Quanta-Computer-Sant-Cugat-del-Vall%C3%A8s-Reviews-EI_IE11939.0,15_IL.16,37_IC4843928.htm",validation_failed,gap_probe_failed: missing_target_metrics,pool-location-id,2026-06-28T09:50:58.318543+00:00
Quanta Computer,"Tuas, W",tuas w,office-location,"Tuas, W","https://www.glassdoor.com/Location/All-HP-Inc-Tuas-Office-Locations-EI_IE1093161.4,10_IL.11,15_IC3235538.htm","https://www.glassdoor.com/Reviews/Quanta-Computer-Tuas-Reviews-EI_IE11939.0,15_IL.16,20_IC3235538.htm",validation_failed,gap_probe_failed: missing_target_metrics,pool-location-id,2026-06-28T09:51:14.577543+00:00
Quanta Computer,"Whitefield, KA",whitefield ka,office-location,"Whitefield, KA","https://www.glassdoor.com/Location/All-HP-Inc-Whitefield-Office-Locations-EI_IE1093161.4,10_IL.11,21_IC2941717.htm","https://www.glassdoor.com/Reviews/Quanta-Computer-Whitefield-Reviews-EI_IE11939.0,15_IL.16,26_IC2941717.htm",validation_failed,gap_probe_failed: missing_target_metrics,pool-location-id,2026-06-28T09:51:20.401645+00:00
Quanta Computer,"Lake Forest, CA",lake forest ca,office-location,"Lake Forest, CA","https://www.glassdoor.com/Location/All-Wistron-Lake-Forest-Office-Locations-EI_IE15218.4,11_IL.12,23_IC1146811.htm","https://www.glassdoor.com/Reviews/Quanta-Computer-Lake-Forest-Reviews-EI_IE11939.0,15_IL.16,27_IC1146811.htm",validation_failed,gap_probe_failed: missing_target_metrics,pool-location-id,2026-06-28T09:51:27.311140+00:00
Quanta Computer,"Rolling Meadows, IL",rolling meadows il,office-location,"Rolling Meadows, IL","https://www.glassdoor.com/Location/All-Wistron-Rolling-Meadows-Office-Locations-EI_IE15218.4,11_IL.12,27_IC1128962.htm","https://www.glassdoor.com/Reviews/Quanta-Computer-Rolling-Meadows-Reviews-EI_IE11939.0,15_IL.16,31_IC1128962.htm",validation_failed,gap_probe_failed: missing_target_metrics,pool-location-id,2026-06-28T09:51:34.333118+00:00
Quanta Computer,"Wuhan, 12",wuhan 12,office-location,"Wuhan, 12","https://www.glassdoor.com/Location/All-Wistron-Wuhan-Office-Locations-EI_IE15218.4,11_IL.12,17_IC2478891.htm","https://www.glassdoor.com/Reviews/Quanta-Computer-Wuhan-Reviews-EI_IE11939.0,15_IL.16,21_IC2478891.htm",validation_failed,gap_probe_failed: missing_target_metrics,pool-location-id,2026-06-28T09:51:40.169389+00:00
Quanta Computer,"Hoofddorp, NH",hoofddorp nh,office-location,"Hoofddorp, NH","https://www.glassdoor.com/Location/All-Delta-Electronics-Hoofddorp-Office-Locations-EI_IE41146.4,21_IL.22,31_IC3063772.htm","https://www.glassdoor.com/Reviews/Quanta-Computer-Hoofddorp-Reviews-EI_IE11939.0,15_IL.16,25_IC3063772.htm",validation_failed,gap_probe_failed: missing_target_metrics,pool-location-id,2026-06-28T09:51:47.185931+00:00
Quanta Computer,"Notting Hill, VIC",notting hill vic,office-location,"Notting Hill, VIC","https://www.glassdoor.com/Location/All-Delta-Electronics-Notting-Hill-Office-Locations-EI_IE41146.4,21_IL.22,34_IC2257042.htm","https://www.glassdoor.com/Reviews/Quanta-Computer-Notting-Hill-Reviews-EI_IE11939.0,15_IL.16,28_IC2257042.htm",validation_failed,gap_probe_failed: missing_target_metrics,pool-location-id,2026-06-28T09:51:53.057044+00:00
Quanta Computer,"Jeffersonville, IN",jeffersonville in,office-location,"Jeffersonville, IN","https://www.glassdoor.com/Location/All-Pegatron-Jeffersonville-Office-Locations-EI_IE337948.4,12_IL.13,27_IC1145141.htm","https://www.glassdoor.com/Reviews/Quanta-Computer-Jeffersonville-Reviews-EI_IE11939.0,15_IL.16,30_IC1145141.htm",validation_failed,gap_probe_failed: missing_target_metrics,pool-location-id,2026-06-28T09:51:59.837882+00:00
Quanta Computer,"Irving, TX",irving tx,office-location,"Irving, TX","https://www.glassdoor.com/Location/All-Trend-Micro-Inc-Irving-Office-Locations-EI_IE8983.4,19_IL.20,26_IC1140006.htm","https://www.glassdoor.com/Reviews/Quanta-Computer-Irving-Reviews-EI_IE11939.0,15_IL.16,22_IC1140006.htm",validation_failed,gap_probe_failed: missing_target_metrics,pool-location-id,2026-06-28T09:52:06.684252+00:00
Quanta Computer,"Jersey City, NJ",jersey city nj,office-location,"Jersey City, NJ","https://www.glassdoor.com/Location/All-Trend-Micro-Inc-Jersey-City-Office-Locations-EI_IE8983.4,19_IL.20,31_IC1126819.htm","https://www.glassdoor.com/Reviews/Quanta-Computer-Jersey-City-Reviews-EI_IE11939.0,15_IL.16,27_IC1126819.htm",validation_failed,gap_probe_failed: missing_target_metrics,pool-location-id,2026-06-28T09:52:13.353347+00:00
Quanta Computer,"Kanata, ON",kanata on,office-location,"Kanata, ON","https://www.glassdoor.com/Location/All-Trend-Micro-Inc-Kanata-Office-Locations-EI_IE8983.4,19_IL.20,26_IC2282818.htm","https://www.glassdoor.com/Reviews/Quanta-Computer-Kanata-Reviews-EI_IE11939.0,15_IL.16,22_IC2282818.htm",validation_failed,gap_probe_failed: missing_target_metrics,pool-location-id,2026-06-28T09:52:20.729801+00:00
Quanta Computer,"Cork, M",cork m,office-location,"Cork, M","https://www.glassdoor.com/Location/All-Trend-Micro-Inc-Cork-Office-Locations-EI_IE8983.4,19_IL.20,24_IC4325638.htm","https://www.glassdoor.com/Reviews/Quanta-Computer-Cork-Reviews-EI_IE11939.0,15_IL.16,20_IC4325638.htm",validation_failed,gap_probe_failed: missing_target_metrics,pool-location-id,2026-06-28T09:52:27.076566+00:00
Quanta Computer,"London, ENG",london eng,office-location,"London, ENG","https://www.glassdoor.com/Location/All-Trend-Micro-Inc-London-Office-Locations-EI_IE8983.4,19_IL.20,26_IC2671300.htm","https://www.glassdoor.com/Reviews/Quanta-Computer-London-Reviews-EI_IE11939.0,15_IL.16,22_IC2671300.htm",validation_failed,gap_probe_failed: missing_target_metrics,pool-location-id,2026-06-28T09:52:33.912045+00:00
Quanta Computer,"Paddington, ENG",paddington eng,office-location,"Paddington, ENG","https://www.glassdoor.com/Location/All-Trend-Micro-Inc-Paddington-Office-Locations-EI_IE8983.4,19_IL.20,30_IC3527325.htm","https://www.glassdoor.com/Reviews/Quanta-Computer-Paddington-Reviews-EI_IE11939.0,15_IL.16,26_IC3527325.htm",validation_failed,gap_probe_failed: missing_target_metrics,pool-location-id,2026-06-28T09:52:40.363359+00:00
Quanta Computer,"Aliso, CA",aliso ca,office-location,"Aliso, CA","https://www.glassdoor.com/Location/All-Dell-Technologies-Aliso-Office-Locations-EI_IE1327.4,21_IL.22,27_IC3789361.htm","https://www.glassdoor.com/Reviews/Quanta-Computer-Aliso-Reviews-EI_IE11939.0,15_IL.16,21_IC3789361.htm",validation_failed,gap_probe_failed: missing_target_metrics,pool-location-id,2026-06-28T09:52:47.088253+00:00
Quanta Computer,"Bedford, MA",bedford ma,office-location,"Bedford, MA","https://www.glassdoor.com/Location/All-Dell-Technologies-Bedford-Office-Locations-EI_IE1327.4,21_IL.22,29_IC1154527.htm","https://www.glassdoor.com/Reviews/Quanta-Computer-Bedford-Reviews-EI_IE11939.0,15_IL.16,23_IC1154527.htm",validation_failed,gap_probe_failed: missing_target_metrics,pool-location-id,2026-06-28T09:52:53.662554+00:00
Quanta Computer,"Boston, MA",boston ma,office-location,"Boston, MA","https://www.glassdoor.com/Location/All-Dell-Technologies-Boston-Office-Locations-EI_IE1327.4,21_IL.22,28_IC1154532.htm","https://www.glassdoor.com/Reviews/Quanta-Computer-Boston-Reviews-EI_IE11939.0,15_IL.16,22_IC1154532.htm",validation_failed,gap_probe_failed: missing_target_metrics,pool-location-id,2026-06-28T09:53:00.215123+00:00
Quanta Computer,"Boydton, VA",boydton va,office-location,"Boydton, VA","https://www.glassdoor.com/Location/All-Dell-Technologies-Boydton-Office-Locations-EI_IE1327.4,21_IL.22,29_IC1129623.htm","https://www.glassdoor.com/Reviews/Quanta-Computer-Boydton-Reviews-EI_IE11939.0,15_IL.16,23_IC1129623.htm",validation_failed,gap_probe_failed: missing_target_metrics,pool-location-id,2026-06-28T09:53:06.899848+00:00
Quanta Computer,"Cambridge, MA",cambridge ma,office-location,"Cambridge, MA","https://www.glassdoor.com/Location/All-Dell-Technologies-Cambridge-Office-Locations-EI_IE1327.4,21_IL.22,31_IC1154545.htm","https://www.glassdoor.com/Reviews/Quanta-Computer-Cambridge-Reviews-EI_IE11939.0,15_IL.16,25_IC1154545.htm",validation_failed,gap_probe_failed: missing_target_metrics,pool-location-id,2026-06-28T09:53:13.935926+00:00
Quanta Computer,"Canada, KY",canada ky,office-location,"Canada, KY","https://www.glassdoor.com/Location/All-Dell-Technologies-Canada-Office-Locations-EI_IE1327.4,21_IL.22,28_IC1137126.htm","https://www.glassdoor.com/Reviews/Quanta-Computer-Canada-Reviews-EI_IE11939.0,15_IL.16,22_IC1137126.htm",validation_failed,gap_probe_failed: missing_target_metrics,pool-location-id,2026-06-28T09:53:20.371678+00:00
Quanta Computer,"Canton, MA",canton ma,office-location,"Canton, MA","https://www.glassdoor.com/Location/All-Dell-Technologies-Canton-Office-Locations-EI_IE1327.4,21_IL.22,28_IC1154546.htm","https://www.glassdoor.com/Reviews/Quanta-Computer-Canton-Reviews-EI_IE11939.0,15_IL.16,22_IC1154546.htm",validation_failed,gap_probe_failed: missing_target_metrics,pool-location-id,2026-06-28T09:53:37.149421+00:00
Quanta Computer,"Cedar Park, TX",cedar park tx,office-location,"Cedar Park, TX","https://www.glassdoor.com/Location/All-Dell-Technologies-Cedar-Park-Office-Locations-EI_IE1327.4,21_IL.22,32_IC1139765.htm","https://www.glassdoor.com/Reviews/Quanta-Computer-Cedar-Park-Reviews-EI_IE11939.0,15_IL.16,26_IC1139765.htm",validation_failed,gap_probe_failed: missing_target_metrics,pool-location-id,2026-06-28T09:53:43.402212+00:00
Quanta Computer,"Framingham, MA",framingham ma,office-location,"Framingham, MA","https://www.glassdoor.com/Location/All-Dell-Technologies-Framingham-Office-Locations-EI_IE1327.4,21_IL.22,32_IC1154571.htm","https://www.glassdoor.com/Reviews/Quanta-Computer-Framingham-Reviews-EI_IE11939.0,15_IL.16,26_IC1154571.htm",validation_failed,gap_probe_failed: missing_target_metrics,pool-location-id,2026-06-28T09:53:49.645513+00:00
Quanta Computer,"Franklin, MA",franklin ma,office-location,"Franklin, MA","https://www.glassdoor.com/Location/All-Dell-Technologies-Franklin-Office-Locations-EI_IE1327.4,21_IL.22,30_IC1154572.htm","https://www.glassdoor.com/Reviews/Quanta-Computer-Franklin-Reviews-EI_IE11939.0,15_IL.16,24_IC1154572.htm",validation_failed,gap_probe_failed: missing_target_metrics,pool-location-id,2026-06-28T09:53:55.831425+00:00
Quanta Computer,"Fuquay-Varina, NC",fuquay varina nc,office-location,"Fuquay-Varina, NC","https://www.glassdoor.com/Location/All-Dell-Technologies-Fuquay-Varina-Office-Locations-EI_IE1327.4,21_IL.22,35_IC3757296.htm","https://www.glassdoor.com/Reviews/Quanta-Computer-Fuquay-Varina-Reviews-EI_IE11939.0,15_IL.16,29_IC3757296.htm",validation_failed,gap_probe_failed: missing_target_metrics,pool-location-id,2026-06-28T09:54:03.245219+00:00
Quanta Computer,"Georgetown, TX",georgetown tx,office-location,"Georgetown, TX","https://www.glassdoor.com/Location/All-Dell-Technologies-Georgetown-Office-Locations-EI_IE1327.4,21_IL.22,32_IC1139774.htm","https://www.glassdoor.com/Reviews/Quanta-Computer-Georgetown-Reviews-EI_IE11939.0,15_IL.16,26_IC1139774.htm",validation_failed,gap_probe_failed: missing_target_metrics,pool-location-id,2026-06-28T09:54:09.472192+00:00
Quanta Computer,"Hopkinton, MA",hopkinton ma,office-location,"Hopkinton, MA","https://www.glassdoor.com/Location/All-Dell-Technologies-Hopkinton-Office-Locations-EI_IE1327.4,21_IL.22,31_IC1154589.htm","https://www.glassdoor.com/Reviews/Quanta-Computer-Hopkinton-Reviews-EI_IE11939.0,15_IL.16,25_IC1154589.htm",validation_failed,gap_probe_failed: missing_target_metrics,pool-location-id,2026-06-28T09:54:16.315795+00:00
Quanta Computer,"India, TX",india tx,office-location,"India, TX","https://www.glassdoor.com/Location/All-Dell-Technologies-India-Office-Locations-EI_IE1327.4,21_IL.22,27_IC3759223.htm","https://www.glassdoor.com/Reviews/Quanta-Computer-India-Reviews-EI_IE11939.0,15_IL.16,21_IC3759223.htm",validation_failed,gap_probe_failed: missing_target_metrics,pool-location-id,2026-06-28T09:54:23.280404+00:00
Quanta Computer,"Land O' Lakes, FL",land o lakes fl,office-location,"Land O' Lakes, FL","https://www.glassdoor.com/Location/All-Dell-Technologies-Land-O-Lakes-Office-Locations-EI_IE1327.4,21_IL.22,34_IC3817049.htm","https://www.glassdoor.com/Reviews/Quanta-Computer-Land-O-Lakes-Reviews-EI_IE11939.0,15_IL.16,28_IC3817049.htm",validation_failed,gap_probe_failed: missing_target_metrics,pool-location-id,2026-06-28T09:54:29.902070+00:00
Quanta Computer,"Leander, TX",leander tx,office-location,"Leander, TX","https://www.glassdoor.com/Location/All-Dell-Technologies-Leander-Office-Locations-EI_IE1327.4,21_IL.22,29_IC1139779.htm","https://www.glassdoor.com/Reviews/Quanta-Computer-Leander-Reviews-EI_IE11939.0,15_IL.16,23_IC1139779.htm",validation_failed,gap_probe_failed: missing_target_metrics,pool-location-id,2026-06-28T09:54:36.654254+00:00
Quanta Computer,"Pflugerville, TX",pflugerville tx,office-location,"Pflugerville, TX","https://www.glassdoor.com/Location/All-Dell-Technologies-Pflugerville-Office-Locations-EI_IE1327.4,21_IL.22,34_IC1139790.htm","https://www.glassdoor.com/Reviews/Quanta-Computer-Pflugerville-Reviews-EI_IE11939.0,15_IL.16,28_IC1139790.htm",validation_failed,gap_probe_failed: missing_target_metrics,pool-location-id,2026-06-28T09:54:43.337509+00:00
Quanta Computer,"Quincy, MA",quincy ma,office-location,"Quincy, MA","https://www.glassdoor.com/Location/All-Dell-Technologies-Quincy-Office-Locations-EI_IE1327.4,21_IL.22,28_IC1154667.htm","https://www.glassdoor.com/Reviews/Quanta-Computer-Quincy-Reviews-EI_IE11939.0,15_IL.16,22_IC1154667.htm",validation_failed,gap_probe_failed: missing_target_metrics,pool-location-id,2026-06-28T09:54:49.229963+00:00
Quanta Computer,"Round Rock, TX",round rock tx,office-location,"Round Rock, TX","https://www.glassdoor.com/Location/All-Dell-Technologies-Round-Rock-Office-Locations-EI_IE1327.4,21_IL.22,32_IC1139794.htm","https://www.glassdoor.com/Reviews/Quanta-Computer-Round-Rock-Reviews-EI_IE11939.0,15_IL.16,26_IC1139794.htm",validation_failed,gap_probe_failed: missing_target_metrics,pool-location-id,2026-06-28T09:54:55.863426+00:00
Quanta Computer,"San Marcos, TX",san marcos tx,office-location,"San Marcos, TX","https://www.glassdoor.com/Location/All-Dell-Technologies-San-Marcos-Office-Locations-EI_IE1327.4,21_IL.22,32_IC1139795.htm","https://www.glassdoor.com/Reviews/Quanta-Computer-San-Marcos-Reviews-EI_IE11939.0,15_IL.16,26_IC1139795.htm",validation_failed,gap_probe_failed: missing_target_metrics,pool-location-id,2026-06-28T09:55:01.950323+00:00
Quanta Computer,"Satellite Beach, FL",satellite beach fl,office-location,"Satellite Beach, FL","https://www.glassdoor.com/Location/All-Dell-Technologies-Satellite-Beach-Office-Locations-EI_IE1327.4,21_IL.22,37_IC1154294.htm","https://www.glassdoor.com/Reviews/Quanta-Computer-Satellite-Beach-Reviews-EI_IE11939.0,15_IL.16,31_IC1154294.htm",validation_failed,gap_probe_failed: missing_target_metrics,pool-location-id,2026-06-28T09:55:09.202526+00:00
Quanta Computer,"Wellesley, MA",wellesley ma,office-location,"Wellesley, MA","https://www.glassdoor.com/Location/All-Dell-Technologies-Wellesley-Office-Locations-EI_IE1327.4,21_IL.22,31_IC1154708.htm","https://www.glassdoor.com/Reviews/Quanta-Computer-Wellesley-Reviews-EI_IE11939.0,15_IL.16,25_IC1154708.htm",validation_failed,gap_probe_failed: missing_target_metrics,pool-location-id,2026-06-28T09:55:16.197613+00:00
Quanta Computer,"Domlur, KA",domlur ka,office-location,"Domlur, KA","https://www.glassdoor.com/Location/All-Dell-Technologies-Domlur-Office-Locations-EI_IE1327.4,21_IL.22,28_IC4470560.htm","https://www.glassdoor.com/Reviews/Quanta-Computer-Domlur-Reviews-EI_IE11939.0,15_IL.16,22_IC4470560.htm",validation_failed,gap_probe_failed: missing_target_metrics,pool-location-id,2026-06-28T09:55:22.850982+00:00
Quanta Computer,"Chicago, IL",chicago il,office-location,"Chicago, IL","https://www.glassdoor.com/Location/All-Lenovo-Chicago-Office-Locations-EI_IE8034.4,10_IL.11,18_IC1128808.htm","https://www.glassdoor.com/Reviews/Quanta-Computer-Chicago-Reviews-EI_IE11939.0,15_IL.16,23_IC1128808.htm",validation_failed,gap_probe_failed: missing_target_metrics,pool-location-id,2026-06-28T09:55:30.258221+00:00
Quanta Computer,"Morrisville, NC",morrisville nc,office-location,"Morrisville, NC","https://www.glassdoor.com/Location/All-Lenovo-Morrisville-Office-Locations-EI_IE8034.4,10_IL.11,22_IC1138956.htm","https://www.glassdoor.com/Reviews/Quanta-Computer-Morrisville-Reviews-EI_IE11939.0,15_IL.16,27_IC1138956.htm",validation_failed,gap_probe_failed: missing_target_metrics,pool-location-id,2026-06-28T09:55:36.800274+00:00
Quanta Computer,"Bratislava, 02",bratislava 02,office-location,"Bratislava, 02","https://www.glassdoor.com/Location/All-Lenovo-Bratislava-Office-Locations-EI_IE8034.4,10_IL.11,21_IC2907054.htm","https://www.glassdoor.com/Reviews/Quanta-Computer-Bratislava-Reviews-EI_IE11939.0,15_IL.16,26_IC2907054.htm",validation_failed,gap_probe_failed: missing_target_metrics,pool-location-id,2026-06-28T09:55:42.521211+00:00
Quanta Computer,"Stuttgart, BW",stuttgart bw,office-location,"Stuttgart, BW","https://www.glassdoor.com/Location/All-Lenovo-Stuttgart-Office-Locations-EI_IE8034.4,10_IL.11,20_IC2507190.htm","https://www.glassdoor.com/Reviews/Quanta-Computer-Stuttgart-Reviews-EI_IE11939.0,15_IL.16,25_IC2507190.htm",validation_failed,gap_probe_failed: missing_target_metrics,pool-location-id,2026-06-28T09:55:59.125456+00:00
Quanta Computer,"Beijing, 22",beijing 22,office-location,"Beijing, 22","https://www.glassdoor.com/Location/All-Lenovo-Beijing-Office-Locations-EI_IE8034.4,10_IL.11,18_IC2398510.htm","https://www.glassdoor.com/Reviews/Quanta-Computer-Beijing-Reviews-EI_IE11939.0,15_IL.16,23_IC2398510.htm",validation_failed,gap_probe_failed: missing_target_metrics,pool-location-id,2026-06-28T09:56:06.395899+00:00
Quanta Computer,"Changping, 22",changping 22,office-location,"Changping, 22","https://www.glassdoor.com/Location/All-Lenovo-Changping-Office-Locations-EI_IE8034.4,10_IL.11,20_IC2405661.htm","https://www.glassdoor.com/Reviews/Quanta-Computer-Changping-Reviews-EI_IE11939.0,15_IL.16,25_IC2405661.htm",validation_failed,gap_probe_failed: missing_target_metrics,pool-location-id,2026-06-28T09:56:12.618275+00:00
Quanta Computer,"Haidian, 22",haidian 22,office-location,"Haidian, 22","https://www.glassdoor.com/Location/All-Lenovo-Haidian-Office-Locations-EI_IE8034.4,10_IL.11,18_IC2405685.htm","https://www.glassdoor.com/Reviews/Quanta-Computer-Haidian-Reviews-EI_IE11939.0,15_IL.16,23_IC2405685.htm",validation_failed,gap_probe_failed: missing_target_metrics,pool-location-id,2026-06-28T09:56:19.674306+00:00
Quanta Computer,Hong Kong,hong kong,office-location,Hong Kong,"https://www.glassdoor.com/Location/All-Lenovo-Hong-Kong-Office-Locations-EI_IE8034.4,10_IL.11,20_IC2308631.htm","https://www.glassdoor.com/Reviews/Quanta-Computer-Hong-Kong-Reviews-EI_IE11939.0,15_IL.16,25_IC2308631.htm",validation_failed,gap_probe_failed: missing_target_metrics,pool-location-id,2026-06-28T09:56:27.194170+00:00
Quanta Computer,"Shenzhenzhen, 02",shenzhenzhen 02,office-location,"Shenzhenzhen, 02","https://www.glassdoor.com/Location/All-Lenovo-Shenzhenzhen-Office-Locations-EI_IE8034.4,10_IL.11,23_IC2441398.htm","https://www.glassdoor.com/Reviews/Quanta-Computer-Shenzhenzhen-Reviews-EI_IE11939.0,15_IL.16,28_IC2441398.htm",validation_failed,gap_probe_failed: missing_target_metrics,pool-location-id,2026-06-28T09:56:33.977093+00:00
Quanta Computer,"Xiamen, 07",xiamen 07,office-location,"Xiamen, 07","https://www.glassdoor.com/Location/All-Lenovo-Xiamen-Office-Locations-EI_IE8034.4,10_IL.11,17_IC2564138.htm","https://www.glassdoor.com/Reviews/Quanta-Computer-Xiamen-Reviews-EI_IE11939.0,15_IL.16,22_IC2564138.htm",validation_failed,gap_probe_failed: missing_target_metrics,pool-location-id,2026-06-28T09:56:40.926842+00:00
Quanta Computer,"Buenos Aires, C",buenos aires c,office-location,"Buenos Aires, C","https://www.glassdoor.com/Location/All-Lenovo-Buenos-Aires-Office-Locations-EI_IE8034.4,10_IL.11,23_IC2242084.htm","https://www.glassdoor.com/Reviews/Quanta-Computer-Buenos-Aires-Reviews-EI_IE11939.0,15_IL.16,28_IC2242084.htm",validation_failed,gap_probe_failed: missing_target_metrics,pool-location-id,2026-06-28T09:56:46.859184+00:00
Quanta Computer,"Campinas, SP",campinas sp,office-location,"Campinas, SP","https://www.glassdoor.com/Location/All-Lenovo-Campinas-Office-Locations-EI_IE8034.4,10_IL.11,19_IC2490130.htm","https://www.glassdoor.com/Reviews/Quanta-Computer-Campinas-Reviews-EI_IE11939.0,15_IL.16,24_IC2490130.htm",validation_failed,gap_probe_failed: missing_target_metrics,pool-location-id,2026-06-28T09:56:54.079909+00:00
Quanta Computer,"Indaiatuba, SP",indaiatuba sp,office-location,"Indaiatuba, SP","https://www.glassdoor.com/Location/All-Lenovo-Indaiatuba-Office-Locations-EI_IE8034.4,10_IL.11,21_IC2480058.htm","https://www.glassdoor.com/Reviews/Quanta-Computer-Indaiatuba-Reviews-EI_IE11939.0,15_IL.16,26_IC2480058.htm",validation_failed,gap_probe_failed: missing_target_metrics,pool-location-id,2026-06-28T09:57:00.579860+00:00
Quanta Computer,"Itu, SP",itu sp,office-location,"Itu, SP","https://www.glassdoor.com/Location/All-Lenovo-Itu-Office-Locations-EI_IE8034.4,10_IL.11,14_IC2490672.htm","https://www.glassdoor.com/Reviews/Quanta-Computer-Itu-Reviews-EI_IE11939.0,15_IL.16,19_IC2490672.htm",validation_failed,gap_probe_failed: missing_target_metrics,pool-location-id,2026-06-28T09:57:06.789294+00:00
Quanta Computer,"Martínez, B",mart nez b,office-location,"Martínez, B","https://www.glassdoor.com/Location/All-Lenovo-Martínez-Office-Locations-EI_IE8034.4,10_IL.11,19_IC2207815.htm","https://www.glassdoor.com/Reviews/Quanta-Computer-Mart%C3%ADnez-Reviews-EI_IE11939.0,15_IL.16,24_IC2207815.htm",validation_failed,gap_probe_failed: missing_target_metrics,pool-location-id,2026-06-28T09:57:12.964837+00:00
Quanta Computer,"Sorocaba, SP",sorocaba sp,office-location,"Sorocaba, SP","https://www.glassdoor.com/Location/All-Lenovo-Sorocaba-Office-Locations-EI_IE8034.4,10_IL.11,19_IC2475809.htm","https://www.glassdoor.com/Reviews/Quanta-Computer-Sorocaba-Reviews-EI_IE11939.0,15_IL.16,24_IC2475809.htm",validation_failed,gap_probe_failed: missing_target_metrics,pool-location-id,2026-06-28T09:57:20.052733+00:00
Quanta Computer,"Vicente López, B",vicente l pez b,office-location,"Vicente López, B","https://www.glassdoor.com/Location/All-Lenovo-Vicente-López-Office-Locations-EI_IE8034.4,10_IL.11,24_IC2211608.htm","https://www.glassdoor.com/Reviews/Quanta-Computer-Vicente-L%C3%B3pez-Reviews-EI_IE11939.0,15_IL.16,29_IC2211608.htm",validation_failed,gap_probe_failed: missing_target_metrics,pool-location-id,2026-06-28T09:57:26.465959+00:00
Quanta Computer,Global,global,manual-seed,,,https://www.glassdoor.com/Reviews/Quanta-Computer-Reviews-E11939.htm,resolved,,review-url-hint,2026-06-28T15:30:21.687072+08:00
Quanta Computer,Taipei,taipei,manual-seed,"Taipei, TPQ","https://www.glassdoor.com/Location/All-ASUS-Taipei-Office-Locations-EI_IE40093.4,8_IL.9,15_IC3271041.htm","https://www.glassdoor.com/Reviews/Quanta-Computer-Taipei-Reviews-EI_IE11939.0,15_IL.16,22_IC3271041.htm",validation_failed,gap_probe_failed: company_mismatch,pool-location-id,2026-06-28T15:51:58.384858+08:00
Quanta Computer,Hsinchu,hsinchu,manual-seed,"Hsinchu, TXG","https://www.glassdoor.com/Location/All-NVIDIA-Hsinchu-Office-Locations-EI_IE7633.4,10_IL.11,18_IC4915323.htm","https://www.glassdoor.com/Reviews/Quanta-Computer-Hsinchu-Reviews-EI_IE11939.0,15_IL.16,23_IC4915323.htm",validation_failed,gap_probe_failed: company_mismatch,pool-location-id,2026-06-28T15:52:01.173223+08:00
Quanta Computer,Taoyuan,taoyuan,manual-seed,,,,no_result,pool_location_id_not_found,pool-location-id,2026-06-28T15:52:01.270066+08:00
Quanta Computer,Shanghai,shanghai,manual-seed,"Shanghai, 23","https://www.glassdoor.com/Location/All-NVIDIA-Shanghai-Office-Locations-EI_IE7633.4,10_IL.11,19_IC2416009.htm","https://www.glassdoor.com/Reviews/Quanta-Computer-Shanghai-Reviews-EI_IE11939.0,15_IL.16,24_IC2416009.htm",validation_failed,gap_probe_failed: company_mismatch,pool-location-id,2026-06-28T15:52:03.355522+08:00
Quanta Computer,Shenzhen,shenzhen,manual-seed,"Shenzhenzhen, 02","https://www.glassdoor.com/Location/All-Lenovo-Shenzhenzhen-Office-Locations-EI_IE8034.4,10_IL.11,23_IC2441398.htm","https://www.glassdoor.com/Reviews/Quanta-Computer-Shenzhenzhen-Reviews-EI_IE11939.0,15_IL.16,28_IC2441398.htm",validation_failed,gap_probe_failed: company_mismatch,pool-location-id,2026-06-28T15:52:05.302198+08:00
Quanta Computer,Tokyo,tokyo,manual-seed,"Tokyo, 40","https://www.glassdoor.com/Location/All-ASUS-Tokyo-Office-Locations-EI_IE40093.4,8_IL.9,14_IC2851580.htm","https://www.glassdoor.com/Reviews/Quanta-Computer-Tokyo-Reviews-EI_IE11939.0,15_IL.16,21_IC2851580.htm",validation_failed,gap_probe_failed: company_mismatch,pool-location-id,2026-06-28T15:52:07.166089+08:00
Quanta Computer,Seoul,seoul,manual-seed,"Seoul, 11","https://www.glassdoor.com/Location/All-ASUS-Seoul-Office-Locations-EI_IE40093.4,8_IL.9,14_IC3021489.htm","https://www.glassdoor.com/Reviews/Quanta-Computer-Seoul-Reviews-EI_IE11939.0,15_IL.16,21_IC3021489.htm",validation_failed,gap_probe_failed: missing_target_metrics,pool-location-id,2026-06-28T15:52:11.520509+08:00
Quanta Computer,Austin,austin,manual-seed,"Austin, TX","https://www.glassdoor.com/Location/All-NVIDIA-Austin-Office-Locations-EI_IE7633.4,10_IL.11,17_IC1139761.htm","https://www.glassdoor.com/Reviews/Quanta-Computer-Austin-Reviews-EI_IE11939.0,15_IL.16,22_IC1139761.htm",validation_failed,gap_probe_failed: missing_target_metrics,pool-location-id,2026-06-28T15:52:15.702742+08:00
Quanta Computer,Seattle,seattle,manual-seed,,,,no_result,pool_location_id_not_found,pool-location-id,2026-06-28T15:52:15.787057+08:00
Quanta Computer,London,london,manual-seed,"London, ENG","https://www.glassdoor.com/Location/All-Trend-Micro-Inc-London-Office-Locations-EI_IE8983.4,19_IL.20,26_IC2671300.htm","https://www.glassdoor.com/Reviews/Quanta-Computer-London-Reviews-EI_IE11939.0,15_IL.16,22_IC2671300.htm",validation_failed,gap_probe_failed: missing_target_metrics,pool-location-id,2026-06-28T15:52:20.171697+08:00
Quanta Computer,Dublin,dublin,manual-seed,,,,no_result,pool_location_id_not_found,pool-location-id,2026-06-28T15:52:20.264725+08:00
Quanta Computer,Munich,munich,manual-seed,"Munich, BY","https://www.glassdoor.com/Location/All-NVIDIA-Munich-Office-Locations-EI_IE7633.4,10_IL.11,17_IC4990924.htm","https://www.glassdoor.com/Reviews/Quanta-Computer-Munich-Reviews-EI_IE11939.0,15_IL.16,22_IC4990924.htm",validation_failed,gap_probe_failed: missing_target_metrics,pool-location-id,2026-06-28T15:52:24.028928+08:00
Wistron,"Ciudad de Mexico, MEX",ciudad de mexico mex,office-location,"Ciudad de Mexico, MEX","https://www.glassdoor.com/Location/All-ASUS-Ciudad-de-Mexico-Office-Locations-EI_IE40093.4,8_IL.9,25_IC5017436.htm","https://www.glassdoor.com/Reviews/Wistron-Ciudad-de-Mexico-Reviews-EI_IE15218.0,7_IL.8,24_IC5017436.htm",resolved,,pool-location-id,2026-06-28T09:57:32.658641+00:00
Wistron,"Fremont, CA",fremont ca,office-location,"Fremont, CA","https://www.glassdoor.com/Location/All-ASUS-Fremont-Office-Locations-EI_IE40093.4,8_IL.9,16_IC1147355.htm","https://www.glassdoor.com/Reviews/Wistron-Fremont-Reviews-EI_IE15218.0,7_IL.8,15_IC1147355.htm",resolved,,pool-location-id,2026-06-28T09:57:38.595797+00:00
Wistron,"Markham, ON",markham on,office-location,"Markham, ON","https://www.glassdoor.com/Location/All-ASUS-Markham-Office-Locations-EI_IE40093.4,8_IL.9,16_IC2280736.htm","https://www.glassdoor.com/Reviews/Wistron-Markham-Reviews-EI_IE15218.0,7_IL.8,15_IC2280736.htm",validation_failed,gap_probe_failed: missing_target_metrics,pool-location-id,2026-06-28T09:57:45.114857+00:00
Wistron,"Barcelona, CT",barcelona ct,office-location,"Barcelona, CT","https://www.glassdoor.com/Location/All-ASUS-Barcelona-Office-Locations-EI_IE40093.4,8_IL.9,18_IC2547194.htm","https://www.glassdoor.com/Reviews/Wistron-Barcelona-Reviews-EI_IE15218.0,7_IL.8,17_IC2547194.htm",validation_failed,gap_probe_failed: missing_target_metrics,pool-location-id,2026-06-28T09:57:51.425016+00:00
Wistron,"Budapest, BU",budapest bu,office-location,"Budapest, BU","https://www.glassdoor.com/Location/All-ASUS-Budapest-Office-Locations-EI_IE40093.4,8_IL.9,17_IC3125126.htm","https://www.glassdoor.com/Reviews/Wistron-Budapest-Reviews-EI_IE15218.0,7_IL.8,16_IC3125126.htm",validation_failed,gap_probe_failed: missing_target_metrics,pool-location-id,2026-06-28T09:57:58.164218+00:00
Wistron,"Emmen, DR",emmen dr,office-location,"Emmen, DR","https://www.glassdoor.com/Location/All-ASUS-Emmen-Office-Locations-EI_IE40093.4,8_IL.9,14_IC3060162.htm","https://www.glassdoor.com/Reviews/Wistron-Emmen-Reviews-EI_IE15218.0,7_IL.8,13_IC3060162.htm",validation_failed,gap_probe_failed: missing_target_metrics,pool-location-id,2026-06-28T09:58:05.243396+00:00
Wistron,"Hemel Hempstead, ENG",hemel hempstead eng,office-location,"Hemel Hempstead, ENG","https://www.glassdoor.com/Location/All-ASUS-Hemel-Hempstead-Office-Locations-EI_IE40093.4,8_IL.9,24_IC2669775.htm","https://www.glassdoor.com/Reviews/Wistron-Hemel-Hempstead-Reviews-EI_IE15218.0,7_IL.8,23_IC2669775.htm",validation_failed,gap_probe_failed: missing_target_metrics,pool-location-id,2026-06-28T09:58:22.617210+00:00
Wistron,"Milan, LOM",milan lom,office-location,"Milan, LOM","https://www.glassdoor.com/Location/All-ASUS-Milan-Office-Locations-EI_IE40093.4,8_IL.9,14_IC2802090.htm","https://www.glassdoor.com/Reviews/Wistron-Milan-Reviews-EI_IE15218.0,7_IL.8,13_IC2802090.htm",validation_failed,gap_probe_failed: missing_target_metrics,pool-location-id,2026-06-28T09:58:29.740207+00:00
Wistron,"Moravská Ostrava, MO",moravsk ostrava mo,office-location,"Moravská Ostrava, MO","https://www.glassdoor.com/Location/All-ASUS-Moravská-Ostrava-Office-Locations-EI_IE40093.4,8_IL.9,25_IC2288209.htm","https://www.glassdoor.com/Reviews/Wistron-Moravsk%C3%A1-Ostrava-Reviews-EI_IE15218.0,7_IL.8,24_IC2288209.htm",validation_failed,gap_probe_failed: missing_target_metrics,pool-location-id,2026-06-28T09:58:35.899440+00:00
Wistron,"Noisy-le-Grand, A8",noisy le grand a8,office-location,"Noisy-le-Grand, A8","https://www.glassdoor.com/Location/All-ASUS-Noisy-le-Grand-Office-Locations-EI_IE40093.4,8_IL.9,23_IC3100822.htm","https://www.glassdoor.com/Reviews/Wistron-Noisy-le-Grand-Reviews-EI_IE15218.0,7_IL.8,22_IC3100822.htm",validation_failed,gap_probe_failed: missing_target_metrics,pool-location-id,2026-06-28T09:58:42.697028+00:00
Wistron,"Ratingen, NW",ratingen nw,office-location,"Ratingen, NW","https://www.glassdoor.com/Location/All-ASUS-Ratingen-Office-Locations-EI_IE40093.4,8_IL.9,17_IC2584004.htm","https://www.glassdoor.com/Reviews/Wistron-Ratingen-Reviews-EI_IE15218.0,7_IL.8,16_IC2584004.htm",validation_failed,gap_probe_failed: missing_target_metrics,pool-location-id,2026-06-28T09:58:49.178998+00:00
Wistron,"Üsküdar, T34",sk dar t34,office-location,"Üsküdar, T34","https://www.glassdoor.com/Location/All-ASUS-Üsküdar-Office-Locations-EI_IE40093.4,8_IL.9,16_IC3361446.htm","https://www.glassdoor.com/Reviews/Wistron-%C3%9Csk%C3%BCdar-Reviews-EI_IE15218.0,7_IL.8,15_IC3361446.htm",validation_failed,gap_probe_failed: missing_target_metrics,pool-location-id,2026-06-28T09:58:55.786742+00:00
Wistron,"Warsaw, MZ",warsaw mz,office-location,"Warsaw, MZ","https://www.glassdoor.com/Location/All-ASUS-Warsaw-Office-Locations-EI_IE40093.4,8_IL.9,15_IC3094484.htm","https://www.glassdoor.com/Reviews/Wistron-Warsaw-Reviews-EI_IE15218.0,7_IL.8,14_IC3094484.htm",validation_failed,gap_probe_failed: missing_target_metrics,pool-location-id,2026-06-28T09:59:02.700765+00:00
Wistron,"Bangkok, 10",bangkok 10,office-location,"Bangkok, 10","https://www.glassdoor.com/Location/All-ASUS-Bangkok-Office-Locations-EI_IE40093.4,8_IL.9,16_IC3179725.htm","https://www.glassdoor.com/Reviews/Wistron-Bangkok-Reviews-EI_IE15218.0,7_IL.8,15_IC3179725.htm",validation_failed,gap_probe_failed: missing_target_metrics,pool-location-id,2026-06-28T09:59:09.005742+00:00
Wistron,"Dubai, DU",dubai du,office-location,"Dubai, DU","https://www.glassdoor.com/Location/All-ASUS-Dubai-Office-Locations-EI_IE40093.4,8_IL.9,14_IC2204498.htm","https://www.glassdoor.com/Reviews/Wistron-Dubai-Reviews-EI_IE15218.0,7_IL.8,13_IC2204498.htm",validation_failed,gap_probe_failed: missing_target_metrics,pool-location-id,2026-06-28T09:59:15.472212+00:00
Wistron,"Jakarta, JK",jakarta jk,office-location,"Jakarta, JK","https://www.glassdoor.com/Location/All-ASUS-Jakarta-Office-Locations-EI_IE40093.4,8_IL.9,16_IC2709872.htm","https://www.glassdoor.com/Reviews/Wistron-Jakarta-Reviews-EI_IE15218.0,7_IL.8,15_IC2709872.htm",validation_failed,gap_probe_failed: missing_target_metrics,pool-location-id,2026-06-28T09:59:22.189302+00:00
Wistron,"Kuala Lumpur, 14",kuala lumpur 14,office-location,"Kuala Lumpur, 14","https://www.glassdoor.com/Location/All-ASUS-Kuala-Lumpur-Office-Locations-EI_IE40093.4,8_IL.9,21_IC2986682.htm","https://www.glassdoor.com/Reviews/Wistron-Kuala-Lumpur-Reviews-EI_IE15218.0,7_IL.8,20_IC2986682.htm",resolved,,pool-location-id,2026-06-28T09:59:28.580848+00:00
Wistron,"Manila, D9",manila d9,office-location,"Manila, D9","https://www.glassdoor.com/Location/All-ASUS-Manila-Office-Locations-EI_IE40093.4,8_IL.9,15_IC2363570.htm","https://www.glassdoor.com/Reviews/Wistron-Manila-Reviews-EI_IE15218.0,7_IL.8,14_IC2363570.htm",resolved,,pool-location-id,2026-06-28T09:59:36.595913+00:00
Wistron,"Mumbai, MH",mumbai mh,office-location,"Mumbai, MH","https://www.glassdoor.com/Location/All-ASUS-Mumbai-Office-Locations-EI_IE40093.4,8_IL.9,15_IC2851180.htm","https://www.glassdoor.com/Reviews/Wistron-Mumbai-Reviews-EI_IE15218.0,7_IL.8,14_IC2851180.htm",validation_failed,gap_probe_failed: missing_target_metrics,pool-location-id,2026-06-28T09:59:43.000407+00:00
Wistron,"Seoul, 11",seoul 11,office-location,"Seoul, 11","https://www.glassdoor.com/Location/All-ASUS-Seoul-Office-Locations-EI_IE40093.4,8_IL.9,14_IC3021489.htm","https://www.glassdoor.com/Reviews/Wistron-Seoul-Reviews-EI_IE15218.0,7_IL.8,13_IC3021489.htm",validation_failed,gap_probe_failed: missing_target_metrics,pool-location-id,2026-06-28T09:59:49.050708+00:00
Wistron,Singapore,singapore,office-location,Singapore,"https://www.glassdoor.com/Location/All-ASUS-Singapore-Office-Locations-EI_IE40093.4,8_IL.9,18_IC3235921.htm","https://www.glassdoor.com/Reviews/Wistron-Singapore-Reviews-EI_IE15218.0,7_IL.8,17_IC3235921.htm",resolved,,pool-location-id,2026-06-28T15:52:28.608884+08:00
Wistron,"Taipei, TPQ",taipei tpq,office-location,"Taipei, TPQ","https://www.glassdoor.com/Location/All-Wistron-Taipei-Office-Locations-EI_IE15218.4,11_IL.12,18_IC3271041.htm","https://www.glassdoor.com/Reviews/Wistron-Taipei-Reviews-EI_IE15218.0,7_IL.8,14_IC3271041.htm",resolved,,office-navigation,2026-06-28T15:30:26.629544+08:00
Wistron,"Tokyo, 40",tokyo 40,office-location,"Tokyo, 40","https://www.glassdoor.com/Location/All-ASUS-Tokyo-Office-Locations-EI_IE40093.4,8_IL.9,14_IC2851580.htm","https://www.glassdoor.com/Reviews/Wistron-Tokyo-Reviews-EI_IE15218.0,7_IL.8,13_IC2851580.htm",validation_failed,gap_probe_failed: missing_target_metrics,pool-location-id,2026-06-28T09:59:56.483352+00:00
Wistron,"San Isidro, HUC",san isidro huc,office-location,"San Isidro, HUC","https://www.glassdoor.com/Location/All-ASUS-San-Isidro-Office-Locations-EI_IE40093.4,8_IL.9,19_IC4694011.htm","https://www.glassdoor.com/Reviews/Wistron-San-Isidro-Reviews-EI_IE15218.0,7_IL.8,18_IC4694011.htm",validation_failed,gap_probe_failed: missing_target_metrics,pool-location-id,2026-06-28T10:00:02.942142+00:00
Wistron,"Santiago, RM",santiago rm,office-location,"Santiago, RM","https://www.glassdoor.com/Location/All-ASUS-Santiago-Office-Locations-EI_IE40093.4,8_IL.9,17_IC2434030.htm","https://www.glassdoor.com/Reviews/Wistron-Santiago-Reviews-EI_IE15218.0,7_IL.8,16_IC2434030.htm",validation_failed,gap_probe_failed: missing_target_metrics,pool-location-id,2026-06-28T10:00:10.014433+00:00
Wistron,"São Paulo, SP",s o paulo sp,office-location,"São Paulo, SP","https://www.glassdoor.com/Location/All-ASUS-São-Paulo-Office-Locations-EI_IE40093.4,8_IL.9,18_IC2479061.htm","https://www.glassdoor.com/Reviews/Wistron-S%C3%A3o-Paulo-Reviews-EI_IE15218.0,7_IL.8,17_IC2479061.htm",validation_failed,gap_probe_failed: missing_target_metrics,pool-location-id,2026-06-28T10:00:16.947510+00:00
Wistron,"Sydney, NSW",sydney nsw,office-location,"Sydney, NSW","https://www.glassdoor.com/Location/All-ASUS-Sydney-Office-Locations-EI_IE40093.4,8_IL.9,15_IC2235932.htm","https://www.glassdoor.com/Reviews/Wistron-Sydney-Reviews-EI_IE15218.0,7_IL.8,14_IC2235932.htm",validation_failed,gap_probe_failed: missing_target_metrics,pool-location-id,2026-06-28T10:00:23.272840+00:00
Wistron,"Austin, TX",austin tx,office-location,"Austin, TX","https://www.glassdoor.com/Location/All-NVIDIA-Austin-Office-Locations-EI_IE7633.4,10_IL.11,17_IC1139761.htm","https://www.glassdoor.com/Reviews/Wistron-Austin-Reviews-EI_IE15218.0,7_IL.8,14_IC1139761.htm",validation_failed,gap_probe_failed: missing_target_metrics,pool-location-id,2026-06-28T10:00:30.245193+00:00
Wistron,"Beaverton, OR",beaverton or,office-location,"Beaverton, OR","https://www.glassdoor.com/Location/All-NVIDIA-Beaverton-Office-Locations-EI_IE7633.4,10_IL.11,20_IC1151576.htm","https://www.glassdoor.com/Reviews/Wistron-Beaverton-Reviews-EI_IE15218.0,7_IL.8,17_IC1151576.htm",validation_failed,gap_probe_failed: missing_target_metrics,pool-location-id,2026-06-28T10:00:46.625530+00:00
Wistron,"Bellevue, WA",bellevue wa,office-location,"Bellevue, WA","https://www.glassdoor.com/Location/All-NVIDIA-Bellevue-Office-Locations-EI_IE7633.4,10_IL.11,19_IC1150442.htm","https://www.glassdoor.com/Reviews/Wistron-Bellevue-Reviews-EI_IE15218.0,7_IL.8,16_IC1150442.htm",validation_failed,gap_probe_failed: missing_target_metrics,pool-location-id,2026-06-28T10:00:53.201987+00:00
Wistron,"Durham, NC",durham nc,office-location,"Durham, NC","https://www.glassdoor.com/Location/All-NVIDIA-Durham-Office-Locations-EI_IE7633.4,10_IL.11,17_IC1138697.htm","https://www.glassdoor.com/Reviews/Wistron-Durham-Reviews-EI_IE15218.0,7_IL.8,14_IC1138697.htm",validation_failed,gap_probe_failed: missing_target_metrics,pool-location-id,2026-06-28T10:00:58.942375+00:00
Wistron,"Hillsboro, OR",hillsboro or,office-location,"Hillsboro, OR","https://www.glassdoor.com/Location/All-NVIDIA-Hillsboro-Office-Locations-EI_IE7633.4,10_IL.11,20_IC1151603.htm","https://www.glassdoor.com/Reviews/Wistron-Hillsboro-Reviews-EI_IE15218.0,7_IL.8,17_IC1151603.htm",validation_failed,gap_probe_failed: missing_target_metrics,pool-location-id,2026-06-28T10:01:05.856657+00:00
Wistron,"Redmond, WA",redmond wa,office-location,"Redmond, WA","https://www.glassdoor.com/Location/All-NVIDIA-Redmond-Office-Locations-EI_IE7633.4,10_IL.11,18_IC1150499.htm","https://www.glassdoor.com/Reviews/Wistron-Redmond-Reviews-EI_IE15218.0,7_IL.8,15_IC1150499.htm",validation_failed,gap_probe_failed: missing_target_metrics,pool-location-id,2026-06-28T10:01:17.603867+00:00
Wistron,"Saint Louis, MO",saint louis mo,office-location,"Saint Louis, MO","https://www.glassdoor.com/Location/All-NVIDIA-Saint-Louis-Office-Locations-EI_IE7633.4,10_IL.11,22_IC1131270.htm","https://www.glassdoor.com/Reviews/Wistron-Saint-Louis-Reviews-EI_IE15218.0,7_IL.8,19_IC1131270.htm",validation_failed,gap_probe_failed: missing_target_metrics,pool-location-id,2026-06-28T10:01:24.255185+00:00
Wistron,"San Francisco, CA",san francisco ca,office-location,"San Francisco, CA","https://www.glassdoor.com/Location/All-NVIDIA-San-Francisco-Office-Locations-EI_IE7633.4,10_IL.11,24_IC1147401.htm","https://www.glassdoor.com/Reviews/Wistron-San-Francisco-Reviews-EI_IE15218.0,7_IL.8,21_IC1147401.htm",resolved,,pool-location-id,2026-06-28T10:01:31.016619+00:00
Wistron,"San Jose, CA",san jose,office-location,"San Jose, CA","https://www.glassdoor.com/Location/All-NVIDIA-San-Jose-Office-Locations-EI_IE7633.4,10_IL.11,19_IC1147436.htm","https://www.glassdoor.com/Reviews/Wistron-San-Jose-Reviews-EI_IE15218.0,7_IL.8,16_IC1147436.htm",resolved,,pool-location-id,2026-06-28T15:52:32.604714+08:00
Wistron,"Santa Clara, CA",santa clara ca,office-location,"Santa Clara, CA","https://www.glassdoor.com/Location/All-NVIDIA-Santa-Clara-Office-Locations-EI_IE7633.4,10_IL.11,22_IC1147439.htm","https://www.glassdoor.com/Reviews/Wistron-Santa-Clara-Reviews-EI_IE15218.0,7_IL.8,19_IC1147439.htm",validation_failed,gap_probe_failed: missing_target_metrics,pool-location-id,2026-06-28T10:01:40.382959+00:00
Wistron,"Toronto, ON",toronto on,office-location,"Toronto, ON","https://www.glassdoor.com/Location/All-NVIDIA-Toronto-Office-Locations-EI_IE7633.4,10_IL.11,18_IC2281069.htm","https://www.glassdoor.com/Reviews/Wistron-Toronto-Reviews-EI_IE15218.0,7_IL.8,15_IC2281069.htm",resolved,,pool-location-id,2026-06-28T10:01:46.797372+00:00
Wistron,"Westford, MA",westford ma,office-location,"Westford, MA","https://www.glassdoor.com/Location/All-NVIDIA-Westford-Office-Locations-EI_IE7633.4,10_IL.11,19_IC1154720.htm","https://www.glassdoor.com/Reviews/Wistron-Westford-Reviews-EI_IE15218.0,7_IL.8,16_IC1154720.htm",validation_failed,gap_probe_failed: missing_target_metrics,pool-location-id,2026-06-28T10:01:53.651954+00:00
Wistron,"Moscow, 48",moscow 48,office-location,"Moscow, 48","https://www.glassdoor.com/Location/All-NVIDIA-Moscow-Office-Locations-EI_IE7633.4,10_IL.11,17_IC3348306.htm","https://www.glassdoor.com/Reviews/Wistron-Moscow-Reviews-EI_IE15218.0,7_IL.8,14_IC3348306.htm",validation_failed,gap_probe_failed: missing_target_metrics,pool-location-id,2026-06-28T10:01:59.236330+00:00
Wistron,"Munich, BY",munich by,office-location,"Munich, BY","https://www.glassdoor.com/Location/All-NVIDIA-Munich-Office-Locations-EI_IE7633.4,10_IL.11,17_IC4990924.htm","https://www.glassdoor.com/Reviews/Wistron-Munich-Reviews-EI_IE15218.0,7_IL.8,14_IC4990924.htm",validation_failed,gap_probe_failed: missing_target_metrics,pool-location-id,2026-06-28T10:02:06.286037+00:00
Wistron,"Reading, ENG",reading eng,office-location,"Reading, ENG","https://www.glassdoor.com/Location/All-NVIDIA-Reading-Office-Locations-EI_IE7633.4,10_IL.11,18_IC2675152.htm","https://www.glassdoor.com/Reviews/Wistron-Reading-Reviews-EI_IE15218.0,7_IL.8,15_IC2675152.htm",validation_failed,gap_probe_failed: missing_target_metrics,pool-location-id,2026-06-28T10:02:12.540082+00:00
Wistron,"Zürich, ZH",z rich zh,office-location,"Zürich, ZH","https://www.glassdoor.com/Location/All-NVIDIA-Zürich-Office-Locations-EI_IE7633.4,10_IL.11,17_IC3297851.htm","https://www.glassdoor.com/Reviews/Wistron-Z%C3%BCrich-Reviews-EI_IE15218.0,7_IL.8,14_IC3297851.htm",validation_failed,gap_probe_failed: missing_target_metrics,pool-location-id,2026-06-28T10:02:18.762285+00:00
Wistron,"Bengaluru, KA",bengaluru ka,office-location,"Bengaluru, KA","https://www.glassdoor.com/Location/All-NVIDIA-Bengaluru-Office-Locations-EI_IE7633.4,10_IL.11,20_IC2940587.htm","https://www.glassdoor.com/Reviews/Wistron-Bengaluru-Reviews-EI_IE15218.0,7_IL.8,17_IC2940587.htm",resolved,,pool-location-id,2026-06-28T10:02:25.367688+00:00
Wistron,"Hsinchu, TXG",hsinchu txg,office-location,"Hsinchu, TXG","https://www.glassdoor.com/Location/All-NVIDIA-Hsinchu-Office-Locations-EI_IE7633.4,10_IL.11,18_IC4915323.htm","https://www.glassdoor.com/Reviews/Wistron-Hsinchu-Reviews-EI_IE15218.0,7_IL.8,15_IC4915323.htm",resolved,,pool-location-id,2026-06-28T10:02:31.921813+00:00
Wistron,"Pudong, 23",pudong 23,office-location,"Pudong, 23","https://www.glassdoor.com/Location/All-NVIDIA-Pudong-Office-Locations-EI_IE7633.4,10_IL.11,17_IC2415109.htm","https://www.glassdoor.com/Reviews/Wistron-Pudong-Reviews-EI_IE15218.0,7_IL.8,14_IC2415109.htm",resolved,,pool-location-id,2026-06-28T10:02:38.382311+00:00
Wistron,"Pune, MH",pune mh,office-location,"Pune, MH","https://www.glassdoor.com/Location/All-NVIDIA-Pune-Office-Locations-EI_IE7633.4,10_IL.11,15_IC2856202.htm","https://www.glassdoor.com/Reviews/Wistron-Pune-Reviews-EI_IE15218.0,7_IL.8,12_IC2856202.htm",validation_failed,gap_probe_failed: missing_target_metrics,pool-location-id,2026-06-28T10:02:45.755301+00:00
Wistron,"Shanghai, 23",shanghai 23,office-location,"Shanghai, 23","https://www.glassdoor.com/Location/All-Wistron-Shanghai-Office-Locations-EI_IE15218.4,11_IL.12,20_IC2416009.htm",https://www.glassdoor.com/Reviews/index.htm,resolved,,office-navigation,2026-06-28T15:30:31.642704+08:00
Wistron,"San Jose, MP",san jose mp,office-location,"San Jose, CA","https://www.glassdoor.com/Location/All-NVIDIA-San-Jose-Office-Locations-EI_IE7633.4,10_IL.11,19_IC1147436.htm","https://www.glassdoor.com/Reviews/Wistron-San-Jose-Reviews-EI_IE15218.0,7_IL.8,16_IC1147436.htm",resolved,,pool-location-id,2026-06-28T10:02:51.933327+00:00
Wistron,"Frankfurt am Main, HE",frankfurt am main he,office-location,"Frankfurt am Main, HE","https://www.glassdoor.com/Location/All-Micro-Star-International-Frankfurt-am-Main-Office-Locations-EI_IE41141.4,28_IL.29,46_IC2632180.htm","https://www.glassdoor.com/Reviews/Wistron-Frankfurt-am-Main-Reviews-EI_IE15218.0,7_IL.8,25_IC2632180.htm",validation_failed,gap_probe_failed: missing_target_metrics,pool-location-id,2026-06-28T10:02:59.316318+00:00
Wistron,"Boise, ID",boise id,office-location,"Boise, ID","https://www.glassdoor.com/Location/All-HP-Inc-Boise-Office-Locations-EI_IE1093161.4,10_IL.11,16_IC1127927.htm","https://www.glassdoor.com/Reviews/Wistron-Boise-Reviews-EI_IE15218.0,7_IL.8,13_IC1127927.htm",validation_failed,gap_probe_failed: missing_target_metrics,pool-location-id,2026-06-28T10:03:15.059537+00:00
Wistron,"Corvallis, OR",corvallis or,office-location,"Corvallis, OR","https://www.glassdoor.com/Location/All-HP-Inc-Corvallis-Office-Locations-EI_IE1093161.4,10_IL.11,20_IC1151455.htm","https://www.glassdoor.com/Reviews/Wistron-Corvallis-Reviews-EI_IE15218.0,7_IL.8,17_IC1151455.htm",validation_failed,gap_probe_failed: missing_target_metrics,pool-location-id,2026-06-28T10:03:21.273351+00:00
Wistron,"Fort Collins, CO",fort collins co,office-location,"Fort Collins, CO","https://www.glassdoor.com/Location/All-HP-Inc-Fort-Collins-Office-Locations-EI_IE1093161.4,10_IL.11,23_IC1148233.htm","https://www.glassdoor.com/Reviews/Wistron-Fort-Collins-Reviews-EI_IE15218.0,7_IL.8,20_IC1148233.htm",validation_failed,gap_probe_failed: missing_target_metrics,pool-location-id,2026-06-28T10:03:27.948644+00:00
Wistron,"Guadalajara, JAL",guadalajara jal,office-location,"Guadalajara, JAL","https://www.glassdoor.com/Location/All-HP-Inc-Guadalajara-Office-Locations-EI_IE1093161.4,10_IL.11,22_IC3486357.htm","https://www.glassdoor.com/Reviews/Wistron-Guadalajara-Reviews-EI_IE15218.0,7_IL.8,19_IC3486357.htm",validation_failed,gap_probe_failed: missing_target_metrics,pool-location-id,2026-06-28T10:03:34.363531+00:00
Wistron,"Houston, TX",houston tx,office-location,"Houston, TX","https://www.glassdoor.com/Location/All-HP-Inc-Houston-Office-Locations-EI_IE1093161.4,10_IL.11,18_IC1140171.htm","https://www.glassdoor.com/Reviews/Wistron-Houston-Reviews-EI_IE15218.0,7_IL.8,15_IC1140171.htm",validation_failed,gap_probe_failed: missing_target_metrics,pool-location-id,2026-06-28T10:03:41.258295+00:00
Wistron,"Palo Alto, CA",palo alto ca,office-location,"Palo Alto, CA","https://www.glassdoor.com/Location/All-HP-Inc-Palo-Alto-Office-Locations-EI_IE1093161.4,10_IL.11,20_IC1147434.htm","https://www.glassdoor.com/Reviews/Wistron-Palo-Alto-Reviews-EI_IE15218.0,7_IL.8,17_IC1147434.htm",validation_failed,gap_probe_failed: missing_target_metrics,pool-location-id,2026-06-28T10:03:48.388381+00:00
Wistron,"Portland, OR",portland or,office-location,"Portland, OR","https://www.glassdoor.com/Location/All-HP-Inc-Portland-Office-Locations-EI_IE1093161.4,10_IL.11,19_IC1151614.htm","https://www.glassdoor.com/Reviews/Wistron-Portland-Reviews-EI_IE15218.0,7_IL.8,16_IC1151614.htm",validation_failed,gap_probe_failed: missing_target_metrics,pool-location-id,2026-06-28T10:03:55.083387+00:00
Wistron,"San Diego, CA",san diego ca,office-location,"San Diego, CA","https://www.glassdoor.com/Location/All-HP-Inc-San-Diego-Office-Locations-EI_IE1093161.4,10_IL.11,20_IC1147311.htm","https://www.glassdoor.com/Reviews/Wistron-San-Diego-Reviews-EI_IE15218.0,7_IL.8,17_IC1147311.htm",validation_failed,gap_probe_failed: missing_target_metrics,pool-location-id,2026-06-28T10:04:01.422637+00:00
Wistron,"Spring, TX",spring tx,office-location,"Spring, TX","https://www.glassdoor.com/Location/All-HP-Inc-Spring-Office-Locations-EI_IE1093161.4,10_IL.11,17_IC1140222.htm","https://www.glassdoor.com/Reviews/Wistron-Spring-Reviews-EI_IE15218.0,7_IL.8,14_IC1140222.htm",validation_failed,gap_probe_failed: missing_target_metrics,pool-location-id,2026-06-28T10:04:08.139131+00:00
Wistron,"Sunnyvale, CA",sunnyvale ca,office-location,"Sunnyvale, CA","https://www.glassdoor.com/Location/All-HP-Inc-Sunnyvale-Office-Locations-EI_IE1093161.4,10_IL.11,20_IC1147442.htm","https://www.glassdoor.com/Reviews/Wistron-Sunnyvale-Reviews-EI_IE15218.0,7_IL.8,17_IC1147442.htm",validation_failed,gap_probe_failed: missing_target_metrics,pool-location-id,2026-06-28T10:04:14.624913+00:00
Wistron,"Tlaquepaque, JAL",tlaquepaque jal,office-location,"Tlaquepaque, JAL","https://www.glassdoor.com/Location/All-HP-Inc-Tlaquepaque-Office-Locations-EI_IE1093161.4,10_IL.11,22_IC3486348.htm","https://www.glassdoor.com/Reviews/Wistron-Tlaquepaque-Reviews-EI_IE15218.0,7_IL.8,19_IC3486348.htm",validation_failed,gap_probe_failed: missing_target_metrics,pool-location-id,2026-06-28T10:04:21.140230+00:00
Wistron,"Vancouver, WA",vancouver wa,office-location,"Vancouver, WA","https://www.glassdoor.com/Location/All-HP-Inc-Vancouver-Office-Locations-EI_IE1093161.4,10_IL.11,20_IC1150413.htm","https://www.glassdoor.com/Reviews/Wistron-Vancouver-Reviews-EI_IE15218.0,7_IL.8,17_IC1150413.htm",validation_failed,gap_probe_failed: missing_target_metrics,pool-location-id,2026-06-28T10:04:28.205644+00:00
Wistron,"Zapopan, JAL",zapopan jal,office-location,"Zapopan, JAL","https://www.glassdoor.com/Location/All-HP-Inc-Zapopan-Office-Locations-EI_IE1093161.4,10_IL.11,18_IC3487018.htm","https://www.glassdoor.com/Reviews/Wistron-Zapopan-Reviews-EI_IE15218.0,7_IL.8,15_IC3487018.htm",validation_failed,gap_probe_failed: missing_target_metrics,pool-location-id,2026-06-28T10:04:34.925011+00:00
Wistron,"Boulogne-Billancourt, A8",boulogne billancourt a8,office-location,"Boulogne-Billancourt, A8","https://www.glassdoor.com/Location/All-HP-Inc-Boulogne-Billancourt-Office-Locations-EI_IE1093161.4,10_IL.11,31_IC3040032.htm","https://www.glassdoor.com/Reviews/Wistron-Boulogne-Billancourt-Reviews-EI_IE15218.0,7_IL.8,28_IC3040032.htm",validation_failed,gap_probe_failed: missing_target_metrics,pool-location-id,2026-06-28T10:04:41.358244+00:00
Wistron,"Bucharest, B",bucharest b,office-location,"Bucharest, B","https://www.glassdoor.com/Location/All-HP-Inc-Bucharest-Office-Locations-EI_IE1093161.4,10_IL.11,20_IC3184907.htm","https://www.glassdoor.com/Reviews/Wistron-Bucharest-Reviews-EI_IE15218.0,7_IL.8,17_IC3184907.htm",validation_failed,gap_probe_failed: missing_target_metrics,pool-location-id,2026-06-28T10:04:47.938548+00:00
Wistron,"Cambridge, ENG",cambridge eng,office-location,"Cambridge, ENG","https://www.glassdoor.com/Location/All-HP-Inc-Cambridge-Office-Locations-EI_IE1093161.4,10_IL.11,20_IC2662516.htm","https://www.glassdoor.com/Reviews/Wistron-Cambridge-Reviews-EI_IE15218.0,7_IL.8,17_IC2662516.htm",validation_failed,gap_probe_failed: missing_target_metrics,pool-location-id,2026-06-28T10:04:54.449538+00:00
Wistron,"Meudon, A8",meudon a8,office-location,"Meudon, A8","https://www.glassdoor.com/Location/All-HP-Inc-Meudon-Office-Locations-EI_IE1093161.4,10_IL.11,17_IC3019026.htm","https://www.glassdoor.com/Reviews/Wistron-Meudon-Reviews-EI_IE15218.0,7_IL.8,14_IC3019026.htm",validation_failed,gap_probe_failed: missing_target_metrics,pool-location-id,2026-06-28T10:05:01.172589+00:00
Wistron,"Paris, A8",paris a8,office-location,"Paris, A8","https://www.glassdoor.com/Location/All-HP-Inc-Paris-Office-Locations-EI_IE1093161.4,10_IL.11,16_IC2881970.htm","https://www.glassdoor.com/Reviews/Wistron-Paris-Reviews-EI_IE15218.0,7_IL.8,13_IC2881970.htm",validation_failed,gap_probe_failed: missing_target_metrics,pool-location-id,2026-06-28T10:05:08.786042+00:00
Wistron,"Sant Cugat del Vallès, CT",sant cugat del vall s ct,office-location,"Sant Cugat del Vallès, CT","https://www.glassdoor.com/Location/All-HP-Inc-Sant-Cugat-del-Vallès-Office-Locations-EI_IE1093161.4,10_IL.11,32_IC4843928.htm","https://www.glassdoor.com/Reviews/Wistron-Sant-Cugat-del-Vall%C3%A8s-Reviews-EI_IE15218.0,7_IL.8,29_IC4843928.htm",validation_failed,gap_probe_failed: missing_target_metrics,pool-location-id,2026-06-28T10:05:15.956663+00:00
Wistron,"Tuas, W",tuas w,office-location,"Tuas, W","https://www.glassdoor.com/Location/All-HP-Inc-Tuas-Office-Locations-EI_IE1093161.4,10_IL.11,15_IC3235538.htm","https://www.glassdoor.com/Reviews/Wistron-Tuas-Reviews-EI_IE15218.0,7_IL.8,12_IC3235538.htm",validation_failed,gap_probe_failed: missing_target_metrics,pool-location-id,2026-06-28T10:05:22.723237+00:00
Wistron,"Whitefield, KA",whitefield ka,office-location,"Whitefield, KA","https://www.glassdoor.com/Location/All-HP-Inc-Whitefield-Office-Locations-EI_IE1093161.4,10_IL.11,21_IC2941717.htm","https://www.glassdoor.com/Reviews/Wistron-Whitefield-Reviews-EI_IE15218.0,7_IL.8,18_IC2941717.htm",validation_failed,gap_probe_failed: missing_target_metrics,pool-location-id,2026-06-28T10:05:39.683287+00:00
Wistron,"Lake Forest, CA",lake forest ca,office-location,"Lake Forest, CA","https://www.glassdoor.com/Location/All-Wistron-Lake-Forest-Office-Locations-EI_IE15218.4,11_IL.12,23_IC1146811.htm",https://www.glassdoor.com/Reviews/index.htm,resolved,,office-navigation,2026-06-28T15:30:41.210545+08:00
Wistron,"Rolling Meadows, IL",rolling meadows il,office-location,"Rolling Meadows, IL","https://www.glassdoor.com/Location/All-Wistron-Rolling-Meadows-Office-Locations-EI_IE15218.4,11_IL.12,27_IC1128962.htm","https://www.glassdoor.com/Reviews/Wistron-Rolling-Meadows-Reviews-EI_IE15218.0,7_IL.8,23_IC1128962.htm",resolved,,office-navigation,2026-06-28T15:30:47.956301+08:00
Wistron,"Wuhan, 12",wuhan 12,office-location,"Wuhan, 12","https://www.glassdoor.com/Location/All-Wistron-Wuhan-Office-Locations-EI_IE15218.4,11_IL.12,17_IC2478891.htm","https://www.glassdoor.com/Reviews/Wistron-Wuhan-Reviews-EI_IE15218.0,7_IL.8,13_IC2478891.htm",resolved,,office-navigation,2026-06-28T15:30:51.252011+08:00
Wistron,"Hoofddorp, NH",hoofddorp nh,office-location,"Hoofddorp, NH","https://www.glassdoor.com/Location/All-Delta-Electronics-Hoofddorp-Office-Locations-EI_IE41146.4,21_IL.22,31_IC3063772.htm","https://www.glassdoor.com/Reviews/Wistron-Hoofddorp-Reviews-EI_IE15218.0,7_IL.8,17_IC3063772.htm",validation_failed,gap_probe_failed: missing_target_metrics,pool-location-id,2026-06-28T10:05:46.619075+00:00
Wistron,"Notting Hill, VIC",notting hill vic,office-location,"Notting Hill, VIC","https://www.glassdoor.com/Location/All-Delta-Electronics-Notting-Hill-Office-Locations-EI_IE41146.4,21_IL.22,34_IC2257042.htm","https://www.glassdoor.com/Reviews/Wistron-Notting-Hill-Reviews-EI_IE15218.0,7_IL.8,20_IC2257042.htm",validation_failed,gap_probe_failed: missing_target_metrics,pool-location-id,2026-06-28T10:05:52.995828+00:00
Wistron,"Jeffersonville, IN",jeffersonville in,office-location,"Jeffersonville, IN","https://www.glassdoor.com/Location/All-Pegatron-Jeffersonville-Office-Locations-EI_IE337948.4,12_IL.13,27_IC1145141.htm","https://www.glassdoor.com/Reviews/Wistron-Jeffersonville-Reviews-EI_IE15218.0,7_IL.8,22_IC1145141.htm",validation_failed,gap_probe_failed: missing_target_metrics,pool-location-id,2026-06-28T10:05:59.146999+00:00
Wistron,"Irving, TX",irving tx,office-location,"Irving, TX","https://www.glassdoor.com/Location/All-Trend-Micro-Inc-Irving-Office-Locations-EI_IE8983.4,19_IL.20,26_IC1140006.htm","https://www.glassdoor.com/Reviews/Wistron-Irving-Reviews-EI_IE15218.0,7_IL.8,14_IC1140006.htm",validation_failed,gap_probe_failed: missing_target_metrics,pool-location-id,2026-06-28T10:06:05.821700+00:00
Wistron,"Jersey City, NJ",jersey city nj,office-location,"Jersey City, NJ","https://www.glassdoor.com/Location/All-Trend-Micro-Inc-Jersey-City-Office-Locations-EI_IE8983.4,19_IL.20,31_IC1126819.htm","https://www.glassdoor.com/Reviews/Wistron-Jersey-City-Reviews-EI_IE15218.0,7_IL.8,19_IC1126819.htm",validation_failed,gap_probe_failed: missing_target_metrics,pool-location-id,2026-06-28T10:06:12.659479+00:00
Wistron,"Kanata, ON",kanata on,office-location,"Kanata, ON","https://www.glassdoor.com/Location/All-Trend-Micro-Inc-Kanata-Office-Locations-EI_IE8983.4,19_IL.20,26_IC2282818.htm","https://www.glassdoor.com/Reviews/Wistron-Kanata-Reviews-EI_IE15218.0,7_IL.8,14_IC2282818.htm",validation_failed,gap_probe_failed: missing_target_metrics,pool-location-id,2026-06-28T10:06:19.227151+00:00
Wistron,"Cork, M",cork m,office-location,"Cork, M","https://www.glassdoor.com/Location/All-Trend-Micro-Inc-Cork-Office-Locations-EI_IE8983.4,19_IL.20,24_IC4325638.htm","https://www.glassdoor.com/Reviews/Wistron-Cork-Reviews-EI_IE15218.0,7_IL.8,12_IC4325638.htm",validation_failed,gap_probe_failed: missing_target_metrics,pool-location-id,2026-06-28T10:06:26.111260+00:00
Wistron,"London, ENG",london eng,office-location,"London, ENG","https://www.glassdoor.com/Location/All-Trend-Micro-Inc-London-Office-Locations-EI_IE8983.4,19_IL.20,26_IC2671300.htm","https://www.glassdoor.com/Reviews/Wistron-London-Reviews-EI_IE15218.0,7_IL.8,14_IC2671300.htm",validation_failed,gap_probe_failed: missing_target_metrics,pool-location-id,2026-06-28T10:06:32.036123+00:00
Wistron,"Paddington, ENG",paddington eng,office-location,"Paddington, ENG","https://www.glassdoor.com/Location/All-Trend-Micro-Inc-Paddington-Office-Locations-EI_IE8983.4,19_IL.20,30_IC3527325.htm","https://www.glassdoor.com/Reviews/Wistron-Paddington-Reviews-EI_IE15218.0,7_IL.8,18_IC3527325.htm",validation_failed,gap_probe_failed: missing_target_metrics,pool-location-id,2026-06-28T10:06:37.999603+00:00
Wistron,"Aliso, CA",aliso ca,office-location,"Aliso, CA","https://www.glassdoor.com/Location/All-Dell-Technologies-Aliso-Office-Locations-EI_IE1327.4,21_IL.22,27_IC3789361.htm","https://www.glassdoor.com/Reviews/Wistron-Aliso-Reviews-EI_IE15218.0,7_IL.8,13_IC3789361.htm",validation_failed,gap_probe_failed: missing_target_metrics,pool-location-id,2026-06-28T10:06:45.190177+00:00
Wistron,"Bedford, MA",bedford ma,office-location,"Bedford, MA","https://www.glassdoor.com/Location/All-Dell-Technologies-Bedford-Office-Locations-EI_IE1327.4,21_IL.22,29_IC1154527.htm","https://www.glassdoor.com/Reviews/Wistron-Bedford-Reviews-EI_IE15218.0,7_IL.8,15_IC1154527.htm",validation_failed,gap_probe_failed: missing_target_metrics,pool-location-id,2026-06-28T10:06:52.487998+00:00
Wistron,"Boston, MA",boston ma,office-location,"Boston, MA","https://www.glassdoor.com/Location/All-Dell-Technologies-Boston-Office-Locations-EI_IE1327.4,21_IL.22,28_IC1154532.htm","https://www.glassdoor.com/Reviews/Wistron-Boston-Reviews-EI_IE15218.0,7_IL.8,14_IC1154532.htm",validation_failed,gap_probe_failed: missing_target_metrics,pool-location-id,2026-06-28T10:06:58.492268+00:00
Wistron,"Boydton, VA",boydton va,office-location,"Boydton, VA","https://www.glassdoor.com/Location/All-Dell-Technologies-Boydton-Office-Locations-EI_IE1327.4,21_IL.22,29_IC1129623.htm","https://www.glassdoor.com/Reviews/Wistron-Boydton-Reviews-EI_IE15218.0,7_IL.8,15_IC1129623.htm",validation_failed,gap_probe_failed: missing_target_metrics,pool-location-id,2026-06-28T10:07:04.724768+00:00
Wistron,"Cambridge, MA",cambridge ma,office-location,"Cambridge, MA","https://www.glassdoor.com/Location/All-Dell-Technologies-Cambridge-Office-Locations-EI_IE1327.4,21_IL.22,31_IC1154545.htm","https://www.glassdoor.com/Reviews/Wistron-Cambridge-Reviews-EI_IE15218.0,7_IL.8,17_IC1154545.htm",validation_failed,gap_probe_failed: missing_target_metrics,pool-location-id,2026-06-28T10:07:12.176959+00:00
Wistron,"Canada, KY",canada ky,office-location,"Canada, KY","https://www.glassdoor.com/Location/All-Dell-Technologies-Canada-Office-Locations-EI_IE1327.4,21_IL.22,28_IC1137126.htm","https://www.glassdoor.com/Reviews/Wistron-Canada-Reviews-EI_IE15218.0,7_IL.8,14_IC1137126.htm",validation_failed,gap_probe_failed: missing_target_metrics,pool-location-id,2026-06-28T10:07:18.602360+00:00
Wistron,"Canton, MA",canton ma,office-location,"Canton, MA","https://www.glassdoor.com/Location/All-Dell-Technologies-Canton-Office-Locations-EI_IE1327.4,21_IL.22,28_IC1154546.htm","https://www.glassdoor.com/Reviews/Wistron-Canton-Reviews-EI_IE15218.0,7_IL.8,14_IC1154546.htm",validation_failed,gap_probe_failed: missing_target_metrics,pool-location-id,2026-06-28T10:07:25.571146+00:00
Wistron,"Cedar Park, TX",cedar park tx,office-location,"Cedar Park, TX","https://www.glassdoor.com/Location/All-Dell-Technologies-Cedar-Park-Office-Locations-EI_IE1327.4,21_IL.22,32_IC1139765.htm","https://www.glassdoor.com/Reviews/Wistron-Cedar-Park-Reviews-EI_IE15218.0,7_IL.8,18_IC1139765.htm",validation_failed,gap_probe_failed: missing_target_metrics,pool-location-id,2026-06-28T10:07:32.796207+00:00
Wistron,"Framingham, MA",framingham ma,office-location,"Framingham, MA","https://www.glassdoor.com/Location/All-Dell-Technologies-Framingham-Office-Locations-EI_IE1327.4,21_IL.22,32_IC1154571.htm","https://www.glassdoor.com/Reviews/Wistron-Framingham-Reviews-EI_IE15218.0,7_IL.8,18_IC1154571.htm",validation_failed,gap_probe_failed: missing_target_metrics,pool-location-id,2026-06-28T10:07:39.970352+00:00
Wistron,"Franklin, MA",franklin ma,office-location,"Franklin, MA","https://www.glassdoor.com/Location/All-Dell-Technologies-Franklin-Office-Locations-EI_IE1327.4,21_IL.22,30_IC1154572.htm","https://www.glassdoor.com/Reviews/Wistron-Franklin-Reviews-EI_IE15218.0,7_IL.8,16_IC1154572.htm",validation_failed,gap_probe_failed: missing_target_metrics,pool-location-id,2026-06-28T10:07:46.607316+00:00
Wistron,"Fuquay-Varina, NC",fuquay varina nc,office-location,"Fuquay-Varina, NC","https://www.glassdoor.com/Location/All-Dell-Technologies-Fuquay-Varina-Office-Locations-EI_IE1327.4,21_IL.22,35_IC3757296.htm","https://www.glassdoor.com/Reviews/Wistron-Fuquay-Varina-Reviews-EI_IE15218.0,7_IL.8,21_IC3757296.htm",validation_failed,gap_probe_failed: missing_target_metrics,pool-location-id,2026-06-28T10:08:03.434412+00:00
Wistron,"Georgetown, TX",georgetown tx,office-location,"Georgetown, TX","https://www.glassdoor.com/Location/All-Dell-Technologies-Georgetown-Office-Locations-EI_IE1327.4,21_IL.22,32_IC1139774.htm","https://www.glassdoor.com/Reviews/Wistron-Georgetown-Reviews-EI_IE15218.0,7_IL.8,18_IC1139774.htm",validation_failed,gap_probe_failed: missing_target_metrics,pool-location-id,2026-06-28T10:08:10.266244+00:00
Wistron,"Hopkinton, MA",hopkinton ma,office-location,"Hopkinton, MA","https://www.glassdoor.com/Location/All-Dell-Technologies-Hopkinton-Office-Locations-EI_IE1327.4,21_IL.22,31_IC1154589.htm","https://www.glassdoor.com/Reviews/Wistron-Hopkinton-Reviews-EI_IE15218.0,7_IL.8,17_IC1154589.htm",validation_failed,gap_probe_failed: missing_target_metrics,pool-location-id,2026-06-28T10:08:19.086147+00:00
Wistron,"India, TX",india tx,office-location,"India, TX","https://www.glassdoor.com/Location/All-Dell-Technologies-India-Office-Locations-EI_IE1327.4,21_IL.22,27_IC3759223.htm","https://www.glassdoor.com/Reviews/Wistron-India-Reviews-EI_IE15218.0,7_IL.8,13_IC3759223.htm",validation_failed,gap_probe_failed: missing_target_metrics,pool-location-id,2026-06-28T10:08:26.617643+00:00
Wistron,"Land O' Lakes, FL",land o lakes fl,office-location,"Land O' Lakes, FL","https://www.glassdoor.com/Location/All-Dell-Technologies-Land-O-Lakes-Office-Locations-EI_IE1327.4,21_IL.22,34_IC3817049.htm","https://www.glassdoor.com/Reviews/Wistron-Land-O-Lakes-Reviews-EI_IE15218.0,7_IL.8,20_IC3817049.htm",validation_failed,gap_probe_failed: missing_target_metrics,pool-location-id,2026-06-28T10:08:32.797319+00:00
Wistron,"Leander, TX",leander tx,office-location,"Leander, TX","https://www.glassdoor.com/Location/All-Dell-Technologies-Leander-Office-Locations-EI_IE1327.4,21_IL.22,29_IC1139779.htm","https://www.glassdoor.com/Reviews/Wistron-Leander-Reviews-EI_IE15218.0,7_IL.8,15_IC1139779.htm",validation_failed,gap_probe_failed: missing_target_metrics,pool-location-id,2026-06-28T10:08:39.373478+00:00
Wistron,"Pflugerville, TX",pflugerville tx,office-location,"Pflugerville, TX","https://www.glassdoor.com/Location/All-Dell-Technologies-Pflugerville-Office-Locations-EI_IE1327.4,21_IL.22,34_IC1139790.htm","https://www.glassdoor.com/Reviews/Wistron-Pflugerville-Reviews-EI_IE15218.0,7_IL.8,20_IC1139790.htm",validation_failed,gap_probe_failed: missing_target_metrics,pool-location-id,2026-06-28T10:08:46.321659+00:00
Wistron,"Quincy, MA",quincy ma,office-location,"Quincy, MA","https://www.glassdoor.com/Location/All-Dell-Technologies-Quincy-Office-Locations-EI_IE1327.4,21_IL.22,28_IC1154667.htm","https://www.glassdoor.com/Reviews/Wistron-Quincy-Reviews-EI_IE15218.0,7_IL.8,14_IC1154667.htm",validation_failed,gap_probe_failed: missing_target_metrics,pool-location-id,2026-06-28T10:08:53.127281+00:00
Wistron,"Round Rock, TX",round rock tx,office-location,"Round Rock, TX","https://www.glassdoor.com/Location/All-Dell-Technologies-Round-Rock-Office-Locations-EI_IE1327.4,21_IL.22,32_IC1139794.htm","https://www.glassdoor.com/Reviews/Wistron-Round-Rock-Reviews-EI_IE15218.0,7_IL.8,18_IC1139794.htm",validation_failed,gap_probe_failed: missing_target_metrics,pool-location-id,2026-06-28T10:09:00.851008+00:00
Wistron,"San Marcos, TX",san marcos tx,office-location,"San Marcos, TX","https://www.glassdoor.com/Location/All-Dell-Technologies-San-Marcos-Office-Locations-EI_IE1327.4,21_IL.22,32_IC1139795.htm","https://www.glassdoor.com/Reviews/Wistron-San-Marcos-Reviews-EI_IE15218.0,7_IL.8,18_IC1139795.htm",validation_failed,gap_probe_failed: missing_target_metrics,pool-location-id,2026-06-28T10:09:07.391883+00:00
Wistron,"Satellite Beach, FL",satellite beach fl,office-location,"Satellite Beach, FL","https://www.glassdoor.com/Location/All-Dell-Technologies-Satellite-Beach-Office-Locations-EI_IE1327.4,21_IL.22,37_IC1154294.htm","https://www.glassdoor.com/Reviews/Wistron-Satellite-Beach-Reviews-EI_IE15218.0,7_IL.8,23_IC1154294.htm",validation_failed,gap_probe_failed: missing_target_metrics,pool-location-id,2026-06-28T10:09:13.972633+00:00
Wistron,"Wellesley, MA",wellesley ma,office-location,"Wellesley, MA","https://www.glassdoor.com/Location/All-Dell-Technologies-Wellesley-Office-Locations-EI_IE1327.4,21_IL.22,31_IC1154708.htm","https://www.glassdoor.com/Reviews/Wistron-Wellesley-Reviews-EI_IE15218.0,7_IL.8,17_IC1154708.htm",validation_failed,gap_probe_failed: missing_target_metrics,pool-location-id,2026-06-28T10:09:20.494753+00:00
Wistron,"Domlur, KA",domlur ka,office-location,"Domlur, KA","https://www.glassdoor.com/Location/All-Dell-Technologies-Domlur-Office-Locations-EI_IE1327.4,21_IL.22,28_IC4470560.htm","https://www.glassdoor.com/Reviews/Wistron-Domlur-Reviews-EI_IE15218.0,7_IL.8,14_IC4470560.htm",validation_failed,gap_probe_failed: missing_target_metrics,pool-location-id,2026-06-28T10:09:26.965928+00:00
Wistron,"Chicago, IL",chicago il,office-location,"Chicago, IL","https://www.glassdoor.com/Location/All-Lenovo-Chicago-Office-Locations-EI_IE8034.4,10_IL.11,18_IC1128808.htm","https://www.glassdoor.com/Reviews/Wistron-Chicago-Reviews-EI_IE15218.0,7_IL.8,15_IC1128808.htm",resolved,,pool-location-id,2026-06-28T10:09:34.158018+00:00
Wistron,"Morrisville, NC",morrisville nc,office-location,"Morrisville, NC","https://www.glassdoor.com/Location/All-Lenovo-Morrisville-Office-Locations-EI_IE8034.4,10_IL.11,22_IC1138956.htm","https://www.glassdoor.com/Reviews/Wistron-Morrisville-Reviews-EI_IE15218.0,7_IL.8,19_IC1138956.htm",validation_failed,gap_probe_failed: missing_target_metrics,pool-location-id,2026-06-28T10:09:40.877892+00:00
Wistron,"Bratislava, 02",bratislava 02,office-location,"Bratislava, 02","https://www.glassdoor.com/Location/All-Lenovo-Bratislava-Office-Locations-EI_IE8034.4,10_IL.11,21_IC2907054.htm","https://www.glassdoor.com/Reviews/Wistron-Bratislava-Reviews-EI_IE15218.0,7_IL.8,18_IC2907054.htm",validation_failed,gap_probe_failed: missing_target_metrics,pool-location-id,2026-06-28T10:09:47.092968+00:00
Wistron,"Stuttgart, BW",stuttgart bw,office-location,"Stuttgart, BW","https://www.glassdoor.com/Location/All-Lenovo-Stuttgart-Office-Locations-EI_IE8034.4,10_IL.11,20_IC2507190.htm","https://www.glassdoor.com/Reviews/Wistron-Stuttgart-Reviews-EI_IE15218.0,7_IL.8,17_IC2507190.htm",validation_failed,gap_probe_failed: missing_target_metrics,pool-location-id,2026-06-28T10:09:54.229380+00:00
Wistron,"Beijing, 22",beijing 22,office-location,"Beijing, 22","https://www.glassdoor.com/Location/All-Lenovo-Beijing-Office-Locations-EI_IE8034.4,10_IL.11,18_IC2398510.htm","https://www.glassdoor.com/Reviews/Wistron-Beijing-Reviews-EI_IE15218.0,7_IL.8,15_IC2398510.htm",validation_failed,gap_probe_failed: missing_target_metrics,pool-location-id,2026-06-28T10:10:00.742114+00:00
Wistron,"Changping, 22",changping 22,office-location,"Changping, 22","https://www.glassdoor.com/Location/All-Lenovo-Changping-Office-Locations-EI_IE8034.4,10_IL.11,20_IC2405661.htm","https://www.glassdoor.com/Reviews/Wistron-Changping-Reviews-EI_IE15218.0,7_IL.8,17_IC2405661.htm",validation_failed,gap_probe_failed: missing_target_metrics,pool-location-id,2026-06-28T10:10:07.214857+00:00
Wistron,"Haidian, 22",haidian 22,office-location,"Haidian, 22","https://www.glassdoor.com/Location/All-Lenovo-Haidian-Office-Locations-EI_IE8034.4,10_IL.11,18_IC2405685.htm","https://www.glassdoor.com/Reviews/Wistron-Haidian-Reviews-EI_IE15218.0,7_IL.8,15_IC2405685.htm",validation_failed,gap_probe_failed: missing_target_metrics,pool-location-id,2026-06-28T10:10:14.756385+00:00
Wistron,Hong Kong,hong kong,office-location,Hong Kong,"https://www.glassdoor.com/Location/All-Lenovo-Hong-Kong-Office-Locations-EI_IE8034.4,10_IL.11,20_IC2308631.htm","https://www.glassdoor.com/Reviews/Wistron-Hong-Kong-Reviews-EI_IE15218.0,7_IL.8,17_IC2308631.htm",resolved,,pool-location-id,2026-06-28T10:10:30.954397+00:00
Wistron,"Shenzhenzhen, 02",shenzhenzhen 02,office-location,"Shenzhenzhen, 02","https://www.glassdoor.com/Location/All-Lenovo-Shenzhenzhen-Office-Locations-EI_IE8034.4,10_IL.11,23_IC2441398.htm","https://www.glassdoor.com/Reviews/Wistron-Shenzhenzhen-Reviews-EI_IE15218.0,7_IL.8,20_IC2441398.htm",validation_failed,gap_probe_failed: missing_target_metrics,pool-location-id,2026-06-28T10:10:37.533126+00:00
Wistron,"Xiamen, 07",xiamen 07,office-location,"Xiamen, 07","https://www.glassdoor.com/Location/All-Lenovo-Xiamen-Office-Locations-EI_IE8034.4,10_IL.11,17_IC2564138.htm","https://www.glassdoor.com/Reviews/Wistron-Xiamen-Reviews-EI_IE15218.0,7_IL.8,14_IC2564138.htm",validation_failed,gap_probe_failed: missing_target_metrics,pool-location-id,2026-06-28T10:10:43.549651+00:00
Wistron,"Buenos Aires, C",buenos aires c,office-location,"Buenos Aires, C","https://www.glassdoor.com/Location/All-Lenovo-Buenos-Aires-Office-Locations-EI_IE8034.4,10_IL.11,23_IC2242084.htm","https://www.glassdoor.com/Reviews/Wistron-Buenos-Aires-Reviews-EI_IE15218.0,7_IL.8,20_IC2242084.htm",validation_failed,gap_probe_failed: missing_target_metrics,pool-location-id,2026-06-28T10:10:52.875535+00:00
Wistron,"Campinas, SP",campinas sp,office-location,"Campinas, SP","https://www.glassdoor.com/Location/All-Lenovo-Campinas-Office-Locations-EI_IE8034.4,10_IL.11,19_IC2490130.htm","https://www.glassdoor.com/Reviews/Wistron-Campinas-Reviews-EI_IE15218.0,7_IL.8,16_IC2490130.htm",validation_failed,gap_probe_failed: missing_target_metrics,pool-location-id,2026-06-28T10:10:59.336792+00:00
Wistron,"Indaiatuba, SP",indaiatuba sp,office-location,"Indaiatuba, SP","https://www.glassdoor.com/Location/All-Lenovo-Indaiatuba-Office-Locations-EI_IE8034.4,10_IL.11,21_IC2480058.htm","https://www.glassdoor.com/Reviews/Wistron-Indaiatuba-Reviews-EI_IE15218.0,7_IL.8,18_IC2480058.htm",validation_failed,gap_probe_failed: missing_target_metrics,pool-location-id,2026-06-28T10:11:05.147708+00:00
Wistron,"Itu, SP",itu sp,office-location,"Itu, SP","https://www.glassdoor.com/Location/All-Lenovo-Itu-Office-Locations-EI_IE8034.4,10_IL.11,14_IC2490672.htm","https://www.glassdoor.com/Reviews/Wistron-Itu-Reviews-EI_IE15218.0,7_IL.8,11_IC2490672.htm",validation_failed,gap_probe_failed: missing_target_metrics,pool-location-id,2026-06-28T10:11:11.551887+00:00
Wistron,"Martínez, B",mart nez b,office-location,"Martínez, B","https://www.glassdoor.com/Location/All-Lenovo-Martínez-Office-Locations-EI_IE8034.4,10_IL.11,19_IC2207815.htm","https://www.glassdoor.com/Reviews/Wistron-Mart%C3%ADnez-Reviews-EI_IE15218.0,7_IL.8,16_IC2207815.htm",validation_failed,gap_probe_failed: missing_target_metrics,pool-location-id,2026-06-28T10:11:18.285900+00:00
Wistron,"Sorocaba, SP",sorocaba sp,office-location,"Sorocaba, SP","https://www.glassdoor.com/Location/All-Lenovo-Sorocaba-Office-Locations-EI_IE8034.4,10_IL.11,19_IC2475809.htm","https://www.glassdoor.com/Reviews/Wistron-Sorocaba-Reviews-EI_IE15218.0,7_IL.8,16_IC2475809.htm",validation_failed,gap_probe_failed: missing_target_metrics,pool-location-id,2026-06-28T10:11:24.546389+00:00
Wistron,"Vicente López, B",vicente l pez b,office-location,"Vicente López, B","https://www.glassdoor.com/Location/All-Lenovo-Vicente-López-Office-Locations-EI_IE8034.4,10_IL.11,24_IC2211608.htm","https://www.glassdoor.com/Reviews/Wistron-Vicente-L%C3%B3pez-Reviews-EI_IE15218.0,7_IL.8,21_IC2211608.htm",validation_failed,gap_probe_failed: missing_target_metrics,pool-location-id,2026-06-28T10:11:31.195974+00:00
Wistron,Global,global,manual-seed,,,https://www.glassdoor.com/Reviews/Wistron-Reviews-E15218.htm,resolved,,review-url-hint,2026-06-28T15:30:52.72958+08:00
Wistron,Taipei,taipei,manual-seed,"Taipei, TPQ","https://www.glassdoor.com/Location/All-Wistron-Taipei-Office-Locations-EI_IE15218.4,11_IL.12,18_IC3271041.htm","https://www.glassdoor.com/Reviews/Wistron-Taipei-Reviews-EI_IE15218.0,7_IL.8,14_IC3271041.htm",resolved,,office-navigation,2026-06-28T15:30:56.171886+08:00
Wistron,Hsinchu,hsinchu,manual-seed,"Hsinchu, TXG","https://www.glassdoor.com/Location/All-NVIDIA-Hsinchu-Office-Locations-EI_IE7633.4,10_IL.11,18_IC4915323.htm","https://www.glassdoor.com/Reviews/Wistron-Hsinchu-Reviews-EI_IE15218.0,7_IL.8,15_IC4915323.htm",resolved,,pool-location-id,2026-06-28T15:52:38.352011+08:00
Wistron,Taoyuan,taoyuan,manual-seed,,,,no_result,pool_location_id_not_found,pool-location-id,2026-06-28T15:52:38.448716+08:00
Wistron,Shanghai,shanghai,manual-seed,"Shanghai, 23","https://www.glassdoor.com/Location/All-Wistron-Shanghai-Office-Locations-EI_IE15218.4,11_IL.12,20_IC2416009.htm",https://www.glassdoor.com/Reviews/index.htm,resolved,,office-navigation,2026-06-28T15:30:59.785252+08:00
Wistron,Shenzhen,shenzhen,manual-seed,"Shenzhenzhen, 02","https://www.glassdoor.com/Location/All-Lenovo-Shenzhenzhen-Office-Locations-EI_IE8034.4,10_IL.11,23_IC2441398.htm","https://www.glassdoor.com/Reviews/Wistron-Shenzhenzhen-Reviews-EI_IE15218.0,7_IL.8,20_IC2441398.htm",validation_failed,gap_probe_failed: missing_target_metrics,pool-location-id,2026-06-28T15:52:42.445275+08:00
Wistron,Tokyo,tokyo,manual-seed,"Tokyo, 40","https://www.glassdoor.com/Location/All-ASUS-Tokyo-Office-Locations-EI_IE40093.4,8_IL.9,14_IC2851580.htm","https://www.glassdoor.com/Reviews/Wistron-Tokyo-Reviews-EI_IE15218.0,7_IL.8,13_IC2851580.htm",validation_failed,gap_probe_failed: missing_target_metrics,pool-location-id,2026-06-28T15:52:47.458292+08:00
Wistron,Seoul,seoul,manual-seed,"Seoul, 11","https://www.glassdoor.com/Location/All-ASUS-Seoul-Office-Locations-EI_IE40093.4,8_IL.9,14_IC3021489.htm","https://www.glassdoor.com/Reviews/Wistron-Seoul-Reviews-EI_IE15218.0,7_IL.8,13_IC3021489.htm",validation_failed,gap_probe_failed: missing_target_metrics,pool-location-id,2026-06-28T15:52:51.746395+08:00
Wistron,Austin,austin,manual-seed,"Austin, TX","https://www.glassdoor.com/Location/All-NVIDIA-Austin-Office-Locations-EI_IE7633.4,10_IL.11,17_IC1139761.htm","https://www.glassdoor.com/Reviews/Wistron-Austin-Reviews-EI_IE15218.0,7_IL.8,14_IC1139761.htm",validation_failed,gap_probe_failed: company_mismatch,pool-location-id,2026-06-28T15:52:54.227214+08:00
Wistron,Seattle,seattle,manual-seed,,,,no_result,pool_location_id_not_found,pool-location-id,2026-06-28T15:52:54.422951+08:00
Wistron,London,london,manual-seed,"London, ENG","https://www.glassdoor.com/Location/All-Trend-Micro-Inc-London-Office-Locations-EI_IE8983.4,19_IL.20,26_IC2671300.htm","https://www.glassdoor.com/Reviews/Wistron-London-Reviews-EI_IE15218.0,7_IL.8,14_IC2671300.htm",validation_failed,gap_probe_failed: company_mismatch,pool-location-id,2026-06-28T15:52:56.366898+08:00
Wistron,Dublin,dublin,manual-seed,,,,no_result,pool_location_id_not_found,pool-location-id,2026-06-28T15:52:56.519407+08:00
Wistron,Munich,munich,manual-seed,"Munich, BY","https://www.glassdoor.com/Location/All-NVIDIA-Munich-Office-Locations-EI_IE7633.4,10_IL.11,17_IC4990924.htm","https://www.glassdoor.com/Reviews/Wistron-Munich-Reviews-EI_IE15218.0,7_IL.8,14_IC4990924.htm",validation_failed,gap_probe_failed: company_mismatch,pool-location-id,2026-06-28T15:52:58.8906+08:00
Compal Electronics,"Ciudad de Mexico, MEX",ciudad de mexico mex,office-location,"Ciudad de Mexico, MEX","https://www.glassdoor.com/Location/All-ASUS-Ciudad-de-Mexico-Office-Locations-EI_IE40093.4,8_IL.9,25_IC5017436.htm","https://www.glassdoor.com/Reviews/Compal-Electronics-Ciudad-de-Mexico-Reviews-EI_IE13464.0,18_IL.19,35_IC5017436.htm",validation_failed,gap_probe_failed: missing_target_metrics,pool-location-id,2026-06-28T10:11:38.394824+00:00
Compal Electronics,"Fremont, CA",fremont ca,office-location,"Fremont, CA","https://www.glassdoor.com/Location/All-ASUS-Fremont-Office-Locations-EI_IE40093.4,8_IL.9,16_IC1147355.htm","https://www.glassdoor.com/Reviews/Compal-Electronics-Fremont-Reviews-EI_IE13464.0,18_IL.19,26_IC1147355.htm",validation_failed,gap_probe_failed: missing_target_metrics,pool-location-id,2026-06-28T10:11:45.071082+00:00
Compal Electronics,"Markham, ON",markham on,office-location,"Markham, ON","https://www.glassdoor.com/Location/All-ASUS-Markham-Office-Locations-EI_IE40093.4,8_IL.9,16_IC2280736.htm","https://www.glassdoor.com/Reviews/Compal-Electronics-Markham-Reviews-EI_IE13464.0,18_IL.19,26_IC2280736.htm",validation_failed,gap_probe_failed: missing_target_metrics,pool-location-id,2026-06-28T10:11:51.308164+00:00
Compal Electronics,"Barcelona, CT",barcelona ct,office-location,"Barcelona, CT","https://www.glassdoor.com/Location/All-ASUS-Barcelona-Office-Locations-EI_IE40093.4,8_IL.9,18_IC2547194.htm","https://www.glassdoor.com/Reviews/Compal-Electronics-Barcelona-Reviews-EI_IE13464.0,18_IL.19,28_IC2547194.htm",validation_failed,gap_probe_failed: missing_target_metrics,pool-location-id,2026-06-28T10:11:58.113832+00:00
Compal Electronics,"Budapest, BU",budapest bu,office-location,"Budapest, BU","https://www.glassdoor.com/Location/All-ASUS-Budapest-Office-Locations-EI_IE40093.4,8_IL.9,17_IC3125126.htm","https://www.glassdoor.com/Reviews/Compal-Electronics-Budapest-Reviews-EI_IE13464.0,18_IL.19,27_IC3125126.htm",validation_failed,gap_probe_failed: missing_target_metrics,pool-location-id,2026-06-28T10:12:04.436440+00:00
Compal Electronics,"Emmen, DR",emmen dr,office-location,"Emmen, DR","https://www.glassdoor.com/Location/All-ASUS-Emmen-Office-Locations-EI_IE40093.4,8_IL.9,14_IC3060162.htm","https://www.glassdoor.com/Reviews/Compal-Electronics-Emmen-Reviews-EI_IE13464.0,18_IL.19,24_IC3060162.htm",validation_failed,gap_probe_failed: missing_target_metrics,pool-location-id,2026-06-28T10:12:15.469798+00:00
Compal Electronics,"Hemel Hempstead, ENG",hemel hempstead eng,office-location,"Hemel Hempstead, ENG","https://www.glassdoor.com/Location/All-ASUS-Hemel-Hempstead-Office-Locations-EI_IE40093.4,8_IL.9,24_IC2669775.htm","https://www.glassdoor.com/Reviews/Compal-Electronics-Hemel-Hempstead-Reviews-EI_IE13464.0,18_IL.19,34_IC2669775.htm",validation_failed,gap_probe_failed: missing_target_metrics,pool-location-id,2026-06-28T10:12:22.208144+00:00
Compal Electronics,"Milan, LOM",milan lom,office-location,"Milan, LOM","https://www.glassdoor.com/Location/All-ASUS-Milan-Office-Locations-EI_IE40093.4,8_IL.9,14_IC2802090.htm","https://www.glassdoor.com/Reviews/Compal-Electronics-Milan-Reviews-EI_IE13464.0,18_IL.19,24_IC2802090.htm",validation_failed,gap_probe_failed: missing_target_metrics,pool-location-id,2026-06-28T10:12:29.474961+00:00
Compal Electronics,"Moravská Ostrava, MO",moravsk ostrava mo,office-location,"Moravská Ostrava, MO","https://www.glassdoor.com/Location/All-ASUS-Moravská-Ostrava-Office-Locations-EI_IE40093.4,8_IL.9,25_IC2288209.htm","https://www.glassdoor.com/Reviews/Compal-Electronics-Moravsk%C3%A1-Ostrava-Reviews-EI_IE13464.0,18_IL.19,35_IC2288209.htm",validation_failed,gap_probe_failed: missing_target_metrics,pool-location-id,2026-06-28T10:12:35.804428+00:00
Compal Electronics,"Noisy-le-Grand, A8",noisy le grand a8,office-location,"Noisy-le-Grand, A8","https://www.glassdoor.com/Location/All-ASUS-Noisy-le-Grand-Office-Locations-EI_IE40093.4,8_IL.9,23_IC3100822.htm","https://www.glassdoor.com/Reviews/Compal-Electronics-Noisy-le-Grand-Reviews-EI_IE13464.0,18_IL.19,33_IC3100822.htm",validation_failed,gap_probe_failed: missing_target_metrics,pool-location-id,2026-06-28T10:12:42.830866+00:00
Compal Electronics,"Ratingen, NW",ratingen nw,office-location,"Ratingen, NW","https://www.glassdoor.com/Location/All-ASUS-Ratingen-Office-Locations-EI_IE40093.4,8_IL.9,17_IC2584004.htm","https://www.glassdoor.com/Reviews/Compal-Electronics-Ratingen-Reviews-EI_IE13464.0,18_IL.19,27_IC2584004.htm",validation_failed,gap_probe_failed: missing_target_metrics,pool-location-id,2026-06-28T10:12:59.409255+00:00
Compal Electronics,"Üsküdar, T34",sk dar t34,office-location,"Üsküdar, T34","https://www.glassdoor.com/Location/All-ASUS-Üsküdar-Office-Locations-EI_IE40093.4,8_IL.9,16_IC3361446.htm","https://www.glassdoor.com/Reviews/Compal-Electronics-%C3%9Csk%C3%BCdar-Reviews-EI_IE13464.0,18_IL.19,26_IC3361446.htm",validation_failed,gap_probe_failed: missing_target_metrics,pool-location-id,2026-06-28T10:13:05.988455+00:00
Compal Electronics,"Warsaw, MZ",warsaw mz,office-location,"Warsaw, MZ","https://www.glassdoor.com/Location/All-ASUS-Warsaw-Office-Locations-EI_IE40093.4,8_IL.9,15_IC3094484.htm","https://www.glassdoor.com/Reviews/Compal-Electronics-Warsaw-Reviews-EI_IE13464.0,18_IL.19,25_IC3094484.htm",validation_failed,gap_probe_failed: missing_target_metrics,pool-location-id,2026-06-28T10:13:12.859539+00:00
Compal Electronics,"Bangkok, 10",bangkok 10,office-location,"Bangkok, 10","https://www.glassdoor.com/Location/All-ASUS-Bangkok-Office-Locations-EI_IE40093.4,8_IL.9,16_IC3179725.htm","https://www.glassdoor.com/Reviews/Compal-Electronics-Bangkok-Reviews-EI_IE13464.0,18_IL.19,26_IC3179725.htm",validation_failed,gap_probe_failed: missing_target_metrics,pool-location-id,2026-06-28T10:13:20.820016+00:00
Compal Electronics,"Dubai, DU",dubai du,office-location,"Dubai, DU","https://www.glassdoor.com/Location/All-ASUS-Dubai-Office-Locations-EI_IE40093.4,8_IL.9,14_IC2204498.htm","https://www.glassdoor.com/Reviews/Compal-Electronics-Dubai-Reviews-EI_IE13464.0,18_IL.19,24_IC2204498.htm",validation_failed,gap_probe_failed: missing_target_metrics,pool-location-id,2026-06-28T10:13:27.177254+00:00
Compal Electronics,"Jakarta, JK",jakarta jk,office-location,"Jakarta, JK","https://www.glassdoor.com/Location/All-ASUS-Jakarta-Office-Locations-EI_IE40093.4,8_IL.9,16_IC2709872.htm","https://www.glassdoor.com/Reviews/Compal-Electronics-Jakarta-Reviews-EI_IE13464.0,18_IL.19,26_IC2709872.htm",validation_failed,gap_probe_failed: missing_target_metrics,pool-location-id,2026-06-28T10:13:33.702868+00:00
Compal Electronics,"Kuala Lumpur, 14",kuala lumpur 14,office-location,"Kuala Lumpur, 14","https://www.glassdoor.com/Location/All-ASUS-Kuala-Lumpur-Office-Locations-EI_IE40093.4,8_IL.9,21_IC2986682.htm","https://www.glassdoor.com/Reviews/Compal-Electronics-Kuala-Lumpur-Reviews-EI_IE13464.0,18_IL.19,31_IC2986682.htm",validation_failed,gap_probe_failed: missing_target_metrics,pool-location-id,2026-06-28T10:13:40.701920+00:00
Compal Electronics,"Manila, D9",manila d9,office-location,"Manila, D9","https://www.glassdoor.com/Location/All-ASUS-Manila-Office-Locations-EI_IE40093.4,8_IL.9,15_IC2363570.htm","https://www.glassdoor.com/Reviews/Compal-Electronics-Manila-Reviews-EI_IE13464.0,18_IL.19,25_IC2363570.htm",validation_failed,gap_probe_failed: missing_target_metrics,pool-location-id,2026-06-28T10:13:47.396319+00:00
Compal Electronics,"Mumbai, MH",mumbai mh,office-location,"Mumbai, MH","https://www.glassdoor.com/Location/All-ASUS-Mumbai-Office-Locations-EI_IE40093.4,8_IL.9,15_IC2851180.htm","https://www.glassdoor.com/Reviews/Compal-Electronics-Mumbai-Reviews-EI_IE13464.0,18_IL.19,25_IC2851180.htm",validation_failed,gap_probe_failed: missing_target_metrics,pool-location-id,2026-06-28T10:13:55.792789+00:00
Compal Electronics,"Seoul, 11",seoul 11,office-location,"Seoul, 11","https://www.glassdoor.com/Location/All-ASUS-Seoul-Office-Locations-EI_IE40093.4,8_IL.9,14_IC3021489.htm","https://www.glassdoor.com/Reviews/Compal-Electronics-Seoul-Reviews-EI_IE13464.0,18_IL.19,24_IC3021489.htm",validation_failed,gap_probe_failed: missing_target_metrics,pool-location-id,2026-06-28T10:14:02.450841+00:00
Compal Electronics,Singapore,singapore,office-location,Singapore,"https://www.glassdoor.com/Location/All-ASUS-Singapore-Office-Locations-EI_IE40093.4,8_IL.9,18_IC3235921.htm","https://www.glassdoor.com/Reviews/Compal-Electronics-Singapore-Reviews-EI_IE13464.0,18_IL.19,28_IC3235921.htm",validation_failed,gap_probe_failed: company_mismatch,pool-location-id,2026-06-28T15:53:01.000445+08:00
Compal Electronics,"Taipei, TPQ",taipei tpq,office-location,"Taipei, TPQ","https://www.glassdoor.com/Location/All-ASUS-Taipei-Office-Locations-EI_IE40093.4,8_IL.9,15_IC3271041.htm","https://www.glassdoor.com/Reviews/Compal-Electronics-Taipei-Reviews-EI_IE13464.0,18_IL.19,25_IC3271041.htm",resolved,,pool-location-id,2026-06-28T10:14:11.725866+00:00
Compal Electronics,"Tokyo, 40",tokyo 40,office-location,"Tokyo, 40","https://www.glassdoor.com/Location/All-ASUS-Tokyo-Office-Locations-EI_IE40093.4,8_IL.9,14_IC2851580.htm","https://www.glassdoor.com/Reviews/Compal-Electronics-Tokyo-Reviews-EI_IE13464.0,18_IL.19,24_IC2851580.htm",validation_failed,gap_probe_failed: missing_target_metrics,pool-location-id,2026-06-28T10:14:18.845617+00:00
Compal Electronics,"San Isidro, HUC",san isidro huc,office-location,"San Isidro, HUC","https://www.glassdoor.com/Location/All-ASUS-San-Isidro-Office-Locations-EI_IE40093.4,8_IL.9,19_IC4694011.htm","https://www.glassdoor.com/Reviews/Compal-Electronics-San-Isidro-Reviews-EI_IE13464.0,18_IL.19,29_IC4694011.htm",validation_failed,gap_probe_failed: missing_target_metrics,pool-location-id,2026-06-28T10:14:24.661913+00:00
Compal Electronics,"Santiago, RM",santiago rm,office-location,"Santiago, RM","https://www.glassdoor.com/Location/All-ASUS-Santiago-Office-Locations-EI_IE40093.4,8_IL.9,17_IC2434030.htm","https://www.glassdoor.com/Reviews/Compal-Electronics-Santiago-Reviews-EI_IE13464.0,18_IL.19,27_IC2434030.htm",validation_failed,gap_probe_failed: missing_target_metrics,pool-location-id,2026-06-28T10:14:31.157435+00:00
Compal Electronics,"São Paulo, SP",s o paulo sp,office-location,"São Paulo, SP","https://www.glassdoor.com/Location/All-ASUS-São-Paulo-Office-Locations-EI_IE40093.4,8_IL.9,18_IC2479061.htm","https://www.glassdoor.com/Reviews/Compal-Electronics-S%C3%A3o-Paulo-Reviews-EI_IE13464.0,18_IL.19,28_IC2479061.htm",resolved,,pool-location-id,2026-06-28T10:14:38.553612+00:00
Compal Electronics,"Sydney, NSW",sydney nsw,office-location,"Sydney, NSW","https://www.glassdoor.com/Location/All-ASUS-Sydney-Office-Locations-EI_IE40093.4,8_IL.9,15_IC2235932.htm","https://www.glassdoor.com/Reviews/Compal-Electronics-Sydney-Reviews-EI_IE13464.0,18_IL.19,25_IC2235932.htm",validation_failed,gap_probe_failed: missing_target_metrics,pool-location-id,2026-06-28T10:14:45.015131+00:00
Compal Electronics,"Austin, TX",austin tx,office-location,"Austin, TX","https://www.glassdoor.com/Location/All-NVIDIA-Austin-Office-Locations-EI_IE7633.4,10_IL.11,17_IC1139761.htm","https://www.glassdoor.com/Reviews/Compal-Electronics-Austin-Reviews-EI_IE13464.0,18_IL.19,25_IC1139761.htm",validation_failed,gap_probe_failed: missing_target_metrics,pool-location-id,2026-06-28T10:14:51.520912+00:00
Compal Electronics,"Beaverton, OR",beaverton or,office-location,"Beaverton, OR","https://www.glassdoor.com/Location/All-NVIDIA-Beaverton-Office-Locations-EI_IE7633.4,10_IL.11,20_IC1151576.htm","https://www.glassdoor.com/Reviews/Compal-Electronics-Beaverton-Reviews-EI_IE13464.0,18_IL.19,28_IC1151576.htm",validation_failed,gap_probe_failed: missing_target_metrics,pool-location-id,2026-06-28T10:14:58.604951+00:00
Compal Electronics,"Bellevue, WA",bellevue wa,office-location,"Bellevue, WA","https://www.glassdoor.com/Location/All-NVIDIA-Bellevue-Office-Locations-EI_IE7633.4,10_IL.11,19_IC1150442.htm","https://www.glassdoor.com/Reviews/Compal-Electronics-Bellevue-Reviews-EI_IE13464.0,18_IL.19,27_IC1150442.htm",validation_failed,gap_probe_failed: missing_target_metrics,pool-location-id,2026-06-28T10:15:05.573244+00:00
Compal Electronics,"Durham, NC",durham nc,office-location,"Durham, NC","https://www.glassdoor.com/Location/All-NVIDIA-Durham-Office-Locations-EI_IE7633.4,10_IL.11,17_IC1138697.htm","https://www.glassdoor.com/Reviews/Compal-Electronics-Durham-Reviews-EI_IE13464.0,18_IL.19,25_IC1138697.htm",validation_failed,gap_probe_failed: missing_target_metrics,pool-location-id,2026-06-28T10:15:12.111760+00:00
Compal Electronics,"Hillsboro, OR",hillsboro or,office-location,"Hillsboro, OR","https://www.glassdoor.com/Location/All-NVIDIA-Hillsboro-Office-Locations-EI_IE7633.4,10_IL.11,20_IC1151603.htm","https://www.glassdoor.com/Reviews/Compal-Electronics-Hillsboro-Reviews-EI_IE13464.0,18_IL.19,28_IC1151603.htm",validation_failed,gap_probe_failed: missing_target_metrics,pool-location-id,2026-06-28T10:15:29.300907+00:00
Compal Electronics,"Redmond, WA",redmond wa,office-location,"Redmond, WA","https://www.glassdoor.com/Location/All-NVIDIA-Redmond-Office-Locations-EI_IE7633.4,10_IL.11,18_IC1150499.htm","https://www.glassdoor.com/Reviews/Compal-Electronics-Redmond-Reviews-EI_IE13464.0,18_IL.19,26_IC1150499.htm",validation_failed,gap_probe_failed: missing_target_metrics,pool-location-id,2026-06-28T10:15:35.812187+00:00
Compal Electronics,"Saint Louis, MO",saint louis mo,office-location,"Saint Louis, MO","https://www.glassdoor.com/Location/All-NVIDIA-Saint-Louis-Office-Locations-EI_IE7633.4,10_IL.11,22_IC1131270.htm","https://www.glassdoor.com/Reviews/Compal-Electronics-Saint-Louis-Reviews-EI_IE13464.0,18_IL.19,30_IC1131270.htm",validation_failed,gap_probe_failed: missing_target_metrics,pool-location-id,2026-06-28T10:15:43.029609+00:00
Compal Electronics,"San Francisco, CA",san francisco ca,office-location,"San Francisco, CA","https://www.glassdoor.com/Location/All-NVIDIA-San-Francisco-Office-Locations-EI_IE7633.4,10_IL.11,24_IC1147401.htm","https://www.glassdoor.com/Reviews/Compal-Electronics-San-Francisco-Reviews-EI_IE13464.0,18_IL.19,32_IC1147401.htm",validation_failed,gap_probe_failed: missing_target_metrics,pool-location-id,2026-06-28T10:15:49.401968+00:00
Compal Electronics,"San Jose, CA",san jose,office-location,"San Jose, CA","https://www.glassdoor.com/Location/All-NVIDIA-San-Jose-Office-Locations-EI_IE7633.4,10_IL.11,19_IC1147436.htm","https://www.glassdoor.com/Reviews/Compal-Electronics-San-Jose-Reviews-EI_IE13464.0,18_IL.19,27_IC1147436.htm",validation_failed,gap_probe_failed: company_mismatch,pool-location-id,2026-06-28T15:53:03.250087+08:00
Compal Electronics,"Santa Clara, CA",santa clara ca,office-location,"Santa Clara, CA","https://www.glassdoor.com/Location/All-NVIDIA-Santa-Clara-Office-Locations-EI_IE7633.4,10_IL.11,22_IC1147439.htm","https://www.glassdoor.com/Reviews/Compal-Electronics-Santa-Clara-Reviews-EI_IE13464.0,18_IL.19,30_IC1147439.htm",validation_failed,gap_probe_failed: missing_target_metrics,pool-location-id,2026-06-28T10:15:55.723200+00:00
Compal Electronics,"Toronto, ON",toronto on,office-location,"Toronto, ON","https://www.glassdoor.com/Location/All-NVIDIA-Toronto-Office-Locations-EI_IE7633.4,10_IL.11,18_IC2281069.htm","https://www.glassdoor.com/Reviews/Compal-Electronics-Toronto-Reviews-EI_IE13464.0,18_IL.19,26_IC2281069.htm",validation_failed,gap_probe_failed: missing_target_metrics,pool-location-id,2026-06-28T10:16:02.050702+00:00
Compal Electronics,"Westford, MA",westford ma,office-location,"Westford, MA","https://www.glassdoor.com/Location/All-NVIDIA-Westford-Office-Locations-EI_IE7633.4,10_IL.11,19_IC1154720.htm","https://www.glassdoor.com/Reviews/Compal-Electronics-Westford-Reviews-EI_IE13464.0,18_IL.19,27_IC1154720.htm",validation_failed,gap_probe_failed: missing_target_metrics,pool-location-id,2026-06-28T10:16:08.720007+00:00
Compal Electronics,"Moscow, 48",moscow 48,office-location,"Moscow, 48","https://www.glassdoor.com/Location/All-NVIDIA-Moscow-Office-Locations-EI_IE7633.4,10_IL.11,17_IC3348306.htm","https://www.glassdoor.com/Reviews/Compal-Electronics-Moscow-Reviews-EI_IE13464.0,18_IL.19,25_IC3348306.htm",validation_failed,gap_probe_failed: missing_target_metrics,pool-location-id,2026-06-28T10:16:15.697525+00:00
Compal Electronics,"Munich, BY",munich by,office-location,"Munich, BY","https://www.glassdoor.com/Location/All-NVIDIA-Munich-Office-Locations-EI_IE7633.4,10_IL.11,17_IC4990924.htm","https://www.glassdoor.com/Reviews/Compal-Electronics-Munich-Reviews-EI_IE13464.0,18_IL.19,25_IC4990924.htm",validation_failed,gap_probe_failed: missing_target_metrics,pool-location-id,2026-06-28T10:16:23.171180+00:00
Compal Electronics,"Reading, ENG",reading eng,office-location,"Reading, ENG","https://www.glassdoor.com/Location/All-NVIDIA-Reading-Office-Locations-EI_IE7633.4,10_IL.11,18_IC2675152.htm","https://www.glassdoor.com/Reviews/Compal-Electronics-Reading-Reviews-EI_IE13464.0,18_IL.19,26_IC2675152.htm",validation_failed,gap_probe_failed: missing_target_metrics,pool-location-id,2026-06-28T10:16:30.620321+00:00
Compal Electronics,"Zürich, ZH",z rich zh,office-location,"Zürich, ZH","https://www.glassdoor.com/Location/All-NVIDIA-Zürich-Office-Locations-EI_IE7633.4,10_IL.11,17_IC3297851.htm","https://www.glassdoor.com/Reviews/Compal-Electronics-Z%C3%BCrich-Reviews-EI_IE13464.0,18_IL.19,25_IC3297851.htm",validation_failed,gap_probe_failed: missing_target_metrics,pool-location-id,2026-06-28T10:16:37.584250+00:00
Compal Electronics,"Bengaluru, KA",bengaluru ka,office-location,"Bengaluru, KA","https://www.glassdoor.com/Location/All-NVIDIA-Bengaluru-Office-Locations-EI_IE7633.4,10_IL.11,20_IC2940587.htm","https://www.glassdoor.com/Reviews/Compal-Electronics-Bengaluru-Reviews-EI_IE13464.0,18_IL.19,28_IC2940587.htm",validation_failed,gap_probe_failed: missing_target_metrics,pool-location-id,2026-06-28T10:16:45.655213+00:00
Compal Electronics,"Hsinchu, TXG",hsinchu txg,office-location,"Hsinchu, TXG","https://www.glassdoor.com/Location/All-NVIDIA-Hsinchu-Office-Locations-EI_IE7633.4,10_IL.11,18_IC4915323.htm","https://www.glassdoor.com/Reviews/Compal-Electronics-Hsinchu-Reviews-EI_IE13464.0,18_IL.19,26_IC4915323.htm",validation_failed,gap_probe_failed: missing_target_metrics,pool-location-id,2026-06-28T10:16:52.528868+00:00
Compal Electronics,"Pudong, 23",pudong 23,office-location,"Pudong, 23","https://www.glassdoor.com/Location/All-NVIDIA-Pudong-Office-Locations-EI_IE7633.4,10_IL.11,17_IC2415109.htm","https://www.glassdoor.com/Reviews/Compal-Electronics-Pudong-Reviews-EI_IE13464.0,18_IL.19,25_IC2415109.htm",validation_failed,gap_probe_failed: missing_target_metrics,pool-location-id,2026-06-28T10:16:58.563114+00:00
Compal Electronics,"Pune, MH",pune mh,office-location,"Pune, MH","https://www.glassdoor.com/Location/All-NVIDIA-Pune-Office-Locations-EI_IE7633.4,10_IL.11,15_IC2856202.htm","https://www.glassdoor.com/Reviews/Compal-Electronics-Pune-Reviews-EI_IE13464.0,18_IL.19,23_IC2856202.htm",validation_failed,gap_probe_failed: missing_target_metrics,pool-location-id,2026-06-28T10:17:05.467520+00:00
Compal Electronics,"Shanghai, 23",shanghai 23,office-location,"Shanghai, 23","https://www.glassdoor.com/Location/All-NVIDIA-Shanghai-Office-Locations-EI_IE7633.4,10_IL.11,19_IC2416009.htm","https://www.glassdoor.com/Reviews/Compal-Electronics-Shanghai-Reviews-EI_IE13464.0,18_IL.19,27_IC2416009.htm",resolved,,pool-location-id,2026-06-28T10:17:11.803369+00:00
Compal Electronics,"San Jose, MP",san jose mp,office-location,"San Jose, CA","https://www.glassdoor.com/Location/All-NVIDIA-San-Jose-Office-Locations-EI_IE7633.4,10_IL.11,19_IC1147436.htm","https://www.glassdoor.com/Reviews/Compal-Electronics-San-Jose-Reviews-EI_IE13464.0,18_IL.19,27_IC1147436.htm",resolved,,pool-location-id,2026-06-28T10:17:19.186752+00:00
Compal Electronics,"Frankfurt am Main, HE",frankfurt am main he,office-location,"Frankfurt am Main, HE","https://www.glassdoor.com/Location/All-Micro-Star-International-Frankfurt-am-Main-Office-Locations-EI_IE41141.4,28_IL.29,46_IC2632180.htm","https://www.glassdoor.com/Reviews/Compal-Electronics-Frankfurt-am-Main-Reviews-EI_IE13464.0,18_IL.19,36_IC2632180.htm",validation_failed,gap_probe_failed: missing_target_metrics,pool-location-id,2026-06-28T10:17:24.983468+00:00
Compal Electronics,"Boise, ID",boise id,office-location,"Boise, ID","https://www.glassdoor.com/Location/All-HP-Inc-Boise-Office-Locations-EI_IE1093161.4,10_IL.11,16_IC1127927.htm","https://www.glassdoor.com/Reviews/Compal-Electronics-Boise-Reviews-EI_IE13464.0,18_IL.19,24_IC1127927.htm",validation_failed,gap_probe_failed: missing_target_metrics,pool-location-id,2026-06-28T10:17:32.245896+00:00
Compal Electronics,"Corvallis, OR",corvallis or,office-location,"Corvallis, OR","https://www.glassdoor.com/Location/All-HP-Inc-Corvallis-Office-Locations-EI_IE1093161.4,10_IL.11,20_IC1151455.htm","https://www.glassdoor.com/Reviews/Compal-Electronics-Corvallis-Reviews-EI_IE13464.0,18_IL.19,28_IC1151455.htm",validation_failed,gap_probe_failed: missing_target_metrics,pool-location-id,2026-06-28T10:17:38.755872+00:00
Compal Electronics,"Fort Collins, CO",fort collins co,office-location,"Fort Collins, CO","https://www.glassdoor.com/Location/All-HP-Inc-Fort-Collins-Office-Locations-EI_IE1093161.4,10_IL.11,23_IC1148233.htm","https://www.glassdoor.com/Reviews/Compal-Electronics-Fort-Collins-Reviews-EI_IE13464.0,18_IL.19,31_IC1148233.htm",validation_failed,gap_probe_failed: missing_target_metrics,pool-location-id,2026-06-28T10:17:55.793058+00:00
Compal Electronics,"Guadalajara, JAL",guadalajara jal,office-location,"Guadalajara, JAL","https://www.glassdoor.com/Location/All-HP-Inc-Guadalajara-Office-Locations-EI_IE1093161.4,10_IL.11,22_IC3486357.htm","https://www.glassdoor.com/Reviews/Compal-Electronics-Guadalajara-Reviews-EI_IE13464.0,18_IL.19,30_IC3486357.htm",validation_failed,gap_probe_failed: missing_target_metrics,pool-location-id,2026-06-28T10:18:02.697054+00:00
Compal Electronics,"Houston, TX",houston tx,office-location,"Houston, TX","https://www.glassdoor.com/Location/All-HP-Inc-Houston-Office-Locations-EI_IE1093161.4,10_IL.11,18_IC1140171.htm","https://www.glassdoor.com/Reviews/Compal-Electronics-Houston-Reviews-EI_IE13464.0,18_IL.19,26_IC1140171.htm",validation_failed,gap_probe_failed: missing_target_metrics,pool-location-id,2026-06-28T10:18:09.445920+00:00
Compal Electronics,"Palo Alto, CA",palo alto ca,office-location,"Palo Alto, CA","https://www.glassdoor.com/Location/All-HP-Inc-Palo-Alto-Office-Locations-EI_IE1093161.4,10_IL.11,20_IC1147434.htm","https://www.glassdoor.com/Reviews/Compal-Electronics-Palo-Alto-Reviews-EI_IE13464.0,18_IL.19,28_IC1147434.htm",validation_failed,gap_probe_failed: missing_target_metrics,pool-location-id,2026-06-28T10:18:17.802036+00:00
Compal Electronics,"Portland, OR",portland or,office-location,"Portland, OR","https://www.glassdoor.com/Location/All-HP-Inc-Portland-Office-Locations-EI_IE1093161.4,10_IL.11,19_IC1151614.htm","https://www.glassdoor.com/Reviews/Compal-Electronics-Portland-Reviews-EI_IE13464.0,18_IL.19,27_IC1151614.htm",validation_failed,gap_probe_failed: missing_target_metrics,pool-location-id,2026-06-28T10:18:24.692620+00:00
Compal Electronics,"San Diego, CA",san diego ca,office-location,"San Diego, CA","https://www.glassdoor.com/Location/All-HP-Inc-San-Diego-Office-Locations-EI_IE1093161.4,10_IL.11,20_IC1147311.htm","https://www.glassdoor.com/Reviews/Compal-Electronics-San-Diego-Reviews-EI_IE13464.0,18_IL.19,28_IC1147311.htm",validation_failed,gap_probe_failed: missing_target_metrics,pool-location-id,2026-06-28T10:18:31.057653+00:00
Compal Electronics,"Spring, TX",spring tx,office-location,"Spring, TX","https://www.glassdoor.com/Location/All-HP-Inc-Spring-Office-Locations-EI_IE1093161.4,10_IL.11,17_IC1140222.htm","https://www.glassdoor.com/Reviews/Compal-Electronics-Spring-Reviews-EI_IE13464.0,18_IL.19,25_IC1140222.htm",validation_failed,gap_probe_failed: missing_target_metrics,pool-location-id,2026-06-28T10:18:38.063596+00:00
Compal Electronics,"Sunnyvale, CA",sunnyvale ca,office-location,"Sunnyvale, CA","https://www.glassdoor.com/Location/All-HP-Inc-Sunnyvale-Office-Locations-EI_IE1093161.4,10_IL.11,20_IC1147442.htm","https://www.glassdoor.com/Reviews/Compal-Electronics-Sunnyvale-Reviews-EI_IE13464.0,18_IL.19,28_IC1147442.htm",validation_failed,gap_probe_failed: missing_target_metrics,pool-location-id,2026-06-28T10:18:44.218480+00:00
Compal Electronics,"Tlaquepaque, JAL",tlaquepaque jal,office-location,"Tlaquepaque, JAL","https://www.glassdoor.com/Location/All-HP-Inc-Tlaquepaque-Office-Locations-EI_IE1093161.4,10_IL.11,22_IC3486348.htm","https://www.glassdoor.com/Reviews/Compal-Electronics-Tlaquepaque-Reviews-EI_IE13464.0,18_IL.19,30_IC3486348.htm",validation_failed,gap_probe_failed: missing_target_metrics,pool-location-id,2026-06-28T10:18:51.648720+00:00
Compal Electronics,"Vancouver, WA",vancouver wa,office-location,"Vancouver, WA","https://www.glassdoor.com/Location/All-HP-Inc-Vancouver-Office-Locations-EI_IE1093161.4,10_IL.11,20_IC1150413.htm","https://www.glassdoor.com/Reviews/Compal-Electronics-Vancouver-Reviews-EI_IE13464.0,18_IL.19,28_IC1150413.htm",validation_failed,gap_probe_failed: missing_target_metrics,pool-location-id,2026-06-28T10:18:58.965827+00:00
Compal Electronics,"Zapopan, JAL",zapopan jal,office-location,"Zapopan, JAL","https://www.glassdoor.com/Location/All-HP-Inc-Zapopan-Office-Locations-EI_IE1093161.4,10_IL.11,18_IC3487018.htm","https://www.glassdoor.com/Reviews/Compal-Electronics-Zapopan-Reviews-EI_IE13464.0,18_IL.19,26_IC3487018.htm",validation_failed,gap_probe_failed: missing_target_metrics,pool-location-id,2026-06-28T10:19:06.522098+00:00
Compal Electronics,"Boulogne-Billancourt, A8",boulogne billancourt a8,office-location,"Boulogne-Billancourt, A8","https://www.glassdoor.com/Location/All-HP-Inc-Boulogne-Billancourt-Office-Locations-EI_IE1093161.4,10_IL.11,31_IC3040032.htm","https://www.glassdoor.com/Reviews/Compal-Electronics-Boulogne-Billancourt-Reviews-EI_IE13464.0,18_IL.19,39_IC3040032.htm",validation_failed,gap_probe_failed: missing_target_metrics,pool-location-id,2026-06-28T10:19:13.358443+00:00
Compal Electronics,"Bucharest, B",bucharest b,office-location,"Bucharest, B","https://www.glassdoor.com/Location/All-HP-Inc-Bucharest-Office-Locations-EI_IE1093161.4,10_IL.11,20_IC3184907.htm","https://www.glassdoor.com/Reviews/Compal-Electronics-Bucharest-Reviews-EI_IE13464.0,18_IL.19,28_IC3184907.htm",validation_failed,gap_probe_failed: missing_target_metrics,pool-location-id,2026-06-28T10:19:20.562201+00:00
Compal Electronics,"Cambridge, ENG",cambridge eng,office-location,"Cambridge, ENG","https://www.glassdoor.com/Location/All-HP-Inc-Cambridge-Office-Locations-EI_IE1093161.4,10_IL.11,20_IC2662516.htm","https://www.glassdoor.com/Reviews/Compal-Electronics-Cambridge-Reviews-EI_IE13464.0,18_IL.19,28_IC2662516.htm",validation_failed,gap_probe_failed: missing_target_metrics,pool-location-id,2026-06-28T10:19:26.958691+00:00
Compal Electronics,"Meudon, A8",meudon a8,office-location,"Meudon, A8","https://www.glassdoor.com/Location/All-HP-Inc-Meudon-Office-Locations-EI_IE1093161.4,10_IL.11,17_IC3019026.htm","https://www.glassdoor.com/Reviews/Compal-Electronics-Meudon-Reviews-EI_IE13464.0,18_IL.19,25_IC3019026.htm",validation_failed,gap_probe_failed: missing_target_metrics,pool-location-id,2026-06-28T10:19:33.550548+00:00
Compal Electronics,"Paris, A8",paris a8,office-location,"Paris, A8","https://www.glassdoor.com/Location/All-HP-Inc-Paris-Office-Locations-EI_IE1093161.4,10_IL.11,16_IC2881970.htm","https://www.glassdoor.com/Reviews/Compal-Electronics-Paris-Reviews-EI_IE13464.0,18_IL.19,24_IC2881970.htm",validation_failed,gap_probe_failed: missing_target_metrics,pool-location-id,2026-06-28T10:19:40.253754+00:00
Compal Electronics,"Sant Cugat del Vallès, CT",sant cugat del vall s ct,office-location,"Sant Cugat del Vallès, CT","https://www.glassdoor.com/Location/All-HP-Inc-Sant-Cugat-del-Vallès-Office-Locations-EI_IE1093161.4,10_IL.11,32_IC4843928.htm","https://www.glassdoor.com/Reviews/Compal-Electronics-Sant-Cugat-del-Vall%C3%A8s-Reviews-EI_IE13464.0,18_IL.19,40_IC4843928.htm",validation_failed,gap_probe_failed: missing_target_metrics,pool-location-id,2026-06-28T10:19:47.124349+00:00
Compal Electronics,"Tuas, W",tuas w,office-location,"Tuas, W","https://www.glassdoor.com/Location/All-HP-Inc-Tuas-Office-Locations-EI_IE1093161.4,10_IL.11,15_IC3235538.htm","https://www.glassdoor.com/Reviews/Compal-Electronics-Tuas-Reviews-EI_IE13464.0,18_IL.19,23_IC3235538.htm",validation_failed,gap_probe_failed: missing_target_metrics,pool-location-id,2026-06-28T10:19:54.250776+00:00
Compal Electronics,"Whitefield, KA",whitefield ka,office-location,"Whitefield, KA","https://www.glassdoor.com/Location/All-HP-Inc-Whitefield-Office-Locations-EI_IE1093161.4,10_IL.11,21_IC2941717.htm","https://www.glassdoor.com/Reviews/Compal-Electronics-Whitefield-Reviews-EI_IE13464.0,18_IL.19,29_IC2941717.htm",validation_failed,gap_probe_failed: missing_target_metrics,pool-location-id,2026-06-28T10:20:01.445114+00:00
Compal Electronics,"Lake Forest, CA",lake forest ca,office-location,"Lake Forest, CA","https://www.glassdoor.com/Location/All-Wistron-Lake-Forest-Office-Locations-EI_IE15218.4,11_IL.12,23_IC1146811.htm","https://www.glassdoor.com/Reviews/Compal-Electronics-Lake-Forest-Reviews-EI_IE13464.0,18_IL.19,30_IC1146811.htm",validation_failed,gap_probe_failed: missing_target_metrics,pool-location-id,2026-06-28T10:20:08.195286+00:00
Compal Electronics,"Rolling Meadows, IL",rolling meadows il,office-location,"Rolling Meadows, IL","https://www.glassdoor.com/Location/All-Wistron-Rolling-Meadows-Office-Locations-EI_IE15218.4,11_IL.12,27_IC1128962.htm","https://www.glassdoor.com/Reviews/Compal-Electronics-Rolling-Meadows-Reviews-EI_IE13464.0,18_IL.19,34_IC1128962.htm",validation_failed,gap_probe_failed: missing_target_metrics,pool-location-id,2026-06-28T10:20:25.199431+00:00
Compal Electronics,"Wuhan, 12",wuhan 12,office-location,"Wuhan, 12","https://www.glassdoor.com/Location/All-Wistron-Wuhan-Office-Locations-EI_IE15218.4,11_IL.12,17_IC2478891.htm","https://www.glassdoor.com/Reviews/Compal-Electronics-Wuhan-Reviews-EI_IE13464.0,18_IL.19,24_IC2478891.htm",validation_failed,gap_probe_failed: missing_target_metrics,pool-location-id,2026-06-28T10:20:34.329984+00:00
Compal Electronics,"Hoofddorp, NH",hoofddorp nh,office-location,"Hoofddorp, NH","https://www.glassdoor.com/Location/All-Delta-Electronics-Hoofddorp-Office-Locations-EI_IE41146.4,21_IL.22,31_IC3063772.htm","https://www.glassdoor.com/Reviews/Compal-Electronics-Hoofddorp-Reviews-EI_IE13464.0,18_IL.19,28_IC3063772.htm",validation_failed,gap_probe_failed: missing_target_metrics,pool-location-id,2026-06-28T10:20:40.809691+00:00
Compal Electronics,"Notting Hill, VIC",notting hill vic,office-location,"Notting Hill, VIC","https://www.glassdoor.com/Location/All-Delta-Electronics-Notting-Hill-Office-Locations-EI_IE41146.4,21_IL.22,34_IC2257042.htm","https://www.glassdoor.com/Reviews/Compal-Electronics-Notting-Hill-Reviews-EI_IE13464.0,18_IL.19,31_IC2257042.htm",validation_failed,gap_probe_failed: missing_target_metrics,pool-location-id,2026-06-28T10:20:46.813165+00:00
Compal Electronics,"Jeffersonville, IN",jeffersonville in,office-location,"Jeffersonville, IN","https://www.glassdoor.com/Location/All-Pegatron-Jeffersonville-Office-Locations-EI_IE337948.4,12_IL.13,27_IC1145141.htm","https://www.glassdoor.com/Reviews/Compal-Electronics-Jeffersonville-Reviews-EI_IE13464.0,18_IL.19,33_IC1145141.htm",validation_failed,gap_probe_failed: missing_target_metrics,pool-location-id,2026-06-28T10:20:53.473322+00:00
Compal Electronics,"Irving, TX",irving tx,office-location,"Irving, TX","https://www.glassdoor.com/Location/All-Trend-Micro-Inc-Irving-Office-Locations-EI_IE8983.4,19_IL.20,26_IC1140006.htm","https://www.glassdoor.com/Reviews/Compal-Electronics-Irving-Reviews-EI_IE13464.0,18_IL.19,25_IC1140006.htm",validation_failed,gap_probe_failed: missing_target_metrics,pool-location-id,2026-06-28T10:21:00.029535+00:00
Compal Electronics,"Jersey City, NJ",jersey city nj,office-location,"Jersey City, NJ","https://www.glassdoor.com/Location/All-Trend-Micro-Inc-Jersey-City-Office-Locations-EI_IE8983.4,19_IL.20,31_IC1126819.htm","https://www.glassdoor.com/Reviews/Compal-Electronics-Jersey-City-Reviews-EI_IE13464.0,18_IL.19,30_IC1126819.htm",validation_failed,gap_probe_failed: missing_target_metrics,pool-location-id,2026-06-28T10:21:06.734103+00:00
Compal Electronics,"Kanata, ON",kanata on,office-location,"Kanata, ON","https://www.glassdoor.com/Location/All-Trend-Micro-Inc-Kanata-Office-Locations-EI_IE8983.4,19_IL.20,26_IC2282818.htm","https://www.glassdoor.com/Reviews/Compal-Electronics-Kanata-Reviews-EI_IE13464.0,18_IL.19,25_IC2282818.htm",validation_failed,gap_probe_failed: missing_target_metrics,pool-location-id,2026-06-28T10:21:12.469954+00:00
Compal Electronics,"Cork, M",cork m,office-location,"Cork, M","https://www.glassdoor.com/Location/All-Trend-Micro-Inc-Cork-Office-Locations-EI_IE8983.4,19_IL.20,24_IC4325638.htm","https://www.glassdoor.com/Reviews/Compal-Electronics-Cork-Reviews-EI_IE13464.0,18_IL.19,23_IC4325638.htm",validation_failed,gap_probe_failed: missing_target_metrics,pool-location-id,2026-06-28T10:21:19.915175+00:00
Compal Electronics,"London, ENG",london eng,office-location,"London, ENG","https://www.glassdoor.com/Location/All-Trend-Micro-Inc-London-Office-Locations-EI_IE8983.4,19_IL.20,26_IC2671300.htm","https://www.glassdoor.com/Reviews/Compal-Electronics-London-Reviews-EI_IE13464.0,18_IL.19,25_IC2671300.htm",validation_failed,gap_probe_failed: missing_target_metrics,pool-location-id,2026-06-28T10:21:26.663966+00:00
Compal Electronics,"Paddington, ENG",paddington eng,office-location,"Paddington, ENG","https://www.glassdoor.com/Location/All-Trend-Micro-Inc-Paddington-Office-Locations-EI_IE8983.4,19_IL.20,30_IC3527325.htm","https://www.glassdoor.com/Reviews/Compal-Electronics-Paddington-Reviews-EI_IE13464.0,18_IL.19,29_IC3527325.htm",validation_failed,gap_probe_failed: missing_target_metrics,pool-location-id,2026-06-28T10:21:33.564752+00:00
Compal Electronics,"Aliso, CA",aliso ca,office-location,"Aliso, CA","https://www.glassdoor.com/Location/All-Dell-Technologies-Aliso-Office-Locations-EI_IE1327.4,21_IL.22,27_IC3789361.htm","https://www.glassdoor.com/Reviews/Compal-Electronics-Aliso-Reviews-EI_IE13464.0,18_IL.19,24_IC3789361.htm",validation_failed,gap_probe_failed: missing_target_metrics,pool-location-id,2026-06-28T10:21:40.467520+00:00
Compal Electronics,"Bedford, MA",bedford ma,office-location,"Bedford, MA","https://www.glassdoor.com/Location/All-Dell-Technologies-Bedford-Office-Locations-EI_IE1327.4,21_IL.22,29_IC1154527.htm","https://www.glassdoor.com/Reviews/Compal-Electronics-Bedford-Reviews-EI_IE13464.0,18_IL.19,26_IC1154527.htm",validation_failed,gap_probe_failed: missing_target_metrics,pool-location-id,2026-06-28T10:21:47.283339+00:00
Compal Electronics,"Boston, MA",boston ma,office-location,"Boston, MA","https://www.glassdoor.com/Location/All-Dell-Technologies-Boston-Office-Locations-EI_IE1327.4,21_IL.22,28_IC1154532.htm","https://www.glassdoor.com/Reviews/Compal-Electronics-Boston-Reviews-EI_IE13464.0,18_IL.19,25_IC1154532.htm",validation_failed,gap_probe_failed: missing_target_metrics,pool-location-id,2026-06-28T10:21:54.416136+00:00
Compal Electronics,"Boydton, VA",boydton va,office-location,"Boydton, VA","https://www.glassdoor.com/Location/All-Dell-Technologies-Boydton-Office-Locations-EI_IE1327.4,21_IL.22,29_IC1129623.htm","https://www.glassdoor.com/Reviews/Compal-Electronics-Boydton-Reviews-EI_IE13464.0,18_IL.19,26_IC1129623.htm",validation_failed,gap_probe_failed: missing_target_metrics,pool-location-id,2026-06-28T10:22:00.822533+00:00
Compal Electronics,"Cambridge, MA",cambridge ma,office-location,"Cambridge, MA","https://www.glassdoor.com/Location/All-Dell-Technologies-Cambridge-Office-Locations-EI_IE1327.4,21_IL.22,31_IC1154545.htm","https://www.glassdoor.com/Reviews/Compal-Electronics-Cambridge-Reviews-EI_IE13464.0,18_IL.19,28_IC1154545.htm",validation_failed,gap_probe_failed: missing_target_metrics,pool-location-id,2026-06-28T10:22:07.559444+00:00
Compal Electronics,"Canada, KY",canada ky,office-location,"Canada, KY","https://www.glassdoor.com/Location/All-Dell-Technologies-Canada-Office-Locations-EI_IE1327.4,21_IL.22,28_IC1137126.htm","https://www.glassdoor.com/Reviews/Compal-Electronics-Canada-Reviews-EI_IE13464.0,18_IL.19,25_IC1137126.htm",validation_failed,gap_probe_failed: missing_target_metrics,pool-location-id,2026-06-28T10:22:13.937440+00:00
Compal Electronics,"Canton, MA",canton ma,office-location,"Canton, MA","https://www.glassdoor.com/Location/All-Dell-Technologies-Canton-Office-Locations-EI_IE1327.4,21_IL.22,28_IC1154546.htm","https://www.glassdoor.com/Reviews/Compal-Electronics-Canton-Reviews-EI_IE13464.0,18_IL.19,25_IC1154546.htm",validation_failed,gap_probe_failed: missing_target_metrics,pool-location-id,2026-06-28T10:22:20.771024+00:00
Compal Electronics,"Cedar Park, TX",cedar park tx,office-location,"Cedar Park, TX","https://www.glassdoor.com/Location/All-Dell-Technologies-Cedar-Park-Office-Locations-EI_IE1327.4,21_IL.22,32_IC1139765.htm","https://www.glassdoor.com/Reviews/Compal-Electronics-Cedar-Park-Reviews-EI_IE13464.0,18_IL.19,29_IC1139765.htm",validation_failed,gap_probe_failed: missing_target_metrics,pool-location-id,2026-06-28T10:22:27.354078+00:00
Compal Electronics,"Framingham, MA",framingham ma,office-location,"Framingham, MA","https://www.glassdoor.com/Location/All-Dell-Technologies-Framingham-Office-Locations-EI_IE1327.4,21_IL.22,32_IC1154571.htm","https://www.glassdoor.com/Reviews/Compal-Electronics-Framingham-Reviews-EI_IE13464.0,18_IL.19,29_IC1154571.htm",validation_failed,gap_probe_failed: missing_target_metrics,pool-location-id,2026-06-28T10:22:34.462732+00:00
Compal Electronics,"Franklin, MA",franklin ma,office-location,"Franklin, MA","https://www.glassdoor.com/Location/All-Dell-Technologies-Franklin-Office-Locations-EI_IE1327.4,21_IL.22,30_IC1154572.htm","https://www.glassdoor.com/Reviews/Compal-Electronics-Franklin-Reviews-EI_IE13464.0,18_IL.19,27_IC1154572.htm",validation_failed,gap_probe_failed: missing_target_metrics,pool-location-id,2026-06-28T10:22:51.140476+00:00
Compal Electronics,"Fuquay-Varina, NC",fuquay varina nc,office-location,"Fuquay-Varina, NC","https://www.glassdoor.com/Location/All-Dell-Technologies-Fuquay-Varina-Office-Locations-EI_IE1327.4,21_IL.22,35_IC3757296.htm","https://www.glassdoor.com/Reviews/Compal-Electronics-Fuquay-Varina-Reviews-EI_IE13464.0,18_IL.19,32_IC3757296.htm",validation_failed,gap_probe_failed: missing_target_metrics,pool-location-id,2026-06-28T10:22:58.471295+00:00
Compal Electronics,"Georgetown, TX",georgetown tx,office-location,"Georgetown, TX","https://www.glassdoor.com/Location/All-Dell-Technologies-Georgetown-Office-Locations-EI_IE1327.4,21_IL.22,32_IC1139774.htm","https://www.glassdoor.com/Reviews/Compal-Electronics-Georgetown-Reviews-EI_IE13464.0,18_IL.19,29_IC1139774.htm",validation_failed,gap_probe_failed: missing_target_metrics,pool-location-id,2026-06-28T10:23:05.506674+00:00
Compal Electronics,"Hopkinton, MA",hopkinton ma,office-location,"Hopkinton, MA","https://www.glassdoor.com/Location/All-Dell-Technologies-Hopkinton-Office-Locations-EI_IE1327.4,21_IL.22,31_IC1154589.htm","https://www.glassdoor.com/Reviews/Compal-Electronics-Hopkinton-Reviews-EI_IE13464.0,18_IL.19,28_IC1154589.htm",validation_failed,gap_probe_failed: missing_target_metrics,pool-location-id,2026-06-28T10:23:13.734987+00:00
Compal Electronics,"India, TX",india tx,office-location,"India, TX","https://www.glassdoor.com/Location/All-Dell-Technologies-India-Office-Locations-EI_IE1327.4,21_IL.22,27_IC3759223.htm","https://www.glassdoor.com/Reviews/Compal-Electronics-India-Reviews-EI_IE13464.0,18_IL.19,24_IC3759223.htm",validation_failed,gap_probe_failed: missing_target_metrics,pool-location-id,2026-06-28T10:23:20.744525+00:00
Compal Electronics,"Land O' Lakes, FL",land o lakes fl,office-location,"Land O' Lakes, FL","https://www.glassdoor.com/Location/All-Dell-Technologies-Land-O-Lakes-Office-Locations-EI_IE1327.4,21_IL.22,34_IC3817049.htm","https://www.glassdoor.com/Reviews/Compal-Electronics-Land-O-Lakes-Reviews-EI_IE13464.0,18_IL.19,31_IC3817049.htm",validation_failed,gap_probe_failed: missing_target_metrics,pool-location-id,2026-06-28T10:23:28.094936+00:00
Compal Electronics,"Leander, TX",leander tx,office-location,"Leander, TX","https://www.glassdoor.com/Location/All-Dell-Technologies-Leander-Office-Locations-EI_IE1327.4,21_IL.22,29_IC1139779.htm","https://www.glassdoor.com/Reviews/Compal-Electronics-Leander-Reviews-EI_IE13464.0,18_IL.19,26_IC1139779.htm",validation_failed,gap_probe_failed: missing_target_metrics,pool-location-id,2026-06-28T10:23:34.657440+00:00
Compal Electronics,"Pflugerville, TX",pflugerville tx,office-location,"Pflugerville, TX","https://www.glassdoor.com/Location/All-Dell-Technologies-Pflugerville-Office-Locations-EI_IE1327.4,21_IL.22,34_IC1139790.htm","https://www.glassdoor.com/Reviews/Compal-Electronics-Pflugerville-Reviews-EI_IE13464.0,18_IL.19,31_IC1139790.htm",validation_failed,gap_probe_failed: missing_target_metrics,pool-location-id,2026-06-28T10:23:41.931350+00:00
Compal Electronics,"Quincy, MA",quincy ma,office-location,"Quincy, MA","https://www.glassdoor.com/Location/All-Dell-Technologies-Quincy-Office-Locations-EI_IE1327.4,21_IL.22,28_IC1154667.htm","https://www.glassdoor.com/Reviews/Compal-Electronics-Quincy-Reviews-EI_IE13464.0,18_IL.19,25_IC1154667.htm",validation_failed,gap_probe_failed: missing_target_metrics,pool-location-id,2026-06-28T10:23:48.525398+00:00
Compal Electronics,"Round Rock, TX",round rock tx,office-location,"Round Rock, TX","https://www.glassdoor.com/Location/All-Dell-Technologies-Round-Rock-Office-Locations-EI_IE1327.4,21_IL.22,32_IC1139794.htm","https://www.glassdoor.com/Reviews/Compal-Electronics-Round-Rock-Reviews-EI_IE13464.0,18_IL.19,29_IC1139794.htm",validation_failed,gap_probe_failed: missing_target_metrics,pool-location-id,2026-06-28T10:23:55.483331+00:00
Compal Electronics,"San Marcos, TX",san marcos tx,office-location,"San Marcos, TX","https://www.glassdoor.com/Location/All-Dell-Technologies-San-Marcos-Office-Locations-EI_IE1327.4,21_IL.22,32_IC1139795.htm","https://www.glassdoor.com/Reviews/Compal-Electronics-San-Marcos-Reviews-EI_IE13464.0,18_IL.19,29_IC1139795.htm",validation_failed,gap_probe_failed: missing_target_metrics,pool-location-id,2026-06-28T10:24:02.428676+00:00
Compal Electronics,"Satellite Beach, FL",satellite beach fl,office-location,"Satellite Beach, FL","https://www.glassdoor.com/Location/All-Dell-Technologies-Satellite-Beach-Office-Locations-EI_IE1327.4,21_IL.22,37_IC1154294.htm","https://www.glassdoor.com/Reviews/Compal-Electronics-Satellite-Beach-Reviews-EI_IE13464.0,18_IL.19,34_IC1154294.htm",validation_failed,gap_probe_failed: missing_target_metrics,pool-location-id,2026-06-28T10:24:09.318340+00:00
Compal Electronics,"Wellesley, MA",wellesley ma,office-location,"Wellesley, MA","https://www.glassdoor.com/Location/All-Dell-Technologies-Wellesley-Office-Locations-EI_IE1327.4,21_IL.22,31_IC1154708.htm","https://www.glassdoor.com/Reviews/Compal-Electronics-Wellesley-Reviews-EI_IE13464.0,18_IL.19,28_IC1154708.htm",validation_failed,gap_probe_failed: missing_target_metrics,pool-location-id,2026-06-28T10:24:15.921747+00:00
Compal Electronics,"Domlur, KA",domlur ka,office-location,"Domlur, KA","https://www.glassdoor.com/Location/All-Dell-Technologies-Domlur-Office-Locations-EI_IE1327.4,21_IL.22,28_IC4470560.htm","https://www.glassdoor.com/Reviews/Compal-Electronics-Domlur-Reviews-EI_IE13464.0,18_IL.19,25_IC4470560.htm",validation_failed,gap_probe_failed: missing_target_metrics,pool-location-id,2026-06-28T10:24:25.313811+00:00
Compal Electronics,"Chicago, IL",chicago il,office-location,"Chicago, IL","https://www.glassdoor.com/Location/All-Lenovo-Chicago-Office-Locations-EI_IE8034.4,10_IL.11,18_IC1128808.htm","https://www.glassdoor.com/Reviews/Compal-Electronics-Chicago-Reviews-EI_IE13464.0,18_IL.19,26_IC1128808.htm",validation_failed,gap_probe_failed: missing_target_metrics,pool-location-id,2026-06-28T10:24:32.131264+00:00
Compal Electronics,"Morrisville, NC",morrisville nc,office-location,"Morrisville, NC","https://www.glassdoor.com/Location/All-Lenovo-Morrisville-Office-Locations-EI_IE8034.4,10_IL.11,22_IC1138956.htm","https://www.glassdoor.com/Reviews/Compal-Electronics-Morrisville-Reviews-EI_IE13464.0,18_IL.19,30_IC1138956.htm",validation_failed,gap_probe_failed: missing_target_metrics,pool-location-id,2026-06-28T10:24:39.675900+00:00
Compal Electronics,"Bratislava, 02",bratislava 02,office-location,"Bratislava, 02","https://www.glassdoor.com/Location/All-Lenovo-Bratislava-Office-Locations-EI_IE8034.4,10_IL.11,21_IC2907054.htm","https://www.glassdoor.com/Reviews/Compal-Electronics-Bratislava-Reviews-EI_IE13464.0,18_IL.19,29_IC2907054.htm",validation_failed,gap_probe_failed: missing_target_metrics,pool-location-id,2026-06-28T10:24:46.054295+00:00
Compal Electronics,"Stuttgart, BW",stuttgart bw,office-location,"Stuttgart, BW","https://www.glassdoor.com/Location/All-Lenovo-Stuttgart-Office-Locations-EI_IE8034.4,10_IL.11,20_IC2507190.htm","https://www.glassdoor.com/Reviews/Compal-Electronics-Stuttgart-Reviews-EI_IE13464.0,18_IL.19,28_IC2507190.htm",validation_failed,gap_probe_failed: missing_target_metrics,pool-location-id,2026-06-28T10:24:52.691813+00:00
Compal Electronics,"Beijing, 22",beijing 22,office-location,"Beijing, 22","https://www.glassdoor.com/Location/All-Lenovo-Beijing-Office-Locations-EI_IE8034.4,10_IL.11,18_IC2398510.htm","https://www.glassdoor.com/Reviews/Compal-Electronics-Beijing-Reviews-EI_IE13464.0,18_IL.19,26_IC2398510.htm",validation_failed,gap_probe_failed: missing_target_metrics,pool-location-id,2026-06-28T10:24:59.671871+00:00
Compal Electronics,"Changping, 22",changping 22,office-location,"Changping, 22","https://www.glassdoor.com/Location/All-Lenovo-Changping-Office-Locations-EI_IE8034.4,10_IL.11,20_IC2405661.htm","https://www.glassdoor.com/Reviews/Compal-Electronics-Changping-Reviews-EI_IE13464.0,18_IL.19,28_IC2405661.htm",validation_failed,gap_probe_failed: missing_target_metrics,pool-location-id,2026-06-28T10:25:06.545836+00:00
Compal Electronics,"Haidian, 22",haidian 22,office-location,"Haidian, 22","https://www.glassdoor.com/Location/All-Lenovo-Haidian-Office-Locations-EI_IE8034.4,10_IL.11,18_IC2405685.htm","https://www.glassdoor.com/Reviews/Compal-Electronics-Haidian-Reviews-EI_IE13464.0,18_IL.19,26_IC2405685.htm",validation_failed,gap_probe_failed: missing_target_metrics,pool-location-id,2026-06-28T10:25:23.818375+00:00
Compal Electronics,Hong Kong,hong kong,office-location,Hong Kong,"https://www.glassdoor.com/Location/All-Lenovo-Hong-Kong-Office-Locations-EI_IE8034.4,10_IL.11,20_IC2308631.htm","https://www.glassdoor.com/Reviews/Compal-Electronics-Hong-Kong-Reviews-EI_IE13464.0,18_IL.19,28_IC2308631.htm",validation_failed,gap_probe_failed: missing_target_metrics,pool-location-id,2026-06-28T10:25:31.129088+00:00
Compal Electronics,"Shenzhenzhen, 02",shenzhenzhen 02,office-location,"Shenzhenzhen, 02","https://www.glassdoor.com/Location/All-Lenovo-Shenzhenzhen-Office-Locations-EI_IE8034.4,10_IL.11,23_IC2441398.htm","https://www.glassdoor.com/Reviews/Compal-Electronics-Shenzhenzhen-Reviews-EI_IE13464.0,18_IL.19,31_IC2441398.htm",validation_failed,gap_probe_failed: missing_target_metrics,pool-location-id,2026-06-28T10:25:37.475091+00:00
Compal Electronics,"Xiamen, 07",xiamen 07,office-location,"Xiamen, 07","https://www.glassdoor.com/Location/All-Lenovo-Xiamen-Office-Locations-EI_IE8034.4,10_IL.11,17_IC2564138.htm","https://www.glassdoor.com/Reviews/Compal-Electronics-Xiamen-Reviews-EI_IE13464.0,18_IL.19,25_IC2564138.htm",validation_failed,gap_probe_failed: missing_target_metrics,pool-location-id,2026-06-28T10:25:43.991981+00:00
Compal Electronics,"Buenos Aires, C",buenos aires c,office-location,"Buenos Aires, C","https://www.glassdoor.com/Location/All-Lenovo-Buenos-Aires-Office-Locations-EI_IE8034.4,10_IL.11,23_IC2242084.htm","https://www.glassdoor.com/Reviews/Compal-Electronics-Buenos-Aires-Reviews-EI_IE13464.0,18_IL.19,31_IC2242084.htm",validation_failed,gap_probe_failed: missing_target_metrics,pool-location-id,2026-06-28T10:25:50.776801+00:00
Compal Electronics,"Campinas, SP",campinas sp,office-location,"Campinas, SP","https://www.glassdoor.com/Location/All-Lenovo-Campinas-Office-Locations-EI_IE8034.4,10_IL.11,19_IC2490130.htm","https://www.glassdoor.com/Reviews/Compal-Electronics-Campinas-Reviews-EI_IE13464.0,18_IL.19,27_IC2490130.htm",validation_failed,gap_probe_failed: missing_target_metrics,pool-location-id,2026-06-28T10:25:57.262615+00:00
Compal Electronics,"Indaiatuba, SP",indaiatuba sp,office-location,"Indaiatuba, SP","https://www.glassdoor.com/Location/All-Lenovo-Indaiatuba-Office-Locations-EI_IE8034.4,10_IL.11,21_IC2480058.htm","https://www.glassdoor.com/Reviews/Compal-Electronics-Indaiatuba-Reviews-EI_IE13464.0,18_IL.19,29_IC2480058.htm",validation_failed,gap_probe_failed: missing_target_metrics,pool-location-id,2026-06-28T10:26:04.121863+00:00
Compal Electronics,"Itu, SP",itu sp,office-location,"Itu, SP","https://www.glassdoor.com/Location/All-Lenovo-Itu-Office-Locations-EI_IE8034.4,10_IL.11,14_IC2490672.htm","https://www.glassdoor.com/Reviews/Compal-Electronics-Itu-Reviews-EI_IE13464.0,18_IL.19,22_IC2490672.htm",validation_failed,gap_probe_failed: missing_target_metrics,pool-location-id,2026-06-28T10:26:10.915873+00:00
Compal Electronics,"Martínez, B",mart nez b,office-location,"Martínez, B","https://www.glassdoor.com/Location/All-Lenovo-Martínez-Office-Locations-EI_IE8034.4,10_IL.11,19_IC2207815.htm","https://www.glassdoor.com/Reviews/Compal-Electronics-Mart%C3%ADnez-Reviews-EI_IE13464.0,18_IL.19,27_IC2207815.htm",validation_failed,gap_probe_failed: missing_target_metrics,pool-location-id,2026-06-28T10:26:17.630909+00:00
Compal Electronics,"Sorocaba, SP",sorocaba sp,office-location,"Sorocaba, SP","https://www.glassdoor.com/Location/All-Lenovo-Sorocaba-Office-Locations-EI_IE8034.4,10_IL.11,19_IC2475809.htm","https://www.glassdoor.com/Reviews/Compal-Electronics-Sorocaba-Reviews-EI_IE13464.0,18_IL.19,27_IC2475809.htm",validation_failed,gap_probe_failed: missing_target_metrics,pool-location-id,2026-06-28T10:26:23.525105+00:00
Compal Electronics,"Vicente López, B",vicente l pez b,office-location,"Vicente López, B","https://www.glassdoor.com/Location/All-Lenovo-Vicente-López-Office-Locations-EI_IE8034.4,10_IL.11,24_IC2211608.htm","https://www.glassdoor.com/Reviews/Compal-Electronics-Vicente-L%C3%B3pez-Reviews-EI_IE13464.0,18_IL.19,32_IC2211608.htm",validation_failed,gap_probe_failed: missing_target_metrics,pool-location-id,2026-06-28T10:26:30.476686+00:00
Compal Electronics,Global,global,manual-seed,,,https://www.glassdoor.com/Reviews/Compal-Electronics-Reviews-E13464.htm,resolved,,review-url-hint,2026-06-28T15:31:04.157706+08:00
Compal Electronics,Taipei,taipei,manual-seed,"Taipei, TPQ","https://www.glassdoor.com/Location/All-ASUS-Taipei-Office-Locations-EI_IE40093.4,8_IL.9,15_IC3271041.htm","https://www.glassdoor.com/Reviews/Compal-Electronics-Taipei-Reviews-EI_IE13464.0,18_IL.19,25_IC3271041.htm",validation_failed,gap_probe_failed: company_mismatch,pool-location-id,2026-06-28T15:53:05.390412+08:00
Compal Electronics,Hsinchu,hsinchu,manual-seed,"Hsinchu, TXG","https://www.glassdoor.com/Location/All-NVIDIA-Hsinchu-Office-Locations-EI_IE7633.4,10_IL.11,18_IC4915323.htm","https://www.glassdoor.com/Reviews/Compal-Electronics-Hsinchu-Reviews-EI_IE13464.0,18_IL.19,26_IC4915323.htm",validation_failed,gap_probe_failed: company_mismatch,pool-location-id,2026-06-28T15:53:07.409812+08:00
Compal Electronics,Taoyuan,taoyuan,manual-seed,,,,no_result,pool_location_id_not_found,pool-location-id,2026-06-28T15:53:07.577422+08:00
Compal Electronics,Shanghai,shanghai,manual-seed,"Shanghai, 23","https://www.glassdoor.com/Location/All-NVIDIA-Shanghai-Office-Locations-EI_IE7633.4,10_IL.11,19_IC2416009.htm","https://www.glassdoor.com/Reviews/Compal-Electronics-Shanghai-Reviews-EI_IE13464.0,18_IL.19,27_IC2416009.htm",validation_failed,gap_probe_failed: company_mismatch,pool-location-id,2026-06-28T15:53:09.869944+08:00
Compal Electronics,Shenzhen,shenzhen,manual-seed,"Shenzhenzhen, 02","https://www.glassdoor.com/Location/All-Lenovo-Shenzhenzhen-Office-Locations-EI_IE8034.4,10_IL.11,23_IC2441398.htm","https://www.glassdoor.com/Reviews/Compal-Electronics-Shenzhenzhen-Reviews-EI_IE13464.0,18_IL.19,31_IC2441398.htm",validation_failed,gap_probe_failed: company_mismatch,pool-location-id,2026-06-28T15:53:11.813824+08:00
Compal Electronics,Tokyo,tokyo,manual-seed,"Tokyo, 40","https://www.glassdoor.com/Location/All-ASUS-Tokyo-Office-Locations-EI_IE40093.4,8_IL.9,14_IC2851580.htm","https://www.glassdoor.com/Reviews/Compal-Electronics-Tokyo-Reviews-EI_IE13464.0,18_IL.19,24_IC2851580.htm",validation_failed,gap_probe_failed: company_mismatch,pool-location-id,2026-06-28T15:53:14.064076+08:00
Compal Electronics,Seoul,seoul,manual-seed,"Seoul, 11","https://www.glassdoor.com/Location/All-ASUS-Seoul-Office-Locations-EI_IE40093.4,8_IL.9,14_IC3021489.htm","https://www.glassdoor.com/Reviews/Compal-Electronics-Seoul-Reviews-EI_IE13464.0,18_IL.19,24_IC3021489.htm",validation_failed,gap_probe_failed: company_mismatch,pool-location-id,2026-06-28T15:53:16.14921+08:00
Compal Electronics,Austin,austin,manual-seed,"Austin, TX","https://www.glassdoor.com/Location/All-NVIDIA-Austin-Office-Locations-EI_IE7633.4,10_IL.11,17_IC1139761.htm","https://www.glassdoor.com/Reviews/Compal-Electronics-Austin-Reviews-EI_IE13464.0,18_IL.19,25_IC1139761.htm",validation_failed,gap_probe_failed: company_mismatch,pool-location-id,2026-06-28T15:53:18.057555+08:00
Compal Electronics,Seattle,seattle,manual-seed,,,,no_result,pool_location_id_not_found,pool-location-id,2026-06-28T15:53:18.133357+08:00
Compal Electronics,London,london,manual-seed,"London, ENG","https://www.glassdoor.com/Location/All-Trend-Micro-Inc-London-Office-Locations-EI_IE8983.4,19_IL.20,26_IC2671300.htm","https://www.glassdoor.com/Reviews/Compal-Electronics-London-Reviews-EI_IE13464.0,18_IL.19,25_IC2671300.htm",validation_failed,gap_probe_failed: company_mismatch,pool-location-id,2026-06-28T15:53:20.287106+08:00
Compal Electronics,Dublin,dublin,manual-seed,,,,no_result,pool_location_id_not_found,pool-location-id,2026-06-28T15:53:20.365698+08:00
Compal Electronics,Munich,munich,manual-seed,"Munich, BY","https://www.glassdoor.com/Location/All-NVIDIA-Munich-Office-Locations-EI_IE7633.4,10_IL.11,17_IC4990924.htm","https://www.glassdoor.com/Reviews/Compal-Electronics-Munich-Reviews-EI_IE13464.0,18_IL.19,25_IC4990924.htm",validation_failed,gap_probe_failed: company_mismatch,pool-location-id,2026-06-28T15:53:22.277279+08:00
Wiwynn,"Ciudad de Mexico, MEX",ciudad de mexico mex,office-location,"Ciudad de Mexico, MEX","https://www.glassdoor.com/Location/All-ASUS-Ciudad-de-Mexico-Office-Locations-EI_IE40093.4,8_IL.9,25_IC5017436.htm","https://www.glassdoor.com/Reviews/Wiwynn-Ciudad-de-Mexico-Reviews-EI_IE1161475.0,6_IL.7,23_IC5017436.htm",validation_failed,gap_probe_failed: missing_target_metrics,pool-location-id,2026-06-28T10:26:38.217458+00:00
Wiwynn,"Fremont, CA",fremont ca,office-location,"Fremont, CA","https://www.glassdoor.com/Location/All-ASUS-Fremont-Office-Locations-EI_IE40093.4,8_IL.9,16_IC1147355.htm","https://www.glassdoor.com/Reviews/Wiwynn-Fremont-Reviews-EI_IE1161475.0,6_IL.7,14_IC1147355.htm",validation_failed,gap_probe_failed: missing_target_metrics,pool-location-id,2026-06-28T10:26:45.759857+00:00
Wiwynn,"Markham, ON",markham on,office-location,"Markham, ON","https://www.glassdoor.com/Location/All-ASUS-Markham-Office-Locations-EI_IE40093.4,8_IL.9,16_IC2280736.htm","https://www.glassdoor.com/Reviews/Wiwynn-Markham-Reviews-EI_IE1161475.0,6_IL.7,14_IC2280736.htm",validation_failed,gap_probe_failed: missing_target_metrics,pool-location-id,2026-06-28T10:26:52.241566+00:00
Wiwynn,"Barcelona, CT",barcelona ct,office-location,"Barcelona, CT","https://www.glassdoor.com/Location/All-ASUS-Barcelona-Office-Locations-EI_IE40093.4,8_IL.9,18_IC2547194.htm","https://www.glassdoor.com/Reviews/Wiwynn-Barcelona-Reviews-EI_IE1161475.0,6_IL.7,16_IC2547194.htm",validation_failed,gap_probe_failed: missing_target_metrics,pool-location-id,2026-06-28T10:26:58.821381+00:00
Wiwynn,"Budapest, BU",budapest bu,office-location,"Budapest, BU","https://www.glassdoor.com/Location/All-ASUS-Budapest-Office-Locations-EI_IE40093.4,8_IL.9,17_IC3125126.htm","https://www.glassdoor.com/Reviews/Wiwynn-Budapest-Reviews-EI_IE1161475.0,6_IL.7,15_IC3125126.htm",validation_failed,gap_probe_failed: missing_target_metrics,pool-location-id,2026-06-28T10:27:06.243729+00:00
Wiwynn,"Emmen, DR",emmen dr,office-location,"Emmen, DR","https://www.glassdoor.com/Location/All-ASUS-Emmen-Office-Locations-EI_IE40093.4,8_IL.9,14_IC3060162.htm","https://www.glassdoor.com/Reviews/Wiwynn-Emmen-Reviews-EI_IE1161475.0,6_IL.7,12_IC3060162.htm",validation_failed,gap_probe_failed: missing_target_metrics,pool-location-id,2026-06-28T10:27:13.029120+00:00
Wiwynn,"Hemel Hempstead, ENG",hemel hempstead eng,office-location,"Hemel Hempstead, ENG","https://www.glassdoor.com/Location/All-ASUS-Hemel-Hempstead-Office-Locations-EI_IE40093.4,8_IL.9,24_IC2669775.htm","https://www.glassdoor.com/Reviews/Wiwynn-Hemel-Hempstead-Reviews-EI_IE1161475.0,6_IL.7,22_IC2669775.htm",validation_failed,gap_probe_failed: missing_target_metrics,pool-location-id,2026-06-28T10:27:19.723314+00:00
Wiwynn,"Milan, LOM",milan lom,office-location,"Milan, LOM","https://www.glassdoor.com/Location/All-ASUS-Milan-Office-Locations-EI_IE40093.4,8_IL.9,14_IC2802090.htm","https://www.glassdoor.com/Reviews/Wiwynn-Milan-Reviews-EI_IE1161475.0,6_IL.7,12_IC2802090.htm",validation_failed,gap_probe_failed: missing_target_metrics,pool-location-id,2026-06-28T10:27:29.171507+00:00
Wiwynn,"Moravská Ostrava, MO",moravsk ostrava mo,office-location,"Moravská Ostrava, MO","https://www.glassdoor.com/Location/All-ASUS-Moravská-Ostrava-Office-Locations-EI_IE40093.4,8_IL.9,25_IC2288209.htm","https://www.glassdoor.com/Reviews/Wiwynn-Moravsk%C3%A1-Ostrava-Reviews-EI_IE1161475.0,6_IL.7,23_IC2288209.htm",validation_failed,gap_probe_failed: missing_target_metrics,pool-location-id,2026-06-28T10:27:36.275886+00:00
Wiwynn,"Noisy-le-Grand, A8",noisy le grand a8,office-location,"Noisy-le-Grand, A8","https://www.glassdoor.com/Location/All-ASUS-Noisy-le-Grand-Office-Locations-EI_IE40093.4,8_IL.9,23_IC3100822.htm","https://www.glassdoor.com/Reviews/Wiwynn-Noisy-le-Grand-Reviews-EI_IE1161475.0,6_IL.7,21_IC3100822.htm",validation_failed,gap_probe_failed: missing_target_metrics,pool-location-id,2026-06-28T10:27:53.070665+00:00
Wiwynn,"Ratingen, NW",ratingen nw,office-location,"Ratingen, NW","https://www.glassdoor.com/Location/All-ASUS-Ratingen-Office-Locations-EI_IE40093.4,8_IL.9,17_IC2584004.htm","https://www.glassdoor.com/Reviews/Wiwynn-Ratingen-Reviews-EI_IE1161475.0,6_IL.7,15_IC2584004.htm",validation_failed,gap_probe_failed: missing_target_metrics,pool-location-id,2026-06-28T10:28:00.983139+00:00
Wiwynn,"Üsküdar, T34",sk dar t34,office-location,"Üsküdar, T34","https://www.glassdoor.com/Location/All-ASUS-Üsküdar-Office-Locations-EI_IE40093.4,8_IL.9,16_IC3361446.htm","https://www.glassdoor.com/Reviews/Wiwynn-%C3%9Csk%C3%BCdar-Reviews-EI_IE1161475.0,6_IL.7,14_IC3361446.htm",validation_failed,gap_probe_failed: missing_target_metrics,pool-location-id,2026-06-28T10:28:07.992220+00:00
Wiwynn,"Warsaw, MZ",warsaw mz,office-location,"Warsaw, MZ","https://www.glassdoor.com/Location/All-ASUS-Warsaw-Office-Locations-EI_IE40093.4,8_IL.9,15_IC3094484.htm","https://www.glassdoor.com/Reviews/Wiwynn-Warsaw-Reviews-EI_IE1161475.0,6_IL.7,13_IC3094484.htm",validation_failed,gap_probe_failed: missing_target_metrics,pool-location-id,2026-06-28T10:28:16.332225+00:00
Wiwynn,"Bangkok, 10",bangkok 10,office-location,"Bangkok, 10","https://www.glassdoor.com/Location/All-ASUS-Bangkok-Office-Locations-EI_IE40093.4,8_IL.9,16_IC3179725.htm","https://www.glassdoor.com/Reviews/Wiwynn-Bangkok-Reviews-EI_IE1161475.0,6_IL.7,14_IC3179725.htm",validation_failed,gap_probe_failed: missing_target_metrics,pool-location-id,2026-06-28T10:28:22.481244+00:00
Wiwynn,"Dubai, DU",dubai du,office-location,"Dubai, DU","https://www.glassdoor.com/Location/All-ASUS-Dubai-Office-Locations-EI_IE40093.4,8_IL.9,14_IC2204498.htm","https://www.glassdoor.com/Reviews/Wiwynn-Dubai-Reviews-EI_IE1161475.0,6_IL.7,12_IC2204498.htm",validation_failed,gap_probe_failed: missing_target_metrics,pool-location-id,2026-06-28T10:32:23.567713+00:00
Wiwynn,"Jakarta, JK",jakarta jk,office-location,"Jakarta, JK","https://www.glassdoor.com/Location/All-ASUS-Jakarta-Office-Locations-EI_IE40093.4,8_IL.9,16_IC2709872.htm","https://www.glassdoor.com/Reviews/Wiwynn-Jakarta-Reviews-EI_IE1161475.0,6_IL.7,14_IC2709872.htm",validation_failed,gap_probe_failed: missing_target_metrics,pool-location-id,2026-06-28T10:32:34.552309+00:00
Wiwynn,"Kuala Lumpur, 14",kuala lumpur 14,office-location,"Kuala Lumpur, 14","https://www.glassdoor.com/Location/All-ASUS-Kuala-Lumpur-Office-Locations-EI_IE40093.4,8_IL.9,21_IC2986682.htm","https://www.glassdoor.com/Reviews/Wiwynn-Kuala-Lumpur-Reviews-EI_IE1161475.0,6_IL.7,19_IC2986682.htm",validation_failed,gap_probe_failed: missing_target_metrics,pool-location-id,2026-06-28T10:32:54.323176+00:00
Wiwynn,"Manila, D9",manila d9,office-location,"Manila, D9","https://www.glassdoor.com/Location/All-ASUS-Manila-Office-Locations-EI_IE40093.4,8_IL.9,15_IC2363570.htm","https://www.glassdoor.com/Reviews/Wiwynn-Manila-Reviews-EI_IE1161475.0,6_IL.7,13_IC2363570.htm",validation_failed,gap_probe_failed: missing_target_metrics,pool-location-id,2026-06-28T10:33:13.429076+00:00
Wiwynn,"Mumbai, MH",mumbai mh,office-location,"Mumbai, MH","https://www.glassdoor.com/Location/All-ASUS-Mumbai-Office-Locations-EI_IE40093.4,8_IL.9,15_IC2851180.htm","https://www.glassdoor.com/Reviews/Wiwynn-Mumbai-Reviews-EI_IE1161475.0,6_IL.7,13_IC2851180.htm",validation_failed,gap_probe_failed: missing_target_metrics,pool-location-id,2026-06-28T10:33:19.598159+00:00
Wiwynn,"Seoul, 11",seoul 11,office-location,"Seoul, 11","https://www.glassdoor.com/Location/All-ASUS-Seoul-Office-Locations-EI_IE40093.4,8_IL.9,14_IC3021489.htm","https://www.glassdoor.com/Reviews/Wiwynn-Seoul-Reviews-EI_IE1161475.0,6_IL.7,12_IC3021489.htm",validation_failed,gap_probe_failed: missing_target_metrics,pool-location-id,2026-06-28T10:33:28.068222+00:00
Wiwynn,Singapore,singapore,office-location,Singapore,"https://www.glassdoor.com/Location/All-ASUS-Singapore-Office-Locations-EI_IE40093.4,8_IL.9,18_IC3235921.htm","https://www.glassdoor.com/Reviews/Wiwynn-Singapore-Reviews-EI_IE1161475.0,6_IL.7,16_IC3235921.htm",validation_failed,gap_probe_failed: company_mismatch,pool-location-id,2026-06-28T15:53:24.190316+08:00
Wiwynn,"Taipei, TPQ",taipei tpq,office-location,"Taipei, TPQ","https://www.glassdoor.com/Location/All-ASUS-Taipei-Office-Locations-EI_IE40093.4,8_IL.9,15_IC3271041.htm","https://www.glassdoor.com/Reviews/Wiwynn-Taipei-Reviews-EI_IE1161475.0,6_IL.7,13_IC3271041.htm",resolved,,pool-location-id,2026-06-28T10:33:35.192759+00:00
Wiwynn,"Tokyo, 40",tokyo 40,office-location,"Tokyo, 40","https://www.glassdoor.com/Location/All-ASUS-Tokyo-Office-Locations-EI_IE40093.4,8_IL.9,14_IC2851580.htm","https://www.glassdoor.com/Reviews/Wiwynn-Tokyo-Reviews-EI_IE1161475.0,6_IL.7,12_IC2851580.htm",validation_failed,gap_probe_failed: missing_target_metrics,pool-location-id,2026-06-28T10:33:42.662102+00:00
Wiwynn,"San Isidro, HUC",san isidro huc,office-location,"San Isidro, HUC","https://www.glassdoor.com/Location/All-ASUS-San-Isidro-Office-Locations-EI_IE40093.4,8_IL.9,19_IC4694011.htm","https://www.glassdoor.com/Reviews/Wiwynn-San-Isidro-Reviews-EI_IE1161475.0,6_IL.7,17_IC4694011.htm",validation_failed,gap_probe_failed: missing_target_metrics,pool-location-id,2026-06-28T10:34:00.206167+00:00
Wiwynn,"Santiago, RM",santiago rm,office-location,"Santiago, RM","https://www.glassdoor.com/Location/All-ASUS-Santiago-Office-Locations-EI_IE40093.4,8_IL.9,17_IC2434030.htm","https://www.glassdoor.com/Reviews/Wiwynn-Santiago-Reviews-EI_IE1161475.0,6_IL.7,15_IC2434030.htm",validation_failed,gap_probe_failed: missing_target_metrics,pool-location-id,2026-06-28T10:34:06.718428+00:00
Wiwynn,"São Paulo, SP",s o paulo sp,office-location,"São Paulo, SP","https://www.glassdoor.com/Location/All-ASUS-São-Paulo-Office-Locations-EI_IE40093.4,8_IL.9,18_IC2479061.htm","https://www.glassdoor.com/Reviews/Wiwynn-S%C3%A3o-Paulo-Reviews-EI_IE1161475.0,6_IL.7,16_IC2479061.htm",validation_failed,gap_probe_failed: missing_target_metrics,pool-location-id,2026-06-28T10:38:47.271536+00:00
Wiwynn,"Sydney, NSW",sydney nsw,office-location,"Sydney, NSW","https://www.glassdoor.com/Location/All-ASUS-Sydney-Office-Locations-EI_IE40093.4,8_IL.9,15_IC2235932.htm","https://www.glassdoor.com/Reviews/Wiwynn-Sydney-Reviews-EI_IE1161475.0,6_IL.7,13_IC2235932.htm",validation_failed,gap_probe_failed: missing_target_metrics,pool-location-id,2026-06-28T10:38:54.222584+00:00
Wiwynn,"Austin, TX",austin tx,office-location,"Austin, TX","https://www.glassdoor.com/Location/All-NVIDIA-Austin-Office-Locations-EI_IE7633.4,10_IL.11,17_IC1139761.htm","https://www.glassdoor.com/Reviews/Wiwynn-Austin-Reviews-EI_IE1161475.0,6_IL.7,13_IC1139761.htm",validation_failed,gap_probe_failed: missing_target_metrics,pool-location-id,2026-06-28T10:39:00.745266+00:00
Wiwynn,"Beaverton, OR",beaverton or,office-location,"Beaverton, OR","https://www.glassdoor.com/Location/All-NVIDIA-Beaverton-Office-Locations-EI_IE7633.4,10_IL.11,20_IC1151576.htm","https://www.glassdoor.com/Reviews/Wiwynn-Beaverton-Reviews-EI_IE1161475.0,6_IL.7,16_IC1151576.htm",validation_failed,gap_probe_failed: missing_target_metrics,pool-location-id,2026-06-28T10:39:07.287766+00:00
Wiwynn,"Bellevue, WA",bellevue wa,office-location,"Bellevue, WA","https://www.glassdoor.com/Location/All-NVIDIA-Bellevue-Office-Locations-EI_IE7633.4,10_IL.11,19_IC1150442.htm","https://www.glassdoor.com/Reviews/Wiwynn-Bellevue-Reviews-EI_IE1161475.0,6_IL.7,15_IC1150442.htm",validation_failed,gap_probe_failed: missing_target_metrics,pool-location-id,2026-06-28T10:39:13.448581+00:00
Wiwynn,"Durham, NC",durham nc,office-location,"Durham, NC","https://www.glassdoor.com/Location/All-NVIDIA-Durham-Office-Locations-EI_IE7633.4,10_IL.11,17_IC1138697.htm","https://www.glassdoor.com/Reviews/Wiwynn-Durham-Reviews-EI_IE1161475.0,6_IL.7,13_IC1138697.htm",validation_failed,gap_probe_failed: missing_target_metrics,pool-location-id,2026-06-28T10:39:20.186528+00:00
Wiwynn,"Hillsboro, OR",hillsboro or,office-location,"Hillsboro, OR","https://www.glassdoor.com/Location/All-NVIDIA-Hillsboro-Office-Locations-EI_IE7633.4,10_IL.11,20_IC1151603.htm","https://www.glassdoor.com/Reviews/Wiwynn-Hillsboro-Reviews-EI_IE1161475.0,6_IL.7,16_IC1151603.htm",validation_failed,gap_probe_failed: missing_target_metrics,pool-location-id,2026-06-28T10:39:27.330772+00:00
Wiwynn,"Redmond, WA",redmond wa,office-location,"Redmond, WA","https://www.glassdoor.com/Location/All-NVIDIA-Redmond-Office-Locations-EI_IE7633.4,10_IL.11,18_IC1150499.htm","https://www.glassdoor.com/Reviews/Wiwynn-Redmond-Reviews-EI_IE1161475.0,6_IL.7,14_IC1150499.htm",validation_failed,gap_probe_failed: region_mismatch,pool-location-id,2026-06-28T10:39:37.485210+00:00
Wiwynn,"Saint Louis, MO",saint louis mo,office-location,"Saint Louis, MO","https://www.glassdoor.com/Location/All-NVIDIA-Saint-Louis-Office-Locations-EI_IE7633.4,10_IL.11,22_IC1131270.htm","https://www.glassdoor.com/Reviews/Wiwynn-Saint-Louis-Reviews-EI_IE1161475.0,6_IL.7,18_IC1131270.htm",validation_failed,gap_probe_failed: missing_target_metrics,pool-location-id,2026-06-28T10:39:43.919986+00:00
Wiwynn,"San Francisco, CA",san francisco ca,office-location,"San Francisco, CA","https://www.glassdoor.com/Location/All-NVIDIA-San-Francisco-Office-Locations-EI_IE7633.4,10_IL.11,24_IC1147401.htm","https://www.glassdoor.com/Reviews/Wiwynn-San-Francisco-Reviews-EI_IE1161475.0,6_IL.7,20_IC1147401.htm",validation_failed,gap_probe_failed: missing_target_metrics,pool-location-id,2026-06-28T10:39:52.982226+00:00
Wiwynn,"San Jose, CA",san jose,office-location,"San Jose, CA","https://www.glassdoor.com/Location/All-NVIDIA-San-Jose-Office-Locations-EI_IE7633.4,10_IL.11,19_IC1147436.htm","https://www.glassdoor.com/Reviews/Wiwynn-San-Jose-Reviews-EI_IE1161475.0,6_IL.7,15_IC1147436.htm",validation_failed,gap_probe_failed: company_mismatch,pool-location-id,2026-06-28T15:53:26.204648+08:00
Wiwynn,"Santa Clara, CA",santa clara ca,office-location,"Santa Clara, CA","https://www.glassdoor.com/Location/All-NVIDIA-Santa-Clara-Office-Locations-EI_IE7633.4,10_IL.11,22_IC1147439.htm","https://www.glassdoor.com/Reviews/Wiwynn-Santa-Clara-Reviews-EI_IE1161475.0,6_IL.7,18_IC1147439.htm",validation_failed,gap_probe_failed: missing_target_metrics,pool-location-id,2026-06-28T10:40:01.890150+00:00
Wiwynn,"Toronto, ON",toronto on,office-location,"Toronto, ON","https://www.glassdoor.com/Location/All-NVIDIA-Toronto-Office-Locations-EI_IE7633.4,10_IL.11,18_IC2281069.htm","https://www.glassdoor.com/Reviews/Wiwynn-Toronto-Reviews-EI_IE1161475.0,6_IL.7,14_IC2281069.htm",validation_failed,gap_probe_failed: missing_target_metrics,pool-location-id,2026-06-28T10:40:10.522763+00:00
Wiwynn,"Westford, MA",westford ma,office-location,"Westford, MA","https://www.glassdoor.com/Location/All-NVIDIA-Westford-Office-Locations-EI_IE7633.4,10_IL.11,19_IC1154720.htm","https://www.glassdoor.com/Reviews/Wiwynn-Westford-Reviews-EI_IE1161475.0,6_IL.7,15_IC1154720.htm",validation_failed,gap_probe_failed: missing_target_metrics,pool-location-id,2026-06-28T10:40:16.647116+00:00
Wiwynn,"Moscow, 48",moscow 48,office-location,"Moscow, 48","https://www.glassdoor.com/Location/All-NVIDIA-Moscow-Office-Locations-EI_IE7633.4,10_IL.11,17_IC3348306.htm","https://www.glassdoor.com/Reviews/Wiwynn-Moscow-Reviews-EI_IE1161475.0,6_IL.7,13_IC3348306.htm",validation_failed,gap_probe_failed: missing_target_metrics,pool-location-id,2026-06-28T10:40:24.318648+00:00
Wiwynn,"Munich, BY",munich by,office-location,"Munich, BY","https://www.glassdoor.com/Location/All-NVIDIA-Munich-Office-Locations-EI_IE7633.4,10_IL.11,17_IC4990924.htm","https://www.glassdoor.com/Reviews/Wiwynn-Munich-Reviews-EI_IE1161475.0,6_IL.7,13_IC4990924.htm",validation_failed,gap_probe_failed: missing_target_metrics,pool-location-id,2026-06-28T10:40:29.733239+00:00
Wiwynn,"Reading, ENG",reading eng,office-location,"Reading, ENG","https://www.glassdoor.com/Location/All-NVIDIA-Reading-Office-Locations-EI_IE7633.4,10_IL.11,18_IC2675152.htm","https://www.glassdoor.com/Reviews/Wiwynn-Reading-Reviews-EI_IE1161475.0,6_IL.7,14_IC2675152.htm",validation_failed,gap_probe_failed: missing_target_metrics,pool-location-id,2026-06-28T10:40:35.599155+00:00
Wiwynn,"Zürich, ZH",z rich zh,office-location,"Zürich, ZH","https://www.glassdoor.com/Location/All-NVIDIA-Zürich-Office-Locations-EI_IE7633.4,10_IL.11,17_IC3297851.htm","https://www.glassdoor.com/Reviews/Wiwynn-Z%C3%BCrich-Reviews-EI_IE1161475.0,6_IL.7,13_IC3297851.htm",validation_failed,gap_probe_failed: missing_target_metrics,pool-location-id,2026-06-28T10:40:42.699245+00:00
Wiwynn,"Bengaluru, KA",bengaluru ka,office-location,"Bengaluru, KA","https://www.glassdoor.com/Location/All-NVIDIA-Bengaluru-Office-Locations-EI_IE7633.4,10_IL.11,20_IC2940587.htm","https://www.glassdoor.com/Reviews/Wiwynn-Bengaluru-Reviews-EI_IE1161475.0,6_IL.7,16_IC2940587.htm",validation_failed,gap_probe_failed: missing_target_metrics,pool-location-id,2026-06-28T10:40:50.624478+00:00
Wiwynn,"Hsinchu, TXG",hsinchu txg,office-location,"Hsinchu, TXG","https://www.glassdoor.com/Location/All-NVIDIA-Hsinchu-Office-Locations-EI_IE7633.4,10_IL.11,18_IC4915323.htm","https://www.glassdoor.com/Reviews/Wiwynn-Hsinchu-Reviews-EI_IE1161475.0,6_IL.7,14_IC4915323.htm",validation_failed,gap_probe_failed: missing_target_metrics,pool-location-id,2026-06-28T10:40:57.383299+00:00
Wiwynn,"Pudong, 23",pudong 23,office-location,"Pudong, 23","https://www.glassdoor.com/Location/All-NVIDIA-Pudong-Office-Locations-EI_IE7633.4,10_IL.11,17_IC2415109.htm","https://www.glassdoor.com/Reviews/Wiwynn-Pudong-Reviews-EI_IE1161475.0,6_IL.7,13_IC2415109.htm",validation_failed,gap_probe_failed: missing_target_metrics,pool-location-id,2026-06-28T10:41:03.603691+00:00
Wiwynn,"Pune, MH",pune mh,office-location,"Pune, MH","https://www.glassdoor.com/Location/All-NVIDIA-Pune-Office-Locations-EI_IE7633.4,10_IL.11,15_IC2856202.htm","https://www.glassdoor.com/Reviews/Wiwynn-Pune-Reviews-EI_IE1161475.0,6_IL.7,11_IC2856202.htm",validation_failed,gap_probe_failed: missing_target_metrics,pool-location-id,2026-06-28T10:41:11.574467+00:00
Wiwynn,"Shanghai, 23",shanghai 23,office-location,"Shanghai, 23","https://www.glassdoor.com/Location/All-NVIDIA-Shanghai-Office-Locations-EI_IE7633.4,10_IL.11,19_IC2416009.htm","https://www.glassdoor.com/Reviews/Wiwynn-Shanghai-Reviews-EI_IE1161475.0,6_IL.7,15_IC2416009.htm",validation_failed,gap_probe_failed: missing_target_metrics,pool-location-id,2026-06-28T10:41:18.824385+00:00
Wiwynn,"San Jose, MP",san jose mp,office-location,"San Jose, CA","https://www.glassdoor.com/Location/All-NVIDIA-San-Jose-Office-Locations-EI_IE7633.4,10_IL.11,19_IC1147436.htm","https://www.glassdoor.com/Reviews/Wiwynn-San-Jose-Reviews-EI_IE1161475.0,6_IL.7,15_IC1147436.htm",validation_failed,gap_probe_failed: missing_target_metrics,pool-location-id,2026-06-28T10:41:25.111627+00:00
Wiwynn,"Frankfurt am Main, HE",frankfurt am main he,office-location,"Frankfurt am Main, HE","https://www.glassdoor.com/Location/All-Micro-Star-International-Frankfurt-am-Main-Office-Locations-EI_IE41141.4,28_IL.29,46_IC2632180.htm","https://www.glassdoor.com/Reviews/Wiwynn-Frankfurt-am-Main-Reviews-EI_IE1161475.0,6_IL.7,24_IC2632180.htm",validation_failed,gap_probe_failed: missing_target_metrics,pool-location-id,2026-06-28T10:41:31.529706+00:00
Wiwynn,"Boise, ID",boise id,office-location,"Boise, ID","https://www.glassdoor.com/Location/All-HP-Inc-Boise-Office-Locations-EI_IE1093161.4,10_IL.11,16_IC1127927.htm","https://www.glassdoor.com/Reviews/Wiwynn-Boise-Reviews-EI_IE1161475.0,6_IL.7,12_IC1127927.htm",validation_failed,gap_probe_failed: missing_target_metrics,pool-location-id,2026-06-28T10:41:38.143065+00:00
Wiwynn,"Corvallis, OR",corvallis or,office-location,"Corvallis, OR","https://www.glassdoor.com/Location/All-HP-Inc-Corvallis-Office-Locations-EI_IE1093161.4,10_IL.11,20_IC1151455.htm","https://www.glassdoor.com/Reviews/Wiwynn-Corvallis-Reviews-EI_IE1161475.0,6_IL.7,16_IC1151455.htm",validation_failed,gap_probe_failed: missing_target_metrics,pool-location-id,2026-06-28T10:43:51.864084+00:00
Wiwynn,"Fort Collins, CO",fort collins co,office-location,"Fort Collins, CO","https://www.glassdoor.com/Location/All-HP-Inc-Fort-Collins-Office-Locations-EI_IE1093161.4,10_IL.11,23_IC1148233.htm","https://www.glassdoor.com/Reviews/Wiwynn-Fort-Collins-Reviews-EI_IE1161475.0,6_IL.7,19_IC1148233.htm",validation_failed,gap_probe_failed: missing_target_metrics,pool-location-id,2026-06-28T10:43:57.715646+00:00
Wiwynn,"Guadalajara, JAL",guadalajara jal,office-location,"Guadalajara, JAL","https://www.glassdoor.com/Location/All-HP-Inc-Guadalajara-Office-Locations-EI_IE1093161.4,10_IL.11,22_IC3486357.htm","https://www.glassdoor.com/Reviews/Wiwynn-Guadalajara-Reviews-EI_IE1161475.0,6_IL.7,18_IC3486357.htm",validation_failed,gap_probe_failed: missing_target_metrics,pool-location-id,2026-06-28T10:44:04.071952+00:00
Wiwynn,"Houston, TX",houston tx,office-location,"Houston, TX","https://www.glassdoor.com/Location/All-HP-Inc-Houston-Office-Locations-EI_IE1093161.4,10_IL.11,18_IC1140171.htm","https://www.glassdoor.com/Reviews/Wiwynn-Houston-Reviews-EI_IE1161475.0,6_IL.7,14_IC1140171.htm",validation_failed,gap_probe_failed: missing_target_metrics,pool-location-id,2026-06-28T10:44:12.159814+00:00
Wiwynn,"Palo Alto, CA",palo alto ca,office-location,"Palo Alto, CA","https://www.glassdoor.com/Location/All-HP-Inc-Palo-Alto-Office-Locations-EI_IE1093161.4,10_IL.11,20_IC1147434.htm","https://www.glassdoor.com/Reviews/Wiwynn-Palo-Alto-Reviews-EI_IE1161475.0,6_IL.7,16_IC1147434.htm",validation_failed,gap_probe_failed: missing_target_metrics,pool-location-id,2026-06-28T10:44:18.472819+00:00
Wiwynn,"Portland, OR",portland or,office-location,"Portland, OR","https://www.glassdoor.com/Location/All-HP-Inc-Portland-Office-Locations-EI_IE1093161.4,10_IL.11,19_IC1151614.htm","https://www.glassdoor.com/Reviews/Wiwynn-Portland-Reviews-EI_IE1161475.0,6_IL.7,15_IC1151614.htm",validation_failed,gap_probe_failed: missing_target_metrics,pool-location-id,2026-06-28T10:44:24.349334+00:00
Wiwynn,"San Diego, CA",san diego ca,office-location,"San Diego, CA","https://www.glassdoor.com/Location/All-HP-Inc-San-Diego-Office-Locations-EI_IE1093161.4,10_IL.11,20_IC1147311.htm","https://www.glassdoor.com/Reviews/Wiwynn-San-Diego-Reviews-EI_IE1161475.0,6_IL.7,16_IC1147311.htm",validation_failed,gap_probe_failed: missing_target_metrics,pool-location-id,2026-06-28T10:44:34.568932+00:00
Wiwynn,"Spring, TX",spring tx,office-location,"Spring, TX","https://www.glassdoor.com/Location/All-HP-Inc-Spring-Office-Locations-EI_IE1093161.4,10_IL.11,17_IC1140222.htm","https://www.glassdoor.com/Reviews/Wiwynn-Spring-Reviews-EI_IE1161475.0,6_IL.7,13_IC1140222.htm",validation_failed,gap_probe_failed: missing_target_metrics,pool-location-id,2026-06-28T10:44:40.233980+00:00
Wiwynn,"Sunnyvale, CA",sunnyvale ca,office-location,"Sunnyvale, CA","https://www.glassdoor.com/Location/All-HP-Inc-Sunnyvale-Office-Locations-EI_IE1093161.4,10_IL.11,20_IC1147442.htm","https://www.glassdoor.com/Reviews/Wiwynn-Sunnyvale-Reviews-EI_IE1161475.0,6_IL.7,16_IC1147442.htm",validation_failed,gap_probe_failed: missing_target_metrics,pool-location-id,2026-06-28T10:44:46.288290+00:00
Wiwynn,"Tlaquepaque, JAL",tlaquepaque jal,office-location,"Tlaquepaque, JAL","https://www.glassdoor.com/Location/All-HP-Inc-Tlaquepaque-Office-Locations-EI_IE1093161.4,10_IL.11,22_IC3486348.htm","https://www.glassdoor.com/Reviews/Wiwynn-Tlaquepaque-Reviews-EI_IE1161475.0,6_IL.7,18_IC3486348.htm",validation_failed,gap_probe_failed: missing_target_metrics,pool-location-id,2026-06-28T10:44:52.600648+00:00
Wiwynn,"Vancouver, WA",vancouver wa,office-location,"Vancouver, WA","https://www.glassdoor.com/Location/All-HP-Inc-Vancouver-Office-Locations-EI_IE1093161.4,10_IL.11,20_IC1150413.htm","https://www.glassdoor.com/Reviews/Wiwynn-Vancouver-Reviews-EI_IE1161475.0,6_IL.7,16_IC1150413.htm",validation_failed,gap_probe_failed: missing_target_metrics,pool-location-id,2026-06-28T10:45:03.614695+00:00
Wiwynn,"Zapopan, JAL",zapopan jal,office-location,"Zapopan, JAL","https://www.glassdoor.com/Location/All-HP-Inc-Zapopan-Office-Locations-EI_IE1093161.4,10_IL.11,18_IC3487018.htm","https://www.glassdoor.com/Reviews/Wiwynn-Zapopan-Reviews-EI_IE1161475.0,6_IL.7,14_IC3487018.htm",validation_failed,gap_probe_failed: missing_target_metrics,pool-location-id,2026-06-28T10:45:09.224809+00:00
Wiwynn,"Boulogne-Billancourt, A8",boulogne billancourt a8,office-location,"Boulogne-Billancourt, A8","https://www.glassdoor.com/Location/All-HP-Inc-Boulogne-Billancourt-Office-Locations-EI_IE1093161.4,10_IL.11,31_IC3040032.htm","https://www.glassdoor.com/Reviews/Wiwynn-Boulogne-Billancourt-Reviews-EI_IE1161475.0,6_IL.7,27_IC3040032.htm",validation_failed,gap_probe_failed: missing_target_metrics,pool-location-id,2026-06-28T10:45:15.750797+00:00
Wiwynn,"Bucharest, B",bucharest b,office-location,"Bucharest, B","https://www.glassdoor.com/Location/All-HP-Inc-Bucharest-Office-Locations-EI_IE1093161.4,10_IL.11,20_IC3184907.htm","https://www.glassdoor.com/Reviews/Wiwynn-Bucharest-Reviews-EI_IE1161475.0,6_IL.7,16_IC3184907.htm",validation_failed,gap_probe_failed: missing_target_metrics,pool-location-id,2026-06-28T10:45:22.409203+00:00
Wiwynn,"Cambridge, ENG",cambridge eng,office-location,"Cambridge, ENG","https://www.glassdoor.com/Location/All-HP-Inc-Cambridge-Office-Locations-EI_IE1093161.4,10_IL.11,20_IC2662516.htm","https://www.glassdoor.com/Reviews/Wiwynn-Cambridge-Reviews-EI_IE1161475.0,6_IL.7,16_IC2662516.htm",validation_failed,gap_probe_failed: missing_target_metrics,pool-location-id,2026-06-28T10:45:29.084654+00:00
Wiwynn,"Meudon, A8",meudon a8,office-location,"Meudon, A8","https://www.glassdoor.com/Location/All-HP-Inc-Meudon-Office-Locations-EI_IE1093161.4,10_IL.11,17_IC3019026.htm","https://www.glassdoor.com/Reviews/Wiwynn-Meudon-Reviews-EI_IE1161475.0,6_IL.7,13_IC3019026.htm",validation_failed,gap_probe_failed: missing_target_metrics,pool-location-id,2026-06-28T10:45:34.962228+00:00
Wiwynn,"Paris, A8",paris a8,office-location,"Paris, A8","https://www.glassdoor.com/Location/All-HP-Inc-Paris-Office-Locations-EI_IE1093161.4,10_IL.11,16_IC2881970.htm","https://www.glassdoor.com/Reviews/Wiwynn-Paris-Reviews-EI_IE1161475.0,6_IL.7,12_IC2881970.htm",validation_failed,gap_probe_failed: missing_target_metrics,pool-location-id,2026-06-28T10:45:41.264781+00:00
Wiwynn,"Sant Cugat del Vallès, CT",sant cugat del vall s ct,office-location,"Sant Cugat del Vallès, CT","https://www.glassdoor.com/Location/All-HP-Inc-Sant-Cugat-del-Vallès-Office-Locations-EI_IE1093161.4,10_IL.11,32_IC4843928.htm","https://www.glassdoor.com/Reviews/Wiwynn-Sant-Cugat-del-Vall%C3%A8s-Reviews-EI_IE1161475.0,6_IL.7,28_IC4843928.htm",validation_failed,gap_probe_failed: missing_target_metrics,pool-location-id,2026-06-28T10:45:47.101675+00:00
Wiwynn,"Tuas, W",tuas w,office-location,"Tuas, W","https://www.glassdoor.com/Location/All-HP-Inc-Tuas-Office-Locations-EI_IE1093161.4,10_IL.11,15_IC3235538.htm","https://www.glassdoor.com/Reviews/Wiwynn-Tuas-Reviews-EI_IE1161475.0,6_IL.7,11_IC3235538.htm",validation_failed,gap_probe_failed: missing_target_metrics,pool-location-id,2026-06-28T10:45:52.636147+00:00
Wiwynn,"Whitefield, KA",whitefield ka,office-location,"Whitefield, KA","https://www.glassdoor.com/Location/All-HP-Inc-Whitefield-Office-Locations-EI_IE1093161.4,10_IL.11,21_IC2941717.htm","https://www.glassdoor.com/Reviews/Wiwynn-Whitefield-Reviews-EI_IE1161475.0,6_IL.7,17_IC2941717.htm",validation_failed,gap_probe_failed: missing_target_metrics,pool-location-id,2026-06-28T10:45:58.881426+00:00
Wiwynn,"Lake Forest, CA",lake forest ca,office-location,"Lake Forest, CA","https://www.glassdoor.com/Location/All-Wistron-Lake-Forest-Office-Locations-EI_IE15218.4,11_IL.12,23_IC1146811.htm","https://www.glassdoor.com/Reviews/Wiwynn-Lake-Forest-Reviews-EI_IE1161475.0,6_IL.7,18_IC1146811.htm",validation_failed,gap_probe_failed: missing_target_metrics,pool-location-id,2026-06-28T10:46:10.108481+00:00
Wiwynn,"Rolling Meadows, IL",rolling meadows il,office-location,"Rolling Meadows, IL","https://www.glassdoor.com/Location/All-Wistron-Rolling-Meadows-Office-Locations-EI_IE15218.4,11_IL.12,27_IC1128962.htm","https://www.glassdoor.com/Reviews/Wiwynn-Rolling-Meadows-Reviews-EI_IE1161475.0,6_IL.7,22_IC1128962.htm",validation_failed,gap_probe_failed: missing_target_metrics,pool-location-id,2026-06-28T10:46:15.575156+00:00
Wiwynn,"Wuhan, 12",wuhan 12,office-location,"Wuhan, 12","https://www.glassdoor.com/Location/All-Wistron-Wuhan-Office-Locations-EI_IE15218.4,11_IL.12,17_IC2478891.htm","https://www.glassdoor.com/Reviews/Wiwynn-Wuhan-Reviews-EI_IE1161475.0,6_IL.7,12_IC2478891.htm",validation_failed,gap_probe_failed: missing_target_metrics,pool-location-id,2026-06-28T10:46:21.972442+00:00
Wiwynn,"Hoofddorp, NH",hoofddorp nh,office-location,"Hoofddorp, NH","https://www.glassdoor.com/Location/All-Delta-Electronics-Hoofddorp-Office-Locations-EI_IE41146.4,21_IL.22,31_IC3063772.htm","https://www.glassdoor.com/Reviews/Wiwynn-Hoofddorp-Reviews-EI_IE1161475.0,6_IL.7,16_IC3063772.htm",validation_failed,gap_probe_failed: missing_target_metrics,pool-location-id,2026-06-28T10:46:28.630252+00:00
Wiwynn,"Notting Hill, VIC",notting hill vic,office-location,"Notting Hill, VIC","https://www.glassdoor.com/Location/All-Delta-Electronics-Notting-Hill-Office-Locations-EI_IE41146.4,21_IL.22,34_IC2257042.htm","https://www.glassdoor.com/Reviews/Wiwynn-Notting-Hill-Reviews-EI_IE1161475.0,6_IL.7,19_IC2257042.htm",validation_failed,gap_probe_failed: missing_target_metrics,pool-location-id,2026-06-28T10:46:34.431091+00:00
Wiwynn,"Jeffersonville, IN",jeffersonville in,office-location,"Jeffersonville, IN","https://www.glassdoor.com/Location/All-Pegatron-Jeffersonville-Office-Locations-EI_IE337948.4,12_IL.13,27_IC1145141.htm","https://www.glassdoor.com/Reviews/Wiwynn-Jeffersonville-Reviews-EI_IE1161475.0,6_IL.7,21_IC1145141.htm",validation_failed,gap_probe_failed: missing_target_metrics,pool-location-id,2026-06-28T10:46:40.283564+00:00
Wiwynn,"Irving, TX",irving tx,office-location,"Irving, TX","https://www.glassdoor.com/Location/All-Trend-Micro-Inc-Irving-Office-Locations-EI_IE8983.4,19_IL.20,26_IC1140006.htm","https://www.glassdoor.com/Reviews/Wiwynn-Irving-Reviews-EI_IE1161475.0,6_IL.7,13_IC1140006.htm",validation_failed,gap_probe_failed: missing_target_metrics,pool-location-id,2026-06-28T10:46:46.007668+00:00
Wiwynn,"Jersey City, NJ",jersey city nj,office-location,"Jersey City, NJ","https://www.glassdoor.com/Location/All-Trend-Micro-Inc-Jersey-City-Office-Locations-EI_IE8983.4,19_IL.20,31_IC1126819.htm","https://www.glassdoor.com/Reviews/Wiwynn-Jersey-City-Reviews-EI_IE1161475.0,6_IL.7,18_IC1126819.htm",validation_failed,gap_probe_failed: missing_target_metrics,pool-location-id,2026-06-28T10:46:53.023267+00:00
Wiwynn,"Kanata, ON",kanata on,office-location,"Kanata, ON","https://www.glassdoor.com/Location/All-Trend-Micro-Inc-Kanata-Office-Locations-EI_IE8983.4,19_IL.20,26_IC2282818.htm","https://www.glassdoor.com/Reviews/Wiwynn-Kanata-Reviews-EI_IE1161475.0,6_IL.7,13_IC2282818.htm",validation_failed,gap_probe_failed: missing_target_metrics,pool-location-id,2026-06-28T10:46:59.181032+00:00
Wiwynn,"Cork, M",cork m,office-location,"Cork, M","https://www.glassdoor.com/Location/All-Trend-Micro-Inc-Cork-Office-Locations-EI_IE8983.4,19_IL.20,24_IC4325638.htm","https://www.glassdoor.com/Reviews/Wiwynn-Cork-Reviews-EI_IE1161475.0,6_IL.7,11_IC4325638.htm",validation_failed,gap_probe_failed: missing_target_metrics,pool-location-id,2026-06-28T10:47:04.772270+00:00
Wiwynn,"London, ENG",london eng,office-location,"London, ENG","https://www.glassdoor.com/Location/All-Trend-Micro-Inc-London-Office-Locations-EI_IE8983.4,19_IL.20,26_IC2671300.htm","https://www.glassdoor.com/Reviews/Wiwynn-London-Reviews-EI_IE1161475.0,6_IL.7,13_IC2671300.htm",validation_failed,gap_probe_failed: missing_target_metrics,pool-location-id,2026-06-28T10:47:17.113427+00:00
Wiwynn,"Paddington, ENG",paddington eng,office-location,"Paddington, ENG","https://www.glassdoor.com/Location/All-Trend-Micro-Inc-Paddington-Office-Locations-EI_IE8983.4,19_IL.20,30_IC3527325.htm","https://www.glassdoor.com/Reviews/Wiwynn-Paddington-Reviews-EI_IE1161475.0,6_IL.7,17_IC3527325.htm",validation_failed,gap_probe_failed: missing_target_metrics,pool-location-id,2026-06-28T10:47:23.465820+00:00
Wiwynn,"Aliso, CA",aliso ca,office-location,"Aliso, CA","https://www.glassdoor.com/Location/All-Dell-Technologies-Aliso-Office-Locations-EI_IE1327.4,21_IL.22,27_IC3789361.htm","https://www.glassdoor.com/Reviews/Wiwynn-Aliso-Reviews-EI_IE1161475.0,6_IL.7,12_IC3789361.htm",validation_failed,gap_probe_failed: missing_target_metrics,pool-location-id,2026-06-28T10:47:29.621077+00:00
Wiwynn,"Bedford, MA",bedford ma,office-location,"Bedford, MA","https://www.glassdoor.com/Location/All-Dell-Technologies-Bedford-Office-Locations-EI_IE1327.4,21_IL.22,29_IC1154527.htm","https://www.glassdoor.com/Reviews/Wiwynn-Bedford-Reviews-EI_IE1161475.0,6_IL.7,14_IC1154527.htm",validation_failed,gap_probe_failed: missing_target_metrics,pool-location-id,2026-06-28T10:47:35.744885+00:00
Wiwynn,"Boston, MA",boston ma,office-location,"Boston, MA","https://www.glassdoor.com/Location/All-Dell-Technologies-Boston-Office-Locations-EI_IE1327.4,21_IL.22,28_IC1154532.htm","https://www.glassdoor.com/Reviews/Wiwynn-Boston-Reviews-EI_IE1161475.0,6_IL.7,13_IC1154532.htm",validation_failed,gap_probe_failed: missing_target_metrics,pool-location-id,2026-06-28T10:47:41.949264+00:00
Wiwynn,"Boydton, VA",boydton va,office-location,"Boydton, VA","https://www.glassdoor.com/Location/All-Dell-Technologies-Boydton-Office-Locations-EI_IE1327.4,21_IL.22,29_IC1129623.htm","https://www.glassdoor.com/Reviews/Wiwynn-Boydton-Reviews-EI_IE1161475.0,6_IL.7,14_IC1129623.htm",validation_failed,gap_probe_failed: missing_target_metrics,pool-location-id,2026-06-28T10:47:48.100554+00:00
Wiwynn,"Cambridge, MA",cambridge ma,office-location,"Cambridge, MA","https://www.glassdoor.com/Location/All-Dell-Technologies-Cambridge-Office-Locations-EI_IE1327.4,21_IL.22,31_IC1154545.htm","https://www.glassdoor.com/Reviews/Wiwynn-Cambridge-Reviews-EI_IE1161475.0,6_IL.7,16_IC1154545.htm",validation_failed,gap_probe_failed: missing_target_metrics,pool-location-id,2026-06-28T10:47:54.064517+00:00
Wiwynn,"Canada, KY",canada ky,office-location,"Canada, KY","https://www.glassdoor.com/Location/All-Dell-Technologies-Canada-Office-Locations-EI_IE1327.4,21_IL.22,28_IC1137126.htm","https://www.glassdoor.com/Reviews/Wiwynn-Canada-Reviews-EI_IE1161475.0,6_IL.7,13_IC1137126.htm",validation_failed,gap_probe_failed: missing_target_metrics,pool-location-id,2026-06-28T10:47:59.758011+00:00
Wiwynn,"Canton, MA",canton ma,office-location,"Canton, MA","https://www.glassdoor.com/Location/All-Dell-Technologies-Canton-Office-Locations-EI_IE1327.4,21_IL.22,28_IC1154546.htm","https://www.glassdoor.com/Reviews/Wiwynn-Canton-Reviews-EI_IE1161475.0,6_IL.7,13_IC1154546.htm",validation_failed,gap_probe_failed: missing_target_metrics,pool-location-id,2026-06-28T10:48:06.204291+00:00
Wiwynn,"Cedar Park, TX",cedar park tx,office-location,"Cedar Park, TX","https://www.glassdoor.com/Location/All-Dell-Technologies-Cedar-Park-Office-Locations-EI_IE1327.4,21_IL.22,32_IC1139765.htm","https://www.glassdoor.com/Reviews/Wiwynn-Cedar-Park-Reviews-EI_IE1161475.0,6_IL.7,17_IC1139765.htm",validation_failed,gap_probe_failed: missing_target_metrics,pool-location-id,2026-06-28T10:48:12.429847+00:00
Wiwynn,"Framingham, MA",framingham ma,office-location,"Framingham, MA","https://www.glassdoor.com/Location/All-Dell-Technologies-Framingham-Office-Locations-EI_IE1327.4,21_IL.22,32_IC1154571.htm","https://www.glassdoor.com/Reviews/Wiwynn-Framingham-Reviews-EI_IE1161475.0,6_IL.7,17_IC1154571.htm",validation_failed,gap_probe_failed: missing_target_metrics,pool-location-id,2026-06-28T10:48:24.520137+00:00
Wiwynn,"Franklin, MA",franklin ma,office-location,"Franklin, MA","https://www.glassdoor.com/Location/All-Dell-Technologies-Franklin-Office-Locations-EI_IE1327.4,21_IL.22,30_IC1154572.htm","https://www.glassdoor.com/Reviews/Wiwynn-Franklin-Reviews-EI_IE1161475.0,6_IL.7,15_IC1154572.htm",validation_failed,gap_probe_failed: missing_target_metrics,pool-location-id,2026-06-28T10:48:30.416647+00:00
Wiwynn,"Fuquay-Varina, NC",fuquay varina nc,office-location,"Fuquay-Varina, NC","https://www.glassdoor.com/Location/All-Dell-Technologies-Fuquay-Varina-Office-Locations-EI_IE1327.4,21_IL.22,35_IC3757296.htm","https://www.glassdoor.com/Reviews/Wiwynn-Fuquay-Varina-Reviews-EI_IE1161475.0,6_IL.7,20_IC3757296.htm",validation_failed,gap_probe_failed: missing_target_metrics,pool-location-id,2026-06-28T10:48:36.472363+00:00
Wiwynn,"Georgetown, TX",georgetown tx,office-location,"Georgetown, TX","https://www.glassdoor.com/Location/All-Dell-Technologies-Georgetown-Office-Locations-EI_IE1327.4,21_IL.22,32_IC1139774.htm","https://www.glassdoor.com/Reviews/Wiwynn-Georgetown-Reviews-EI_IE1161475.0,6_IL.7,17_IC1139774.htm",validation_failed,gap_probe_failed: missing_target_metrics,pool-location-id,2026-06-28T10:48:42.850540+00:00
Wiwynn,"Hopkinton, MA",hopkinton ma,office-location,"Hopkinton, MA","https://www.glassdoor.com/Location/All-Dell-Technologies-Hopkinton-Office-Locations-EI_IE1327.4,21_IL.22,31_IC1154589.htm","https://www.glassdoor.com/Reviews/Wiwynn-Hopkinton-Reviews-EI_IE1161475.0,6_IL.7,16_IC1154589.htm",validation_failed,gap_probe_failed: missing_target_metrics,pool-location-id,2026-06-28T10:48:48.841873+00:00
Wiwynn,"India, TX",india tx,office-location,"India, TX","https://www.glassdoor.com/Location/All-Dell-Technologies-India-Office-Locations-EI_IE1327.4,21_IL.22,27_IC3759223.htm","https://www.glassdoor.com/Reviews/Wiwynn-India-Reviews-EI_IE1161475.0,6_IL.7,12_IC3759223.htm",validation_failed,gap_probe_failed: missing_target_metrics,pool-location-id,2026-06-28T10:48:55.472621+00:00
Wiwynn,"Land O' Lakes, FL",land o lakes fl,office-location,"Land O' Lakes, FL","https://www.glassdoor.com/Location/All-Dell-Technologies-Land-O-Lakes-Office-Locations-EI_IE1327.4,21_IL.22,34_IC3817049.htm","https://www.glassdoor.com/Reviews/Wiwynn-Land-O-Lakes-Reviews-EI_IE1161475.0,6_IL.7,19_IC3817049.htm",validation_failed,gap_probe_failed: missing_target_metrics,pool-location-id,2026-06-28T10:49:01.274150+00:00
Wiwynn,"Leander, TX",leander tx,office-location,"Leander, TX","https://www.glassdoor.com/Location/All-Dell-Technologies-Leander-Office-Locations-EI_IE1327.4,21_IL.22,29_IC1139779.htm","https://www.glassdoor.com/Reviews/Wiwynn-Leander-Reviews-EI_IE1161475.0,6_IL.7,14_IC1139779.htm",validation_failed,gap_probe_failed: missing_target_metrics,pool-location-id,2026-06-28T10:49:07.469547+00:00
Wiwynn,"Pflugerville, TX",pflugerville tx,office-location,"Pflugerville, TX","https://www.glassdoor.com/Location/All-Dell-Technologies-Pflugerville-Office-Locations-EI_IE1327.4,21_IL.22,34_IC1139790.htm","https://www.glassdoor.com/Reviews/Wiwynn-Pflugerville-Reviews-EI_IE1161475.0,6_IL.7,19_IC1139790.htm",validation_failed,gap_probe_failed: missing_target_metrics,pool-location-id,2026-06-28T10:49:13.323236+00:00
Wiwynn,"Quincy, MA",quincy ma,office-location,"Quincy, MA","https://www.glassdoor.com/Location/All-Dell-Technologies-Quincy-Office-Locations-EI_IE1327.4,21_IL.22,28_IC1154667.htm","https://www.glassdoor.com/Reviews/Wiwynn-Quincy-Reviews-EI_IE1161475.0,6_IL.7,13_IC1154667.htm",validation_failed,gap_probe_failed: missing_target_metrics,pool-location-id,2026-06-28T10:49:19.337755+00:00
Wiwynn,"Round Rock, TX",round rock tx,office-location,"Round Rock, TX","https://www.glassdoor.com/Location/All-Dell-Technologies-Round-Rock-Office-Locations-EI_IE1327.4,21_IL.22,32_IC1139794.htm","https://www.glassdoor.com/Reviews/Wiwynn-Round-Rock-Reviews-EI_IE1161475.0,6_IL.7,17_IC1139794.htm",validation_failed,gap_probe_failed: missing_target_metrics,pool-location-id,2026-06-28T10:49:31.262163+00:00
Wiwynn,"San Marcos, TX",san marcos tx,office-location,"San Marcos, TX","https://www.glassdoor.com/Location/All-Dell-Technologies-San-Marcos-Office-Locations-EI_IE1327.4,21_IL.22,32_IC1139795.htm","https://www.glassdoor.com/Reviews/Wiwynn-San-Marcos-Reviews-EI_IE1161475.0,6_IL.7,17_IC1139795.htm",validation_failed,gap_probe_failed: missing_target_metrics,pool-location-id,2026-06-28T10:49:37.575999+00:00
Wiwynn,"Satellite Beach, FL",satellite beach fl,office-location,"Satellite Beach, FL","https://www.glassdoor.com/Location/All-Dell-Technologies-Satellite-Beach-Office-Locations-EI_IE1327.4,21_IL.22,37_IC1154294.htm","https://www.glassdoor.com/Reviews/Wiwynn-Satellite-Beach-Reviews-EI_IE1161475.0,6_IL.7,22_IC1154294.htm",validation_failed,gap_probe_failed: missing_target_metrics,pool-location-id,2026-06-28T10:49:43.460194+00:00
Wiwynn,"Wellesley, MA",wellesley ma,office-location,"Wellesley, MA","https://www.glassdoor.com/Location/All-Dell-Technologies-Wellesley-Office-Locations-EI_IE1327.4,21_IL.22,31_IC1154708.htm","https://www.glassdoor.com/Reviews/Wiwynn-Wellesley-Reviews-EI_IE1161475.0,6_IL.7,16_IC1154708.htm",validation_failed,gap_probe_failed: missing_target_metrics,pool-location-id,2026-06-28T10:49:49.119833+00:00
Wiwynn,"Domlur, KA",domlur ka,office-location,"Domlur, KA","https://www.glassdoor.com/Location/All-Dell-Technologies-Domlur-Office-Locations-EI_IE1327.4,21_IL.22,28_IC4470560.htm","https://www.glassdoor.com/Reviews/Wiwynn-Domlur-Reviews-EI_IE1161475.0,6_IL.7,13_IC4470560.htm",validation_failed,gap_probe_failed: missing_target_metrics,pool-location-id,2026-06-28T10:49:55.752332+00:00
Wiwynn,"Chicago, IL",chicago il,office-location,"Chicago, IL","https://www.glassdoor.com/Location/All-Lenovo-Chicago-Office-Locations-EI_IE8034.4,10_IL.11,18_IC1128808.htm","https://www.glassdoor.com/Reviews/Wiwynn-Chicago-Reviews-EI_IE1161475.0,6_IL.7,14_IC1128808.htm",validation_failed,gap_probe_failed: missing_target_metrics,pool-location-id,2026-06-28T10:50:01.500443+00:00
Wiwynn,"Morrisville, NC",morrisville nc,office-location,"Morrisville, NC","https://www.glassdoor.com/Location/All-Lenovo-Morrisville-Office-Locations-EI_IE8034.4,10_IL.11,22_IC1138956.htm","https://www.glassdoor.com/Reviews/Wiwynn-Morrisville-Reviews-EI_IE1161475.0,6_IL.7,18_IC1138956.htm",validation_failed,gap_probe_failed: missing_target_metrics,pool-location-id,2026-06-28T10:50:07.745892+00:00
Wiwynn,"Bratislava, 02",bratislava 02,office-location,"Bratislava, 02","https://www.glassdoor.com/Location/All-Lenovo-Bratislava-Office-Locations-EI_IE8034.4,10_IL.11,21_IC2907054.htm","https://www.glassdoor.com/Reviews/Wiwynn-Bratislava-Reviews-EI_IE1161475.0,6_IL.7,17_IC2907054.htm",validation_failed,gap_probe_failed: missing_target_metrics,pool-location-id,2026-06-28T10:50:14.068050+00:00
Wiwynn,"Stuttgart, BW",stuttgart bw,office-location,"Stuttgart, BW","https://www.glassdoor.com/Location/All-Lenovo-Stuttgart-Office-Locations-EI_IE8034.4,10_IL.11,20_IC2507190.htm","https://www.glassdoor.com/Reviews/Wiwynn-Stuttgart-Reviews-EI_IE1161475.0,6_IL.7,16_IC2507190.htm",validation_failed,gap_probe_failed: missing_target_metrics,pool-location-id,2026-06-28T10:50:20.089437+00:00
Wiwynn,"Beijing, 22",beijing 22,office-location,"Beijing, 22","https://www.glassdoor.com/Location/All-Lenovo-Beijing-Office-Locations-EI_IE8034.4,10_IL.11,18_IC2398510.htm","https://www.glassdoor.com/Reviews/Wiwynn-Beijing-Reviews-EI_IE1161475.0,6_IL.7,14_IC2398510.htm",validation_failed,gap_probe_failed: missing_target_metrics,pool-location-id,2026-06-28T10:50:25.568623+00:00
Wiwynn,"Changping, 22",changping 22,office-location,"Changping, 22","https://www.glassdoor.com/Location/All-Lenovo-Changping-Office-Locations-EI_IE8034.4,10_IL.11,20_IC2405661.htm","https://www.glassdoor.com/Reviews/Wiwynn-Changping-Reviews-EI_IE1161475.0,6_IL.7,16_IC2405661.htm",validation_failed,gap_probe_failed: missing_target_metrics,pool-location-id,2026-06-28T10:50:37.270287+00:00
Wiwynn,"Haidian, 22",haidian 22,office-location,"Haidian, 22","https://www.glassdoor.com/Location/All-Lenovo-Haidian-Office-Locations-EI_IE8034.4,10_IL.11,18_IC2405685.htm","https://www.glassdoor.com/Reviews/Wiwynn-Haidian-Reviews-EI_IE1161475.0,6_IL.7,14_IC2405685.htm",validation_failed,gap_probe_failed: missing_target_metrics,pool-location-id,2026-06-28T10:50:44.332857+00:00
Wiwynn,Hong Kong,hong kong,office-location,Hong Kong,"https://www.glassdoor.com/Location/All-Lenovo-Hong-Kong-Office-Locations-EI_IE8034.4,10_IL.11,20_IC2308631.htm","https://www.glassdoor.com/Reviews/Wiwynn-Hong-Kong-Reviews-EI_IE1161475.0,6_IL.7,16_IC2308631.htm",validation_failed,gap_probe_failed: missing_target_metrics,pool-location-id,2026-06-28T10:50:50.777347+00:00
Wiwynn,"Shenzhenzhen, 02",shenzhenzhen 02,office-location,"Shenzhenzhen, 02","https://www.glassdoor.com/Location/All-Lenovo-Shenzhenzhen-Office-Locations-EI_IE8034.4,10_IL.11,23_IC2441398.htm","https://www.glassdoor.com/Reviews/Wiwynn-Shenzhenzhen-Reviews-EI_IE1161475.0,6_IL.7,19_IC2441398.htm",validation_failed,gap_probe_failed: missing_target_metrics,pool-location-id,2026-06-28T10:50:57.005517+00:00
Wiwynn,"Xiamen, 07",xiamen 07,office-location,"Xiamen, 07","https://www.glassdoor.com/Location/All-Lenovo-Xiamen-Office-Locations-EI_IE8034.4,10_IL.11,17_IC2564138.htm","https://www.glassdoor.com/Reviews/Wiwynn-Xiamen-Reviews-EI_IE1161475.0,6_IL.7,13_IC2564138.htm",validation_failed,gap_probe_failed: missing_target_metrics,pool-location-id,2026-06-28T10:51:04.949424+00:00
Wiwynn,"Buenos Aires, C",buenos aires c,office-location,"Buenos Aires, C","https://www.glassdoor.com/Location/All-Lenovo-Buenos-Aires-Office-Locations-EI_IE8034.4,10_IL.11,23_IC2242084.htm","https://www.glassdoor.com/Reviews/Wiwynn-Buenos-Aires-Reviews-EI_IE1161475.0,6_IL.7,19_IC2242084.htm",validation_failed,gap_probe_failed: missing_target_metrics,pool-location-id,2026-06-28T10:51:11.386743+00:00
Wiwynn,"Campinas, SP",campinas sp,office-location,"Campinas, SP","https://www.glassdoor.com/Location/All-Lenovo-Campinas-Office-Locations-EI_IE8034.4,10_IL.11,19_IC2490130.htm","https://www.glassdoor.com/Reviews/Wiwynn-Campinas-Reviews-EI_IE1161475.0,6_IL.7,15_IC2490130.htm",validation_failed,gap_probe_failed: missing_target_metrics,pool-location-id,2026-06-28T10:51:17.038176+00:00
Wiwynn,"Indaiatuba, SP",indaiatuba sp,office-location,"Indaiatuba, SP","https://www.glassdoor.com/Location/All-Lenovo-Indaiatuba-Office-Locations-EI_IE8034.4,10_IL.11,21_IC2480058.htm","https://www.glassdoor.com/Reviews/Wiwynn-Indaiatuba-Reviews-EI_IE1161475.0,6_IL.7,17_IC2480058.htm",validation_failed,gap_probe_failed: missing_target_metrics,pool-location-id,2026-06-28T10:51:22.387876+00:00
Wiwynn,"Itu, SP",itu sp,office-location,"Itu, SP","https://www.glassdoor.com/Location/All-Lenovo-Itu-Office-Locations-EI_IE8034.4,10_IL.11,14_IC2490672.htm","https://www.glassdoor.com/Reviews/Wiwynn-Itu-Reviews-EI_IE1161475.0,6_IL.7,10_IC2490672.htm",validation_failed,gap_probe_failed: missing_target_metrics,pool-location-id,2026-06-28T10:51:28.476097+00:00
Wiwynn,"Martínez, B",mart nez b,office-location,"Martínez, B","https://www.glassdoor.com/Location/All-Lenovo-Martínez-Office-Locations-EI_IE8034.4,10_IL.11,19_IC2207815.htm","https://www.glassdoor.com/Reviews/Wiwynn-Mart%C3%ADnez-Reviews-EI_IE1161475.0,6_IL.7,15_IC2207815.htm",validation_failed,gap_probe_failed: missing_target_metrics,pool-location-id,2026-06-28T10:51:35.327364+00:00
Wiwynn,"Sorocaba, SP",sorocaba sp,office-location,"Sorocaba, SP","https://www.glassdoor.com/Location/All-Lenovo-Sorocaba-Office-Locations-EI_IE8034.4,10_IL.11,19_IC2475809.htm","https://www.glassdoor.com/Reviews/Wiwynn-Sorocaba-Reviews-EI_IE1161475.0,6_IL.7,15_IC2475809.htm",validation_failed,gap_probe_failed: missing_target_metrics,pool-location-id,2026-06-28T10:51:46.849633+00:00
Wiwynn,"Vicente López, B",vicente l pez b,office-location,"Vicente López, B","https://www.glassdoor.com/Location/All-Lenovo-Vicente-López-Office-Locations-EI_IE8034.4,10_IL.11,24_IC2211608.htm","https://www.glassdoor.com/Reviews/Wiwynn-Vicente-L%C3%B3pez-Reviews-EI_IE1161475.0,6_IL.7,20_IC2211608.htm",validation_failed,gap_probe_failed: missing_target_metrics,pool-location-id,2026-06-28T10:51:54.276474+00:00
Wiwynn,Global,global,manual-seed,,,https://www.glassdoor.com/Reviews/Wiwynn-Reviews-E1161475.htm,resolved,,review-url-hint,2026-06-28T15:31:08.458+08:00
Wiwynn,Taipei,taipei,manual-seed,"Taipei, TPQ","https://www.glassdoor.com/Location/All-ASUS-Taipei-Office-Locations-EI_IE40093.4,8_IL.9,15_IC3271041.htm","https://www.glassdoor.com/Reviews/Wiwynn-Taipei-Reviews-EI_IE1161475.0,6_IL.7,13_IC3271041.htm",validation_failed,gap_probe_failed: company_mismatch,pool-location-id,2026-06-28T15:53:28.075744+08:00
Wiwynn,Hsinchu,hsinchu,manual-seed,"Hsinchu, TXG","https://www.glassdoor.com/Location/All-NVIDIA-Hsinchu-Office-Locations-EI_IE7633.4,10_IL.11,18_IC4915323.htm","https://www.glassdoor.com/Reviews/Wiwynn-Hsinchu-Reviews-EI_IE1161475.0,6_IL.7,14_IC4915323.htm",validation_failed,gap_probe_failed: company_mismatch,pool-location-id,2026-06-28T15:53:30.067889+08:00
Wiwynn,Taoyuan,taoyuan,manual-seed,,,,no_result,pool_location_id_not_found,pool-location-id,2026-06-28T15:53:30.145223+08:00
Wiwynn,Shanghai,shanghai,manual-seed,"Shanghai, 23","https://www.glassdoor.com/Location/All-NVIDIA-Shanghai-Office-Locations-EI_IE7633.4,10_IL.11,19_IC2416009.htm","https://www.glassdoor.com/Reviews/Wiwynn-Shanghai-Reviews-EI_IE1161475.0,6_IL.7,15_IC2416009.htm",validation_failed,gap_probe_failed: company_mismatch,pool-location-id,2026-06-28T15:53:32.313356+08:00
Wiwynn,Shenzhen,shenzhen,manual-seed,"Shenzhenzhen, 02","https://www.glassdoor.com/Location/All-Lenovo-Shenzhenzhen-Office-Locations-EI_IE8034.4,10_IL.11,23_IC2441398.htm","https://www.glassdoor.com/Reviews/Wiwynn-Shenzhenzhen-Reviews-EI_IE1161475.0,6_IL.7,19_IC2441398.htm",validation_failed,gap_probe_failed: missing_target_metrics,pool-location-id,2026-06-28T15:56:37.397438+08:00
Wiwynn,Tokyo,tokyo,manual-seed,"Tokyo, 40","https://www.glassdoor.com/Location/All-ASUS-Tokyo-Office-Locations-EI_IE40093.4,8_IL.9,14_IC2851580.htm","https://www.glassdoor.com/Reviews/Wiwynn-Tokyo-Reviews-EI_IE1161475.0,6_IL.7,12_IC2851580.htm",validation_failed,gap_probe_failed: missing_target_metrics,pool-location-id,2026-06-28T15:56:45.257088+08:00
Wiwynn,Seoul,seoul,manual-seed,"Seoul, 11","https://www.glassdoor.com/Location/All-ASUS-Seoul-Office-Locations-EI_IE40093.4,8_IL.9,14_IC3021489.htm","https://www.glassdoor.com/Reviews/Wiwynn-Seoul-Reviews-EI_IE1161475.0,6_IL.7,12_IC3021489.htm",validation_failed,gap_probe_failed: missing_target_metrics,pool-location-id,2026-06-28T15:56:49.477345+08:00
Wiwynn,Austin,austin,manual-seed,"Austin, TX","https://www.glassdoor.com/Location/All-NVIDIA-Austin-Office-Locations-EI_IE7633.4,10_IL.11,17_IC1139761.htm","https://www.glassdoor.com/Reviews/Wiwynn-Austin-Reviews-EI_IE1161475.0,6_IL.7,13_IC1139761.htm",validation_failed,gap_probe_failed: missing_target_metrics,pool-location-id,2026-06-28T15:56:53.281823+08:00
Wiwynn,Seattle,seattle,manual-seed,,,,no_result,pool_location_id_not_found,pool-location-id,2026-06-28T15:56:53.334616+08:00
Wiwynn,London,london,manual-seed,"London, ENG","https://www.glassdoor.com/Location/All-Trend-Micro-Inc-London-Office-Locations-EI_IE8983.4,19_IL.20,26_IC2671300.htm","https://www.glassdoor.com/Reviews/Wiwynn-London-Reviews-EI_IE1161475.0,6_IL.7,13_IC2671300.htm",validation_failed,gap_probe_failed: missing_target_metrics,pool-location-id,2026-06-28T15:57:00.695145+08:00
Wiwynn,Dublin,dublin,manual-seed,,,,no_result,pool_location_id_not_found,pool-location-id,2026-06-28T15:57:00.744888+08:00
Wiwynn,Munich,munich,manual-seed,"Munich, BY","https://www.glassdoor.com/Location/All-NVIDIA-Munich-Office-Locations-EI_IE7633.4,10_IL.11,17_IC4990924.htm","https://www.glassdoor.com/Reviews/Wiwynn-Munich-Reviews-EI_IE1161475.0,6_IL.7,13_IC4990924.htm",validation_failed,gap_probe_failed: missing_target_metrics,pool-location-id,2026-06-28T15:57:04.938159+08:00
Delta Electronics,"Ciudad de Mexico, MEX",ciudad de mexico mex,office-location,"Ciudad de Mexico, MEX","https://www.glassdoor.com/Location/All-ASUS-Ciudad-de-Mexico-Office-Locations-EI_IE40093.4,8_IL.9,25_IC5017436.htm","https://www.glassdoor.com/Reviews/Delta-Electronics-Ciudad-de-Mexico-Reviews-EI_IE41146.0,17_IL.18,34_IC5017436.htm",resolved,,pool-location-id,2026-06-28T10:51:59.975585+00:00
Delta Electronics,"Fremont, CA",fremont ca,office-location,"Fremont, CA","https://www.glassdoor.com/Location/All-Delta-Electronics-Fremont-Office-Locations-EI_IE41146.4,21_IL.22,29_IC1147355.htm","https://www.glassdoor.com/Reviews/Delta-Electronics-Fremont-Reviews-EI_IE41146.0,17_IL.18,25_IC1147355.htm",resolved,,office-navigation,2026-06-28T15:31:11.943267+08:00
Delta Electronics,"Markham, ON",markham on,office-location,"Markham, ON","https://www.glassdoor.com/Location/All-ASUS-Markham-Office-Locations-EI_IE40093.4,8_IL.9,16_IC2280736.htm","https://www.glassdoor.com/Reviews/Delta-Electronics-Markham-Reviews-EI_IE41146.0,17_IL.18,25_IC2280736.htm",validation_failed,gap_probe_failed: missing_target_metrics,pool-location-id,2026-06-28T10:52:07.623728+00:00
Delta Electronics,"Barcelona, CT",barcelona ct,office-location,"Barcelona, CT","https://www.glassdoor.com/Location/All-ASUS-Barcelona-Office-Locations-EI_IE40093.4,8_IL.9,18_IC2547194.htm","https://www.glassdoor.com/Reviews/Delta-Electronics-Barcelona-Reviews-EI_IE41146.0,17_IL.18,27_IC2547194.htm",validation_failed,gap_probe_failed: missing_target_metrics,pool-location-id,2026-06-28T10:52:13.825193+00:00
Delta Electronics,"Budapest, BU",budapest bu,office-location,"Budapest, BU","https://www.glassdoor.com/Location/All-ASUS-Budapest-Office-Locations-EI_IE40093.4,8_IL.9,17_IC3125126.htm","https://www.glassdoor.com/Reviews/Delta-Electronics-Budapest-Reviews-EI_IE41146.0,17_IL.18,26_IC3125126.htm",validation_failed,gap_probe_failed: missing_target_metrics,pool-location-id,2026-06-28T10:52:19.457383+00:00
Delta Electronics,"Emmen, DR",emmen dr,office-location,"Emmen, DR","https://www.glassdoor.com/Location/All-ASUS-Emmen-Office-Locations-EI_IE40093.4,8_IL.9,14_IC3060162.htm","https://www.glassdoor.com/Reviews/Delta-Electronics-Emmen-Reviews-EI_IE41146.0,17_IL.18,23_IC3060162.htm",validation_failed,gap_probe_failed: missing_target_metrics,pool-location-id,2026-06-28T10:52:26.134142+00:00
Delta Electronics,"Hemel Hempstead, ENG",hemel hempstead eng,office-location,"Hemel Hempstead, ENG","https://www.glassdoor.com/Location/All-ASUS-Hemel-Hempstead-Office-Locations-EI_IE40093.4,8_IL.9,24_IC2669775.htm","https://www.glassdoor.com/Reviews/Delta-Electronics-Hemel-Hempstead-Reviews-EI_IE41146.0,17_IL.18,33_IC2669775.htm",validation_failed,gap_probe_failed: missing_target_metrics,pool-location-id,2026-06-28T10:52:31.819571+00:00
Delta Electronics,"Milan, LOM",milan lom,office-location,"Milan, LOM","https://www.glassdoor.com/Location/All-ASUS-Milan-Office-Locations-EI_IE40093.4,8_IL.9,14_IC2802090.htm","https://www.glassdoor.com/Reviews/Delta-Electronics-Milan-Reviews-EI_IE41146.0,17_IL.18,23_IC2802090.htm",resolved,,pool-location-id,2026-06-28T10:52:38.534374+00:00
Delta Electronics,"Moravská Ostrava, MO",moravsk ostrava mo,office-location,"Moravská Ostrava, MO","https://www.glassdoor.com/Location/All-ASUS-Moravská-Ostrava-Office-Locations-EI_IE40093.4,8_IL.9,25_IC2288209.htm","https://www.glassdoor.com/Reviews/Delta-Electronics-Moravsk%C3%A1-Ostrava-Reviews-EI_IE41146.0,17_IL.18,34_IC2288209.htm",validation_failed,gap_probe_failed: missing_target_metrics,pool-location-id,2026-06-28T10:52:44.824972+00:00
Delta Electronics,"Noisy-le-Grand, A8",noisy le grand a8,office-location,"Noisy-le-Grand, A8","https://www.glassdoor.com/Location/All-ASUS-Noisy-le-Grand-Office-Locations-EI_IE40093.4,8_IL.9,23_IC3100822.htm","https://www.glassdoor.com/Reviews/Delta-Electronics-Noisy-le-Grand-Reviews-EI_IE41146.0,17_IL.18,32_IC3100822.htm",validation_failed,gap_probe_failed: missing_target_metrics,pool-location-id,2026-06-28T10:52:57.055249+00:00
Delta Electronics,"Ratingen, NW",ratingen nw,office-location,"Ratingen, NW","https://www.glassdoor.com/Location/All-ASUS-Ratingen-Office-Locations-EI_IE40093.4,8_IL.9,17_IC2584004.htm","https://www.glassdoor.com/Reviews/Delta-Electronics-Ratingen-Reviews-EI_IE41146.0,17_IL.18,26_IC2584004.htm",validation_failed,gap_probe_failed: missing_target_metrics,pool-location-id,2026-06-28T10:53:02.785883+00:00
Delta Electronics,"Üsküdar, T34",sk dar t34,office-location,"Üsküdar, T34","https://www.glassdoor.com/Location/All-ASUS-Üsküdar-Office-Locations-EI_IE40093.4,8_IL.9,16_IC3361446.htm","https://www.glassdoor.com/Reviews/Delta-Electronics-%C3%9Csk%C3%BCdar-Reviews-EI_IE41146.0,17_IL.18,25_IC3361446.htm",validation_failed,gap_probe_failed: missing_target_metrics,pool-location-id,2026-06-28T10:53:08.099600+00:00
Delta Electronics,"Warsaw, MZ",warsaw mz,office-location,"Warsaw, MZ","https://www.glassdoor.com/Location/All-ASUS-Warsaw-Office-Locations-EI_IE40093.4,8_IL.9,15_IC3094484.htm","https://www.glassdoor.com/Reviews/Delta-Electronics-Warsaw-Reviews-EI_IE41146.0,17_IL.18,24_IC3094484.htm",resolved,,pool-location-id,2026-06-28T10:53:14.458103+00:00
Delta Electronics,"Bangkok, 10",bangkok 10,office-location,"Bangkok, 10","https://www.glassdoor.com/Location/All-ASUS-Bangkok-Office-Locations-EI_IE40093.4,8_IL.9,16_IC3179725.htm","https://www.glassdoor.com/Reviews/Delta-Electronics-Bangkok-Reviews-EI_IE41146.0,17_IL.18,25_IC3179725.htm",resolved,,pool-location-id,2026-06-28T10:53:21.092930+00:00
Delta Electronics,"Dubai, DU",dubai du,office-location,"Dubai, DU","https://www.glassdoor.com/Location/All-ASUS-Dubai-Office-Locations-EI_IE40093.4,8_IL.9,14_IC2204498.htm","https://www.glassdoor.com/Reviews/Delta-Electronics-Dubai-Reviews-EI_IE41146.0,17_IL.18,23_IC2204498.htm",validation_failed,gap_probe_failed: missing_target_metrics,pool-location-id,2026-06-28T10:53:27.151085+00:00
Delta Electronics,"Jakarta, JK",jakarta jk,office-location,"Jakarta, JK","https://www.glassdoor.com/Location/All-ASUS-Jakarta-Office-Locations-EI_IE40093.4,8_IL.9,16_IC2709872.htm","https://www.glassdoor.com/Reviews/Delta-Electronics-Jakarta-Reviews-EI_IE41146.0,17_IL.18,25_IC2709872.htm",validation_failed,gap_probe_failed: missing_target_metrics,pool-location-id,2026-06-28T10:53:33.415710+00:00
Delta Electronics,"Kuala Lumpur, 14",kuala lumpur 14,office-location,"Kuala Lumpur, 14","https://www.glassdoor.com/Location/All-ASUS-Kuala-Lumpur-Office-Locations-EI_IE40093.4,8_IL.9,21_IC2986682.htm","https://www.glassdoor.com/Reviews/Delta-Electronics-Kuala-Lumpur-Reviews-EI_IE41146.0,17_IL.18,30_IC2986682.htm",validation_failed,gap_probe_failed: missing_target_metrics,pool-location-id,2026-06-28T10:53:40.263400+00:00
Delta Electronics,"Manila, D9",manila d9,office-location,"Manila, D9","https://www.glassdoor.com/Location/All-ASUS-Manila-Office-Locations-EI_IE40093.4,8_IL.9,15_IC2363570.htm","https://www.glassdoor.com/Reviews/Delta-Electronics-Manila-Reviews-EI_IE41146.0,17_IL.18,24_IC2363570.htm",resolved,,pool-location-id,2026-06-28T10:53:46.608975+00:00
Delta Electronics,"Mumbai, MH",mumbai mh,office-location,"Mumbai, MH","https://www.glassdoor.com/Location/All-ASUS-Mumbai-Office-Locations-EI_IE40093.4,8_IL.9,15_IC2851180.htm","https://www.glassdoor.com/Reviews/Delta-Electronics-Mumbai-Reviews-EI_IE41146.0,17_IL.18,24_IC2851180.htm",resolved,,pool-location-id,2026-06-28T10:53:52.655380+00:00
Delta Electronics,"Seoul, 11",seoul 11,office-location,"Seoul, 11","https://www.glassdoor.com/Location/All-ASUS-Seoul-Office-Locations-EI_IE40093.4,8_IL.9,14_IC3021489.htm","https://www.glassdoor.com/Reviews/Delta-Electronics-Seoul-Reviews-EI_IE41146.0,17_IL.18,23_IC3021489.htm",resolved,,pool-location-id,2026-06-28T10:54:04.114102+00:00
Delta Electronics,Singapore,singapore,office-location,Singapore,"https://www.glassdoor.com/Location/All-ASUS-Singapore-Office-Locations-EI_IE40093.4,8_IL.9,18_IC3235921.htm","https://www.glassdoor.com/Reviews/Delta-Electronics-Singapore-Reviews-EI_IE41146.0,17_IL.18,27_IC3235921.htm",resolved,,pool-location-id,2026-06-28T15:57:09.019561+08:00
Delta Electronics,"Taipei, TPQ",taipei tpq,office-location,"Taipei, TPQ","https://www.glassdoor.com/Location/All-Delta-Electronics-Taipei-Office-Locations-EI_IE41146.4,21_IL.22,28_IC3271041.htm","https://www.glassdoor.com/Reviews/Delta-Electronics-Taipei-Reviews-EI_IE41146.0,17_IL.18,24_IC3271041.htm",resolved,,office-navigation,2026-06-28T15:31:36.860779+08:00
Delta Electronics,"Tokyo, 40",tokyo 40,office-location,"Tokyo, 40","https://www.glassdoor.com/Location/All-ASUS-Tokyo-Office-Locations-EI_IE40093.4,8_IL.9,14_IC2851580.htm","https://www.glassdoor.com/Reviews/Delta-Electronics-Tokyo-Reviews-EI_IE41146.0,17_IL.18,23_IC2851580.htm",resolved,,pool-location-id,2026-06-28T10:54:10.629863+00:00
Delta Electronics,"San Isidro, HUC",san isidro huc,office-location,"San Isidro, HUC","https://www.glassdoor.com/Location/All-ASUS-San-Isidro-Office-Locations-EI_IE40093.4,8_IL.9,19_IC4694011.htm","https://www.glassdoor.com/Reviews/Delta-Electronics-San-Isidro-Reviews-EI_IE41146.0,17_IL.18,28_IC4694011.htm",validation_failed,gap_probe_failed: missing_target_metrics,pool-location-id,2026-06-28T10:54:16.461803+00:00
Delta Electronics,"Santiago, RM",santiago rm,office-location,"Santiago, RM","https://www.glassdoor.com/Location/All-ASUS-Santiago-Office-Locations-EI_IE40093.4,8_IL.9,17_IC2434030.htm","https://www.glassdoor.com/Reviews/Delta-Electronics-Santiago-Reviews-EI_IE41146.0,17_IL.18,26_IC2434030.htm",validation_failed,gap_probe_failed: missing_target_metrics,pool-location-id,2026-06-28T10:54:22.733302+00:00
Delta Electronics,"São Paulo, SP",s o paulo sp,office-location,"São Paulo, SP","https://www.glassdoor.com/Location/All-ASUS-São-Paulo-Office-Locations-EI_IE40093.4,8_IL.9,18_IC2479061.htm","https://www.glassdoor.com/Reviews/Delta-Electronics-S%C3%A3o-Paulo-Reviews-EI_IE41146.0,17_IL.18,27_IC2479061.htm",resolved,,pool-location-id,2026-06-28T10:54:30.172032+00:00
Delta Electronics,"Sydney, NSW",sydney nsw,office-location,"Sydney, NSW","https://www.glassdoor.com/Location/All-ASUS-Sydney-Office-Locations-EI_IE40093.4,8_IL.9,15_IC2235932.htm","https://www.glassdoor.com/Reviews/Delta-Electronics-Sydney-Reviews-EI_IE41146.0,17_IL.18,24_IC2235932.htm",resolved,,pool-location-id,2026-06-28T10:54:35.926727+00:00
Delta Electronics,"Austin, TX",austin tx,office-location,"Austin, TX","https://www.glassdoor.com/Location/All-NVIDIA-Austin-Office-Locations-EI_IE7633.4,10_IL.11,17_IC1139761.htm","https://www.glassdoor.com/Reviews/Delta-Electronics-Austin-Reviews-EI_IE41146.0,17_IL.18,24_IC1139761.htm",resolved,,pool-location-id,2026-06-28T10:54:42.216857+00:00
Delta Electronics,"Beaverton, OR",beaverton or,office-location,"Beaverton, OR","https://www.glassdoor.com/Location/All-NVIDIA-Beaverton-Office-Locations-EI_IE7633.4,10_IL.11,20_IC1151576.htm","https://www.glassdoor.com/Reviews/Delta-Electronics-Beaverton-Reviews-EI_IE41146.0,17_IL.18,27_IC1151576.htm",validation_failed,gap_probe_failed: missing_target_metrics,pool-location-id,2026-06-28T10:54:48.591929+00:00
Delta Electronics,"Bellevue, WA",bellevue wa,office-location,"Bellevue, WA","https://www.glassdoor.com/Location/All-NVIDIA-Bellevue-Office-Locations-EI_IE7633.4,10_IL.11,19_IC1150442.htm","https://www.glassdoor.com/Reviews/Delta-Electronics-Bellevue-Reviews-EI_IE41146.0,17_IL.18,26_IC1150442.htm",validation_failed,gap_probe_failed: missing_target_metrics,pool-location-id,2026-06-28T10:54:54.275678+00:00
Delta Electronics,"Durham, NC",durham nc,office-location,"Durham, NC","https://www.glassdoor.com/Location/All-NVIDIA-Durham-Office-Locations-EI_IE7633.4,10_IL.11,17_IC1138697.htm","https://www.glassdoor.com/Reviews/Delta-Electronics-Durham-Reviews-EI_IE41146.0,17_IL.18,24_IC1138697.htm",resolved,,pool-location-id,2026-06-28T10:55:03.130486+00:00
Delta Electronics,"Hillsboro, OR",hillsboro or,office-location,"Hillsboro, OR","https://www.glassdoor.com/Location/All-NVIDIA-Hillsboro-Office-Locations-EI_IE7633.4,10_IL.11,20_IC1151603.htm","https://www.glassdoor.com/Reviews/Delta-Electronics-Hillsboro-Reviews-EI_IE41146.0,17_IL.18,27_IC1151603.htm",validation_failed,gap_probe_failed: missing_target_metrics,pool-location-id,2026-06-28T10:55:14.241133+00:00
Delta Electronics,"Redmond, WA",redmond wa,office-location,"Redmond, WA","https://www.glassdoor.com/Location/All-NVIDIA-Redmond-Office-Locations-EI_IE7633.4,10_IL.11,18_IC1150499.htm","https://www.glassdoor.com/Reviews/Delta-Electronics-Redmond-Reviews-EI_IE41146.0,17_IL.18,25_IC1150499.htm",validation_failed,gap_probe_failed: missing_target_metrics,pool-location-id,2026-06-28T10:55:21.844831+00:00
Delta Electronics,"Saint Louis, MO",saint louis mo,office-location,"Saint Louis, MO","https://www.glassdoor.com/Location/All-NVIDIA-Saint-Louis-Office-Locations-EI_IE7633.4,10_IL.11,22_IC1131270.htm","https://www.glassdoor.com/Reviews/Delta-Electronics-Saint-Louis-Reviews-EI_IE41146.0,17_IL.18,29_IC1131270.htm",validation_failed,gap_probe_failed: missing_target_metrics,pool-location-id,2026-06-28T10:55:28.090173+00:00
Delta Electronics,"San Francisco, CA",san francisco ca,office-location,"San Francisco, CA","https://www.glassdoor.com/Location/All-NVIDIA-San-Francisco-Office-Locations-EI_IE7633.4,10_IL.11,24_IC1147401.htm","https://www.glassdoor.com/Reviews/Delta-Electronics-San-Francisco-Reviews-EI_IE41146.0,17_IL.18,31_IC1147401.htm",resolved,,pool-location-id,2026-06-28T10:55:34.481702+00:00
Delta Electronics,"San Jose, CA",san jose,office-location,"San Jose, CA","https://www.glassdoor.com/Location/All-NVIDIA-San-Jose-Office-Locations-EI_IE7633.4,10_IL.11,19_IC1147436.htm","https://www.glassdoor.com/Reviews/Delta-Electronics-San-Jose-Reviews-EI_IE41146.0,17_IL.18,26_IC1147436.htm",resolved,,pool-location-id,2026-06-28T15:57:12.792305+08:00
Delta Electronics,"Santa Clara, CA",santa clara ca,office-location,"Santa Clara, CA","https://www.glassdoor.com/Location/All-NVIDIA-Santa-Clara-Office-Locations-EI_IE7633.4,10_IL.11,22_IC1147439.htm","https://www.glassdoor.com/Reviews/Delta-Electronics-Santa-Clara-Reviews-EI_IE41146.0,17_IL.18,29_IC1147439.htm",validation_failed,gap_probe_failed: missing_target_metrics,pool-location-id,2026-06-28T10:55:40.130139+00:00
Delta Electronics,"Toronto, ON",toronto on,office-location,"Toronto, ON","https://www.glassdoor.com/Location/All-NVIDIA-Toronto-Office-Locations-EI_IE7633.4,10_IL.11,18_IC2281069.htm","https://www.glassdoor.com/Reviews/Delta-Electronics-Toronto-Reviews-EI_IE41146.0,17_IL.18,25_IC2281069.htm",resolved,,pool-location-id,2026-06-28T10:55:46.988288+00:00
Delta Electronics,"Westford, MA",westford ma,office-location,"Westford, MA","https://www.glassdoor.com/Location/All-NVIDIA-Westford-Office-Locations-EI_IE7633.4,10_IL.11,19_IC1154720.htm","https://www.glassdoor.com/Reviews/Delta-Electronics-Westford-Reviews-EI_IE41146.0,17_IL.18,26_IC1154720.htm",validation_failed,gap_probe_failed: missing_target_metrics,pool-location-id,2026-06-28T10:55:53.303514+00:00
Delta Electronics,"Moscow, 48",moscow 48,office-location,"Moscow, 48","https://www.glassdoor.com/Location/All-NVIDIA-Moscow-Office-Locations-EI_IE7633.4,10_IL.11,17_IC3348306.htm","https://www.glassdoor.com/Reviews/Delta-Electronics-Moscow-Reviews-EI_IE41146.0,17_IL.18,24_IC3348306.htm",validation_failed,gap_probe_failed: missing_target_metrics,pool-location-id,2026-06-28T10:55:59.757185+00:00
Delta Electronics,"Munich, BY",munich by,office-location,"Munich, BY","https://www.glassdoor.com/Location/All-NVIDIA-Munich-Office-Locations-EI_IE7633.4,10_IL.11,17_IC4990924.htm","https://www.glassdoor.com/Reviews/Delta-Electronics-Munich-Reviews-EI_IE41146.0,17_IL.18,24_IC4990924.htm",validation_failed,gap_probe_failed: missing_target_metrics,pool-location-id,2026-06-28T10:56:06.884262+00:00
Delta Electronics,"Reading, ENG",reading eng,office-location,"Reading, ENG","https://www.glassdoor.com/Location/All-NVIDIA-Reading-Office-Locations-EI_IE7633.4,10_IL.11,18_IC2675152.htm","https://www.glassdoor.com/Reviews/Delta-Electronics-Reading-Reviews-EI_IE41146.0,17_IL.18,25_IC2675152.htm",validation_failed,gap_probe_failed: missing_target_metrics,pool-location-id,2026-06-28T10:56:14.472718+00:00
Delta Electronics,"Zürich, ZH",z rich zh,office-location,"Zürich, ZH","https://www.glassdoor.com/Location/All-NVIDIA-Zürich-Office-Locations-EI_IE7633.4,10_IL.11,17_IC3297851.htm","https://www.glassdoor.com/Reviews/Delta-Electronics-Z%C3%BCrich-Reviews-EI_IE41146.0,17_IL.18,24_IC3297851.htm",validation_failed,gap_probe_failed: missing_target_metrics,pool-location-id,2026-06-28T10:56:25.550474+00:00
Delta Electronics,"Bengaluru, KA",bengaluru ka,office-location,"Bengaluru, KA","https://www.glassdoor.com/Location/All-NVIDIA-Bengaluru-Office-Locations-EI_IE7633.4,10_IL.11,20_IC2940587.htm","https://www.glassdoor.com/Reviews/Delta-Electronics-Bengaluru-Reviews-EI_IE41146.0,17_IL.18,27_IC2940587.htm",resolved,,pool-location-id,2026-06-28T10:56:31.582274+00:00
Delta Electronics,"Hsinchu, TXG",hsinchu txg,office-location,"Hsinchu, TXG","https://www.glassdoor.com/Location/All-NVIDIA-Hsinchu-Office-Locations-EI_IE7633.4,10_IL.11,18_IC4915323.htm","https://www.glassdoor.com/Reviews/Delta-Electronics-Hsinchu-Reviews-EI_IE41146.0,17_IL.18,25_IC4915323.htm",resolved,,pool-location-id,2026-06-28T10:56:39.159384+00:00
Delta Electronics,"Pudong, 23",pudong 23,office-location,"Pudong, 23","https://www.glassdoor.com/Location/All-NVIDIA-Pudong-Office-Locations-EI_IE7633.4,10_IL.11,17_IC2415109.htm","https://www.glassdoor.com/Reviews/Delta-Electronics-Pudong-Reviews-EI_IE41146.0,17_IL.18,24_IC2415109.htm",validation_failed,gap_probe_failed: missing_target_metrics,pool-location-id,2026-06-28T10:56:45.078510+00:00
Delta Electronics,"Pune, MH",pune mh,office-location,"Pune, MH","https://www.glassdoor.com/Location/All-NVIDIA-Pune-Office-Locations-EI_IE7633.4,10_IL.11,15_IC2856202.htm","https://www.glassdoor.com/Reviews/Delta-Electronics-Pune-Reviews-EI_IE41146.0,17_IL.18,22_IC2856202.htm",resolved,,pool-location-id,2026-06-28T10:56:51.666270+00:00
Delta Electronics,"Shanghai, 23",shanghai 23,office-location,"Shanghai, 23","https://www.glassdoor.com/Location/All-NVIDIA-Shanghai-Office-Locations-EI_IE7633.4,10_IL.11,19_IC2416009.htm","https://www.glassdoor.com/Reviews/Delta-Electronics-Shanghai-Reviews-EI_IE41146.0,17_IL.18,26_IC2416009.htm",resolved,,pool-location-id,2026-06-28T10:56:59.085763+00:00
Delta Electronics,"San Jose, MP",san jose mp,office-location,"San Jose, CA","https://www.glassdoor.com/Location/All-NVIDIA-San-Jose-Office-Locations-EI_IE7633.4,10_IL.11,19_IC1147436.htm","https://www.glassdoor.com/Reviews/Delta-Electronics-San-Jose-Reviews-EI_IE41146.0,17_IL.18,26_IC1147436.htm",resolved,,pool-location-id,2026-06-28T10:57:05.694961+00:00
Delta Electronics,"Frankfurt am Main, HE",frankfurt am main he,office-location,"Frankfurt am Main, HE","https://www.glassdoor.com/Location/All-Micro-Star-International-Frankfurt-am-Main-Office-Locations-EI_IE41141.4,28_IL.29,46_IC2632180.htm","https://www.glassdoor.com/Reviews/Delta-Electronics-Frankfurt-am-Main-Reviews-EI_IE41146.0,17_IL.18,35_IC2632180.htm",validation_failed,gap_probe_failed: missing_target_metrics,pool-location-id,2026-06-28T10:57:11.711515+00:00
Delta Electronics,"Boise, ID",boise id,office-location,"Boise, ID","https://www.glassdoor.com/Location/All-HP-Inc-Boise-Office-Locations-EI_IE1093161.4,10_IL.11,16_IC1127927.htm","https://www.glassdoor.com/Reviews/Delta-Electronics-Boise-Reviews-EI_IE41146.0,17_IL.18,23_IC1127927.htm",validation_failed,gap_probe_failed: missing_target_metrics,pool-location-id,2026-06-28T10:57:17.539764+00:00
Delta Electronics,"Corvallis, OR",corvallis or,office-location,"Corvallis, OR","https://www.glassdoor.com/Location/All-HP-Inc-Corvallis-Office-Locations-EI_IE1093161.4,10_IL.11,20_IC1151455.htm","https://www.glassdoor.com/Reviews/Delta-Electronics-Corvallis-Reviews-EI_IE41146.0,17_IL.18,27_IC1151455.htm",validation_failed,gap_probe_failed: missing_target_metrics,pool-location-id,2026-06-28T10:57:23.512937+00:00
Delta Electronics,"Fort Collins, CO",fort collins co,office-location,"Fort Collins, CO","https://www.glassdoor.com/Location/All-HP-Inc-Fort-Collins-Office-Locations-EI_IE1093161.4,10_IL.11,23_IC1148233.htm","https://www.glassdoor.com/Reviews/Delta-Electronics-Fort-Collins-Reviews-EI_IE41146.0,17_IL.18,30_IC1148233.htm",validation_failed,gap_probe_failed: missing_target_metrics,pool-location-id,2026-06-28T10:57:37.098560+00:00
Delta Electronics,"Guadalajara, JAL",guadalajara jal,office-location,"Guadalajara, JAL","https://www.glassdoor.com/Location/All-HP-Inc-Guadalajara-Office-Locations-EI_IE1093161.4,10_IL.11,22_IC3486357.htm","https://www.glassdoor.com/Reviews/Delta-Electronics-Guadalajara-Reviews-EI_IE41146.0,17_IL.18,29_IC3486357.htm",validation_failed,gap_probe_failed: missing_target_metrics,pool-location-id,2026-06-28T10:57:42.989843+00:00
Delta Electronics,"Houston, TX",houston tx,office-location,"Houston, TX","https://www.glassdoor.com/Location/All-HP-Inc-Houston-Office-Locations-EI_IE1093161.4,10_IL.11,18_IC1140171.htm","https://www.glassdoor.com/Reviews/Delta-Electronics-Houston-Reviews-EI_IE41146.0,17_IL.18,25_IC1140171.htm",resolved,,pool-location-id,2026-06-28T10:57:49.769658+00:00
Delta Electronics,"Palo Alto, CA",palo alto ca,office-location,"Palo Alto, CA","https://www.glassdoor.com/Location/All-HP-Inc-Palo-Alto-Office-Locations-EI_IE1093161.4,10_IL.11,20_IC1147434.htm","https://www.glassdoor.com/Reviews/Delta-Electronics-Palo-Alto-Reviews-EI_IE41146.0,17_IL.18,27_IC1147434.htm",validation_failed,gap_probe_failed: missing_target_metrics,pool-location-id,2026-06-28T10:57:56.041916+00:00
Delta Electronics,"Portland, OR",portland or,office-location,"Portland, OR","https://www.glassdoor.com/Location/All-HP-Inc-Portland-Office-Locations-EI_IE1093161.4,10_IL.11,19_IC1151614.htm","https://www.glassdoor.com/Reviews/Delta-Electronics-Portland-Reviews-EI_IE41146.0,17_IL.18,26_IC1151614.htm",validation_failed,gap_probe_failed: missing_target_metrics,pool-location-id,2026-06-28T10:58:02.439979+00:00
Delta Electronics,"San Diego, CA",san diego ca,office-location,"San Diego, CA","https://www.glassdoor.com/Location/All-HP-Inc-San-Diego-Office-Locations-EI_IE1093161.4,10_IL.11,20_IC1147311.htm","https://www.glassdoor.com/Reviews/Delta-Electronics-San-Diego-Reviews-EI_IE41146.0,17_IL.18,27_IC1147311.htm",validation_failed,gap_probe_failed: missing_target_metrics,pool-location-id,2026-06-28T10:58:08.263509+00:00
Delta Electronics,"Spring, TX",spring tx,office-location,"Spring, TX","https://www.glassdoor.com/Location/All-HP-Inc-Spring-Office-Locations-EI_IE1093161.4,10_IL.11,17_IC1140222.htm","https://www.glassdoor.com/Reviews/Delta-Electronics-Spring-Reviews-EI_IE41146.0,17_IL.18,24_IC1140222.htm",validation_failed,gap_probe_failed: missing_target_metrics,pool-location-id,2026-06-28T10:58:14.346108+00:00
Delta Electronics,"Sunnyvale, CA",sunnyvale ca,office-location,"Sunnyvale, CA","https://www.glassdoor.com/Location/All-HP-Inc-Sunnyvale-Office-Locations-EI_IE1093161.4,10_IL.11,20_IC1147442.htm","https://www.glassdoor.com/Reviews/Delta-Electronics-Sunnyvale-Reviews-EI_IE41146.0,17_IL.18,27_IC1147442.htm",validation_failed,gap_probe_failed: missing_target_metrics,pool-location-id,2026-06-28T10:58:22.881321+00:00
Delta Electronics,"Tlaquepaque, JAL",tlaquepaque jal,office-location,"Tlaquepaque, JAL","https://www.glassdoor.com/Location/All-HP-Inc-Tlaquepaque-Office-Locations-EI_IE1093161.4,10_IL.11,22_IC3486348.htm","https://www.glassdoor.com/Reviews/Delta-Electronics-Tlaquepaque-Reviews-EI_IE41146.0,17_IL.18,29_IC3486348.htm",validation_failed,gap_probe_failed: missing_target_metrics,pool-location-id,2026-06-28T10:58:28.655222+00:00
Delta Electronics,"Vancouver, WA",vancouver wa,office-location,"Vancouver, WA","https://www.glassdoor.com/Location/All-HP-Inc-Vancouver-Office-Locations-EI_IE1093161.4,10_IL.11,20_IC1150413.htm","https://www.glassdoor.com/Reviews/Delta-Electronics-Vancouver-Reviews-EI_IE41146.0,17_IL.18,27_IC1150413.htm",validation_failed,gap_probe_failed: missing_target_metrics,pool-location-id,2026-06-28T10:58:35.042227+00:00
Delta Electronics,"Zapopan, JAL",zapopan jal,office-location,"Zapopan, JAL","https://www.glassdoor.com/Location/All-HP-Inc-Zapopan-Office-Locations-EI_IE1093161.4,10_IL.11,18_IC3487018.htm","https://www.glassdoor.com/Reviews/Delta-Electronics-Zapopan-Reviews-EI_IE41146.0,17_IL.18,25_IC3487018.htm",validation_failed,gap_probe_failed: missing_target_metrics,pool-location-id,2026-06-28T10:58:47.166144+00:00
Delta Electronics,"Boulogne-Billancourt, A8",boulogne billancourt a8,office-location,"Boulogne-Billancourt, A8","https://www.glassdoor.com/Location/All-HP-Inc-Boulogne-Billancourt-Office-Locations-EI_IE1093161.4,10_IL.11,31_IC3040032.htm","https://www.glassdoor.com/Reviews/Delta-Electronics-Boulogne-Billancourt-Reviews-EI_IE41146.0,17_IL.18,38_IC3040032.htm",validation_failed,gap_probe_failed: missing_target_metrics,pool-location-id,2026-06-28T10:58:53.478514+00:00
Delta Electronics,"Bucharest, B",bucharest b,office-location,"Bucharest, B","https://www.glassdoor.com/Location/All-HP-Inc-Bucharest-Office-Locations-EI_IE1093161.4,10_IL.11,20_IC3184907.htm","https://www.glassdoor.com/Reviews/Delta-Electronics-Bucharest-Reviews-EI_IE41146.0,17_IL.18,27_IC3184907.htm",resolved,,pool-location-id,2026-06-28T10:58:59.587877+00:00
Delta Electronics,"Cambridge, ENG",cambridge eng,office-location,"Cambridge, ENG","https://www.glassdoor.com/Location/All-HP-Inc-Cambridge-Office-Locations-EI_IE1093161.4,10_IL.11,20_IC2662516.htm","https://www.glassdoor.com/Reviews/Delta-Electronics-Cambridge-Reviews-EI_IE41146.0,17_IL.18,27_IC2662516.htm",validation_failed,gap_probe_failed: missing_target_metrics,pool-location-id,2026-06-28T10:59:05.667962+00:00
Delta Electronics,"Meudon, A8",meudon a8,office-location,"Meudon, A8","https://www.glassdoor.com/Location/All-HP-Inc-Meudon-Office-Locations-EI_IE1093161.4,10_IL.11,17_IC3019026.htm","https://www.glassdoor.com/Reviews/Delta-Electronics-Meudon-Reviews-EI_IE41146.0,17_IL.18,24_IC3019026.htm",validation_failed,gap_probe_failed: missing_target_metrics,pool-location-id,2026-06-28T10:59:13.627053+00:00
Delta Electronics,"Paris, A8",paris a8,office-location,"Paris, A8","https://www.glassdoor.com/Location/All-HP-Inc-Paris-Office-Locations-EI_IE1093161.4,10_IL.11,16_IC2881970.htm","https://www.glassdoor.com/Reviews/Delta-Electronics-Paris-Reviews-EI_IE41146.0,17_IL.18,23_IC2881970.htm",validation_failed,gap_probe_failed: missing_target_metrics,pool-location-id,2026-06-28T10:59:20.584329+00:00
Delta Electronics,"Sant Cugat del Vallès, CT",sant cugat del vall s ct,office-location,"Sant Cugat del Vallès, CT","https://www.glassdoor.com/Location/All-HP-Inc-Sant-Cugat-del-Vallès-Office-Locations-EI_IE1093161.4,10_IL.11,32_IC4843928.htm","https://www.glassdoor.com/Reviews/Delta-Electronics-Sant-Cugat-del-Vall%C3%A8s-Reviews-EI_IE41146.0,17_IL.18,39_IC4843928.htm",validation_failed,gap_probe_failed: missing_target_metrics,pool-location-id,2026-06-28T10:59:27.092106+00:00
Delta Electronics,"Tuas, W",tuas w,office-location,"Tuas, W","https://www.glassdoor.com/Location/All-HP-Inc-Tuas-Office-Locations-EI_IE1093161.4,10_IL.11,15_IC3235538.htm","https://www.glassdoor.com/Reviews/Delta-Electronics-Tuas-Reviews-EI_IE41146.0,17_IL.18,22_IC3235538.htm",validation_failed,gap_probe_failed: missing_target_metrics,pool-location-id,2026-06-28T10:59:33.849067+00:00
Delta Electronics,"Whitefield, KA",whitefield ka,office-location,"Whitefield, KA","https://www.glassdoor.com/Location/All-HP-Inc-Whitefield-Office-Locations-EI_IE1093161.4,10_IL.11,21_IC2941717.htm","https://www.glassdoor.com/Reviews/Delta-Electronics-Whitefield-Reviews-EI_IE41146.0,17_IL.18,28_IC2941717.htm",validation_failed,gap_probe_failed: missing_target_metrics,pool-location-id,2026-06-28T10:59:40.134275+00:00
Delta Electronics,"Lake Forest, CA",lake forest ca,office-location,"Lake Forest, CA","https://www.glassdoor.com/Location/All-Wistron-Lake-Forest-Office-Locations-EI_IE15218.4,11_IL.12,23_IC1146811.htm","https://www.glassdoor.com/Reviews/Delta-Electronics-Lake-Forest-Reviews-EI_IE41146.0,17_IL.18,29_IC1146811.htm",validation_failed,gap_probe_failed: missing_target_metrics,pool-location-id,2026-06-28T10:59:46.759334+00:00
Delta Electronics,"Rolling Meadows, IL",rolling meadows il,office-location,"Rolling Meadows, IL","https://www.glassdoor.com/Location/All-Wistron-Rolling-Meadows-Office-Locations-EI_IE15218.4,11_IL.12,27_IC1128962.htm","https://www.glassdoor.com/Reviews/Delta-Electronics-Rolling-Meadows-Reviews-EI_IE41146.0,17_IL.18,33_IC1128962.htm",validation_failed,gap_probe_failed: missing_target_metrics,pool-location-id,2026-06-28T10:59:58.469732+00:00
Delta Electronics,"Wuhan, 12",wuhan 12,office-location,"Wuhan, 12","https://www.glassdoor.com/Location/All-Wistron-Wuhan-Office-Locations-EI_IE15218.4,11_IL.12,17_IC2478891.htm","https://www.glassdoor.com/Reviews/Delta-Electronics-Wuhan-Reviews-EI_IE41146.0,17_IL.18,23_IC2478891.htm",validation_failed,gap_probe_failed: missing_target_metrics,pool-location-id,2026-06-28T11:00:04.990416+00:00
Delta Electronics,"Hoofddorp, NH",hoofddorp nh,office-location,"Hoofddorp, NH","https://www.glassdoor.com/Location/All-Delta-Electronics-Hoofddorp-Office-Locations-EI_IE41146.4,21_IL.22,31_IC3063772.htm","https://www.glassdoor.com/Reviews/Delta-Electronics-Hoofddorp-Reviews-EI_IE41146.0,17_IL.18,27_IC3063772.htm",resolved,,office-navigation,2026-06-28T15:31:45.489424+08:00
Delta Electronics,"Notting Hill, VIC",notting hill vic,office-location,"Notting Hill, VIC","https://www.glassdoor.com/Location/All-Delta-Electronics-Notting-Hill-Office-Locations-EI_IE41146.4,21_IL.22,34_IC2257042.htm",https://www.glassdoor.com/Reviews/index.htm,resolved,,office-navigation,2026-06-28T15:31:51.110434+08:00
Delta Electronics,"Jeffersonville, IN",jeffersonville in,office-location,"Jeffersonville, IN","https://www.glassdoor.com/Location/All-Pegatron-Jeffersonville-Office-Locations-EI_IE337948.4,12_IL.13,27_IC1145141.htm","https://www.glassdoor.com/Reviews/Delta-Electronics-Jeffersonville-Reviews-EI_IE41146.0,17_IL.18,32_IC1145141.htm",validation_failed,gap_probe_failed: missing_target_metrics,pool-location-id,2026-06-28T11:00:11.558144+00:00
Delta Electronics,"Irving, TX",irving tx,office-location,"Irving, TX","https://www.glassdoor.com/Location/All-Trend-Micro-Inc-Irving-Office-Locations-EI_IE8983.4,19_IL.20,26_IC1140006.htm","https://www.glassdoor.com/Reviews/Delta-Electronics-Irving-Reviews-EI_IE41146.0,17_IL.18,24_IC1140006.htm",validation_failed,gap_probe_failed: missing_target_metrics,pool-location-id,2026-06-28T11:00:17.329194+00:00
Delta Electronics,"Jersey City, NJ",jersey city nj,office-location,"Jersey City, NJ","https://www.glassdoor.com/Location/All-Trend-Micro-Inc-Jersey-City-Office-Locations-EI_IE8983.4,19_IL.20,31_IC1126819.htm","https://www.glassdoor.com/Reviews/Delta-Electronics-Jersey-City-Reviews-EI_IE41146.0,17_IL.18,29_IC1126819.htm",validation_failed,gap_probe_failed: missing_target_metrics,pool-location-id,2026-06-28T11:00:23.558369+00:00
Delta Electronics,"Kanata, ON",kanata on,office-location,"Kanata, ON","https://www.glassdoor.com/Location/All-Trend-Micro-Inc-Kanata-Office-Locations-EI_IE8983.4,19_IL.20,26_IC2282818.htm","https://www.glassdoor.com/Reviews/Delta-Electronics-Kanata-Reviews-EI_IE41146.0,17_IL.18,24_IC2282818.htm",validation_failed,gap_probe_failed: missing_target_metrics,pool-location-id,2026-06-28T11:00:30.222584+00:00
Delta Electronics,"Cork, M",cork m,office-location,"Cork, M","https://www.glassdoor.com/Location/All-Trend-Micro-Inc-Cork-Office-Locations-EI_IE8983.4,19_IL.20,24_IC4325638.htm","https://www.glassdoor.com/Reviews/Delta-Electronics-Cork-Reviews-EI_IE41146.0,17_IL.18,22_IC4325638.htm",validation_failed,gap_probe_failed: missing_target_metrics,pool-location-id,2026-06-28T11:00:36.166711+00:00
Delta Electronics,"London, ENG",london eng,office-location,"London, ENG","https://www.glassdoor.com/Location/All-Trend-Micro-Inc-London-Office-Locations-EI_IE8983.4,19_IL.20,26_IC2671300.htm","https://www.glassdoor.com/Reviews/Delta-Electronics-London-Reviews-EI_IE41146.0,17_IL.18,24_IC2671300.htm",resolved,,pool-location-id,2026-06-28T11:00:42.911862+00:00
Delta Electronics,"Paddington, ENG",paddington eng,office-location,"Paddington, ENG","https://www.glassdoor.com/Location/All-Trend-Micro-Inc-Paddington-Office-Locations-EI_IE8983.4,19_IL.20,30_IC3527325.htm","https://www.glassdoor.com/Reviews/Delta-Electronics-Paddington-Reviews-EI_IE41146.0,17_IL.18,28_IC3527325.htm",validation_failed,gap_probe_failed: missing_target_metrics,pool-location-id,2026-06-28T11:00:48.822250+00:00
Delta Electronics,"Aliso, CA",aliso ca,office-location,"Aliso, CA","https://www.glassdoor.com/Location/All-Dell-Technologies-Aliso-Office-Locations-EI_IE1327.4,21_IL.22,27_IC3789361.htm","https://www.glassdoor.com/Reviews/Delta-Electronics-Aliso-Reviews-EI_IE41146.0,17_IL.18,23_IC3789361.htm",validation_failed,gap_probe_failed: missing_target_metrics,pool-location-id,2026-06-28T11:00:54.855779+00:00
Delta Electronics,"Bedford, MA",bedford ma,office-location,"Bedford, MA","https://www.glassdoor.com/Location/All-Dell-Technologies-Bedford-Office-Locations-EI_IE1327.4,21_IL.22,29_IC1154527.htm","https://www.glassdoor.com/Reviews/Delta-Electronics-Bedford-Reviews-EI_IE41146.0,17_IL.18,25_IC1154527.htm",validation_failed,gap_probe_failed: missing_target_metrics,pool-location-id,2026-06-28T11:01:06.184579+00:00
Delta Electronics,"Boston, MA",boston ma,office-location,"Boston, MA","https://www.glassdoor.com/Location/All-Dell-Technologies-Boston-Office-Locations-EI_IE1327.4,21_IL.22,28_IC1154532.htm","https://www.glassdoor.com/Reviews/Delta-Electronics-Boston-Reviews-EI_IE41146.0,17_IL.18,24_IC1154532.htm",validation_failed,gap_probe_failed: missing_target_metrics,pool-location-id,2026-06-28T11:01:12.383468+00:00
Delta Electronics,"Boydton, VA",boydton va,office-location,"Boydton, VA","https://www.glassdoor.com/Location/All-Dell-Technologies-Boydton-Office-Locations-EI_IE1327.4,21_IL.22,29_IC1129623.htm","https://www.glassdoor.com/Reviews/Delta-Electronics-Boydton-Reviews-EI_IE41146.0,17_IL.18,25_IC1129623.htm",validation_failed,gap_probe_failed: missing_target_metrics,pool-location-id,2026-06-28T11:01:19.567814+00:00
Delta Electronics,"Cambridge, MA",cambridge ma,office-location,"Cambridge, MA","https://www.glassdoor.com/Location/All-Dell-Technologies-Cambridge-Office-Locations-EI_IE1327.4,21_IL.22,31_IC1154545.htm","https://www.glassdoor.com/Reviews/Delta-Electronics-Cambridge-Reviews-EI_IE41146.0,17_IL.18,27_IC1154545.htm",validation_failed,gap_probe_failed: missing_target_metrics,pool-location-id,2026-06-28T11:01:26.647286+00:00
Delta Electronics,"Canada, KY",canada ky,office-location,"Canada, KY","https://www.glassdoor.com/Location/All-Dell-Technologies-Canada-Office-Locations-EI_IE1327.4,21_IL.22,28_IC1137126.htm","https://www.glassdoor.com/Reviews/Delta-Electronics-Canada-Reviews-EI_IE41146.0,17_IL.18,24_IC1137126.htm",validation_failed,gap_probe_failed: missing_target_metrics,pool-location-id,2026-06-28T11:01:32.927810+00:00
Delta Electronics,"Canton, MA",canton ma,office-location,"Canton, MA","https://www.glassdoor.com/Location/All-Dell-Technologies-Canton-Office-Locations-EI_IE1327.4,21_IL.22,28_IC1154546.htm","https://www.glassdoor.com/Reviews/Delta-Electronics-Canton-Reviews-EI_IE41146.0,17_IL.18,24_IC1154546.htm",validation_failed,gap_probe_failed: missing_target_metrics,pool-location-id,2026-06-28T11:01:39.380053+00:00
Delta Electronics,"Cedar Park, TX",cedar park tx,office-location,"Cedar Park, TX","https://www.glassdoor.com/Location/All-Dell-Technologies-Cedar-Park-Office-Locations-EI_IE1327.4,21_IL.22,32_IC1139765.htm","https://www.glassdoor.com/Reviews/Delta-Electronics-Cedar-Park-Reviews-EI_IE41146.0,17_IL.18,28_IC1139765.htm",validation_failed,gap_probe_failed: missing_target_metrics,pool-location-id,2026-06-28T11:01:45.332077+00:00
Delta Electronics,"Framingham, MA",framingham ma,office-location,"Framingham, MA","https://www.glassdoor.com/Location/All-Dell-Technologies-Framingham-Office-Locations-EI_IE1327.4,21_IL.22,32_IC1154571.htm","https://www.glassdoor.com/Reviews/Delta-Electronics-Framingham-Reviews-EI_IE41146.0,17_IL.18,28_IC1154571.htm",validation_failed,gap_probe_failed: missing_target_metrics,pool-location-id,2026-06-28T11:01:51.805390+00:00
Delta Electronics,"Franklin, MA",franklin ma,office-location,"Franklin, MA","https://www.glassdoor.com/Location/All-Dell-Technologies-Franklin-Office-Locations-EI_IE1327.4,21_IL.22,30_IC1154572.htm","https://www.glassdoor.com/Reviews/Delta-Electronics-Franklin-Reviews-EI_IE41146.0,17_IL.18,26_IC1154572.htm",validation_failed,gap_probe_failed: missing_target_metrics,pool-location-id,2026-06-28T11:01:59.008302+00:00
Delta Electronics,"Fuquay-Varina, NC",fuquay varina nc,office-location,"Fuquay-Varina, NC","https://www.glassdoor.com/Location/All-Dell-Technologies-Fuquay-Varina-Office-Locations-EI_IE1327.4,21_IL.22,35_IC3757296.htm","https://www.glassdoor.com/Reviews/Delta-Electronics-Fuquay-Varina-Reviews-EI_IE41146.0,17_IL.18,31_IC3757296.htm",validation_failed,gap_probe_failed: missing_target_metrics,pool-location-id,2026-06-28T11:02:04.737842+00:00
Delta Electronics,"Georgetown, TX",georgetown tx,office-location,"Georgetown, TX","https://www.glassdoor.com/Location/All-Dell-Technologies-Georgetown-Office-Locations-EI_IE1327.4,21_IL.22,32_IC1139774.htm","https://www.glassdoor.com/Reviews/Delta-Electronics-Georgetown-Reviews-EI_IE41146.0,17_IL.18,28_IC1139774.htm",validation_failed,gap_probe_failed: missing_target_metrics,pool-location-id,2026-06-28T11:02:17.084519+00:00
Delta Electronics,"Hopkinton, MA",hopkinton ma,office-location,"Hopkinton, MA","https://www.glassdoor.com/Location/All-Dell-Technologies-Hopkinton-Office-Locations-EI_IE1327.4,21_IL.22,31_IC1154589.htm","https://www.glassdoor.com/Reviews/Delta-Electronics-Hopkinton-Reviews-EI_IE41146.0,17_IL.18,27_IC1154589.htm",validation_failed,gap_probe_failed: missing_target_metrics,pool-location-id,2026-06-28T11:02:22.803421+00:00
Delta Electronics,"India, TX",india tx,office-location,"India, TX","https://www.glassdoor.com/Location/All-Dell-Technologies-India-Office-Locations-EI_IE1327.4,21_IL.22,27_IC3759223.htm","https://www.glassdoor.com/Reviews/Delta-Electronics-India-Reviews-EI_IE41146.0,17_IL.18,23_IC3759223.htm",validation_failed,gap_probe_failed: missing_target_metrics,pool-location-id,2026-06-28T11:02:29.525885+00:00
Delta Electronics,"Land O' Lakes, FL",land o lakes fl,office-location,"Land O' Lakes, FL","https://www.glassdoor.com/Location/All-Dell-Technologies-Land-O-Lakes-Office-Locations-EI_IE1327.4,21_IL.22,34_IC3817049.htm","https://www.glassdoor.com/Reviews/Delta-Electronics-Land-O-Lakes-Reviews-EI_IE41146.0,17_IL.18,30_IC3817049.htm",validation_failed,gap_probe_failed: missing_target_metrics,pool-location-id,2026-06-28T11:02:35.954231+00:00
Delta Electronics,"Leander, TX",leander tx,office-location,"Leander, TX","https://www.glassdoor.com/Location/All-Dell-Technologies-Leander-Office-Locations-EI_IE1327.4,21_IL.22,29_IC1139779.htm","https://www.glassdoor.com/Reviews/Delta-Electronics-Leander-Reviews-EI_IE41146.0,17_IL.18,25_IC1139779.htm",validation_failed,gap_probe_failed: missing_target_metrics,pool-location-id,2026-06-28T11:02:42.937683+00:00
Delta Electronics,"Pflugerville, TX",pflugerville tx,office-location,"Pflugerville, TX","https://www.glassdoor.com/Location/All-Dell-Technologies-Pflugerville-Office-Locations-EI_IE1327.4,21_IL.22,34_IC1139790.htm","https://www.glassdoor.com/Reviews/Delta-Electronics-Pflugerville-Reviews-EI_IE41146.0,17_IL.18,30_IC1139790.htm",validation_failed,gap_probe_failed: missing_target_metrics,pool-location-id,2026-06-28T11:02:49.584178+00:00
Delta Electronics,"Quincy, MA",quincy ma,office-location,"Quincy, MA","https://www.glassdoor.com/Location/All-Dell-Technologies-Quincy-Office-Locations-EI_IE1327.4,21_IL.22,28_IC1154667.htm","https://www.glassdoor.com/Reviews/Delta-Electronics-Quincy-Reviews-EI_IE41146.0,17_IL.18,24_IC1154667.htm",validation_failed,gap_probe_failed: missing_target_metrics,pool-location-id,2026-06-28T11:02:56.597480+00:00
Delta Electronics,"Round Rock, TX",round rock tx,office-location,"Round Rock, TX","https://www.glassdoor.com/Location/All-Dell-Technologies-Round-Rock-Office-Locations-EI_IE1327.4,21_IL.22,32_IC1139794.htm","https://www.glassdoor.com/Reviews/Delta-Electronics-Round-Rock-Reviews-EI_IE41146.0,17_IL.18,28_IC1139794.htm",validation_failed,gap_probe_failed: missing_target_metrics,pool-location-id,2026-06-28T11:03:02.975751+00:00
Delta Electronics,"San Marcos, TX",san marcos tx,office-location,"San Marcos, TX","https://www.glassdoor.com/Location/All-Dell-Technologies-San-Marcos-Office-Locations-EI_IE1327.4,21_IL.22,32_IC1139795.htm","https://www.glassdoor.com/Reviews/Delta-Electronics-San-Marcos-Reviews-EI_IE41146.0,17_IL.18,28_IC1139795.htm",validation_failed,gap_probe_failed: missing_target_metrics,pool-location-id,2026-06-28T11:03:09.205792+00:00
Delta Electronics,"Satellite Beach, FL",satellite beach fl,office-location,"Satellite Beach, FL","https://www.glassdoor.com/Location/All-Dell-Technologies-Satellite-Beach-Office-Locations-EI_IE1327.4,21_IL.22,37_IC1154294.htm","https://www.glassdoor.com/Reviews/Delta-Electronics-Satellite-Beach-Reviews-EI_IE41146.0,17_IL.18,33_IC1154294.htm",validation_failed,gap_probe_failed: missing_target_metrics,pool-location-id,2026-06-28T11:03:15.555899+00:00
Delta Electronics,"Wellesley, MA",wellesley ma,office-location,"Wellesley, MA","https://www.glassdoor.com/Location/All-Dell-Technologies-Wellesley-Office-Locations-EI_IE1327.4,21_IL.22,31_IC1154708.htm","https://www.glassdoor.com/Reviews/Delta-Electronics-Wellesley-Reviews-EI_IE41146.0,17_IL.18,27_IC1154708.htm",validation_failed,gap_probe_failed: missing_target_metrics,pool-location-id,2026-06-28T11:03:27.308260+00:00
Delta Electronics,"Domlur, KA",domlur ka,office-location,"Domlur, KA","https://www.glassdoor.com/Location/All-Dell-Technologies-Domlur-Office-Locations-EI_IE1327.4,21_IL.22,28_IC4470560.htm","https://www.glassdoor.com/Reviews/Delta-Electronics-Domlur-Reviews-EI_IE41146.0,17_IL.18,24_IC4470560.htm",validation_failed,gap_probe_failed: missing_target_metrics,pool-location-id,2026-06-28T11:03:33.174297+00:00
Delta Electronics,"Chicago, IL",chicago il,office-location,"Chicago, IL","https://www.glassdoor.com/Location/All-Lenovo-Chicago-Office-Locations-EI_IE8034.4,10_IL.11,18_IC1128808.htm","https://www.glassdoor.com/Reviews/Delta-Electronics-Chicago-Reviews-EI_IE41146.0,17_IL.18,25_IC1128808.htm",validation_failed,gap_probe_failed: missing_target_metrics,pool-location-id,2026-06-28T11:03:39.862694+00:00
Delta Electronics,"Morrisville, NC",morrisville nc,office-location,"Morrisville, NC","https://www.glassdoor.com/Location/All-Lenovo-Morrisville-Office-Locations-EI_IE8034.4,10_IL.11,22_IC1138956.htm","https://www.glassdoor.com/Reviews/Delta-Electronics-Morrisville-Reviews-EI_IE41146.0,17_IL.18,29_IC1138956.htm",validation_failed,gap_probe_failed: missing_target_metrics,pool-location-id,2026-06-28T11:03:46.170625+00:00
Delta Electronics,"Bratislava, 02",bratislava 02,office-location,"Bratislava, 02","https://www.glassdoor.com/Location/All-Lenovo-Bratislava-Office-Locations-EI_IE8034.4,10_IL.11,21_IC2907054.htm","https://www.glassdoor.com/Reviews/Delta-Electronics-Bratislava-Reviews-EI_IE41146.0,17_IL.18,28_IC2907054.htm",validation_failed,gap_probe_failed: missing_target_metrics,pool-location-id,2026-06-28T11:03:52.629662+00:00
Delta Electronics,"Stuttgart, BW",stuttgart bw,office-location,"Stuttgart, BW","https://www.glassdoor.com/Location/All-Lenovo-Stuttgart-Office-Locations-EI_IE8034.4,10_IL.11,20_IC2507190.htm","https://www.glassdoor.com/Reviews/Delta-Electronics-Stuttgart-Reviews-EI_IE41146.0,17_IL.18,27_IC2507190.htm",validation_failed,gap_probe_failed: missing_target_metrics,pool-location-id,2026-06-28T11:03:59.552223+00:00
Delta Electronics,"Beijing, 22",beijing 22,office-location,"Beijing, 22","https://www.glassdoor.com/Location/All-Lenovo-Beijing-Office-Locations-EI_IE8034.4,10_IL.11,18_IC2398510.htm","https://www.glassdoor.com/Reviews/Delta-Electronics-Beijing-Reviews-EI_IE41146.0,17_IL.18,25_IC2398510.htm",validation_failed,gap_probe_failed: missing_target_metrics,pool-location-id,2026-06-28T11:04:06.178595+00:00
Delta Electronics,"Changping, 22",changping 22,office-location,"Changping, 22","https://www.glassdoor.com/Location/All-Lenovo-Changping-Office-Locations-EI_IE8034.4,10_IL.11,20_IC2405661.htm","https://www.glassdoor.com/Reviews/Delta-Electronics-Changping-Reviews-EI_IE41146.0,17_IL.18,27_IC2405661.htm",validation_failed,gap_probe_failed: missing_target_metrics,pool-location-id,2026-06-28T11:04:12.984554+00:00
Delta Electronics,"Haidian, 22",haidian 22,office-location,"Haidian, 22","https://www.glassdoor.com/Location/All-Lenovo-Haidian-Office-Locations-EI_IE8034.4,10_IL.11,18_IC2405685.htm","https://www.glassdoor.com/Reviews/Delta-Electronics-Haidian-Reviews-EI_IE41146.0,17_IL.18,25_IC2405685.htm",validation_failed,gap_probe_failed: missing_target_metrics,pool-location-id,2026-06-28T11:04:19.161194+00:00
Delta Electronics,Hong Kong,hong kong,office-location,Hong Kong,"https://www.glassdoor.com/Location/All-Lenovo-Hong-Kong-Office-Locations-EI_IE8034.4,10_IL.11,20_IC2308631.htm","https://www.glassdoor.com/Reviews/Delta-Electronics-Hong-Kong-Reviews-EI_IE41146.0,17_IL.18,27_IC2308631.htm",resolved,,pool-location-id,2026-06-28T11:04:25.390370+00:00
Delta Electronics,"Shenzhenzhen, 02",shenzhenzhen 02,office-location,"Shenzhenzhen, 02","https://www.glassdoor.com/Location/All-Lenovo-Shenzhenzhen-Office-Locations-EI_IE8034.4,10_IL.11,23_IC2441398.htm","https://www.glassdoor.com/Reviews/Delta-Electronics-Shenzhenzhen-Reviews-EI_IE41146.0,17_IL.18,30_IC2441398.htm",validation_failed,gap_probe_failed: missing_target_metrics,pool-location-id,2026-06-28T11:04:36.617666+00:00
Delta Electronics,"Xiamen, 07",xiamen 07,office-location,"Xiamen, 07","https://www.glassdoor.com/Location/All-Lenovo-Xiamen-Office-Locations-EI_IE8034.4,10_IL.11,17_IC2564138.htm","https://www.glassdoor.com/Reviews/Delta-Electronics-Xiamen-Reviews-EI_IE41146.0,17_IL.18,24_IC2564138.htm",validation_failed,gap_probe_failed: missing_target_metrics,pool-location-id,2026-06-28T11:04:43.031864+00:00
Delta Electronics,"Buenos Aires, C",buenos aires c,office-location,"Buenos Aires, C","https://www.glassdoor.com/Location/All-Lenovo-Buenos-Aires-Office-Locations-EI_IE8034.4,10_IL.11,23_IC2242084.htm","https://www.glassdoor.com/Reviews/Delta-Electronics-Buenos-Aires-Reviews-EI_IE41146.0,17_IL.18,30_IC2242084.htm",validation_failed,gap_probe_failed: missing_target_metrics,pool-location-id,2026-06-28T11:04:49.537497+00:00
Delta Electronics,"Campinas, SP",campinas sp,office-location,"Campinas, SP","https://www.glassdoor.com/Location/All-Lenovo-Campinas-Office-Locations-EI_IE8034.4,10_IL.11,19_IC2490130.htm","https://www.glassdoor.com/Reviews/Delta-Electronics-Campinas-Reviews-EI_IE41146.0,17_IL.18,26_IC2490130.htm",resolved,,pool-location-id,2026-06-28T11:04:55.578527+00:00
Delta Electronics,"Indaiatuba, SP",indaiatuba sp,office-location,"Indaiatuba, SP","https://www.glassdoor.com/Location/All-Lenovo-Indaiatuba-Office-Locations-EI_IE8034.4,10_IL.11,21_IC2480058.htm","https://www.glassdoor.com/Reviews/Delta-Electronics-Indaiatuba-Reviews-EI_IE41146.0,17_IL.18,28_IC2480058.htm",validation_failed,gap_probe_failed: missing_target_metrics,pool-location-id,2026-06-28T11:05:01.986956+00:00
Delta Electronics,"Itu, SP",itu sp,office-location,"Itu, SP","https://www.glassdoor.com/Location/All-Lenovo-Itu-Office-Locations-EI_IE8034.4,10_IL.11,14_IC2490672.htm","https://www.glassdoor.com/Reviews/Delta-Electronics-Itu-Reviews-EI_IE41146.0,17_IL.18,21_IC2490672.htm",validation_failed,gap_probe_failed: missing_target_metrics,pool-location-id,2026-06-28T11:05:08.271640+00:00
Delta Electronics,"Martínez, B",mart nez b,office-location,"Martínez, B","https://www.glassdoor.com/Location/All-Lenovo-Martínez-Office-Locations-EI_IE8034.4,10_IL.11,19_IC2207815.htm","https://www.glassdoor.com/Reviews/Delta-Electronics-Mart%C3%ADnez-Reviews-EI_IE41146.0,17_IL.18,26_IC2207815.htm",validation_failed,gap_probe_failed: missing_target_metrics,pool-location-id,2026-06-28T11:05:14.862354+00:00
Delta Electronics,"Sorocaba, SP",sorocaba sp,office-location,"Sorocaba, SP","https://www.glassdoor.com/Location/All-Lenovo-Sorocaba-Office-Locations-EI_IE8034.4,10_IL.11,19_IC2475809.htm","https://www.glassdoor.com/Reviews/Delta-Electronics-Sorocaba-Reviews-EI_IE41146.0,17_IL.18,26_IC2475809.htm",validation_failed,gap_probe_failed: missing_target_metrics,pool-location-id,2026-06-28T11:05:21.738435+00:00
Delta Electronics,"Vicente López, B",vicente l pez b,office-location,"Vicente López, B","https://www.glassdoor.com/Location/All-Lenovo-Vicente-López-Office-Locations-EI_IE8034.4,10_IL.11,24_IC2211608.htm","https://www.glassdoor.com/Reviews/Delta-Electronics-Vicente-L%C3%B3pez-Reviews-EI_IE41146.0,17_IL.18,31_IC2211608.htm",validation_failed,gap_probe_failed: missing_target_metrics,pool-location-id,2026-06-28T11:05:28.103531+00:00
Delta Electronics,Global,global,manual-seed,,,https://www.glassdoor.com/Reviews/Delta-Electronics-Reviews-E41146.htm,resolved,,review-url-hint,2026-06-28T15:31:53.090022+08:00
Delta Electronics,Taipei,taipei,manual-seed,"Taipei, TPQ","https://www.glassdoor.com/Location/All-ASUS-Taipei-Office-Locations-EI_IE40093.4,8_IL.9,15_IC3271041.htm","https://www.glassdoor.com/Reviews/Delta-Electronics-Taipei-Reviews-EI_IE41146.0,17_IL.18,24_IC3271041.htm",resolved,,pool-location-id,2026-06-28T15:40:28.543345+08:00
Delta Electronics,Hsinchu,hsinchu,manual-seed,"Hsinchu, TXG","https://www.glassdoor.com/Location/All-NVIDIA-Hsinchu-Office-Locations-EI_IE7633.4,10_IL.11,18_IC4915323.htm","https://www.glassdoor.com/Reviews/Delta-Electronics-Hsinchu-Reviews-EI_IE41146.0,17_IL.18,25_IC4915323.htm",resolved,,pool-location-id,2026-06-28T15:57:16.907333+08:00
Delta Electronics,Taoyuan,taoyuan,manual-seed,,,,no_result,pool_location_id_not_found,pool-location-id,2026-06-28T15:57:16.960381+08:00
Delta Electronics,Shanghai,shanghai,manual-seed,"Shanghai, 23","https://www.glassdoor.com/Location/All-NVIDIA-Shanghai-Office-Locations-EI_IE7633.4,10_IL.11,19_IC2416009.htm","https://www.glassdoor.com/Reviews/Delta-Electronics-Shanghai-Reviews-EI_IE41146.0,17_IL.18,26_IC2416009.htm",resolved,,pool-location-id,2026-06-28T15:57:20.401068+08:00
Delta Electronics,Shenzhen,shenzhen,manual-seed,"Shenzhenzhen, 02","https://www.glassdoor.com/Location/All-Lenovo-Shenzhenzhen-Office-Locations-EI_IE8034.4,10_IL.11,23_IC2441398.htm","https://www.glassdoor.com/Reviews/Delta-Electronics-Shenzhenzhen-Reviews-EI_IE41146.0,17_IL.18,30_IC2441398.htm",validation_failed,gap_probe_failed: missing_target_metrics,pool-location-id,2026-06-28T15:57:24.459425+08:00
Delta Electronics,Tokyo,tokyo,manual-seed,"Tokyo, 40","https://www.glassdoor.com/Location/All-ASUS-Tokyo-Office-Locations-EI_IE40093.4,8_IL.9,14_IC2851580.htm","https://www.glassdoor.com/Reviews/Delta-Electronics-Tokyo-Reviews-EI_IE41146.0,17_IL.18,23_IC2851580.htm",resolved,,pool-location-id,2026-06-28T15:57:28.119557+08:00
Delta Electronics,Seoul,seoul,manual-seed,"Seoul, 11","https://www.glassdoor.com/Location/All-ASUS-Seoul-Office-Locations-EI_IE40093.4,8_IL.9,14_IC3021489.htm","https://www.glassdoor.com/Reviews/Delta-Electronics-Seoul-Reviews-EI_IE41146.0,17_IL.18,23_IC3021489.htm",resolved,,pool-location-id,2026-06-28T15:57:31.947007+08:00
Delta Electronics,Austin,austin,manual-seed,"Austin, TX","https://www.glassdoor.com/Location/All-NVIDIA-Austin-Office-Locations-EI_IE7633.4,10_IL.11,17_IC1139761.htm","https://www.glassdoor.com/Reviews/Delta-Electronics-Austin-Reviews-EI_IE41146.0,17_IL.18,24_IC1139761.htm",validation_failed,gap_probe_failed: company_mismatch,pool-location-id,2026-06-28T15:57:34.186126+08:00
Delta Electronics,Seattle,seattle,manual-seed,,,,no_result,pool_location_id_not_found,pool-location-id,2026-06-28T15:57:34.24953+08:00
Delta Electronics,London,london,manual-seed,"London, ENG","https://www.glassdoor.com/Location/All-Trend-Micro-Inc-London-Office-Locations-EI_IE8983.4,19_IL.20,26_IC2671300.htm","https://www.glassdoor.com/Reviews/Delta-Electronics-London-Reviews-EI_IE41146.0,17_IL.18,24_IC2671300.htm",validation_failed,gap_probe_failed: company_mismatch,pool-location-id,2026-06-28T15:57:36.200551+08:00
Delta Electronics,Dublin,dublin,manual-seed,,,,no_result,pool_location_id_not_found,pool-location-id,2026-06-28T15:57:36.265156+08:00
Delta Electronics,Munich,munich,manual-seed,"Munich, BY","https://www.glassdoor.com/Location/All-NVIDIA-Munich-Office-Locations-EI_IE7633.4,10_IL.11,17_IC4990924.htm","https://www.glassdoor.com/Reviews/Delta-Electronics-Munich-Reviews-EI_IE41146.0,17_IL.18,24_IC4990924.htm",validation_failed,gap_probe_failed: company_mismatch,pool-location-id,2026-06-28T15:57:38.120155+08:00
Inventec,"Ciudad de Mexico, MEX",ciudad de mexico mex,office-location,"Ciudad de Mexico, MEX","https://www.glassdoor.com/Location/All-ASUS-Ciudad-de-Mexico-Office-Locations-EI_IE40093.4,8_IL.9,25_IC5017436.htm","https://www.glassdoor.com/Reviews/Inventec-Ciudad-de-Mexico-Reviews-EI_IE13485.0,8_IL.9,25_IC5017436.htm",validation_failed,gap_probe_failed: missing_target_metrics,pool-location-id,2026-06-28T11:05:33.907094+00:00
Inventec,"Fremont, CA",fremont ca,office-location,"Fremont, CA","https://www.glassdoor.com/Location/All-ASUS-Fremont-Office-Locations-EI_IE40093.4,8_IL.9,16_IC1147355.htm","https://www.glassdoor.com/Reviews/Inventec-Fremont-Reviews-EI_IE13485.0,8_IL.9,16_IC1147355.htm",validation_failed,gap_probe_failed: missing_target_metrics,pool-location-id,2026-06-28T11:05:45.025118+00:00
Inventec,"Markham, ON",markham on,office-location,"Markham, ON","https://www.glassdoor.com/Location/All-ASUS-Markham-Office-Locations-EI_IE40093.4,8_IL.9,16_IC2280736.htm","https://www.glassdoor.com/Reviews/Inventec-Markham-Reviews-EI_IE13485.0,8_IL.9,16_IC2280736.htm",validation_failed,gap_probe_failed: missing_target_metrics,pool-location-id,2026-06-28T11:05:51.335102+00:00
Inventec,"Barcelona, CT",barcelona ct,office-location,"Barcelona, CT","https://www.glassdoor.com/Location/All-ASUS-Barcelona-Office-Locations-EI_IE40093.4,8_IL.9,18_IC2547194.htm","https://www.glassdoor.com/Reviews/Inventec-Barcelona-Reviews-EI_IE13485.0,8_IL.9,18_IC2547194.htm",validation_failed,gap_probe_failed: missing_target_metrics,pool-location-id,2026-06-28T11:05:58.389081+00:00
Inventec,"Budapest, BU",budapest bu,office-location,"Budapest, BU","https://www.glassdoor.com/Location/All-ASUS-Budapest-Office-Locations-EI_IE40093.4,8_IL.9,17_IC3125126.htm","https://www.glassdoor.com/Reviews/Inventec-Budapest-Reviews-EI_IE13485.0,8_IL.9,17_IC3125126.htm",validation_failed,gap_probe_failed: missing_target_metrics,pool-location-id,2026-06-28T11:06:04.765996+00:00
Inventec,"Emmen, DR",emmen dr,office-location,"Emmen, DR","https://www.glassdoor.com/Location/All-ASUS-Emmen-Office-Locations-EI_IE40093.4,8_IL.9,14_IC3060162.htm","https://www.glassdoor.com/Reviews/Inventec-Emmen-Reviews-EI_IE13485.0,8_IL.9,14_IC3060162.htm",validation_failed,gap_probe_failed: missing_target_metrics,pool-location-id,2026-06-28T11:06:11.392380+00:00
Inventec,"Hemel Hempstead, ENG",hemel hempstead eng,office-location,"Hemel Hempstead, ENG","https://www.glassdoor.com/Location/All-ASUS-Hemel-Hempstead-Office-Locations-EI_IE40093.4,8_IL.9,24_IC2669775.htm","https://www.glassdoor.com/Reviews/Inventec-Hemel-Hempstead-Reviews-EI_IE13485.0,8_IL.9,24_IC2669775.htm",validation_failed,gap_probe_failed: missing_target_metrics,pool-location-id,2026-06-28T11:06:17.391903+00:00
Inventec,"Milan, LOM",milan lom,office-location,"Milan, LOM","https://www.glassdoor.com/Location/All-ASUS-Milan-Office-Locations-EI_IE40093.4,8_IL.9,14_IC2802090.htm","https://www.glassdoor.com/Reviews/Inventec-Milan-Reviews-EI_IE13485.0,8_IL.9,14_IC2802090.htm",validation_failed,gap_probe_failed: missing_target_metrics,pool-location-id,2026-06-28T11:06:23.397488+00:00
Inventec,"Moravská Ostrava, MO",moravsk ostrava mo,office-location,"Moravská Ostrava, MO","https://www.glassdoor.com/Location/All-ASUS-Moravská-Ostrava-Office-Locations-EI_IE40093.4,8_IL.9,25_IC2288209.htm","https://www.glassdoor.com/Reviews/Inventec-Moravsk%C3%A1-Ostrava-Reviews-EI_IE13485.0,8_IL.9,25_IC2288209.htm",validation_failed,gap_probe_failed: missing_target_metrics,pool-location-id,2026-06-28T11:06:29.504633+00:00
Inventec,"Noisy-le-Grand, A8",noisy le grand a8,office-location,"Noisy-le-Grand, A8","https://www.glassdoor.com/Location/All-ASUS-Noisy-le-Grand-Office-Locations-EI_IE40093.4,8_IL.9,23_IC3100822.htm","https://www.glassdoor.com/Reviews/Inventec-Noisy-le-Grand-Reviews-EI_IE13485.0,8_IL.9,23_IC3100822.htm",validation_failed,gap_probe_failed: missing_target_metrics,pool-location-id,2026-06-28T11:06:36.460569+00:00
Inventec,"Ratingen, NW",ratingen nw,office-location,"Ratingen, NW","https://www.glassdoor.com/Location/All-ASUS-Ratingen-Office-Locations-EI_IE40093.4,8_IL.9,17_IC2584004.htm","https://www.glassdoor.com/Reviews/Inventec-Ratingen-Reviews-EI_IE13485.0,8_IL.9,17_IC2584004.htm",validation_failed,gap_probe_failed: missing_target_metrics,pool-location-id,2026-06-28T11:06:43.005575+00:00
Inventec,"Üsküdar, T34",sk dar t34,office-location,"Üsküdar, T34","https://www.glassdoor.com/Location/All-ASUS-Üsküdar-Office-Locations-EI_IE40093.4,8_IL.9,16_IC3361446.htm","https://www.glassdoor.com/Reviews/Inventec-%C3%9Csk%C3%BCdar-Reviews-EI_IE13485.0,8_IL.9,16_IC3361446.htm",validation_failed,gap_probe_failed: missing_target_metrics,pool-location-id,2026-06-28T11:06:53.765345+00:00
Inventec,"Warsaw, MZ",warsaw mz,office-location,"Warsaw, MZ","https://www.glassdoor.com/Location/All-ASUS-Warsaw-Office-Locations-EI_IE40093.4,8_IL.9,15_IC3094484.htm","https://www.glassdoor.com/Reviews/Inventec-Warsaw-Reviews-EI_IE13485.0,8_IL.9,15_IC3094484.htm",validation_failed,gap_probe_failed: missing_target_metrics,pool-location-id,2026-06-28T11:07:00.394129+00:00
Inventec,"Bangkok, 10",bangkok 10,office-location,"Bangkok, 10","https://www.glassdoor.com/Location/All-ASUS-Bangkok-Office-Locations-EI_IE40093.4,8_IL.9,16_IC3179725.htm","https://www.glassdoor.com/Reviews/Inventec-Bangkok-Reviews-EI_IE13485.0,8_IL.9,16_IC3179725.htm",validation_failed,gap_probe_failed: missing_target_metrics,pool-location-id,2026-06-28T11:07:07.005313+00:00
Inventec,"Dubai, DU",dubai du,office-location,"Dubai, DU","https://www.glassdoor.com/Location/All-ASUS-Dubai-Office-Locations-EI_IE40093.4,8_IL.9,14_IC2204498.htm","https://www.glassdoor.com/Reviews/Inventec-Dubai-Reviews-EI_IE13485.0,8_IL.9,14_IC2204498.htm",validation_failed,gap_probe_failed: missing_target_metrics,pool-location-id,2026-06-28T11:07:13.247233+00:00
Inventec,"Jakarta, JK",jakarta jk,office-location,"Jakarta, JK","https://www.glassdoor.com/Location/All-ASUS-Jakarta-Office-Locations-EI_IE40093.4,8_IL.9,16_IC2709872.htm","https://www.glassdoor.com/Reviews/Inventec-Jakarta-Reviews-EI_IE13485.0,8_IL.9,16_IC2709872.htm",validation_failed,gap_probe_failed: missing_target_metrics,pool-location-id,2026-06-28T11:07:20.319356+00:00
Inventec,"Kuala Lumpur, 14",kuala lumpur 14,office-location,"Kuala Lumpur, 14","https://www.glassdoor.com/Location/All-ASUS-Kuala-Lumpur-Office-Locations-EI_IE40093.4,8_IL.9,21_IC2986682.htm","https://www.glassdoor.com/Reviews/Inventec-Kuala-Lumpur-Reviews-EI_IE13485.0,8_IL.9,21_IC2986682.htm",validation_failed,gap_probe_failed: missing_target_metrics,pool-location-id,2026-06-28T11:07:25.962377+00:00
Inventec,"Manila, D9",manila d9,office-location,"Manila, D9","https://www.glassdoor.com/Location/All-ASUS-Manila-Office-Locations-EI_IE40093.4,8_IL.9,15_IC2363570.htm","https://www.glassdoor.com/Reviews/Inventec-Manila-Reviews-EI_IE13485.0,8_IL.9,15_IC2363570.htm",validation_failed,gap_probe_failed: missing_target_metrics,pool-location-id,2026-06-28T11:07:33.252465+00:00
Inventec,"Mumbai, MH",mumbai mh,office-location,"Mumbai, MH","https://www.glassdoor.com/Location/All-ASUS-Mumbai-Office-Locations-EI_IE40093.4,8_IL.9,15_IC2851180.htm","https://www.glassdoor.com/Reviews/Inventec-Mumbai-Reviews-EI_IE13485.0,8_IL.9,15_IC2851180.htm",validation_failed,gap_probe_failed: missing_target_metrics,pool-location-id,2026-06-28T11:07:38.887620+00:00
Inventec,"Seoul, 11",seoul 11,office-location,"Seoul, 11","https://www.glassdoor.com/Location/All-ASUS-Seoul-Office-Locations-EI_IE40093.4,8_IL.9,14_IC3021489.htm","https://www.glassdoor.com/Reviews/Inventec-Seoul-Reviews-EI_IE13485.0,8_IL.9,14_IC3021489.htm",validation_failed,gap_probe_failed: missing_target_metrics,pool-location-id,2026-06-28T11:07:45.215777+00:00
Inventec,Singapore,singapore,office-location,Singapore,"https://www.glassdoor.com/Location/All-ASUS-Singapore-Office-Locations-EI_IE40093.4,8_IL.9,18_IC3235921.htm","https://www.glassdoor.com/Reviews/Inventec-Singapore-Reviews-EI_IE13485.0,8_IL.9,18_IC3235921.htm",validation_failed,gap_probe_failed: company_mismatch,pool-location-id,2026-06-28T15:57:39.977591+08:00
Inventec,"Taipei, TPQ",taipei tpq,office-location,"Taipei, TPQ","https://www.glassdoor.com/Location/All-ASUS-Taipei-Office-Locations-EI_IE40093.4,8_IL.9,15_IC3271041.htm","https://www.glassdoor.com/Reviews/Inventec-Taipei-Reviews-EI_IE13485.0,8_IL.9,15_IC3271041.htm",resolved,,pool-location-id,2026-06-28T11:07:52.020214+00:00
Inventec,"Tokyo, 40",tokyo 40,office-location,"Tokyo, 40","https://www.glassdoor.com/Location/All-ASUS-Tokyo-Office-Locations-EI_IE40093.4,8_IL.9,14_IC2851580.htm","https://www.glassdoor.com/Reviews/Inventec-Tokyo-Reviews-EI_IE13485.0,8_IL.9,14_IC2851580.htm",validation_failed,gap_probe_failed: missing_target_metrics,pool-location-id,2026-06-28T11:08:03.658545+00:00
Inventec,"San Isidro, HUC",san isidro huc,office-location,"San Isidro, HUC","https://www.glassdoor.com/Location/All-ASUS-San-Isidro-Office-Locations-EI_IE40093.4,8_IL.9,19_IC4694011.htm","https://www.glassdoor.com/Reviews/Inventec-San-Isidro-Reviews-EI_IE13485.0,8_IL.9,19_IC4694011.htm",validation_failed,gap_probe_failed: missing_target_metrics,pool-location-id,2026-06-28T11:08:09.243245+00:00
Inventec,"Santiago, RM",santiago rm,office-location,"Santiago, RM","https://www.glassdoor.com/Location/All-ASUS-Santiago-Office-Locations-EI_IE40093.4,8_IL.9,17_IC2434030.htm","https://www.glassdoor.com/Reviews/Inventec-Santiago-Reviews-EI_IE13485.0,8_IL.9,17_IC2434030.htm",validation_failed,gap_probe_failed: missing_target_metrics,pool-location-id,2026-06-28T11:08:15.776218+00:00
Inventec,"São Paulo, SP",s o paulo sp,office-location,"São Paulo, SP","https://www.glassdoor.com/Location/All-ASUS-São-Paulo-Office-Locations-EI_IE40093.4,8_IL.9,18_IC2479061.htm","https://www.glassdoor.com/Reviews/Inventec-S%C3%A3o-Paulo-Reviews-EI_IE13485.0,8_IL.9,18_IC2479061.htm",resolved,,pool-location-id,2026-06-28T11:08:22.169031+00:00
Inventec,"Sydney, NSW",sydney nsw,office-location,"Sydney, NSW","https://www.glassdoor.com/Location/All-ASUS-Sydney-Office-Locations-EI_IE40093.4,8_IL.9,15_IC2235932.htm","https://www.glassdoor.com/Reviews/Inventec-Sydney-Reviews-EI_IE13485.0,8_IL.9,15_IC2235932.htm",validation_failed,gap_probe_failed: missing_target_metrics,pool-location-id,2026-06-28T11:08:28.976826+00:00
Inventec,"Austin, TX",austin tx,office-location,"Austin, TX","https://www.glassdoor.com/Location/All-NVIDIA-Austin-Office-Locations-EI_IE7633.4,10_IL.11,17_IC1139761.htm","https://www.glassdoor.com/Reviews/Inventec-Austin-Reviews-EI_IE13485.0,8_IL.9,15_IC1139761.htm",validation_failed,gap_probe_failed: missing_target_metrics,pool-location-id,2026-06-28T11:08:35.086140+00:00
Inventec,"Beaverton, OR",beaverton or,office-location,"Beaverton, OR","https://www.glassdoor.com/Location/All-NVIDIA-Beaverton-Office-Locations-EI_IE7633.4,10_IL.11,20_IC1151576.htm","https://www.glassdoor.com/Reviews/Inventec-Beaverton-Reviews-EI_IE13485.0,8_IL.9,18_IC1151576.htm",validation_failed,gap_probe_failed: missing_target_metrics,pool-location-id,2026-06-28T11:08:41.959654+00:00
Inventec,"Bellevue, WA",bellevue wa,office-location,"Bellevue, WA","https://www.glassdoor.com/Location/All-NVIDIA-Bellevue-Office-Locations-EI_IE7633.4,10_IL.11,19_IC1150442.htm","https://www.glassdoor.com/Reviews/Inventec-Bellevue-Reviews-EI_IE13485.0,8_IL.9,17_IC1150442.htm",validation_failed,gap_probe_failed: missing_target_metrics,pool-location-id,2026-06-28T11:08:47.917571+00:00
Inventec,"Durham, NC",durham nc,office-location,"Durham, NC","https://www.glassdoor.com/Location/All-NVIDIA-Durham-Office-Locations-EI_IE7633.4,10_IL.11,17_IC1138697.htm","https://www.glassdoor.com/Reviews/Inventec-Durham-Reviews-EI_IE13485.0,8_IL.9,15_IC1138697.htm",validation_failed,gap_probe_failed: missing_target_metrics,pool-location-id,2026-06-28T11:08:54.273108+00:00
Inventec,"Hillsboro, OR",hillsboro or,office-location,"Hillsboro, OR","https://www.glassdoor.com/Location/All-NVIDIA-Hillsboro-Office-Locations-EI_IE7633.4,10_IL.11,20_IC1151603.htm","https://www.glassdoor.com/Reviews/Inventec-Hillsboro-Reviews-EI_IE13485.0,8_IL.9,18_IC1151603.htm",validation_failed,gap_probe_failed: missing_target_metrics,pool-location-id,2026-06-28T11:09:01.323238+00:00
Inventec,"Redmond, WA",redmond wa,office-location,"Redmond, WA","https://www.glassdoor.com/Location/All-NVIDIA-Redmond-Office-Locations-EI_IE7633.4,10_IL.11,18_IC1150499.htm","https://www.glassdoor.com/Reviews/Inventec-Redmond-Reviews-EI_IE13485.0,8_IL.9,16_IC1150499.htm",validation_failed,gap_probe_failed: missing_target_metrics,pool-location-id,2026-06-28T11:09:13.617394+00:00
Inventec,"Saint Louis, MO",saint louis mo,office-location,"Saint Louis, MO","https://www.glassdoor.com/Location/All-NVIDIA-Saint-Louis-Office-Locations-EI_IE7633.4,10_IL.11,22_IC1131270.htm","https://www.glassdoor.com/Reviews/Inventec-Saint-Louis-Reviews-EI_IE13485.0,8_IL.9,20_IC1131270.htm",validation_failed,gap_probe_failed: missing_target_metrics,pool-location-id,2026-06-28T11:09:20.029097+00:00
Inventec,"San Francisco, CA",san francisco ca,office-location,"San Francisco, CA","https://www.glassdoor.com/Location/All-NVIDIA-San-Francisco-Office-Locations-EI_IE7633.4,10_IL.11,24_IC1147401.htm","https://www.glassdoor.com/Reviews/Inventec-San-Francisco-Reviews-EI_IE13485.0,8_IL.9,22_IC1147401.htm",validation_failed,gap_probe_failed: missing_target_metrics,pool-location-id,2026-06-28T11:09:26.445443+00:00
Inventec,"San Jose, CA",san jose,office-location,"San Jose, CA","https://www.glassdoor.com/Location/All-NVIDIA-San-Jose-Office-Locations-EI_IE7633.4,10_IL.11,19_IC1147436.htm","https://www.glassdoor.com/Reviews/Inventec-San-Jose-Reviews-EI_IE13485.0,8_IL.9,17_IC1147436.htm",validation_failed,gap_probe_failed: company_mismatch,pool-location-id,2026-06-28T15:57:41.983314+08:00
Inventec,"Santa Clara, CA",santa clara ca,office-location,"Santa Clara, CA","https://www.glassdoor.com/Location/All-Inventec-Santa-Clara-Office-Locations-EI_IE13485.4,12_IL.13,24_IC1147439.htm","https://www.glassdoor.com/Reviews/Inventec-Santa-Clara-Reviews-EI_IE13485.0,8_IL.9,20_IC1147439.htm",resolved,,office-navigation,2026-06-28T15:32:45.029888+08:00
Inventec,"Toronto, ON",toronto on,office-location,"Toronto, ON","https://www.glassdoor.com/Location/All-NVIDIA-Toronto-Office-Locations-EI_IE7633.4,10_IL.11,18_IC2281069.htm","https://www.glassdoor.com/Reviews/Inventec-Toronto-Reviews-EI_IE13485.0,8_IL.9,16_IC2281069.htm",validation_failed,gap_probe_failed: missing_target_metrics,pool-location-id,2026-06-28T11:09:32.576167+00:00
Inventec,"Westford, MA",westford ma,office-location,"Westford, MA","https://www.glassdoor.com/Location/All-NVIDIA-Westford-Office-Locations-EI_IE7633.4,10_IL.11,19_IC1154720.htm","https://www.glassdoor.com/Reviews/Inventec-Westford-Reviews-EI_IE13485.0,8_IL.9,17_IC1154720.htm",validation_failed,gap_probe_failed: missing_target_metrics,pool-location-id,2026-06-28T11:09:39.371147+00:00
Inventec,"Moscow, 48",moscow 48,office-location,"Moscow, 48","https://www.glassdoor.com/Location/All-NVIDIA-Moscow-Office-Locations-EI_IE7633.4,10_IL.11,17_IC3348306.htm","https://www.glassdoor.com/Reviews/Inventec-Moscow-Reviews-EI_IE13485.0,8_IL.9,15_IC3348306.htm",validation_failed,gap_probe_failed: missing_target_metrics,pool-location-id,2026-06-28T11:09:45.411827+00:00
Inventec,"Munich, BY",munich by,office-location,"Munich, BY","https://www.glassdoor.com/Location/All-NVIDIA-Munich-Office-Locations-EI_IE7633.4,10_IL.11,17_IC4990924.htm","https://www.glassdoor.com/Reviews/Inventec-Munich-Reviews-EI_IE13485.0,8_IL.9,15_IC4990924.htm",validation_failed,gap_probe_failed: missing_target_metrics,pool-location-id,2026-06-28T11:09:51.851849+00:00
Inventec,"Reading, ENG",reading eng,office-location,"Reading, ENG","https://www.glassdoor.com/Location/All-NVIDIA-Reading-Office-Locations-EI_IE7633.4,10_IL.11,18_IC2675152.htm","https://www.glassdoor.com/Reviews/Inventec-Reading-Reviews-EI_IE13485.0,8_IL.9,16_IC2675152.htm",validation_failed,gap_probe_failed: missing_target_metrics,pool-location-id,2026-06-28T11:09:58.386006+00:00
Inventec,"Zürich, ZH",z rich zh,office-location,"Zürich, ZH","https://www.glassdoor.com/Location/All-NVIDIA-Zürich-Office-Locations-EI_IE7633.4,10_IL.11,17_IC3297851.htm","https://www.glassdoor.com/Reviews/Inventec-Z%C3%BCrich-Reviews-EI_IE13485.0,8_IL.9,15_IC3297851.htm",validation_failed,gap_probe_failed: missing_target_metrics,pool-location-id,2026-06-28T11:10:04.173357+00:00
Inventec,"Bengaluru, KA",bengaluru ka,office-location,"Bengaluru, KA","https://www.glassdoor.com/Location/All-NVIDIA-Bengaluru-Office-Locations-EI_IE7633.4,10_IL.11,20_IC2940587.htm","https://www.glassdoor.com/Reviews/Inventec-Bengaluru-Reviews-EI_IE13485.0,8_IL.9,18_IC2940587.htm",validation_failed,gap_probe_failed: missing_target_metrics,pool-location-id,2026-06-28T11:10:10.668245+00:00
Inventec,"Hsinchu, TXG",hsinchu txg,office-location,"Hsinchu, TXG","https://www.glassdoor.com/Location/All-NVIDIA-Hsinchu-Office-Locations-EI_IE7633.4,10_IL.11,18_IC4915323.htm","https://www.glassdoor.com/Reviews/Inventec-Hsinchu-Reviews-EI_IE13485.0,8_IL.9,16_IC4915323.htm",resolved,,pool-location-id,2026-06-28T11:10:21.556152+00:00
Inventec,"Pudong, 23",pudong 23,office-location,"Pudong, 23","https://www.glassdoor.com/Location/All-NVIDIA-Pudong-Office-Locations-EI_IE7633.4,10_IL.11,17_IC2415109.htm","https://www.glassdoor.com/Reviews/Inventec-Pudong-Reviews-EI_IE13485.0,8_IL.9,15_IC2415109.htm",resolved,,pool-location-id,2026-06-28T11:10:28.842672+00:00
Inventec,"Pune, MH",pune mh,office-location,"Pune, MH","https://www.glassdoor.com/Location/All-NVIDIA-Pune-Office-Locations-EI_IE7633.4,10_IL.11,15_IC2856202.htm","https://www.glassdoor.com/Reviews/Inventec-Pune-Reviews-EI_IE13485.0,8_IL.9,13_IC2856202.htm",validation_failed,gap_probe_failed: missing_target_metrics,pool-location-id,2026-06-28T11:10:34.920155+00:00
Inventec,"Shanghai, 23",shanghai 23,office-location,"Shanghai, 23","https://www.glassdoor.com/Location/All-NVIDIA-Shanghai-Office-Locations-EI_IE7633.4,10_IL.11,19_IC2416009.htm","https://www.glassdoor.com/Reviews/Inventec-Shanghai-Reviews-EI_IE13485.0,8_IL.9,17_IC2416009.htm",resolved,,pool-location-id,2026-06-28T11:10:41.665874+00:00
Inventec,"San Jose, MP",san jose mp,office-location,"San Jose, CA","https://www.glassdoor.com/Location/All-NVIDIA-San-Jose-Office-Locations-EI_IE7633.4,10_IL.11,19_IC1147436.htm","https://www.glassdoor.com/Reviews/Inventec-San-Jose-Reviews-EI_IE13485.0,8_IL.9,17_IC1147436.htm",validation_failed,gap_probe_failed: missing_target_metrics,pool-location-id,2026-06-28T11:10:47.748404+00:00
Inventec,"Frankfurt am Main, HE",frankfurt am main he,office-location,"Frankfurt am Main, HE","https://www.glassdoor.com/Location/All-Micro-Star-International-Frankfurt-am-Main-Office-Locations-EI_IE41141.4,28_IL.29,46_IC2632180.htm","https://www.glassdoor.com/Reviews/Inventec-Frankfurt-am-Main-Reviews-EI_IE13485.0,8_IL.9,26_IC2632180.htm",validation_failed,gap_probe_failed: missing_target_metrics,pool-location-id,2026-06-28T11:10:54.049665+00:00
Inventec,"Boise, ID",boise id,office-location,"Boise, ID","https://www.glassdoor.com/Location/All-HP-Inc-Boise-Office-Locations-EI_IE1093161.4,10_IL.11,16_IC1127927.htm","https://www.glassdoor.com/Reviews/Inventec-Boise-Reviews-EI_IE13485.0,8_IL.9,14_IC1127927.htm",validation_failed,gap_probe_failed: missing_target_metrics,pool-location-id,2026-06-28T11:11:00.114138+00:00
Inventec,"Corvallis, OR",corvallis or,office-location,"Corvallis, OR","https://www.glassdoor.com/Location/All-HP-Inc-Corvallis-Office-Locations-EI_IE1093161.4,10_IL.11,20_IC1151455.htm","https://www.glassdoor.com/Reviews/Inventec-Corvallis-Reviews-EI_IE13485.0,8_IL.9,18_IC1151455.htm",validation_failed,gap_probe_failed: missing_target_metrics,pool-location-id,2026-06-28T11:11:06.501974+00:00
Inventec,"Fort Collins, CO",fort collins co,office-location,"Fort Collins, CO","https://www.glassdoor.com/Location/All-HP-Inc-Fort-Collins-Office-Locations-EI_IE1093161.4,10_IL.11,23_IC1148233.htm","https://www.glassdoor.com/Reviews/Inventec-Fort-Collins-Reviews-EI_IE13485.0,8_IL.9,21_IC1148233.htm",validation_failed,gap_probe_failed: missing_target_metrics,pool-location-id,2026-06-28T11:11:12.850591+00:00
Inventec,"Guadalajara, JAL",guadalajara jal,office-location,"Guadalajara, JAL","https://www.glassdoor.com/Location/All-HP-Inc-Guadalajara-Office-Locations-EI_IE1093161.4,10_IL.11,22_IC3486357.htm","https://www.glassdoor.com/Reviews/Inventec-Guadalajara-Reviews-EI_IE13485.0,8_IL.9,20_IC3486357.htm",validation_failed,gap_probe_failed: missing_target_metrics,pool-location-id,2026-06-28T11:11:19.013106+00:00
Inventec,"Houston, TX",houston tx,office-location,"Houston, TX","https://www.glassdoor.com/Location/All-HP-Inc-Houston-Office-Locations-EI_IE1093161.4,10_IL.11,18_IC1140171.htm","https://www.glassdoor.com/Reviews/Inventec-Houston-Reviews-EI_IE13485.0,8_IL.9,16_IC1140171.htm",resolved,,pool-location-id,2026-06-28T11:11:30.568426+00:00
Inventec,"Palo Alto, CA",palo alto ca,office-location,"Palo Alto, CA","https://www.glassdoor.com/Location/All-HP-Inc-Palo-Alto-Office-Locations-EI_IE1093161.4,10_IL.11,20_IC1147434.htm","https://www.glassdoor.com/Reviews/Inventec-Palo-Alto-Reviews-EI_IE13485.0,8_IL.9,18_IC1147434.htm",validation_failed,gap_probe_failed: missing_target_metrics,pool-location-id,2026-06-28T11:11:36.718829+00:00
Inventec,"Portland, OR",portland or,office-location,"Portland, OR","https://www.glassdoor.com/Location/All-HP-Inc-Portland-Office-Locations-EI_IE1093161.4,10_IL.11,19_IC1151614.htm","https://www.glassdoor.com/Reviews/Inventec-Portland-Reviews-EI_IE13485.0,8_IL.9,17_IC1151614.htm",validation_failed,gap_probe_failed: missing_target_metrics,pool-location-id,2026-06-28T11:11:42.734277+00:00
Inventec,"San Diego, CA",san diego ca,office-location,"San Diego, CA","https://www.glassdoor.com/Location/All-HP-Inc-San-Diego-Office-Locations-EI_IE1093161.4,10_IL.11,20_IC1147311.htm","https://www.glassdoor.com/Reviews/Inventec-San-Diego-Reviews-EI_IE13485.0,8_IL.9,18_IC1147311.htm",validation_failed,gap_probe_failed: missing_target_metrics,pool-location-id,2026-06-28T11:11:49.305262+00:00
Inventec,"Spring, TX",spring tx,office-location,"Spring, TX","https://www.glassdoor.com/Location/All-HP-Inc-Spring-Office-Locations-EI_IE1093161.4,10_IL.11,17_IC1140222.htm","https://www.glassdoor.com/Reviews/Inventec-Spring-Reviews-EI_IE13485.0,8_IL.9,15_IC1140222.htm",validation_failed,gap_probe_failed: missing_target_metrics,pool-location-id,2026-06-28T11:11:55.353665+00:00
Inventec,"Sunnyvale, CA",sunnyvale ca,office-location,"Sunnyvale, CA","https://www.glassdoor.com/Location/All-HP-Inc-Sunnyvale-Office-Locations-EI_IE1093161.4,10_IL.11,20_IC1147442.htm","https://www.glassdoor.com/Reviews/Inventec-Sunnyvale-Reviews-EI_IE13485.0,8_IL.9,18_IC1147442.htm",validation_failed,gap_probe_failed: missing_target_metrics,pool-location-id,2026-06-28T11:12:01.321594+00:00
Inventec,"Tlaquepaque, JAL",tlaquepaque jal,office-location,"Tlaquepaque, JAL","https://www.glassdoor.com/Location/All-HP-Inc-Tlaquepaque-Office-Locations-EI_IE1093161.4,10_IL.11,22_IC3486348.htm","https://www.glassdoor.com/Reviews/Inventec-Tlaquepaque-Reviews-EI_IE13485.0,8_IL.9,20_IC3486348.htm",validation_failed,gap_probe_failed: missing_target_metrics,pool-location-id,2026-06-28T11:12:08.170344+00:00
Inventec,"Vancouver, WA",vancouver wa,office-location,"Vancouver, WA","https://www.glassdoor.com/Location/All-HP-Inc-Vancouver-Office-Locations-EI_IE1093161.4,10_IL.11,20_IC1150413.htm","https://www.glassdoor.com/Reviews/Inventec-Vancouver-Reviews-EI_IE13485.0,8_IL.9,18_IC1150413.htm",validation_failed,gap_probe_failed: missing_target_metrics,pool-location-id,2026-06-28T11:12:14.433329+00:00
Inventec,"Zapopan, JAL",zapopan jal,office-location,"Zapopan, JAL","https://www.glassdoor.com/Location/All-HP-Inc-Zapopan-Office-Locations-EI_IE1093161.4,10_IL.11,18_IC3487018.htm","https://www.glassdoor.com/Reviews/Inventec-Zapopan-Reviews-EI_IE13485.0,8_IL.9,16_IC3487018.htm",validation_failed,gap_probe_failed: missing_target_metrics,pool-location-id,2026-06-28T11:12:20.748723+00:00
Inventec,"Boulogne-Billancourt, A8",boulogne billancourt a8,office-location,"Boulogne-Billancourt, A8","https://www.glassdoor.com/Location/All-HP-Inc-Boulogne-Billancourt-Office-Locations-EI_IE1093161.4,10_IL.11,31_IC3040032.htm","https://www.glassdoor.com/Reviews/Inventec-Boulogne-Billancourt-Reviews-EI_IE13485.0,8_IL.9,29_IC3040032.htm",validation_failed,gap_probe_failed: missing_target_metrics,pool-location-id,2026-06-28T11:12:26.750173+00:00
Inventec,"Bucharest, B",bucharest b,office-location,"Bucharest, B","https://www.glassdoor.com/Location/All-HP-Inc-Bucharest-Office-Locations-EI_IE1093161.4,10_IL.11,20_IC3184907.htm","https://www.glassdoor.com/Reviews/Inventec-Bucharest-Reviews-EI_IE13485.0,8_IL.9,18_IC3184907.htm",validation_failed,gap_probe_failed: missing_target_metrics,pool-location-id,2026-06-28T11:12:37.972391+00:00
Inventec,"Cambridge, ENG",cambridge eng,office-location,"Cambridge, ENG","https://www.glassdoor.com/Location/All-HP-Inc-Cambridge-Office-Locations-EI_IE1093161.4,10_IL.11,20_IC2662516.htm","https://www.glassdoor.com/Reviews/Inventec-Cambridge-Reviews-EI_IE13485.0,8_IL.9,18_IC2662516.htm",validation_failed,gap_probe_failed: missing_target_metrics,pool-location-id,2026-06-28T11:12:43.894638+00:00
Inventec,"Meudon, A8",meudon a8,office-location,"Meudon, A8","https://www.glassdoor.com/Location/All-HP-Inc-Meudon-Office-Locations-EI_IE1093161.4,10_IL.11,17_IC3019026.htm","https://www.glassdoor.com/Reviews/Inventec-Meudon-Reviews-EI_IE13485.0,8_IL.9,15_IC3019026.htm",validation_failed,gap_probe_failed: missing_target_metrics,pool-location-id,2026-06-28T11:12:50.176685+00:00
Inventec,"Paris, A8",paris a8,office-location,"Paris, A8","https://www.glassdoor.com/Location/All-HP-Inc-Paris-Office-Locations-EI_IE1093161.4,10_IL.11,16_IC2881970.htm","https://www.glassdoor.com/Reviews/Inventec-Paris-Reviews-EI_IE13485.0,8_IL.9,14_IC2881970.htm",validation_failed,gap_probe_failed: missing_target_metrics,pool-location-id,2026-06-28T11:12:56.590304+00:00
Inventec,"Sant Cugat del Vallès, CT",sant cugat del vall s ct,office-location,"Sant Cugat del Vallès, CT","https://www.glassdoor.com/Location/All-HP-Inc-Sant-Cugat-del-Vallès-Office-Locations-EI_IE1093161.4,10_IL.11,32_IC4843928.htm","https://www.glassdoor.com/Reviews/Inventec-Sant-Cugat-del-Vall%C3%A8s-Reviews-EI_IE13485.0,8_IL.9,30_IC4843928.htm",validation_failed,gap_probe_failed: missing_target_metrics,pool-location-id,2026-06-28T11:13:02.637852+00:00
Inventec,"Tuas, W",tuas w,office-location,"Tuas, W","https://www.glassdoor.com/Location/All-HP-Inc-Tuas-Office-Locations-EI_IE1093161.4,10_IL.11,15_IC3235538.htm","https://www.glassdoor.com/Reviews/Inventec-Tuas-Reviews-EI_IE13485.0,8_IL.9,13_IC3235538.htm",validation_failed,gap_probe_failed: missing_target_metrics,pool-location-id,2026-06-28T11:13:08.540360+00:00
Inventec,"Whitefield, KA",whitefield ka,office-location,"Whitefield, KA","https://www.glassdoor.com/Location/All-HP-Inc-Whitefield-Office-Locations-EI_IE1093161.4,10_IL.11,21_IC2941717.htm","https://www.glassdoor.com/Reviews/Inventec-Whitefield-Reviews-EI_IE13485.0,8_IL.9,19_IC2941717.htm",validation_failed,gap_probe_failed: missing_target_metrics,pool-location-id,2026-06-28T11:13:15.180377+00:00
Inventec,"Lake Forest, CA",lake forest ca,office-location,"Lake Forest, CA","https://www.glassdoor.com/Location/All-Wistron-Lake-Forest-Office-Locations-EI_IE15218.4,11_IL.12,23_IC1146811.htm","https://www.glassdoor.com/Reviews/Inventec-Lake-Forest-Reviews-EI_IE13485.0,8_IL.9,20_IC1146811.htm",validation_failed,gap_probe_failed: missing_target_metrics,pool-location-id,2026-06-28T11:13:21.395421+00:00
Inventec,"Rolling Meadows, IL",rolling meadows il,office-location,"Rolling Meadows, IL","https://www.glassdoor.com/Location/All-Wistron-Rolling-Meadows-Office-Locations-EI_IE15218.4,11_IL.12,27_IC1128962.htm","https://www.glassdoor.com/Reviews/Inventec-Rolling-Meadows-Reviews-EI_IE13485.0,8_IL.9,24_IC1128962.htm",validation_failed,gap_probe_failed: missing_target_metrics,pool-location-id,2026-06-28T11:13:27.630530+00:00
Inventec,"Wuhan, 12",wuhan 12,office-location,"Wuhan, 12","https://www.glassdoor.com/Location/All-Wistron-Wuhan-Office-Locations-EI_IE15218.4,11_IL.12,17_IC2478891.htm","https://www.glassdoor.com/Reviews/Inventec-Wuhan-Reviews-EI_IE13485.0,8_IL.9,14_IC2478891.htm",validation_failed,gap_probe_failed: missing_target_metrics,pool-location-id,2026-06-28T11:13:34.054424+00:00
Inventec,"Hoofddorp, NH",hoofddorp nh,office-location,"Hoofddorp, NH","https://www.glassdoor.com/Location/All-Delta-Electronics-Hoofddorp-Office-Locations-EI_IE41146.4,21_IL.22,31_IC3063772.htm","https://www.glassdoor.com/Reviews/Inventec-Hoofddorp-Reviews-EI_IE13485.0,8_IL.9,18_IC3063772.htm",validation_failed,gap_probe_failed: missing_target_metrics,pool-location-id,2026-06-28T11:13:44.849567+00:00
Inventec,"Notting Hill, VIC",notting hill vic,office-location,"Notting Hill, VIC","https://www.glassdoor.com/Location/All-Delta-Electronics-Notting-Hill-Office-Locations-EI_IE41146.4,21_IL.22,34_IC2257042.htm","https://www.glassdoor.com/Reviews/Inventec-Notting-Hill-Reviews-EI_IE13485.0,8_IL.9,21_IC2257042.htm",validation_failed,gap_probe_failed: missing_target_metrics,pool-location-id,2026-06-28T11:13:51.406026+00:00
Inventec,"Jeffersonville, IN",jeffersonville in,office-location,"Jeffersonville, IN","https://www.glassdoor.com/Location/All-Pegatron-Jeffersonville-Office-Locations-EI_IE337948.4,12_IL.13,27_IC1145141.htm","https://www.glassdoor.com/Reviews/Inventec-Jeffersonville-Reviews-EI_IE13485.0,8_IL.9,23_IC1145141.htm",validation_failed,gap_probe_failed: missing_target_metrics,pool-location-id,2026-06-28T11:13:57.022134+00:00
Inventec,"Irving, TX",irving tx,office-location,"Irving, TX","https://www.glassdoor.com/Location/All-Trend-Micro-Inc-Irving-Office-Locations-EI_IE8983.4,19_IL.20,26_IC1140006.htm","https://www.glassdoor.com/Reviews/Inventec-Irving-Reviews-EI_IE13485.0,8_IL.9,15_IC1140006.htm",validation_failed,gap_probe_failed: missing_target_metrics,pool-location-id,2026-06-28T11:14:03.645536+00:00
Inventec,"Jersey City, NJ",jersey city nj,office-location,"Jersey City, NJ","https://www.glassdoor.com/Location/All-Trend-Micro-Inc-Jersey-City-Office-Locations-EI_IE8983.4,19_IL.20,31_IC1126819.htm","https://www.glassdoor.com/Reviews/Inventec-Jersey-City-Reviews-EI_IE13485.0,8_IL.9,20_IC1126819.htm",validation_failed,gap_probe_failed: missing_target_metrics,pool-location-id,2026-06-28T11:14:09.948619+00:00
Inventec,"Kanata, ON",kanata on,office-location,"Kanata, ON","https://www.glassdoor.com/Location/All-Trend-Micro-Inc-Kanata-Office-Locations-EI_IE8983.4,19_IL.20,26_IC2282818.htm","https://www.glassdoor.com/Reviews/Inventec-Kanata-Reviews-EI_IE13485.0,8_IL.9,15_IC2282818.htm",validation_failed,gap_probe_failed: missing_target_metrics,pool-location-id,2026-06-28T11:14:15.737580+00:00
Inventec,"Cork, M",cork m,office-location,"Cork, M","https://www.glassdoor.com/Location/All-Trend-Micro-Inc-Cork-Office-Locations-EI_IE8983.4,19_IL.20,24_IC4325638.htm","https://www.glassdoor.com/Reviews/Inventec-Cork-Reviews-EI_IE13485.0,8_IL.9,13_IC4325638.htm",validation_failed,gap_probe_failed: missing_target_metrics,pool-location-id,2026-06-28T11:14:21.579259+00:00
Inventec,"London, ENG",london eng,office-location,"London, ENG","https://www.glassdoor.com/Location/All-Trend-Micro-Inc-London-Office-Locations-EI_IE8983.4,19_IL.20,26_IC2671300.htm","https://www.glassdoor.com/Reviews/Inventec-London-Reviews-EI_IE13485.0,8_IL.9,15_IC2671300.htm",validation_failed,gap_probe_failed: missing_target_metrics,pool-location-id,2026-06-28T11:14:29.723058+00:00
Inventec,"Paddington, ENG",paddington eng,office-location,"Paddington, ENG","https://www.glassdoor.com/Location/All-Trend-Micro-Inc-Paddington-Office-Locations-EI_IE8983.4,19_IL.20,30_IC3527325.htm","https://www.glassdoor.com/Reviews/Inventec-Paddington-Reviews-EI_IE13485.0,8_IL.9,19_IC3527325.htm",validation_failed,gap_probe_failed: missing_target_metrics,pool-location-id,2026-06-28T11:14:36.460063+00:00
Inventec,"Aliso, CA",aliso ca,office-location,"Aliso, CA","https://www.glassdoor.com/Location/All-Dell-Technologies-Aliso-Office-Locations-EI_IE1327.4,21_IL.22,27_IC3789361.htm","https://www.glassdoor.com/Reviews/Inventec-Aliso-Reviews-EI_IE13485.0,8_IL.9,14_IC3789361.htm",validation_failed,gap_probe_failed: missing_target_metrics,pool-location-id,2026-06-28T11:14:42.365540+00:00
Inventec,"Bedford, MA",bedford ma,office-location,"Bedford, MA","https://www.glassdoor.com/Location/All-Dell-Technologies-Bedford-Office-Locations-EI_IE1327.4,21_IL.22,29_IC1154527.htm","https://www.glassdoor.com/Reviews/Inventec-Bedford-Reviews-EI_IE13485.0,8_IL.9,16_IC1154527.htm",validation_failed,gap_probe_failed: missing_target_metrics,pool-location-id,2026-06-28T11:14:54.059502+00:00
Inventec,"Boston, MA",boston ma,office-location,"Boston, MA","https://www.glassdoor.com/Location/All-Dell-Technologies-Boston-Office-Locations-EI_IE1327.4,21_IL.22,28_IC1154532.htm","https://www.glassdoor.com/Reviews/Inventec-Boston-Reviews-EI_IE13485.0,8_IL.9,15_IC1154532.htm",validation_failed,gap_probe_failed: missing_target_metrics,pool-location-id,2026-06-28T11:15:00.548629+00:00
Inventec,"Boydton, VA",boydton va,office-location,"Boydton, VA","https://www.glassdoor.com/Location/All-Dell-Technologies-Boydton-Office-Locations-EI_IE1327.4,21_IL.22,29_IC1129623.htm","https://www.glassdoor.com/Reviews/Inventec-Boydton-Reviews-EI_IE13485.0,8_IL.9,16_IC1129623.htm",validation_failed,gap_probe_failed: missing_target_metrics,pool-location-id,2026-06-28T11:15:06.965866+00:00
Inventec,"Cambridge, MA",cambridge ma,office-location,"Cambridge, MA","https://www.glassdoor.com/Location/All-Dell-Technologies-Cambridge-Office-Locations-EI_IE1327.4,21_IL.22,31_IC1154545.htm","https://www.glassdoor.com/Reviews/Inventec-Cambridge-Reviews-EI_IE13485.0,8_IL.9,18_IC1154545.htm",validation_failed,gap_probe_failed: missing_target_metrics,pool-location-id,2026-06-28T11:15:12.913473+00:00
Inventec,"Canada, KY",canada ky,office-location,"Canada, KY","https://www.glassdoor.com/Location/All-Dell-Technologies-Canada-Office-Locations-EI_IE1327.4,21_IL.22,28_IC1137126.htm","https://www.glassdoor.com/Reviews/Inventec-Canada-Reviews-EI_IE13485.0,8_IL.9,15_IC1137126.htm",validation_failed,gap_probe_failed: missing_target_metrics,pool-location-id,2026-06-28T11:15:19.099238+00:00
Inventec,"Canton, MA",canton ma,office-location,"Canton, MA","https://www.glassdoor.com/Location/All-Dell-Technologies-Canton-Office-Locations-EI_IE1327.4,21_IL.22,28_IC1154546.htm","https://www.glassdoor.com/Reviews/Inventec-Canton-Reviews-EI_IE13485.0,8_IL.9,15_IC1154546.htm",validation_failed,gap_probe_failed: missing_target_metrics,pool-location-id,2026-06-28T11:15:25.151224+00:00
Inventec,"Cedar Park, TX",cedar park tx,office-location,"Cedar Park, TX","https://www.glassdoor.com/Location/All-Dell-Technologies-Cedar-Park-Office-Locations-EI_IE1327.4,21_IL.22,32_IC1139765.htm","https://www.glassdoor.com/Reviews/Inventec-Cedar-Park-Reviews-EI_IE13485.0,8_IL.9,19_IC1139765.htm",validation_failed,gap_probe_failed: missing_target_metrics,pool-location-id,2026-06-28T11:15:31.535935+00:00
Inventec,"Framingham, MA",framingham ma,office-location,"Framingham, MA","https://www.glassdoor.com/Location/All-Dell-Technologies-Framingham-Office-Locations-EI_IE1327.4,21_IL.22,32_IC1154571.htm","https://www.glassdoor.com/Reviews/Inventec-Framingham-Reviews-EI_IE13485.0,8_IL.9,19_IC1154571.htm",validation_failed,gap_probe_failed: missing_target_metrics,pool-location-id,2026-06-28T11:15:37.683508+00:00
Inventec,"Franklin, MA",franklin ma,office-location,"Franklin, MA","https://www.glassdoor.com/Location/All-Dell-Technologies-Franklin-Office-Locations-EI_IE1327.4,21_IL.22,30_IC1154572.htm","https://www.glassdoor.com/Reviews/Inventec-Franklin-Reviews-EI_IE13485.0,8_IL.9,17_IC1154572.htm",validation_failed,gap_probe_failed: missing_target_metrics,pool-location-id,2026-06-28T11:15:43.573392+00:00
Inventec,"Fuquay-Varina, NC",fuquay varina nc,office-location,"Fuquay-Varina, NC","https://www.glassdoor.com/Location/All-Dell-Technologies-Fuquay-Varina-Office-Locations-EI_IE1327.4,21_IL.22,35_IC3757296.htm","https://www.glassdoor.com/Reviews/Inventec-Fuquay-Varina-Reviews-EI_IE13485.0,8_IL.9,22_IC3757296.htm",validation_failed,gap_probe_failed: missing_target_metrics,pool-location-id,2026-06-28T11:15:49.841179+00:00
Inventec,"Georgetown, TX",georgetown tx,office-location,"Georgetown, TX","https://www.glassdoor.com/Location/All-Dell-Technologies-Georgetown-Office-Locations-EI_IE1327.4,21_IL.22,32_IC1139774.htm","https://www.glassdoor.com/Reviews/Inventec-Georgetown-Reviews-EI_IE13485.0,8_IL.9,19_IC1139774.htm",validation_failed,gap_probe_failed: missing_target_metrics,pool-location-id,2026-06-28T11:16:01.310293+00:00
Inventec,"Hopkinton, MA",hopkinton ma,office-location,"Hopkinton, MA","https://www.glassdoor.com/Location/All-Dell-Technologies-Hopkinton-Office-Locations-EI_IE1327.4,21_IL.22,31_IC1154589.htm","https://www.glassdoor.com/Reviews/Inventec-Hopkinton-Reviews-EI_IE13485.0,8_IL.9,18_IC1154589.htm",validation_failed,gap_probe_failed: missing_target_metrics,pool-location-id,2026-06-28T11:16:07.454673+00:00
Inventec,"India, TX",india tx,office-location,"India, TX","https://www.glassdoor.com/Location/All-Dell-Technologies-India-Office-Locations-EI_IE1327.4,21_IL.22,27_IC3759223.htm","https://www.glassdoor.com/Reviews/Inventec-India-Reviews-EI_IE13485.0,8_IL.9,14_IC3759223.htm",validation_failed,gap_probe_failed: missing_target_metrics,pool-location-id,2026-06-28T11:16:14.091899+00:00
Inventec,"Land O' Lakes, FL",land o lakes fl,office-location,"Land O' Lakes, FL","https://www.glassdoor.com/Location/All-Dell-Technologies-Land-O-Lakes-Office-Locations-EI_IE1327.4,21_IL.22,34_IC3817049.htm","https://www.glassdoor.com/Reviews/Inventec-Land-O-Lakes-Reviews-EI_IE13485.0,8_IL.9,21_IC3817049.htm",validation_failed,gap_probe_failed: missing_target_metrics,pool-location-id,2026-06-28T11:16:20.866545+00:00
Inventec,"Leander, TX",leander tx,office-location,"Leander, TX","https://www.glassdoor.com/Location/All-Dell-Technologies-Leander-Office-Locations-EI_IE1327.4,21_IL.22,29_IC1139779.htm","https://www.glassdoor.com/Reviews/Inventec-Leander-Reviews-EI_IE13485.0,8_IL.9,16_IC1139779.htm",validation_failed,gap_probe_failed: missing_target_metrics,pool-location-id,2026-06-28T11:16:27.898945+00:00
Inventec,"Pflugerville, TX",pflugerville tx,office-location,"Pflugerville, TX","https://www.glassdoor.com/Location/All-Dell-Technologies-Pflugerville-Office-Locations-EI_IE1327.4,21_IL.22,34_IC1139790.htm","https://www.glassdoor.com/Reviews/Inventec-Pflugerville-Reviews-EI_IE13485.0,8_IL.9,21_IC1139790.htm",validation_failed,gap_probe_failed: missing_target_metrics,pool-location-id,2026-06-28T11:16:34.459779+00:00
Inventec,"Quincy, MA",quincy ma,office-location,"Quincy, MA","https://www.glassdoor.com/Location/All-Dell-Technologies-Quincy-Office-Locations-EI_IE1327.4,21_IL.22,28_IC1154667.htm","https://www.glassdoor.com/Reviews/Inventec-Quincy-Reviews-EI_IE13485.0,8_IL.9,15_IC1154667.htm",validation_failed,gap_probe_failed: missing_target_metrics,pool-location-id,2026-06-28T11:16:40.728853+00:00
Inventec,"Round Rock, TX",round rock tx,office-location,"Round Rock, TX","https://www.glassdoor.com/Location/All-Dell-Technologies-Round-Rock-Office-Locations-EI_IE1327.4,21_IL.22,32_IC1139794.htm","https://www.glassdoor.com/Reviews/Inventec-Round-Rock-Reviews-EI_IE13485.0,8_IL.9,19_IC1139794.htm",validation_failed,gap_probe_failed: missing_target_metrics,pool-location-id,2026-06-28T11:16:46.904398+00:00
Inventec,"San Marcos, TX",san marcos tx,office-location,"San Marcos, TX","https://www.glassdoor.com/Location/All-Dell-Technologies-San-Marcos-Office-Locations-EI_IE1327.4,21_IL.22,32_IC1139795.htm","https://www.glassdoor.com/Reviews/Inventec-San-Marcos-Reviews-EI_IE13485.0,8_IL.9,19_IC1139795.htm",validation_failed,gap_probe_failed: missing_target_metrics,pool-location-id,2026-06-28T11:16:52.899649+00:00
Inventec,"Satellite Beach, FL",satellite beach fl,office-location,"Satellite Beach, FL","https://www.glassdoor.com/Location/All-Dell-Technologies-Satellite-Beach-Office-Locations-EI_IE1327.4,21_IL.22,37_IC1154294.htm","https://www.glassdoor.com/Reviews/Inventec-Satellite-Beach-Reviews-EI_IE13485.0,8_IL.9,24_IC1154294.htm",validation_failed,gap_probe_failed: missing_target_metrics,pool-location-id,2026-06-28T11:16:59.550893+00:00
Inventec,"Wellesley, MA",wellesley ma,office-location,"Wellesley, MA","https://www.glassdoor.com/Location/All-Dell-Technologies-Wellesley-Office-Locations-EI_IE1327.4,21_IL.22,31_IC1154708.htm","https://www.glassdoor.com/Reviews/Inventec-Wellesley-Reviews-EI_IE13485.0,8_IL.9,18_IC1154708.htm",validation_failed,gap_probe_failed: missing_target_metrics,pool-location-id,2026-06-28T11:17:10.671717+00:00
Inventec,"Domlur, KA",domlur ka,office-location,"Domlur, KA","https://www.glassdoor.com/Location/All-Dell-Technologies-Domlur-Office-Locations-EI_IE1327.4,21_IL.22,28_IC4470560.htm","https://www.glassdoor.com/Reviews/Inventec-Domlur-Reviews-EI_IE13485.0,8_IL.9,15_IC4470560.htm",validation_failed,gap_probe_failed: missing_target_metrics,pool-location-id,2026-06-28T11:17:16.486233+00:00
Inventec,"Chicago, IL",chicago il,office-location,"Chicago, IL","https://www.glassdoor.com/Location/All-Lenovo-Chicago-Office-Locations-EI_IE8034.4,10_IL.11,18_IC1128808.htm","https://www.glassdoor.com/Reviews/Inventec-Chicago-Reviews-EI_IE13485.0,8_IL.9,16_IC1128808.htm",validation_failed,gap_probe_failed: missing_target_metrics,pool-location-id,2026-06-28T11:17:22.987614+00:00
Inventec,"Morrisville, NC",morrisville nc,office-location,"Morrisville, NC","https://www.glassdoor.com/Location/All-Lenovo-Morrisville-Office-Locations-EI_IE8034.4,10_IL.11,22_IC1138956.htm","https://www.glassdoor.com/Reviews/Inventec-Morrisville-Reviews-EI_IE13485.0,8_IL.9,20_IC1138956.htm",validation_failed,gap_probe_failed: missing_target_metrics,pool-location-id,2026-06-28T11:17:29.512503+00:00
Inventec,"Bratislava, 02",bratislava 02,office-location,"Bratislava, 02","https://www.glassdoor.com/Location/All-Lenovo-Bratislava-Office-Locations-EI_IE8034.4,10_IL.11,21_IC2907054.htm","https://www.glassdoor.com/Reviews/Inventec-Bratislava-Reviews-EI_IE13485.0,8_IL.9,19_IC2907054.htm",validation_failed,gap_probe_failed: missing_target_metrics,pool-location-id,2026-06-28T11:17:35.135918+00:00
Inventec,"Stuttgart, BW",stuttgart bw,office-location,"Stuttgart, BW","https://www.glassdoor.com/Location/All-Lenovo-Stuttgart-Office-Locations-EI_IE8034.4,10_IL.11,20_IC2507190.htm","https://www.glassdoor.com/Reviews/Inventec-Stuttgart-Reviews-EI_IE13485.0,8_IL.9,18_IC2507190.htm",validation_failed,gap_probe_failed: missing_target_metrics,pool-location-id,2026-06-28T11:17:41.472665+00:00
Inventec,"Beijing, 22",beijing 22,office-location,"Beijing, 22","https://www.glassdoor.com/Location/All-Lenovo-Beijing-Office-Locations-EI_IE8034.4,10_IL.11,18_IC2398510.htm","https://www.glassdoor.com/Reviews/Inventec-Beijing-Reviews-EI_IE13485.0,8_IL.9,16_IC2398510.htm",validation_failed,gap_probe_failed: missing_target_metrics,pool-location-id,2026-06-28T11:17:48.265147+00:00
Inventec,"Changping, 22",changping 22,office-location,"Changping, 22","https://www.glassdoor.com/Location/All-Lenovo-Changping-Office-Locations-EI_IE8034.4,10_IL.11,20_IC2405661.htm","https://www.glassdoor.com/Reviews/Inventec-Changping-Reviews-EI_IE13485.0,8_IL.9,18_IC2405661.htm",validation_failed,gap_probe_failed: missing_target_metrics,pool-location-id,2026-06-28T11:17:54.407328+00:00
Inventec,"Haidian, 22",haidian 22,office-location,"Haidian, 22","https://www.glassdoor.com/Location/All-Lenovo-Haidian-Office-Locations-EI_IE8034.4,10_IL.11,18_IC2405685.htm","https://www.glassdoor.com/Reviews/Inventec-Haidian-Reviews-EI_IE13485.0,8_IL.9,16_IC2405685.htm",validation_failed,gap_probe_failed: missing_target_metrics,pool-location-id,2026-06-28T11:18:00.459491+00:00
Inventec,Hong Kong,hong kong,office-location,Hong Kong,"https://www.glassdoor.com/Location/All-Lenovo-Hong-Kong-Office-Locations-EI_IE8034.4,10_IL.11,20_IC2308631.htm","https://www.glassdoor.com/Reviews/Inventec-Hong-Kong-Reviews-EI_IE13485.0,8_IL.9,18_IC2308631.htm",validation_failed,gap_probe_failed: missing_target_metrics,pool-location-id,2026-06-28T11:18:06.666681+00:00
Inventec,"Shenzhenzhen, 02",shenzhenzhen 02,office-location,"Shenzhenzhen, 02","https://www.glassdoor.com/Location/All-Lenovo-Shenzhenzhen-Office-Locations-EI_IE8034.4,10_IL.11,23_IC2441398.htm","https://www.glassdoor.com/Reviews/Inventec-Shenzhenzhen-Reviews-EI_IE13485.0,8_IL.9,21_IC2441398.htm",validation_failed,gap_probe_failed: missing_target_metrics,pool-location-id,2026-06-28T11:18:19.247765+00:00
Inventec,"Xiamen, 07",xiamen 07,office-location,"Xiamen, 07","https://www.glassdoor.com/Location/All-Lenovo-Xiamen-Office-Locations-EI_IE8034.4,10_IL.11,17_IC2564138.htm","https://www.glassdoor.com/Reviews/Inventec-Xiamen-Reviews-EI_IE13485.0,8_IL.9,15_IC2564138.htm",validation_failed,gap_probe_failed: missing_target_metrics,pool-location-id,2026-06-28T11:18:25.881764+00:00
Inventec,"Buenos Aires, C",buenos aires c,office-location,"Buenos Aires, C","https://www.glassdoor.com/Location/All-Lenovo-Buenos-Aires-Office-Locations-EI_IE8034.4,10_IL.11,23_IC2242084.htm","https://www.glassdoor.com/Reviews/Inventec-Buenos-Aires-Reviews-EI_IE13485.0,8_IL.9,21_IC2242084.htm",validation_failed,gap_probe_failed: missing_target_metrics,pool-location-id,2026-06-28T11:18:32.562096+00:00
Inventec,"Campinas, SP",campinas sp,office-location,"Campinas, SP","https://www.glassdoor.com/Location/All-Lenovo-Campinas-Office-Locations-EI_IE8034.4,10_IL.11,19_IC2490130.htm","https://www.glassdoor.com/Reviews/Inventec-Campinas-Reviews-EI_IE13485.0,8_IL.9,17_IC2490130.htm",validation_failed,gap_probe_failed: missing_target_metrics,pool-location-id,2026-06-28T11:18:38.888273+00:00
Inventec,"Indaiatuba, SP",indaiatuba sp,office-location,"Indaiatuba, SP","https://www.glassdoor.com/Location/All-Lenovo-Indaiatuba-Office-Locations-EI_IE8034.4,10_IL.11,21_IC2480058.htm","https://www.glassdoor.com/Reviews/Inventec-Indaiatuba-Reviews-EI_IE13485.0,8_IL.9,19_IC2480058.htm",validation_failed,gap_probe_failed: missing_target_metrics,pool-location-id,2026-06-28T11:18:45.148881+00:00
Inventec,"Itu, SP",itu sp,office-location,"Itu, SP","https://www.glassdoor.com/Location/All-Lenovo-Itu-Office-Locations-EI_IE8034.4,10_IL.11,14_IC2490672.htm","https://www.glassdoor.com/Reviews/Inventec-Itu-Reviews-EI_IE13485.0,8_IL.9,12_IC2490672.htm",validation_failed,gap_probe_failed: missing_target_metrics,pool-location-id,2026-06-28T11:18:51.245505+00:00
Inventec,"Martínez, B",mart nez b,office-location,"Martínez, B","https://www.glassdoor.com/Location/All-Lenovo-Martínez-Office-Locations-EI_IE8034.4,10_IL.11,19_IC2207815.htm","https://www.glassdoor.com/Reviews/Inventec-Mart%C3%ADnez-Reviews-EI_IE13485.0,8_IL.9,17_IC2207815.htm",validation_failed,gap_probe_failed: missing_target_metrics,pool-location-id,2026-06-28T11:18:57.142774+00:00
Inventec,"Sorocaba, SP",sorocaba sp,office-location,"Sorocaba, SP","https://www.glassdoor.com/Location/All-Lenovo-Sorocaba-Office-Locations-EI_IE8034.4,10_IL.11,19_IC2475809.htm","https://www.glassdoor.com/Reviews/Inventec-Sorocaba-Reviews-EI_IE13485.0,8_IL.9,17_IC2475809.htm",validation_failed,gap_probe_failed: missing_target_metrics,pool-location-id,2026-06-28T11:19:02.829240+00:00
Inventec,"Vicente López, B",vicente l pez b,office-location,"Vicente López, B","https://www.glassdoor.com/Location/All-Lenovo-Vicente-López-Office-Locations-EI_IE8034.4,10_IL.11,24_IC2211608.htm","https://www.glassdoor.com/Reviews/Inventec-Vicente-L%C3%B3pez-Reviews-EI_IE13485.0,8_IL.9,22_IC2211608.htm",validation_failed,gap_probe_failed: missing_target_metrics,pool-location-id,2026-06-28T11:19:09.460396+00:00
Inventec,Global,global,manual-seed,,,https://www.glassdoor.com/Reviews/Inventec-Reviews-E13485.htm,resolved,,review-url-hint,2026-06-28T15:32:56.354345+08:00
Inventec,Taipei,taipei,manual-seed,"Taipei, TPQ","https://www.glassdoor.com/Location/All-ASUS-Taipei-Office-Locations-EI_IE40093.4,8_IL.9,15_IC3271041.htm","https://www.glassdoor.com/Reviews/Inventec-Taipei-Reviews-EI_IE13485.0,8_IL.9,15_IC3271041.htm",validation_failed,gap_probe_failed: company_mismatch,pool-location-id,2026-06-28T15:57:43.966047+08:00
Inventec,Hsinchu,hsinchu,manual-seed,"Hsinchu, TXG","https://www.glassdoor.com/Location/All-NVIDIA-Hsinchu-Office-Locations-EI_IE7633.4,10_IL.11,18_IC4915323.htm","https://www.glassdoor.com/Reviews/Inventec-Hsinchu-Reviews-EI_IE13485.0,8_IL.9,16_IC4915323.htm",validation_failed,gap_probe_failed: company_mismatch,pool-location-id,2026-06-28T15:57:45.80172+08:00
Inventec,Taoyuan,taoyuan,manual-seed,,,,no_result,pool_location_id_not_found,pool-location-id,2026-06-28T15:57:45.860081+08:00
Inventec,Shanghai,shanghai,manual-seed,"Shanghai, 23","https://www.glassdoor.com/Location/All-NVIDIA-Shanghai-Office-Locations-EI_IE7633.4,10_IL.11,19_IC2416009.htm","https://www.glassdoor.com/Reviews/Inventec-Shanghai-Reviews-EI_IE13485.0,8_IL.9,17_IC2416009.htm",validation_failed,gap_probe_failed: company_mismatch,pool-location-id,2026-06-28T15:57:47.777028+08:00
Inventec,Shenzhen,shenzhen,manual-seed,"Shenzhenzhen, 02","https://www.glassdoor.com/Location/All-Lenovo-Shenzhenzhen-Office-Locations-EI_IE8034.4,10_IL.11,23_IC2441398.htm","https://www.glassdoor.com/Reviews/Inventec-Shenzhenzhen-Reviews-EI_IE13485.0,8_IL.9,21_IC2441398.htm",validation_failed,gap_probe_failed: company_mismatch,pool-location-id,2026-06-28T15:57:49.747655+08:00
Inventec,Tokyo,tokyo,manual-seed,"Tokyo, 40","https://www.glassdoor.com/Location/All-ASUS-Tokyo-Office-Locations-EI_IE40093.4,8_IL.9,14_IC2851580.htm","https://www.glassdoor.com/Reviews/Inventec-Tokyo-Reviews-EI_IE13485.0,8_IL.9,14_IC2851580.htm",validation_failed,gap_probe_failed: company_mismatch,pool-location-id,2026-06-28T15:57:51.609758+08:00
Inventec,Seoul,seoul,manual-seed,"Seoul, 11","https://www.glassdoor.com/Location/All-ASUS-Seoul-Office-Locations-EI_IE40093.4,8_IL.9,14_IC3021489.htm","https://www.glassdoor.com/Reviews/Inventec-Seoul-Reviews-EI_IE13485.0,8_IL.9,14_IC3021489.htm",validation_failed,gap_probe_failed: company_mismatch,pool-location-id,2026-06-28T15:57:53.627123+08:00
Inventec,Austin,austin,manual-seed,"Austin, TX","https://www.glassdoor.com/Location/All-NVIDIA-Austin-Office-Locations-EI_IE7633.4,10_IL.11,17_IC1139761.htm","https://www.glassdoor.com/Reviews/Inventec-Austin-Reviews-EI_IE13485.0,8_IL.9,15_IC1139761.htm",validation_failed,gap_probe_failed: company_mismatch,pool-location-id,2026-06-28T15:57:55.619392+08:00
Inventec,Seattle,seattle,manual-seed,,,,no_result,pool_location_id_not_found,pool-location-id,2026-06-28T15:57:55.674811+08:00
Inventec,London,london,manual-seed,"London, ENG","https://www.glassdoor.com/Location/All-Trend-Micro-Inc-London-Office-Locations-EI_IE8983.4,19_IL.20,26_IC2671300.htm","https://www.glassdoor.com/Reviews/Inventec-London-Reviews-EI_IE13485.0,8_IL.9,15_IC2671300.htm",validation_failed,gap_probe_failed: company_mismatch,pool-location-id,2026-06-28T15:57:57.600433+08:00
Inventec,Dublin,dublin,manual-seed,,,,no_result,pool_location_id_not_found,pool-location-id,2026-06-28T15:57:57.661339+08:00
Inventec,Munich,munich,manual-seed,"Munich, BY","https://www.glassdoor.com/Location/All-NVIDIA-Munich-Office-Locations-EI_IE7633.4,10_IL.11,17_IC4990924.htm","https://www.glassdoor.com/Reviews/Inventec-Munich-Reviews-EI_IE13485.0,8_IL.9,15_IC4990924.htm",validation_failed,gap_probe_failed: company_mismatch,pool-location-id,2026-06-28T15:57:59.635987+08:00
Pegatron,"Ciudad de Mexico, MEX",ciudad de mexico mex,office-location,"Ciudad de Mexico, MEX","https://www.glassdoor.com/Location/All-ASUS-Ciudad-de-Mexico-Office-Locations-EI_IE40093.4,8_IL.9,25_IC5017436.htm","https://www.glassdoor.com/Reviews/Pegatron-Ciudad-de-Mexico-Reviews-EI_IE337948.0,8_IL.9,25_IC5017436.htm",validation_failed,gap_probe_failed: missing_target_metrics,pool-location-id,2026-06-28T11:19:15.681404+00:00
Pegatron,"Fremont, CA",fremont ca,office-location,"Fremont, CA","https://www.glassdoor.com/Location/All-ASUS-Fremont-Office-Locations-EI_IE40093.4,8_IL.9,16_IC1147355.htm","https://www.glassdoor.com/Reviews/Pegatron-Fremont-Reviews-EI_IE337948.0,8_IL.9,16_IC1147355.htm",resolved,,pool-location-id,2026-06-28T11:19:26.199086+00:00
Pegatron,"Markham, ON",markham on,office-location,"Markham, ON","https://www.glassdoor.com/Location/All-ASUS-Markham-Office-Locations-EI_IE40093.4,8_IL.9,16_IC2280736.htm","https://www.glassdoor.com/Reviews/Pegatron-Markham-Reviews-EI_IE337948.0,8_IL.9,16_IC2280736.htm",validation_failed,gap_probe_failed: missing_target_metrics,pool-location-id,2026-06-28T11:19:32.322100+00:00
Pegatron,"Barcelona, CT",barcelona ct,office-location,"Barcelona, CT","https://www.glassdoor.com/Location/All-ASUS-Barcelona-Office-Locations-EI_IE40093.4,8_IL.9,18_IC2547194.htm","https://www.glassdoor.com/Reviews/Pegatron-Barcelona-Reviews-EI_IE337948.0,8_IL.9,18_IC2547194.htm",validation_failed,gap_probe_failed: missing_target_metrics,pool-location-id,2026-06-28T11:19:38.178984+00:00
Pegatron,"Budapest, BU",budapest bu,office-location,"Budapest, BU","https://www.glassdoor.com/Location/All-ASUS-Budapest-Office-Locations-EI_IE40093.4,8_IL.9,17_IC3125126.htm","https://www.glassdoor.com/Reviews/Pegatron-Budapest-Reviews-EI_IE337948.0,8_IL.9,17_IC3125126.htm",validation_failed,gap_probe_failed: missing_target_metrics,pool-location-id,2026-06-28T11:19:44.461922+00:00
Pegatron,"Emmen, DR",emmen dr,office-location,"Emmen, DR","https://www.glassdoor.com/Location/All-ASUS-Emmen-Office-Locations-EI_IE40093.4,8_IL.9,14_IC3060162.htm","https://www.glassdoor.com/Reviews/Pegatron-Emmen-Reviews-EI_IE337948.0,8_IL.9,14_IC3060162.htm",validation_failed,gap_probe_failed: missing_target_metrics,pool-location-id,2026-06-28T11:19:50.449881+00:00
Pegatron,"Hemel Hempstead, ENG",hemel hempstead eng,office-location,"Hemel Hempstead, ENG","https://www.glassdoor.com/Location/All-ASUS-Hemel-Hempstead-Office-Locations-EI_IE40093.4,8_IL.9,24_IC2669775.htm","https://www.glassdoor.com/Reviews/Pegatron-Hemel-Hempstead-Reviews-EI_IE337948.0,8_IL.9,24_IC2669775.htm",validation_failed,gap_probe_failed: missing_target_metrics,pool-location-id,2026-06-28T11:19:56.716564+00:00
Pegatron,"Milan, LOM",milan lom,office-location,"Milan, LOM","https://www.glassdoor.com/Location/All-ASUS-Milan-Office-Locations-EI_IE40093.4,8_IL.9,14_IC2802090.htm","https://www.glassdoor.com/Reviews/Pegatron-Milan-Reviews-EI_IE337948.0,8_IL.9,14_IC2802090.htm",validation_failed,gap_probe_failed: missing_target_metrics,pool-location-id,2026-06-28T11:20:03.337743+00:00
Pegatron,"Moravská Ostrava, MO",moravsk ostrava mo,office-location,"Moravská Ostrava, MO","https://www.glassdoor.com/Location/All-ASUS-Moravská-Ostrava-Office-Locations-EI_IE40093.4,8_IL.9,25_IC2288209.htm","https://www.glassdoor.com/Reviews/Pegatron-Moravsk%C3%A1-Ostrava-Reviews-EI_IE337948.0,8_IL.9,25_IC2288209.htm",validation_failed,gap_probe_failed: missing_target_metrics,pool-location-id,2026-06-28T11:20:09.285255+00:00
Pegatron,"Noisy-le-Grand, A8",noisy le grand a8,office-location,"Noisy-le-Grand, A8","https://www.glassdoor.com/Location/All-ASUS-Noisy-le-Grand-Office-Locations-EI_IE40093.4,8_IL.9,23_IC3100822.htm","https://www.glassdoor.com/Reviews/Pegatron-Noisy-le-Grand-Reviews-EI_IE337948.0,8_IL.9,23_IC3100822.htm",validation_failed,gap_probe_failed: missing_target_metrics,pool-location-id,2026-06-28T11:20:16.125580+00:00
Pegatron,"Ratingen, NW",ratingen nw,office-location,"Ratingen, NW","https://www.glassdoor.com/Location/All-ASUS-Ratingen-Office-Locations-EI_IE40093.4,8_IL.9,17_IC2584004.htm","https://www.glassdoor.com/Reviews/Pegatron-Ratingen-Reviews-EI_IE337948.0,8_IL.9,17_IC2584004.htm",validation_failed,gap_probe_failed: missing_target_metrics,pool-location-id,2026-06-28T11:20:21.814743+00:00
Pegatron,"Üsküdar, T34",sk dar t34,office-location,"Üsküdar, T34","https://www.glassdoor.com/Location/All-ASUS-Üsküdar-Office-Locations-EI_IE40093.4,8_IL.9,16_IC3361446.htm","https://www.glassdoor.com/Reviews/Pegatron-%C3%9Csk%C3%BCdar-Reviews-EI_IE337948.0,8_IL.9,16_IC3361446.htm",validation_failed,gap_probe_failed: missing_target_metrics,pool-location-id,2026-06-28T11:20:40.586098+00:00
Pegatron,"Warsaw, MZ",warsaw mz,office-location,"Warsaw, MZ","https://www.glassdoor.com/Location/All-ASUS-Warsaw-Office-Locations-EI_IE40093.4,8_IL.9,15_IC3094484.htm","https://www.glassdoor.com/Reviews/Pegatron-Warsaw-Reviews-EI_IE337948.0,8_IL.9,15_IC3094484.htm",validation_failed,gap_probe_failed: missing_target_metrics,pool-location-id,2026-06-28T11:20:46.088876+00:00
Pegatron,"Bangkok, 10",bangkok 10,office-location,"Bangkok, 10","https://www.glassdoor.com/Location/All-ASUS-Bangkok-Office-Locations-EI_IE40093.4,8_IL.9,16_IC3179725.htm","https://www.glassdoor.com/Reviews/Pegatron-Bangkok-Reviews-EI_IE337948.0,8_IL.9,16_IC3179725.htm",validation_failed,gap_probe_failed: missing_target_metrics,pool-location-id,2026-06-28T11:20:52.401644+00:00
Pegatron,"Dubai, DU",dubai du,office-location,"Dubai, DU","https://www.glassdoor.com/Location/All-ASUS-Dubai-Office-Locations-EI_IE40093.4,8_IL.9,14_IC2204498.htm","https://www.glassdoor.com/Reviews/Pegatron-Dubai-Reviews-EI_IE337948.0,8_IL.9,14_IC2204498.htm",validation_failed,gap_probe_failed: missing_target_metrics,pool-location-id,2026-06-28T11:20:58.756095+00:00
Pegatron,"Jakarta, JK",jakarta jk,office-location,"Jakarta, JK","https://www.glassdoor.com/Location/All-ASUS-Jakarta-Office-Locations-EI_IE40093.4,8_IL.9,16_IC2709872.htm","https://www.glassdoor.com/Reviews/Pegatron-Jakarta-Reviews-EI_IE337948.0,8_IL.9,16_IC2709872.htm",resolved,,pool-location-id,2026-06-28T11:21:05.206776+00:00
Pegatron,"Kuala Lumpur, 14",kuala lumpur 14,office-location,"Kuala Lumpur, 14","https://www.glassdoor.com/Location/All-ASUS-Kuala-Lumpur-Office-Locations-EI_IE40093.4,8_IL.9,21_IC2986682.htm","https://www.glassdoor.com/Reviews/Pegatron-Kuala-Lumpur-Reviews-EI_IE337948.0,8_IL.9,21_IC2986682.htm",validation_failed,gap_probe_failed: missing_target_metrics,pool-location-id,2026-06-28T11:21:10.763100+00:00
Pegatron,"Manila, D9",manila d9,office-location,"Manila, D9","https://www.glassdoor.com/Location/All-ASUS-Manila-Office-Locations-EI_IE40093.4,8_IL.9,15_IC2363570.htm","https://www.glassdoor.com/Reviews/Pegatron-Manila-Reviews-EI_IE337948.0,8_IL.9,15_IC2363570.htm",validation_failed,gap_probe_failed: missing_target_metrics,pool-location-id,2026-06-28T11:21:16.737205+00:00
Pegatron,"Mumbai, MH",mumbai mh,office-location,"Mumbai, MH","https://www.glassdoor.com/Location/All-ASUS-Mumbai-Office-Locations-EI_IE40093.4,8_IL.9,15_IC2851180.htm","https://www.glassdoor.com/Reviews/Pegatron-Mumbai-Reviews-EI_IE337948.0,8_IL.9,15_IC2851180.htm",validation_failed,gap_probe_failed: missing_target_metrics,pool-location-id,2026-06-28T11:21:22.595433+00:00
Pegatron,"Seoul, 11",seoul 11,office-location,"Seoul, 11","https://www.glassdoor.com/Location/All-ASUS-Seoul-Office-Locations-EI_IE40093.4,8_IL.9,14_IC3021489.htm","https://www.glassdoor.com/Reviews/Pegatron-Seoul-Reviews-EI_IE337948.0,8_IL.9,14_IC3021489.htm",validation_failed,gap_probe_failed: missing_target_metrics,pool-location-id,2026-06-28T11:21:29.046187+00:00
Pegatron,Singapore,singapore,office-location,Singapore,"https://www.glassdoor.com/Location/All-ASUS-Singapore-Office-Locations-EI_IE40093.4,8_IL.9,18_IC3235921.htm","https://www.glassdoor.com/Reviews/Pegatron-Singapore-Reviews-EI_IE337948.0,8_IL.9,18_IC3235921.htm",validation_failed,gap_probe_failed: company_mismatch,pool-location-id,2026-06-28T15:58:01.718245+08:00
Pegatron,"Taipei, TPQ",taipei tpq,office-location,"Taipei, TPQ","https://www.glassdoor.com/Location/All-ASUS-Taipei-Office-Locations-EI_IE40093.4,8_IL.9,15_IC3271041.htm","https://www.glassdoor.com/Reviews/Pegatron-Taipei-Reviews-EI_IE337948.0,8_IL.9,15_IC3271041.htm",resolved,,pool-location-id,2026-06-28T11:21:35.257600+00:00
Pegatron,"Tokyo, 40",tokyo 40,office-location,"Tokyo, 40","https://www.glassdoor.com/Location/All-ASUS-Tokyo-Office-Locations-EI_IE40093.4,8_IL.9,14_IC2851580.htm","https://www.glassdoor.com/Reviews/Pegatron-Tokyo-Reviews-EI_IE337948.0,8_IL.9,14_IC2851580.htm",resolved,,pool-location-id,2026-06-28T11:21:46.030627+00:00
Pegatron,"San Isidro, HUC",san isidro huc,office-location,"San Isidro, HUC","https://www.glassdoor.com/Location/All-ASUS-San-Isidro-Office-Locations-EI_IE40093.4,8_IL.9,19_IC4694011.htm","https://www.glassdoor.com/Reviews/Pegatron-San-Isidro-Reviews-EI_IE337948.0,8_IL.9,19_IC4694011.htm",validation_failed,gap_probe_failed: missing_target_metrics,pool-location-id,2026-06-28T11:21:51.555056+00:00
Pegatron,"Santiago, RM",santiago rm,office-location,"Santiago, RM","https://www.glassdoor.com/Location/All-ASUS-Santiago-Office-Locations-EI_IE40093.4,8_IL.9,17_IC2434030.htm","https://www.glassdoor.com/Reviews/Pegatron-Santiago-Reviews-EI_IE337948.0,8_IL.9,17_IC2434030.htm",validation_failed,gap_probe_failed: missing_target_metrics,pool-location-id,2026-06-28T11:21:58.659756+00:00
Pegatron,"São Paulo, SP",s o paulo sp,office-location,"São Paulo, SP","https://www.glassdoor.com/Location/All-ASUS-São-Paulo-Office-Locations-EI_IE40093.4,8_IL.9,18_IC2479061.htm","https://www.glassdoor.com/Reviews/Pegatron-S%C3%A3o-Paulo-Reviews-EI_IE337948.0,8_IL.9,18_IC2479061.htm",validation_failed,gap_probe_failed: missing_target_metrics,pool-location-id,2026-06-28T11:22:04.797279+00:00
Pegatron,"Sydney, NSW",sydney nsw,office-location,"Sydney, NSW","https://www.glassdoor.com/Location/All-ASUS-Sydney-Office-Locations-EI_IE40093.4,8_IL.9,15_IC2235932.htm","https://www.glassdoor.com/Reviews/Pegatron-Sydney-Reviews-EI_IE337948.0,8_IL.9,15_IC2235932.htm",resolved,,pool-location-id,2026-06-28T11:22:10.280818+00:00
Pegatron,"Austin, TX",austin tx,office-location,"Austin, TX","https://www.glassdoor.com/Location/All-NVIDIA-Austin-Office-Locations-EI_IE7633.4,10_IL.11,17_IC1139761.htm","https://www.glassdoor.com/Reviews/Pegatron-Austin-Reviews-EI_IE337948.0,8_IL.9,15_IC1139761.htm",validation_failed,gap_probe_failed: missing_target_metrics,pool-location-id,2026-06-28T11:22:16.476500+00:00
Pegatron,"Beaverton, OR",beaverton or,office-location,"Beaverton, OR","https://www.glassdoor.com/Location/All-NVIDIA-Beaverton-Office-Locations-EI_IE7633.4,10_IL.11,20_IC1151576.htm","https://www.glassdoor.com/Reviews/Pegatron-Beaverton-Reviews-EI_IE337948.0,8_IL.9,18_IC1151576.htm",validation_failed,gap_probe_failed: missing_target_metrics,pool-location-id,2026-06-28T11:22:22.618441+00:00
Pegatron,"Bellevue, WA",bellevue wa,office-location,"Bellevue, WA","https://www.glassdoor.com/Location/All-NVIDIA-Bellevue-Office-Locations-EI_IE7633.4,10_IL.11,19_IC1150442.htm","https://www.glassdoor.com/Reviews/Pegatron-Bellevue-Reviews-EI_IE337948.0,8_IL.9,17_IC1150442.htm",validation_failed,gap_probe_failed: missing_target_metrics,pool-location-id,2026-06-28T11:22:28.473936+00:00
Pegatron,"Durham, NC",durham nc,office-location,"Durham, NC","https://www.glassdoor.com/Location/All-NVIDIA-Durham-Office-Locations-EI_IE7633.4,10_IL.11,17_IC1138697.htm","https://www.glassdoor.com/Reviews/Pegatron-Durham-Reviews-EI_IE337948.0,8_IL.9,15_IC1138697.htm",validation_failed,gap_probe_failed: missing_target_metrics,pool-location-id,2026-06-28T11:22:34.576361+00:00
Pegatron,"Hillsboro, OR",hillsboro or,office-location,"Hillsboro, OR","https://www.glassdoor.com/Location/All-NVIDIA-Hillsboro-Office-Locations-EI_IE7633.4,10_IL.11,20_IC1151603.htm","https://www.glassdoor.com/Reviews/Pegatron-Hillsboro-Reviews-EI_IE337948.0,8_IL.9,18_IC1151603.htm",validation_failed,gap_probe_failed: missing_target_metrics,pool-location-id,2026-06-28T11:22:41.037947+00:00
Pegatron,"Redmond, WA",redmond wa,office-location,"Redmond, WA","https://www.glassdoor.com/Location/All-NVIDIA-Redmond-Office-Locations-EI_IE7633.4,10_IL.11,18_IC1150499.htm","https://www.glassdoor.com/Reviews/Pegatron-Redmond-Reviews-EI_IE337948.0,8_IL.9,16_IC1150499.htm",validation_failed,gap_probe_failed: missing_target_metrics,pool-location-id,2026-06-28T11:22:52.204275+00:00
Pegatron,"Saint Louis, MO",saint louis mo,office-location,"Saint Louis, MO","https://www.glassdoor.com/Location/All-NVIDIA-Saint-Louis-Office-Locations-EI_IE7633.4,10_IL.11,22_IC1131270.htm","https://www.glassdoor.com/Reviews/Pegatron-Saint-Louis-Reviews-EI_IE337948.0,8_IL.9,20_IC1131270.htm",validation_failed,gap_probe_failed: missing_target_metrics,pool-location-id,2026-06-28T11:22:58.629997+00:00
Pegatron,"San Francisco, CA",san francisco ca,office-location,"San Francisco, CA","https://www.glassdoor.com/Location/All-NVIDIA-San-Francisco-Office-Locations-EI_IE7633.4,10_IL.11,24_IC1147401.htm","https://www.glassdoor.com/Reviews/Pegatron-San-Francisco-Reviews-EI_IE337948.0,8_IL.9,22_IC1147401.htm",validation_failed,gap_probe_failed: missing_target_metrics,pool-location-id,2026-06-28T11:23:04.897882+00:00
Pegatron,"San Jose, CA",san jose,office-location,"San Jose, CA","https://www.glassdoor.com/Location/All-NVIDIA-San-Jose-Office-Locations-EI_IE7633.4,10_IL.11,19_IC1147436.htm","https://www.glassdoor.com/Reviews/Pegatron-San-Jose-Reviews-EI_IE337948.0,8_IL.9,17_IC1147436.htm",validation_failed,gap_probe_failed: company_mismatch,pool-location-id,2026-06-28T15:58:03.755276+08:00
Pegatron,"Santa Clara, CA",santa clara ca,office-location,"Santa Clara, CA","https://www.glassdoor.com/Location/All-NVIDIA-Santa-Clara-Office-Locations-EI_IE7633.4,10_IL.11,22_IC1147439.htm","https://www.glassdoor.com/Reviews/Pegatron-Santa-Clara-Reviews-EI_IE337948.0,8_IL.9,20_IC1147439.htm",validation_failed,gap_probe_failed: missing_target_metrics,pool-location-id,2026-06-28T11:23:10.825542+00:00
Pegatron,"Toronto, ON",toronto on,office-location,"Toronto, ON","https://www.glassdoor.com/Location/All-NVIDIA-Toronto-Office-Locations-EI_IE7633.4,10_IL.11,18_IC2281069.htm","https://www.glassdoor.com/Reviews/Pegatron-Toronto-Reviews-EI_IE337948.0,8_IL.9,16_IC2281069.htm",validation_failed,gap_probe_failed: missing_target_metrics,pool-location-id,2026-06-28T11:23:17.765203+00:00
Pegatron,"Westford, MA",westford ma,office-location,"Westford, MA","https://www.glassdoor.com/Location/All-NVIDIA-Westford-Office-Locations-EI_IE7633.4,10_IL.11,19_IC1154720.htm","https://www.glassdoor.com/Reviews/Pegatron-Westford-Reviews-EI_IE337948.0,8_IL.9,17_IC1154720.htm",validation_failed,gap_probe_failed: missing_target_metrics,pool-location-id,2026-06-28T11:23:24.802997+00:00
Pegatron,"Moscow, 48",moscow 48,office-location,"Moscow, 48","https://www.glassdoor.com/Location/All-NVIDIA-Moscow-Office-Locations-EI_IE7633.4,10_IL.11,17_IC3348306.htm","https://www.glassdoor.com/Reviews/Pegatron-Moscow-Reviews-EI_IE337948.0,8_IL.9,15_IC3348306.htm",validation_failed,gap_probe_failed: missing_target_metrics,pool-location-id,2026-06-28T11:23:30.584362+00:00
Pegatron,"Munich, BY",munich by,office-location,"Munich, BY","https://www.glassdoor.com/Location/All-NVIDIA-Munich-Office-Locations-EI_IE7633.4,10_IL.11,17_IC4990924.htm","https://www.glassdoor.com/Reviews/Pegatron-Munich-Reviews-EI_IE337948.0,8_IL.9,15_IC4990924.htm",validation_failed,gap_probe_failed: missing_target_metrics,pool-location-id,2026-06-28T11:23:36.974222+00:00
Pegatron,"Reading, ENG",reading eng,office-location,"Reading, ENG","https://www.glassdoor.com/Location/All-NVIDIA-Reading-Office-Locations-EI_IE7633.4,10_IL.11,18_IC2675152.htm","https://www.glassdoor.com/Reviews/Pegatron-Reading-Reviews-EI_IE337948.0,8_IL.9,16_IC2675152.htm",validation_failed,gap_probe_failed: missing_target_metrics,pool-location-id,2026-06-28T11:23:42.813767+00:00
Pegatron,"Zürich, ZH",z rich zh,office-location,"Zürich, ZH","https://www.glassdoor.com/Location/All-NVIDIA-Zürich-Office-Locations-EI_IE7633.4,10_IL.11,17_IC3297851.htm","https://www.glassdoor.com/Reviews/Pegatron-Z%C3%BCrich-Reviews-EI_IE337948.0,8_IL.9,15_IC3297851.htm",validation_failed,gap_probe_failed: missing_target_metrics,pool-location-id,2026-06-28T11:23:48.940258+00:00
Pegatron,"Bengaluru, KA",bengaluru ka,office-location,"Bengaluru, KA","https://www.glassdoor.com/Location/All-NVIDIA-Bengaluru-Office-Locations-EI_IE7633.4,10_IL.11,20_IC2940587.htm","https://www.glassdoor.com/Reviews/Pegatron-Bengaluru-Reviews-EI_IE337948.0,8_IL.9,18_IC2940587.htm",validation_failed,gap_probe_failed: missing_target_metrics,pool-location-id,2026-06-28T11:24:00.914508+00:00
Pegatron,"Hsinchu, TXG",hsinchu txg,office-location,"Hsinchu, TXG","https://www.glassdoor.com/Location/All-NVIDIA-Hsinchu-Office-Locations-EI_IE7633.4,10_IL.11,18_IC4915323.htm","https://www.glassdoor.com/Reviews/Pegatron-Hsinchu-Reviews-EI_IE337948.0,8_IL.9,16_IC4915323.htm",validation_failed,gap_probe_failed: missing_target_metrics,pool-location-id,2026-06-28T11:24:07.226611+00:00
Pegatron,"Pudong, 23",pudong 23,office-location,"Pudong, 23","https://www.glassdoor.com/Location/All-NVIDIA-Pudong-Office-Locations-EI_IE7633.4,10_IL.11,17_IC2415109.htm","https://www.glassdoor.com/Reviews/Pegatron-Pudong-Reviews-EI_IE337948.0,8_IL.9,15_IC2415109.htm",resolved,,pool-location-id,2026-06-28T11:24:13.340155+00:00
Pegatron,"Pune, MH",pune mh,office-location,"Pune, MH","https://www.glassdoor.com/Location/All-NVIDIA-Pune-Office-Locations-EI_IE7633.4,10_IL.11,15_IC2856202.htm","https://www.glassdoor.com/Reviews/Pegatron-Pune-Reviews-EI_IE337948.0,8_IL.9,13_IC2856202.htm",validation_failed,gap_probe_failed: missing_target_metrics,pool-location-id,2026-06-28T11:24:19.676328+00:00
Pegatron,"Shanghai, 23",shanghai 23,office-location,"Shanghai, 23","https://www.glassdoor.com/Location/All-NVIDIA-Shanghai-Office-Locations-EI_IE7633.4,10_IL.11,19_IC2416009.htm","https://www.glassdoor.com/Reviews/Pegatron-Shanghai-Reviews-EI_IE337948.0,8_IL.9,17_IC2416009.htm",resolved,,pool-location-id,2026-06-28T11:24:25.558311+00:00
Pegatron,"San Jose, MP",san jose mp,office-location,"San Jose, CA","https://www.glassdoor.com/Location/All-NVIDIA-San-Jose-Office-Locations-EI_IE7633.4,10_IL.11,19_IC1147436.htm","https://www.glassdoor.com/Reviews/Pegatron-San-Jose-Reviews-EI_IE337948.0,8_IL.9,17_IC1147436.htm",validation_failed,gap_probe_failed: missing_target_metrics,pool-location-id,2026-06-28T11:24:31.530877+00:00
Pegatron,"Frankfurt am Main, HE",frankfurt am main he,office-location,"Frankfurt am Main, HE","https://www.glassdoor.com/Location/All-Micro-Star-International-Frankfurt-am-Main-Office-Locations-EI_IE41141.4,28_IL.29,46_IC2632180.htm","https://www.glassdoor.com/Reviews/Pegatron-Frankfurt-am-Main-Reviews-EI_IE337948.0,8_IL.9,26_IC2632180.htm",validation_failed,gap_probe_failed: missing_target_metrics,pool-location-id,2026-06-28T11:24:38.856668+00:00
Pegatron,"Boise, ID",boise id,office-location,"Boise, ID","https://www.glassdoor.com/Location/All-HP-Inc-Boise-Office-Locations-EI_IE1093161.4,10_IL.11,16_IC1127927.htm","https://www.glassdoor.com/Reviews/Pegatron-Boise-Reviews-EI_IE337948.0,8_IL.9,14_IC1127927.htm",validation_failed,gap_probe_failed: missing_target_metrics,pool-location-id,2026-06-28T11:24:45.079097+00:00
Pegatron,"Corvallis, OR",corvallis or,office-location,"Corvallis, OR","https://www.glassdoor.com/Location/All-HP-Inc-Corvallis-Office-Locations-EI_IE1093161.4,10_IL.11,20_IC1151455.htm","https://www.glassdoor.com/Reviews/Pegatron-Corvallis-Reviews-EI_IE337948.0,8_IL.9,18_IC1151455.htm",validation_failed,gap_probe_failed: missing_target_metrics,pool-location-id,2026-06-28T11:24:50.729853+00:00
Pegatron,"Fort Collins, CO",fort collins co,office-location,"Fort Collins, CO","https://www.glassdoor.com/Location/All-HP-Inc-Fort-Collins-Office-Locations-EI_IE1093161.4,10_IL.11,23_IC1148233.htm","https://www.glassdoor.com/Reviews/Pegatron-Fort-Collins-Reviews-EI_IE337948.0,8_IL.9,21_IC1148233.htm",validation_failed,gap_probe_failed: missing_target_metrics,pool-location-id,2026-06-28T11:24:56.877092+00:00
Pegatron,"Guadalajara, JAL",guadalajara jal,office-location,"Guadalajara, JAL","https://www.glassdoor.com/Location/All-HP-Inc-Guadalajara-Office-Locations-EI_IE1093161.4,10_IL.11,22_IC3486357.htm","https://www.glassdoor.com/Reviews/Pegatron-Guadalajara-Reviews-EI_IE337948.0,8_IL.9,20_IC3486357.htm",validation_failed,gap_probe_failed: missing_target_metrics,pool-location-id,2026-06-28T11:25:07.615844+00:00
Pegatron,"Houston, TX",houston tx,office-location,"Houston, TX","https://www.glassdoor.com/Location/All-HP-Inc-Houston-Office-Locations-EI_IE1093161.4,10_IL.11,18_IC1140171.htm","https://www.glassdoor.com/Reviews/Pegatron-Houston-Reviews-EI_IE337948.0,8_IL.9,16_IC1140171.htm",validation_failed,gap_probe_failed: missing_target_metrics,pool-location-id,2026-06-28T11:25:13.845353+00:00
Pegatron,"Palo Alto, CA",palo alto ca,office-location,"Palo Alto, CA","https://www.glassdoor.com/Location/All-HP-Inc-Palo-Alto-Office-Locations-EI_IE1093161.4,10_IL.11,20_IC1147434.htm","https://www.glassdoor.com/Reviews/Pegatron-Palo-Alto-Reviews-EI_IE337948.0,8_IL.9,18_IC1147434.htm",validation_failed,gap_probe_failed: missing_target_metrics,pool-location-id,2026-06-28T11:25:20.186700+00:00
Pegatron,"Portland, OR",portland or,office-location,"Portland, OR","https://www.glassdoor.com/Location/All-HP-Inc-Portland-Office-Locations-EI_IE1093161.4,10_IL.11,19_IC1151614.htm","https://www.glassdoor.com/Reviews/Pegatron-Portland-Reviews-EI_IE337948.0,8_IL.9,17_IC1151614.htm",validation_failed,gap_probe_failed: missing_target_metrics,pool-location-id,2026-06-28T11:25:26.638184+00:00
Pegatron,"San Diego, CA",san diego ca,office-location,"San Diego, CA","https://www.glassdoor.com/Location/All-HP-Inc-San-Diego-Office-Locations-EI_IE1093161.4,10_IL.11,20_IC1147311.htm","https://www.glassdoor.com/Reviews/Pegatron-San-Diego-Reviews-EI_IE337948.0,8_IL.9,18_IC1147311.htm",validation_failed,gap_probe_failed: missing_target_metrics,pool-location-id,2026-06-28T11:25:32.261927+00:00
Pegatron,"Spring, TX",spring tx,office-location,"Spring, TX","https://www.glassdoor.com/Location/All-HP-Inc-Spring-Office-Locations-EI_IE1093161.4,10_IL.11,17_IC1140222.htm","https://www.glassdoor.com/Reviews/Pegatron-Spring-Reviews-EI_IE337948.0,8_IL.9,15_IC1140222.htm",validation_failed,gap_probe_failed: missing_target_metrics,pool-location-id,2026-06-28T11:25:40.655479+00:00
Pegatron,"Sunnyvale, CA",sunnyvale ca,office-location,"Sunnyvale, CA","https://www.glassdoor.com/Location/All-HP-Inc-Sunnyvale-Office-Locations-EI_IE1093161.4,10_IL.11,20_IC1147442.htm","https://www.glassdoor.com/Reviews/Pegatron-Sunnyvale-Reviews-EI_IE337948.0,8_IL.9,18_IC1147442.htm",validation_failed,gap_probe_failed: missing_target_metrics,pool-location-id,2026-06-28T11:25:46.165571+00:00
Pegatron,"Tlaquepaque, JAL",tlaquepaque jal,office-location,"Tlaquepaque, JAL","https://www.glassdoor.com/Location/All-HP-Inc-Tlaquepaque-Office-Locations-EI_IE1093161.4,10_IL.11,22_IC3486348.htm","https://www.glassdoor.com/Reviews/Pegatron-Tlaquepaque-Reviews-EI_IE337948.0,8_IL.9,20_IC3486348.htm",validation_failed,gap_probe_failed: missing_target_metrics,pool-location-id,2026-06-28T11:25:52.373961+00:00
Pegatron,"Vancouver, WA",vancouver wa,office-location,"Vancouver, WA","https://www.glassdoor.com/Location/All-HP-Inc-Vancouver-Office-Locations-EI_IE1093161.4,10_IL.11,20_IC1150413.htm","https://www.glassdoor.com/Reviews/Pegatron-Vancouver-Reviews-EI_IE337948.0,8_IL.9,18_IC1150413.htm",validation_failed,gap_probe_failed: missing_target_metrics,pool-location-id,2026-06-28T11:25:58.314884+00:00
Pegatron,"Zapopan, JAL",zapopan jal,office-location,"Zapopan, JAL","https://www.glassdoor.com/Location/All-HP-Inc-Zapopan-Office-Locations-EI_IE1093161.4,10_IL.11,18_IC3487018.htm","https://www.glassdoor.com/Reviews/Pegatron-Zapopan-Reviews-EI_IE337948.0,8_IL.9,16_IC3487018.htm",validation_failed,gap_probe_failed: missing_target_metrics,pool-location-id,2026-06-28T11:26:04.706559+00:00
Pegatron,"Boulogne-Billancourt, A8",boulogne billancourt a8,office-location,"Boulogne-Billancourt, A8","https://www.glassdoor.com/Location/All-HP-Inc-Boulogne-Billancourt-Office-Locations-EI_IE1093161.4,10_IL.11,31_IC3040032.htm","https://www.glassdoor.com/Reviews/Pegatron-Boulogne-Billancourt-Reviews-EI_IE337948.0,8_IL.9,29_IC3040032.htm",validation_failed,gap_probe_failed: missing_target_metrics,pool-location-id,2026-06-28T11:26:15.705247+00:00
Pegatron,"Bucharest, B",bucharest b,office-location,"Bucharest, B","https://www.glassdoor.com/Location/All-HP-Inc-Bucharest-Office-Locations-EI_IE1093161.4,10_IL.11,20_IC3184907.htm","https://www.glassdoor.com/Reviews/Pegatron-Bucharest-Reviews-EI_IE337948.0,8_IL.9,18_IC3184907.htm",validation_failed,gap_probe_failed: missing_target_metrics,pool-location-id,2026-06-28T11:26:21.482089+00:00
Pegatron,"Cambridge, ENG",cambridge eng,office-location,"Cambridge, ENG","https://www.glassdoor.com/Location/All-HP-Inc-Cambridge-Office-Locations-EI_IE1093161.4,10_IL.11,20_IC2662516.htm","https://www.glassdoor.com/Reviews/Pegatron-Cambridge-Reviews-EI_IE337948.0,8_IL.9,18_IC2662516.htm",validation_failed,gap_probe_failed: missing_target_metrics,pool-location-id,2026-06-28T11:26:27.019800+00:00
Pegatron,"Meudon, A8",meudon a8,office-location,"Meudon, A8","https://www.glassdoor.com/Location/All-HP-Inc-Meudon-Office-Locations-EI_IE1093161.4,10_IL.11,17_IC3019026.htm","https://www.glassdoor.com/Reviews/Pegatron-Meudon-Reviews-EI_IE337948.0,8_IL.9,15_IC3019026.htm",validation_failed,gap_probe_failed: missing_target_metrics,pool-location-id,2026-06-28T11:26:32.781830+00:00
Pegatron,"Paris, A8",paris a8,office-location,"Paris, A8","https://www.glassdoor.com/Location/All-HP-Inc-Paris-Office-Locations-EI_IE1093161.4,10_IL.11,16_IC2881970.htm","https://www.glassdoor.com/Reviews/Pegatron-Paris-Reviews-EI_IE337948.0,8_IL.9,14_IC2881970.htm",validation_failed,gap_probe_failed: missing_target_metrics,pool-location-id,2026-06-28T11:26:38.927933+00:00
Pegatron,"Sant Cugat del Vallès, CT",sant cugat del vall s ct,office-location,"Sant Cugat del Vallès, CT","https://www.glassdoor.com/Location/All-HP-Inc-Sant-Cugat-del-Vallès-Office-Locations-EI_IE1093161.4,10_IL.11,32_IC4843928.htm","https://www.glassdoor.com/Reviews/Pegatron-Sant-Cugat-del-Vall%C3%A8s-Reviews-EI_IE337948.0,8_IL.9,30_IC4843928.htm",validation_failed,gap_probe_failed: missing_target_metrics,pool-location-id,2026-06-28T11:26:44.893325+00:00
Pegatron,"Tuas, W",tuas w,office-location,"Tuas, W","https://www.glassdoor.com/Location/All-HP-Inc-Tuas-Office-Locations-EI_IE1093161.4,10_IL.11,15_IC3235538.htm","https://www.glassdoor.com/Reviews/Pegatron-Tuas-Reviews-EI_IE337948.0,8_IL.9,13_IC3235538.htm",validation_failed,gap_probe_failed: missing_target_metrics,pool-location-id,2026-06-28T11:26:51.323438+00:00
Pegatron,"Whitefield, KA",whitefield ka,office-location,"Whitefield, KA","https://www.glassdoor.com/Location/All-HP-Inc-Whitefield-Office-Locations-EI_IE1093161.4,10_IL.11,21_IC2941717.htm","https://www.glassdoor.com/Reviews/Pegatron-Whitefield-Reviews-EI_IE337948.0,8_IL.9,19_IC2941717.htm",validation_failed,gap_probe_failed: missing_target_metrics,pool-location-id,2026-06-28T11:26:57.289117+00:00
Pegatron,"Lake Forest, CA",lake forest ca,office-location,"Lake Forest, CA","https://www.glassdoor.com/Location/All-Wistron-Lake-Forest-Office-Locations-EI_IE15218.4,11_IL.12,23_IC1146811.htm","https://www.glassdoor.com/Reviews/Pegatron-Lake-Forest-Reviews-EI_IE337948.0,8_IL.9,20_IC1146811.htm",validation_failed,gap_probe_failed: missing_target_metrics,pool-location-id,2026-06-28T11:27:03.483337+00:00
Pegatron,"Rolling Meadows, IL",rolling meadows il,office-location,"Rolling Meadows, IL","https://www.glassdoor.com/Location/All-Wistron-Rolling-Meadows-Office-Locations-EI_IE15218.4,11_IL.12,27_IC1128962.htm","https://www.glassdoor.com/Reviews/Pegatron-Rolling-Meadows-Reviews-EI_IE337948.0,8_IL.9,24_IC1128962.htm",validation_failed,gap_probe_failed: missing_target_metrics,pool-location-id,2026-06-28T11:27:09.597790+00:00
Pegatron,"Wuhan, 12",wuhan 12,office-location,"Wuhan, 12","https://www.glassdoor.com/Location/All-Wistron-Wuhan-Office-Locations-EI_IE15218.4,11_IL.12,17_IC2478891.htm","https://www.glassdoor.com/Reviews/Pegatron-Wuhan-Reviews-EI_IE337948.0,8_IL.9,14_IC2478891.htm",validation_failed,gap_probe_failed: missing_target_metrics,pool-location-id,2026-06-28T11:27:20.710025+00:00
Pegatron,"Hoofddorp, NH",hoofddorp nh,office-location,"Hoofddorp, NH","https://www.glassdoor.com/Location/All-Delta-Electronics-Hoofddorp-Office-Locations-EI_IE41146.4,21_IL.22,31_IC3063772.htm","https://www.glassdoor.com/Reviews/Pegatron-Hoofddorp-Reviews-EI_IE337948.0,8_IL.9,18_IC3063772.htm",validation_failed,gap_probe_failed: missing_target_metrics,pool-location-id,2026-06-28T11:27:26.449407+00:00
Pegatron,"Notting Hill, VIC",notting hill vic,office-location,"Notting Hill, VIC","https://www.glassdoor.com/Location/All-Delta-Electronics-Notting-Hill-Office-Locations-EI_IE41146.4,21_IL.22,34_IC2257042.htm","https://www.glassdoor.com/Reviews/Pegatron-Notting-Hill-Reviews-EI_IE337948.0,8_IL.9,21_IC2257042.htm",validation_failed,gap_probe_failed: missing_target_metrics,pool-location-id,2026-06-28T11:27:32.760355+00:00
Pegatron,"Jeffersonville, IN",jeffersonville in,office-location,"Jeffersonville, IN","https://www.glassdoor.com/Location/All-Pegatron-Jeffersonville-Office-Locations-EI_IE337948.4,12_IL.13,27_IC1145141.htm","https://www.glassdoor.com/Reviews/Pegatron-Jeffersonville-Reviews-EI_IE337948.0,8_IL.9,23_IC1145141.htm",resolved,,office-navigation,2026-06-28T15:33:27.863962+08:00
Pegatron,"Irving, TX",irving tx,office-location,"Irving, TX","https://www.glassdoor.com/Location/All-Trend-Micro-Inc-Irving-Office-Locations-EI_IE8983.4,19_IL.20,26_IC1140006.htm","https://www.glassdoor.com/Reviews/Pegatron-Irving-Reviews-EI_IE337948.0,8_IL.9,15_IC1140006.htm",validation_failed,gap_probe_failed: missing_target_metrics,pool-location-id,2026-06-28T11:27:38.761143+00:00
Pegatron,"Jersey City, NJ",jersey city nj,office-location,"Jersey City, NJ","https://www.glassdoor.com/Location/All-Trend-Micro-Inc-Jersey-City-Office-Locations-EI_IE8983.4,19_IL.20,31_IC1126819.htm","https://www.glassdoor.com/Reviews/Pegatron-Jersey-City-Reviews-EI_IE337948.0,8_IL.9,20_IC1126819.htm",validation_failed,gap_probe_failed: missing_target_metrics,pool-location-id,2026-06-28T11:27:44.737802+00:00
Pegatron,"Kanata, ON",kanata on,office-location,"Kanata, ON","https://www.glassdoor.com/Location/All-Trend-Micro-Inc-Kanata-Office-Locations-EI_IE8983.4,19_IL.20,26_IC2282818.htm","https://www.glassdoor.com/Reviews/Pegatron-Kanata-Reviews-EI_IE337948.0,8_IL.9,15_IC2282818.htm",validation_failed,gap_probe_failed: missing_target_metrics,pool-location-id,2026-06-28T11:27:51.000386+00:00
Pegatron,"Cork, M",cork m,office-location,"Cork, M","https://www.glassdoor.com/Location/All-Trend-Micro-Inc-Cork-Office-Locations-EI_IE8983.4,19_IL.20,24_IC4325638.htm","https://www.glassdoor.com/Reviews/Pegatron-Cork-Reviews-EI_IE337948.0,8_IL.9,13_IC4325638.htm",validation_failed,gap_probe_failed: missing_target_metrics,pool-location-id,2026-06-28T11:27:56.472671+00:00
Pegatron,"London, ENG",london eng,office-location,"London, ENG","https://www.glassdoor.com/Location/All-Trend-Micro-Inc-London-Office-Locations-EI_IE8983.4,19_IL.20,26_IC2671300.htm","https://www.glassdoor.com/Reviews/Pegatron-London-Reviews-EI_IE337948.0,8_IL.9,15_IC2671300.htm",validation_failed,gap_probe_failed: missing_target_metrics,pool-location-id,2026-06-28T11:28:01.845236+00:00
Pegatron,"Paddington, ENG",paddington eng,office-location,"Paddington, ENG","https://www.glassdoor.com/Location/All-Trend-Micro-Inc-Paddington-Office-Locations-EI_IE8983.4,19_IL.20,30_IC3527325.htm","https://www.glassdoor.com/Reviews/Pegatron-Paddington-Reviews-EI_IE337948.0,8_IL.9,19_IC3527325.htm",validation_failed,gap_probe_failed: missing_target_metrics,pool-location-id,2026-06-28T11:28:08.091781+00:00
Pegatron,"Aliso, CA",aliso ca,office-location,"Aliso, CA","https://www.glassdoor.com/Location/All-Dell-Technologies-Aliso-Office-Locations-EI_IE1327.4,21_IL.22,27_IC3789361.htm","https://www.glassdoor.com/Reviews/Pegatron-Aliso-Reviews-EI_IE337948.0,8_IL.9,14_IC3789361.htm",validation_failed,gap_probe_failed: missing_target_metrics,pool-location-id,2026-06-28T11:28:13.944505+00:00
Pegatron,"Bedford, MA",bedford ma,office-location,"Bedford, MA","https://www.glassdoor.com/Location/All-Dell-Technologies-Bedford-Office-Locations-EI_IE1327.4,21_IL.22,29_IC1154527.htm","https://www.glassdoor.com/Reviews/Pegatron-Bedford-Reviews-EI_IE337948.0,8_IL.9,16_IC1154527.htm",validation_failed,gap_probe_failed: missing_target_metrics,pool-location-id,2026-06-28T11:28:25.624396+00:00
Pegatron,"Boston, MA",boston ma,office-location,"Boston, MA","https://www.glassdoor.com/Location/All-Dell-Technologies-Boston-Office-Locations-EI_IE1327.4,21_IL.22,28_IC1154532.htm","https://www.glassdoor.com/Reviews/Pegatron-Boston-Reviews-EI_IE337948.0,8_IL.9,15_IC1154532.htm",validation_failed,gap_probe_failed: missing_target_metrics,pool-location-id,2026-06-28T11:28:34.645152+00:00
Pegatron,"Boydton, VA",boydton va,office-location,"Boydton, VA","https://www.glassdoor.com/Location/All-Dell-Technologies-Boydton-Office-Locations-EI_IE1327.4,21_IL.22,29_IC1129623.htm","https://www.glassdoor.com/Reviews/Pegatron-Boydton-Reviews-EI_IE337948.0,8_IL.9,16_IC1129623.htm",validation_failed,gap_probe_failed: missing_target_metrics,pool-location-id,2026-06-28T11:28:40.868144+00:00
Pegatron,"Cambridge, MA",cambridge ma,office-location,"Cambridge, MA","https://www.glassdoor.com/Location/All-Dell-Technologies-Cambridge-Office-Locations-EI_IE1327.4,21_IL.22,31_IC1154545.htm","https://www.glassdoor.com/Reviews/Pegatron-Cambridge-Reviews-EI_IE337948.0,8_IL.9,18_IC1154545.htm",validation_failed,gap_probe_failed: missing_target_metrics,pool-location-id,2026-06-28T11:28:48.926977+00:00
Pegatron,"Canada, KY",canada ky,office-location,"Canada, KY","https://www.glassdoor.com/Location/All-Dell-Technologies-Canada-Office-Locations-EI_IE1327.4,21_IL.22,28_IC1137126.htm","https://www.glassdoor.com/Reviews/Pegatron-Canada-Reviews-EI_IE337948.0,8_IL.9,15_IC1137126.htm",validation_failed,gap_probe_failed: missing_target_metrics,pool-location-id,2026-06-28T11:28:55.361806+00:00
Pegatron,"Canton, MA",canton ma,office-location,"Canton, MA","https://www.glassdoor.com/Location/All-Dell-Technologies-Canton-Office-Locations-EI_IE1327.4,21_IL.22,28_IC1154546.htm","https://www.glassdoor.com/Reviews/Pegatron-Canton-Reviews-EI_IE337948.0,8_IL.9,15_IC1154546.htm",validation_failed,gap_probe_failed: missing_target_metrics,pool-location-id,2026-06-28T11:29:01.298458+00:00
Pegatron,"Cedar Park, TX",cedar park tx,office-location,"Cedar Park, TX","https://www.glassdoor.com/Location/All-Dell-Technologies-Cedar-Park-Office-Locations-EI_IE1327.4,21_IL.22,32_IC1139765.htm","https://www.glassdoor.com/Reviews/Pegatron-Cedar-Park-Reviews-EI_IE337948.0,8_IL.9,19_IC1139765.htm",validation_failed,gap_probe_failed: missing_target_metrics,pool-location-id,2026-06-28T11:29:06.741736+00:00
Pegatron,"Framingham, MA",framingham ma,office-location,"Framingham, MA","https://www.glassdoor.com/Location/All-Dell-Technologies-Framingham-Office-Locations-EI_IE1327.4,21_IL.22,32_IC1154571.htm","https://www.glassdoor.com/Reviews/Pegatron-Framingham-Reviews-EI_IE337948.0,8_IL.9,19_IC1154571.htm",validation_failed,gap_probe_failed: missing_target_metrics,pool-location-id,2026-06-28T11:29:12.870215+00:00
Pegatron,"Franklin, MA",franklin ma,office-location,"Franklin, MA","https://www.glassdoor.com/Location/All-Dell-Technologies-Franklin-Office-Locations-EI_IE1327.4,21_IL.22,30_IC1154572.htm","https://www.glassdoor.com/Reviews/Pegatron-Franklin-Reviews-EI_IE337948.0,8_IL.9,17_IC1154572.htm",validation_failed,gap_probe_failed: missing_target_metrics,pool-location-id,2026-06-28T11:29:19.055032+00:00
Pegatron,"Fuquay-Varina, NC",fuquay varina nc,office-location,"Fuquay-Varina, NC","https://www.glassdoor.com/Location/All-Dell-Technologies-Fuquay-Varina-Office-Locations-EI_IE1327.4,21_IL.22,35_IC3757296.htm","https://www.glassdoor.com/Reviews/Pegatron-Fuquay-Varina-Reviews-EI_IE337948.0,8_IL.9,22_IC3757296.htm",validation_failed,gap_probe_failed: missing_target_metrics,pool-location-id,2026-06-28T11:29:24.407428+00:00
Pegatron,"Georgetown, TX",georgetown tx,office-location,"Georgetown, TX","https://www.glassdoor.com/Location/All-Dell-Technologies-Georgetown-Office-Locations-EI_IE1327.4,21_IL.22,32_IC1139774.htm","https://www.glassdoor.com/Reviews/Pegatron-Georgetown-Reviews-EI_IE337948.0,8_IL.9,19_IC1139774.htm",validation_failed,gap_probe_failed: missing_target_metrics,pool-location-id,2026-06-28T11:29:35.922563+00:00
Pegatron,"Hopkinton, MA",hopkinton ma,office-location,"Hopkinton, MA","https://www.glassdoor.com/Location/All-Dell-Technologies-Hopkinton-Office-Locations-EI_IE1327.4,21_IL.22,31_IC1154589.htm","https://www.glassdoor.com/Reviews/Pegatron-Hopkinton-Reviews-EI_IE337948.0,8_IL.9,18_IC1154589.htm",validation_failed,gap_probe_failed: missing_target_metrics,pool-location-id,2026-06-28T11:29:41.476692+00:00
Pegatron,"India, TX",india tx,office-location,"India, TX","https://www.glassdoor.com/Location/All-Dell-Technologies-India-Office-Locations-EI_IE1327.4,21_IL.22,27_IC3759223.htm","https://www.glassdoor.com/Reviews/Pegatron-India-Reviews-EI_IE337948.0,8_IL.9,14_IC3759223.htm",validation_failed,gap_probe_failed: missing_target_metrics,pool-location-id,2026-06-28T11:29:47.649600+00:00
Pegatron,"Land O' Lakes, FL",land o lakes fl,office-location,"Land O' Lakes, FL","https://www.glassdoor.com/Location/All-Dell-Technologies-Land-O-Lakes-Office-Locations-EI_IE1327.4,21_IL.22,34_IC3817049.htm","https://www.glassdoor.com/Reviews/Pegatron-Land-O-Lakes-Reviews-EI_IE337948.0,8_IL.9,21_IC3817049.htm",validation_failed,gap_probe_failed: missing_target_metrics,pool-location-id,2026-06-28T11:29:53.868455+00:00
Pegatron,"Leander, TX",leander tx,office-location,"Leander, TX","https://www.glassdoor.com/Location/All-Dell-Technologies-Leander-Office-Locations-EI_IE1327.4,21_IL.22,29_IC1139779.htm","https://www.glassdoor.com/Reviews/Pegatron-Leander-Reviews-EI_IE337948.0,8_IL.9,16_IC1139779.htm",validation_failed,gap_probe_failed: missing_target_metrics,pool-location-id,2026-06-28T11:30:02.945677+00:00
Pegatron,"Pflugerville, TX",pflugerville tx,office-location,"Pflugerville, TX","https://www.glassdoor.com/Location/All-Dell-Technologies-Pflugerville-Office-Locations-EI_IE1327.4,21_IL.22,34_IC1139790.htm","https://www.glassdoor.com/Reviews/Pegatron-Pflugerville-Reviews-EI_IE337948.0,8_IL.9,21_IC1139790.htm",validation_failed,gap_probe_failed: missing_target_metrics,pool-location-id,2026-06-28T11:30:08.528959+00:00
Pegatron,"Quincy, MA",quincy ma,office-location,"Quincy, MA","https://www.glassdoor.com/Location/All-Dell-Technologies-Quincy-Office-Locations-EI_IE1327.4,21_IL.22,28_IC1154667.htm","https://www.glassdoor.com/Reviews/Pegatron-Quincy-Reviews-EI_IE337948.0,8_IL.9,15_IC1154667.htm",validation_failed,gap_probe_failed: missing_target_metrics,pool-location-id,2026-06-28T11:30:14.510282+00:00
Pegatron,"Round Rock, TX",round rock tx,office-location,"Round Rock, TX","https://www.glassdoor.com/Location/All-Dell-Technologies-Round-Rock-Office-Locations-EI_IE1327.4,21_IL.22,32_IC1139794.htm","https://www.glassdoor.com/Reviews/Pegatron-Round-Rock-Reviews-EI_IE337948.0,8_IL.9,19_IC1139794.htm",validation_failed,gap_probe_failed: missing_target_metrics,pool-location-id,2026-06-28T11:30:21.285990+00:00
Pegatron,"San Marcos, TX",san marcos tx,office-location,"San Marcos, TX","https://www.glassdoor.com/Location/All-Dell-Technologies-San-Marcos-Office-Locations-EI_IE1327.4,21_IL.22,32_IC1139795.htm","https://www.glassdoor.com/Reviews/Pegatron-San-Marcos-Reviews-EI_IE337948.0,8_IL.9,19_IC1139795.htm",validation_failed,gap_probe_failed: missing_target_metrics,pool-location-id,2026-06-28T11:30:27.404911+00:00
Pegatron,"Satellite Beach, FL",satellite beach fl,office-location,"Satellite Beach, FL","https://www.glassdoor.com/Location/All-Dell-Technologies-Satellite-Beach-Office-Locations-EI_IE1327.4,21_IL.22,37_IC1154294.htm","https://www.glassdoor.com/Reviews/Pegatron-Satellite-Beach-Reviews-EI_IE337948.0,8_IL.9,24_IC1154294.htm",validation_failed,gap_probe_failed: missing_target_metrics,pool-location-id,2026-06-28T11:30:34.236532+00:00
Pegatron,"Wellesley, MA",wellesley ma,office-location,"Wellesley, MA","https://www.glassdoor.com/Location/All-Dell-Technologies-Wellesley-Office-Locations-EI_IE1327.4,21_IL.22,31_IC1154708.htm","https://www.glassdoor.com/Reviews/Pegatron-Wellesley-Reviews-EI_IE337948.0,8_IL.9,18_IC1154708.htm",validation_failed,gap_probe_failed: missing_target_metrics,pool-location-id,2026-06-28T11:30:46.120776+00:00
Pegatron,"Domlur, KA",domlur ka,office-location,"Domlur, KA","https://www.glassdoor.com/Location/All-Dell-Technologies-Domlur-Office-Locations-EI_IE1327.4,21_IL.22,28_IC4470560.htm","https://www.glassdoor.com/Reviews/Pegatron-Domlur-Reviews-EI_IE337948.0,8_IL.9,15_IC4470560.htm",validation_failed,gap_probe_failed: missing_target_metrics,pool-location-id,2026-06-28T11:30:51.716416+00:00
Pegatron,"Chicago, IL",chicago il,office-location,"Chicago, IL","https://www.glassdoor.com/Location/All-Lenovo-Chicago-Office-Locations-EI_IE8034.4,10_IL.11,18_IC1128808.htm","https://www.glassdoor.com/Reviews/Pegatron-Chicago-Reviews-EI_IE337948.0,8_IL.9,16_IC1128808.htm",validation_failed,gap_probe_failed: missing_target_metrics,pool-location-id,2026-06-28T11:30:58.425861+00:00
Pegatron,"Morrisville, NC",morrisville nc,office-location,"Morrisville, NC","https://www.glassdoor.com/Location/All-Lenovo-Morrisville-Office-Locations-EI_IE8034.4,10_IL.11,22_IC1138956.htm","https://www.glassdoor.com/Reviews/Pegatron-Morrisville-Reviews-EI_IE337948.0,8_IL.9,20_IC1138956.htm",validation_failed,gap_probe_failed: missing_target_metrics,pool-location-id,2026-06-28T11:31:05.273350+00:00
Pegatron,"Bratislava, 02",bratislava 02,office-location,"Bratislava, 02","https://www.glassdoor.com/Location/All-Lenovo-Bratislava-Office-Locations-EI_IE8034.4,10_IL.11,21_IC2907054.htm","https://www.glassdoor.com/Reviews/Pegatron-Bratislava-Reviews-EI_IE337948.0,8_IL.9,19_IC2907054.htm",validation_failed,gap_probe_failed: missing_target_metrics,pool-location-id,2026-06-28T11:31:12.213730+00:00
Pegatron,"Stuttgart, BW",stuttgart bw,office-location,"Stuttgart, BW","https://www.glassdoor.com/Location/All-Lenovo-Stuttgart-Office-Locations-EI_IE8034.4,10_IL.11,20_IC2507190.htm","https://www.glassdoor.com/Reviews/Pegatron-Stuttgart-Reviews-EI_IE337948.0,8_IL.9,18_IC2507190.htm",validation_failed,gap_probe_failed: missing_target_metrics,pool-location-id,2026-06-28T11:31:18.175905+00:00
Pegatron,"Beijing, 22",beijing 22,office-location,"Beijing, 22","https://www.glassdoor.com/Location/All-Lenovo-Beijing-Office-Locations-EI_IE8034.4,10_IL.11,18_IC2398510.htm","https://www.glassdoor.com/Reviews/Pegatron-Beijing-Reviews-EI_IE337948.0,8_IL.9,16_IC2398510.htm",validation_failed,gap_probe_failed: missing_target_metrics,pool-location-id,2026-06-28T11:31:25.251798+00:00
Pegatron,"Changping, 22",changping 22,office-location,"Changping, 22","https://www.glassdoor.com/Location/All-Lenovo-Changping-Office-Locations-EI_IE8034.4,10_IL.11,20_IC2405661.htm","https://www.glassdoor.com/Reviews/Pegatron-Changping-Reviews-EI_IE337948.0,8_IL.9,18_IC2405661.htm",validation_failed,gap_probe_failed: missing_target_metrics,pool-location-id,2026-06-28T11:31:32.478004+00:00
Pegatron,"Haidian, 22",haidian 22,office-location,"Haidian, 22","https://www.glassdoor.com/Location/All-Lenovo-Haidian-Office-Locations-EI_IE8034.4,10_IL.11,18_IC2405685.htm","https://www.glassdoor.com/Reviews/Pegatron-Haidian-Reviews-EI_IE337948.0,8_IL.9,16_IC2405685.htm",validation_failed,gap_probe_failed: missing_target_metrics,pool-location-id,2026-06-28T11:31:38.807309+00:00
Pegatron,Hong Kong,hong kong,office-location,Hong Kong,"https://www.glassdoor.com/Location/All-Lenovo-Hong-Kong-Office-Locations-EI_IE8034.4,10_IL.11,20_IC2308631.htm","https://www.glassdoor.com/Reviews/Pegatron-Hong-Kong-Reviews-EI_IE337948.0,8_IL.9,18_IC2308631.htm",resolved,,pool-location-id,2026-06-28T11:31:44.715978+00:00
Pegatron,"Shenzhenzhen, 02",shenzhenzhen 02,office-location,"Shenzhenzhen, 02","https://www.glassdoor.com/Location/All-Lenovo-Shenzhenzhen-Office-Locations-EI_IE8034.4,10_IL.11,23_IC2441398.htm","https://www.glassdoor.com/Reviews/Pegatron-Shenzhenzhen-Reviews-EI_IE337948.0,8_IL.9,21_IC2441398.htm",validation_failed,gap_probe_failed: missing_target_metrics,pool-location-id,2026-06-28T11:31:56.102007+00:00
Pegatron,"Xiamen, 07",xiamen 07,office-location,"Xiamen, 07","https://www.glassdoor.com/Location/All-Lenovo-Xiamen-Office-Locations-EI_IE8034.4,10_IL.11,17_IC2564138.htm","https://www.glassdoor.com/Reviews/Pegatron-Xiamen-Reviews-EI_IE337948.0,8_IL.9,15_IC2564138.htm",validation_failed,gap_probe_failed: missing_target_metrics,pool-location-id,2026-06-28T11:32:02.450632+00:00
Pegatron,"Buenos Aires, C",buenos aires c,office-location,"Buenos Aires, C","https://www.glassdoor.com/Location/All-Lenovo-Buenos-Aires-Office-Locations-EI_IE8034.4,10_IL.11,23_IC2242084.htm","https://www.glassdoor.com/Reviews/Pegatron-Buenos-Aires-Reviews-EI_IE337948.0,8_IL.9,21_IC2242084.htm",validation_failed,gap_probe_failed: missing_target_metrics,pool-location-id,2026-06-28T11:32:08.181434+00:00
Pegatron,"Campinas, SP",campinas sp,office-location,"Campinas, SP","https://www.glassdoor.com/Location/All-Lenovo-Campinas-Office-Locations-EI_IE8034.4,10_IL.11,19_IC2490130.htm","https://www.glassdoor.com/Reviews/Pegatron-Campinas-Reviews-EI_IE337948.0,8_IL.9,17_IC2490130.htm",validation_failed,gap_probe_failed: missing_target_metrics,pool-location-id,2026-06-28T11:32:13.684718+00:00
Pegatron,"Indaiatuba, SP",indaiatuba sp,office-location,"Indaiatuba, SP","https://www.glassdoor.com/Location/All-Lenovo-Indaiatuba-Office-Locations-EI_IE8034.4,10_IL.11,21_IC2480058.htm","https://www.glassdoor.com/Reviews/Pegatron-Indaiatuba-Reviews-EI_IE337948.0,8_IL.9,19_IC2480058.htm",validation_failed,gap_probe_failed: missing_target_metrics,pool-location-id,2026-06-28T11:32:19.176760+00:00
Pegatron,"Itu, SP",itu sp,office-location,"Itu, SP","https://www.glassdoor.com/Location/All-Lenovo-Itu-Office-Locations-EI_IE8034.4,10_IL.11,14_IC2490672.htm","https://www.glassdoor.com/Reviews/Pegatron-Itu-Reviews-EI_IE337948.0,8_IL.9,12_IC2490672.htm",validation_failed,gap_probe_failed: missing_target_metrics,pool-location-id,2026-06-28T11:32:24.416643+00:00
Pegatron,"Martínez, B",mart nez b,office-location,"Martínez, B","https://www.glassdoor.com/Location/All-Lenovo-Martínez-Office-Locations-EI_IE8034.4,10_IL.11,19_IC2207815.htm","https://www.glassdoor.com/Reviews/Pegatron-Mart%C3%ADnez-Reviews-EI_IE337948.0,8_IL.9,17_IC2207815.htm",validation_failed,gap_probe_failed: missing_target_metrics,pool-location-id,2026-06-28T11:32:30.233531+00:00
Pegatron,"Sorocaba, SP",sorocaba sp,office-location,"Sorocaba, SP","https://www.glassdoor.com/Location/All-Lenovo-Sorocaba-Office-Locations-EI_IE8034.4,10_IL.11,19_IC2475809.htm","https://www.glassdoor.com/Reviews/Pegatron-Sorocaba-Reviews-EI_IE337948.0,8_IL.9,17_IC2475809.htm",validation_failed,gap_probe_failed: missing_target_metrics,pool-location-id,2026-06-28T11:32:35.572381+00:00
Pegatron,"Vicente López, B",vicente l pez b,office-location,"Vicente López, B","https://www.glassdoor.com/Location/All-Lenovo-Vicente-López-Office-Locations-EI_IE8034.4,10_IL.11,24_IC2211608.htm","https://www.glassdoor.com/Reviews/Pegatron-Vicente-L%C3%B3pez-Reviews-EI_IE337948.0,8_IL.9,22_IC2211608.htm",validation_failed,gap_probe_failed: missing_target_metrics,pool-location-id,2026-06-28T11:32:41.115994+00:00
Pegatron,Global,global,manual-seed,,,https://www.glassdoor.com/Reviews/Pegatron-Reviews-E337948.htm,resolved,,review-url-hint,2026-06-28T15:33:33.492118+08:00
Pegatron,Taipei,taipei,manual-seed,"Taipei, TPQ","https://www.glassdoor.com/Location/All-ASUS-Taipei-Office-Locations-EI_IE40093.4,8_IL.9,15_IC3271041.htm","https://www.glassdoor.com/Reviews/Pegatron-Taipei-Reviews-EI_IE337948.0,8_IL.9,15_IC3271041.htm",validation_failed,gap_probe_failed: company_mismatch,pool-location-id,2026-06-28T15:58:05.687329+08:00
Pegatron,Hsinchu,hsinchu,manual-seed,"Hsinchu, TXG","https://www.glassdoor.com/Location/All-NVIDIA-Hsinchu-Office-Locations-EI_IE7633.4,10_IL.11,18_IC4915323.htm","https://www.glassdoor.com/Reviews/Pegatron-Hsinchu-Reviews-EI_IE337948.0,8_IL.9,16_IC4915323.htm",validation_failed,gap_probe_failed: company_mismatch,pool-location-id,2026-06-28T15:58:07.75254+08:00
Pegatron,Taoyuan,taoyuan,manual-seed,,,,no_result,pool_location_id_not_found,pool-location-id,2026-06-28T15:58:07.808053+08:00
Pegatron,Shanghai,shanghai,manual-seed,"Shanghai, 23","https://www.glassdoor.com/Location/All-NVIDIA-Shanghai-Office-Locations-EI_IE7633.4,10_IL.11,19_IC2416009.htm","https://www.glassdoor.com/Reviews/Pegatron-Shanghai-Reviews-EI_IE337948.0,8_IL.9,17_IC2416009.htm",validation_failed,gap_probe_failed: company_mismatch,pool-location-id,2026-06-28T15:58:09.695727+08:00
Pegatron,Shenzhen,shenzhen,manual-seed,"Shenzhenzhen, 02","https://www.glassdoor.com/Location/All-Lenovo-Shenzhenzhen-Office-Locations-EI_IE8034.4,10_IL.11,23_IC2441398.htm","https://www.glassdoor.com/Reviews/Pegatron-Shenzhenzhen-Reviews-EI_IE337948.0,8_IL.9,21_IC2441398.htm",validation_failed,gap_probe_failed: company_mismatch,pool-location-id,2026-06-28T15:58:11.593838+08:00
Pegatron,Tokyo,tokyo,manual-seed,"Tokyo, 40","https://www.glassdoor.com/Location/All-ASUS-Tokyo-Office-Locations-EI_IE40093.4,8_IL.9,14_IC2851580.htm","https://www.glassdoor.com/Reviews/Pegatron-Tokyo-Reviews-EI_IE337948.0,8_IL.9,14_IC2851580.htm",validation_failed,gap_probe_failed: company_mismatch,pool-location-id,2026-06-28T15:58:13.655831+08:00
Pegatron,Seoul,seoul,manual-seed,"Seoul, 11","https://www.glassdoor.com/Location/All-ASUS-Seoul-Office-Locations-EI_IE40093.4,8_IL.9,14_IC3021489.htm","https://www.glassdoor.com/Reviews/Pegatron-Seoul-Reviews-EI_IE337948.0,8_IL.9,14_IC3021489.htm",validation_failed,gap_probe_failed: company_mismatch,pool-location-id,2026-06-28T15:58:15.659429+08:00
Pegatron,Austin,austin,manual-seed,"Austin, TX","https://www.glassdoor.com/Location/All-NVIDIA-Austin-Office-Locations-EI_IE7633.4,10_IL.11,17_IC1139761.htm","https://www.glassdoor.com/Reviews/Pegatron-Austin-Reviews-EI_IE337948.0,8_IL.9,15_IC1139761.htm",validation_failed,gap_probe_failed: company_mismatch,pool-location-id,2026-06-28T15:58:17.716392+08:00
Pegatron,Seattle,seattle,manual-seed,,,,no_result,pool_location_id_not_found,pool-location-id,2026-06-28T15:58:17.780085+08:00
Pegatron,London,london,manual-seed,"London, ENG","https://www.glassdoor.com/Location/All-Trend-Micro-Inc-London-Office-Locations-EI_IE8983.4,19_IL.20,26_IC2671300.htm","https://www.glassdoor.com/Reviews/Pegatron-London-Reviews-EI_IE337948.0,8_IL.9,15_IC2671300.htm",validation_failed,gap_probe_failed: missing_target_metrics,pool-location-id,2026-06-28T08:10:14.968616+00:00
Pegatron,Dublin,dublin,manual-seed,,,,no_result,pool_location_id_not_found,pool-location-id,2026-06-28T15:58:20.08842+08:00
Pegatron,Munich,munich,manual-seed,"Munich, BY","https://www.glassdoor.com/Location/All-NVIDIA-Munich-Office-Locations-EI_IE7633.4,10_IL.11,17_IC4990924.htm","https://www.glassdoor.com/Reviews/Pegatron-Munich-Reviews-EI_IE337948.0,8_IL.9,15_IC4990924.htm",validation_failed,gap_probe_failed: missing_target_metrics,pool-location-id,2026-06-28T08:10:22.716856+00:00
AU Optronics,"Ciudad de Mexico, MEX",ciudad de mexico mex,office-location,"Ciudad de Mexico, MEX","https://www.glassdoor.com/Location/All-ASUS-Ciudad-de-Mexico-Office-Locations-EI_IE40093.4,8_IL.9,25_IC5017436.htm","https://www.glassdoor.com/Reviews/AU-Optronics-Ciudad-de-Mexico-Reviews-EI_IE16126.0,12_IL.13,29_IC5017436.htm",validation_failed,gap_probe_failed: missing_target_metrics,pool-location-id,2026-06-28T11:32:48.171040+00:00
AU Optronics,"Fremont, CA",fremont ca,office-location,"Fremont, CA","https://www.glassdoor.com/Location/All-ASUS-Fremont-Office-Locations-EI_IE40093.4,8_IL.9,16_IC1147355.htm","https://www.glassdoor.com/Reviews/AU-Optronics-Fremont-Reviews-EI_IE16126.0,12_IL.13,20_IC1147355.htm",validation_failed,gap_probe_failed: missing_target_metrics,pool-location-id,2026-06-28T11:32:59.508258+00:00
AU Optronics,"Markham, ON",markham on,office-location,"Markham, ON","https://www.glassdoor.com/Location/All-ASUS-Markham-Office-Locations-EI_IE40093.4,8_IL.9,16_IC2280736.htm","https://www.glassdoor.com/Reviews/AU-Optronics-Markham-Reviews-EI_IE16126.0,12_IL.13,20_IC2280736.htm",validation_failed,gap_probe_failed: missing_target_metrics,pool-location-id,2026-06-28T11:33:06.367205+00:00
AU Optronics,"Barcelona, CT",barcelona ct,office-location,"Barcelona, CT","https://www.glassdoor.com/Location/All-ASUS-Barcelona-Office-Locations-EI_IE40093.4,8_IL.9,18_IC2547194.htm","https://www.glassdoor.com/Reviews/AU-Optronics-Barcelona-Reviews-EI_IE16126.0,12_IL.13,22_IC2547194.htm",validation_failed,gap_probe_failed: missing_target_metrics,pool-location-id,2026-06-28T11:33:13.586379+00:00
AU Optronics,"Budapest, BU",budapest bu,office-location,"Budapest, BU","https://www.glassdoor.com/Location/All-ASUS-Budapest-Office-Locations-EI_IE40093.4,8_IL.9,17_IC3125126.htm","https://www.glassdoor.com/Reviews/AU-Optronics-Budapest-Reviews-EI_IE16126.0,12_IL.13,21_IC3125126.htm",validation_failed,gap_probe_failed: missing_target_metrics,pool-location-id,2026-06-28T11:33:19.752069+00:00
AU Optronics,"Emmen, DR",emmen dr,office-location,"Emmen, DR","https://www.glassdoor.com/Location/All-ASUS-Emmen-Office-Locations-EI_IE40093.4,8_IL.9,14_IC3060162.htm","https://www.glassdoor.com/Reviews/AU-Optronics-Emmen-Reviews-EI_IE16126.0,12_IL.13,18_IC3060162.htm",validation_failed,gap_probe_failed: missing_target_metrics,pool-location-id,2026-06-28T11:33:25.472337+00:00
AU Optronics,"Hemel Hempstead, ENG",hemel hempstead eng,office-location,"Hemel Hempstead, ENG","https://www.glassdoor.com/Location/All-ASUS-Hemel-Hempstead-Office-Locations-EI_IE40093.4,8_IL.9,24_IC2669775.htm","https://www.glassdoor.com/Reviews/AU-Optronics-Hemel-Hempstead-Reviews-EI_IE16126.0,12_IL.13,28_IC2669775.htm",validation_failed,gap_probe_failed: missing_target_metrics,pool-location-id,2026-06-28T11:33:31.709419+00:00
AU Optronics,"Milan, LOM",milan lom,office-location,"Milan, LOM","https://www.glassdoor.com/Location/All-ASUS-Milan-Office-Locations-EI_IE40093.4,8_IL.9,14_IC2802090.htm","https://www.glassdoor.com/Reviews/AU-Optronics-Milan-Reviews-EI_IE16126.0,12_IL.13,18_IC2802090.htm",validation_failed,gap_probe_failed: missing_target_metrics,pool-location-id,2026-06-28T11:33:38.484454+00:00
AU Optronics,"Moravská Ostrava, MO",moravsk ostrava mo,office-location,"Moravská Ostrava, MO","https://www.glassdoor.com/Location/All-ASUS-Moravská-Ostrava-Office-Locations-EI_IE40093.4,8_IL.9,25_IC2288209.htm","https://www.glassdoor.com/Reviews/AU-Optronics-Moravsk%C3%A1-Ostrava-Reviews-EI_IE16126.0,12_IL.13,29_IC2288209.htm",validation_failed,gap_probe_failed: missing_target_metrics,pool-location-id,2026-06-28T11:33:44.314538+00:00
AU Optronics,"Noisy-le-Grand, A8",noisy le grand a8,office-location,"Noisy-le-Grand, A8","https://www.glassdoor.com/Location/All-ASUS-Noisy-le-Grand-Office-Locations-EI_IE40093.4,8_IL.9,23_IC3100822.htm","https://www.glassdoor.com/Reviews/AU-Optronics-Noisy-le-Grand-Reviews-EI_IE16126.0,12_IL.13,27_IC3100822.htm",validation_failed,gap_probe_failed: missing_target_metrics,pool-location-id,2026-06-28T11:33:50.826885+00:00
AU Optronics,"Ratingen, NW",ratingen nw,office-location,"Ratingen, NW","https://www.glassdoor.com/Location/All-ASUS-Ratingen-Office-Locations-EI_IE40093.4,8_IL.9,17_IC2584004.htm","https://www.glassdoor.com/Reviews/AU-Optronics-Ratingen-Reviews-EI_IE16126.0,12_IL.13,21_IC2584004.htm",validation_failed,gap_probe_failed: missing_target_metrics,pool-location-id,2026-06-28T11:33:56.949803+00:00
AU Optronics,"Üsküdar, T34",sk dar t34,office-location,"Üsküdar, T34","https://www.glassdoor.com/Location/All-ASUS-Üsküdar-Office-Locations-EI_IE40093.4,8_IL.9,16_IC3361446.htm","https://www.glassdoor.com/Reviews/AU-Optronics-%C3%9Csk%C3%BCdar-Reviews-EI_IE16126.0,12_IL.13,20_IC3361446.htm",validation_failed,gap_probe_failed: missing_target_metrics,pool-location-id,2026-06-28T11:34:08.722147+00:00
AU Optronics,"Warsaw, MZ",warsaw mz,office-location,"Warsaw, MZ","https://www.glassdoor.com/Location/All-ASUS-Warsaw-Office-Locations-EI_IE40093.4,8_IL.9,15_IC3094484.htm","https://www.glassdoor.com/Reviews/AU-Optronics-Warsaw-Reviews-EI_IE16126.0,12_IL.13,19_IC3094484.htm",validation_failed,gap_probe_failed: missing_target_metrics,pool-location-id,2026-06-28T11:34:15.484912+00:00
AU Optronics,"Bangkok, 10",bangkok 10,office-location,"Bangkok, 10","https://www.glassdoor.com/Location/All-ASUS-Bangkok-Office-Locations-EI_IE40093.4,8_IL.9,16_IC3179725.htm","https://www.glassdoor.com/Reviews/AU-Optronics-Bangkok-Reviews-EI_IE16126.0,12_IL.13,20_IC3179725.htm",validation_failed,gap_probe_failed: missing_target_metrics,pool-location-id,2026-06-28T11:34:21.043226+00:00
AU Optronics,"Dubai, DU",dubai du,office-location,"Dubai, DU","https://www.glassdoor.com/Location/All-ASUS-Dubai-Office-Locations-EI_IE40093.4,8_IL.9,14_IC2204498.htm","https://www.glassdoor.com/Reviews/AU-Optronics-Dubai-Reviews-EI_IE16126.0,12_IL.13,18_IC2204498.htm",validation_failed,gap_probe_failed: missing_target_metrics,pool-location-id,2026-06-28T11:34:27.205707+00:00
AU Optronics,"Jakarta, JK",jakarta jk,office-location,"Jakarta, JK","https://www.glassdoor.com/Location/All-ASUS-Jakarta-Office-Locations-EI_IE40093.4,8_IL.9,16_IC2709872.htm","https://www.glassdoor.com/Reviews/AU-Optronics-Jakarta-Reviews-EI_IE16126.0,12_IL.13,20_IC2709872.htm",validation_failed,gap_probe_failed: missing_target_metrics,pool-location-id,2026-06-28T11:34:33.075562+00:00
AU Optronics,"Kuala Lumpur, 14",kuala lumpur 14,office-location,"Kuala Lumpur, 14","https://www.glassdoor.com/Location/All-ASUS-Kuala-Lumpur-Office-Locations-EI_IE40093.4,8_IL.9,21_IC2986682.htm","https://www.glassdoor.com/Reviews/AU-Optronics-Kuala-Lumpur-Reviews-EI_IE16126.0,12_IL.13,25_IC2986682.htm",validation_failed,gap_probe_failed: missing_target_metrics,pool-location-id,2026-06-28T11:34:39.647430+00:00
AU Optronics,"Manila, D9",manila d9,office-location,"Manila, D9","https://www.glassdoor.com/Location/All-ASUS-Manila-Office-Locations-EI_IE40093.4,8_IL.9,15_IC2363570.htm","https://www.glassdoor.com/Reviews/AU-Optronics-Manila-Reviews-EI_IE16126.0,12_IL.13,19_IC2363570.htm",validation_failed,gap_probe_failed: missing_target_metrics,pool-location-id,2026-06-28T11:34:45.550763+00:00
AU Optronics,"Mumbai, MH",mumbai mh,office-location,"Mumbai, MH","https://www.glassdoor.com/Location/All-ASUS-Mumbai-Office-Locations-EI_IE40093.4,8_IL.9,15_IC2851180.htm","https://www.glassdoor.com/Reviews/AU-Optronics-Mumbai-Reviews-EI_IE16126.0,12_IL.13,19_IC2851180.htm",validation_failed,gap_probe_failed: missing_target_metrics,pool-location-id,2026-06-28T11:34:51.964638+00:00
AU Optronics,"Seoul, 11",seoul 11,office-location,"Seoul, 11","https://www.glassdoor.com/Location/All-ASUS-Seoul-Office-Locations-EI_IE40093.4,8_IL.9,14_IC3021489.htm","https://www.glassdoor.com/Reviews/AU-Optronics-Seoul-Reviews-EI_IE16126.0,12_IL.13,18_IC3021489.htm",validation_failed,gap_probe_failed: missing_target_metrics,pool-location-id,2026-06-28T11:34:58.502101+00:00
AU Optronics,Singapore,singapore,office-location,Singapore,"https://www.glassdoor.com/Location/All-ASUS-Singapore-Office-Locations-EI_IE40093.4,8_IL.9,18_IC3235921.htm","https://www.glassdoor.com/Reviews/AU-Optronics-Singapore-Reviews-EI_IE16126.0,12_IL.13,22_IC3235921.htm",resolved,,pool-location-id,2026-06-28T08:10:31.574327+00:00
AU Optronics,"Taipei, TPQ",taipei tpq,office-location,"Taipei, TPQ","https://www.glassdoor.com/Location/All-ASUS-Taipei-Office-Locations-EI_IE40093.4,8_IL.9,15_IC3271041.htm","https://www.glassdoor.com/Reviews/AU-Optronics-Taipei-Reviews-EI_IE16126.0,12_IL.13,19_IC3271041.htm",resolved,,pool-location-id,2026-06-28T11:35:04.993659+00:00
AU Optronics,"Tokyo, 40",tokyo 40,office-location,"Tokyo, 40","https://www.glassdoor.com/Location/All-ASUS-Tokyo-Office-Locations-EI_IE40093.4,8_IL.9,14_IC2851580.htm","https://www.glassdoor.com/Reviews/AU-Optronics-Tokyo-Reviews-EI_IE16126.0,12_IL.13,18_IC2851580.htm",validation_failed,gap_probe_failed: missing_target_metrics,pool-location-id,2026-06-28T11:35:17.043164+00:00
AU Optronics,"San Isidro, HUC",san isidro huc,office-location,"San Isidro, HUC","https://www.glassdoor.com/Location/All-ASUS-San-Isidro-Office-Locations-EI_IE40093.4,8_IL.9,19_IC4694011.htm","https://www.glassdoor.com/Reviews/AU-Optronics-San-Isidro-Reviews-EI_IE16126.0,12_IL.13,23_IC4694011.htm",validation_failed,gap_probe_failed: missing_target_metrics,pool-location-id,2026-06-28T11:35:22.928010+00:00
AU Optronics,"Santiago, RM",santiago rm,office-location,"Santiago, RM","https://www.glassdoor.com/Location/All-ASUS-Santiago-Office-Locations-EI_IE40093.4,8_IL.9,17_IC2434030.htm","https://www.glassdoor.com/Reviews/AU-Optronics-Santiago-Reviews-EI_IE16126.0,12_IL.13,21_IC2434030.htm",validation_failed,gap_probe_failed: missing_target_metrics,pool-location-id,2026-06-28T11:35:29.127782+00:00
AU Optronics,"São Paulo, SP",s o paulo sp,office-location,"São Paulo, SP","https://www.glassdoor.com/Location/All-ASUS-São-Paulo-Office-Locations-EI_IE40093.4,8_IL.9,18_IC2479061.htm","https://www.glassdoor.com/Reviews/AU-Optronics-S%C3%A3o-Paulo-Reviews-EI_IE16126.0,12_IL.13,22_IC2479061.htm",validation_failed,gap_probe_failed: missing_target_metrics,pool-location-id,2026-06-28T11:35:35.048454+00:00
AU Optronics,"Sydney, NSW",sydney nsw,office-location,"Sydney, NSW","https://www.glassdoor.com/Location/All-ASUS-Sydney-Office-Locations-EI_IE40093.4,8_IL.9,15_IC2235932.htm","https://www.glassdoor.com/Reviews/AU-Optronics-Sydney-Reviews-EI_IE16126.0,12_IL.13,19_IC2235932.htm",validation_failed,gap_probe_failed: missing_target_metrics,pool-location-id,2026-06-28T11:35:41.121622+00:00
AU Optronics,"Austin, TX",austin tx,office-location,"Austin, TX","https://www.glassdoor.com/Location/All-NVIDIA-Austin-Office-Locations-EI_IE7633.4,10_IL.11,17_IC1139761.htm","https://www.glassdoor.com/Reviews/AU-Optronics-Austin-Reviews-EI_IE16126.0,12_IL.13,19_IC1139761.htm",validation_failed,gap_probe_failed: missing_target_metrics,pool-location-id,2026-06-28T11:35:47.268371+00:00
AU Optronics,"Beaverton, OR",beaverton or,office-location,"Beaverton, OR","https://www.glassdoor.com/Location/All-NVIDIA-Beaverton-Office-Locations-EI_IE7633.4,10_IL.11,20_IC1151576.htm","https://www.glassdoor.com/Reviews/AU-Optronics-Beaverton-Reviews-EI_IE16126.0,12_IL.13,22_IC1151576.htm",validation_failed,gap_probe_failed: missing_target_metrics,pool-location-id,2026-06-28T11:35:53.659609+00:00
AU Optronics,"Bellevue, WA",bellevue wa,office-location,"Bellevue, WA","https://www.glassdoor.com/Location/All-NVIDIA-Bellevue-Office-Locations-EI_IE7633.4,10_IL.11,19_IC1150442.htm","https://www.glassdoor.com/Reviews/AU-Optronics-Bellevue-Reviews-EI_IE16126.0,12_IL.13,21_IC1150442.htm",validation_failed,gap_probe_failed: missing_target_metrics,pool-location-id,2026-06-28T11:36:00.333941+00:00
AU Optronics,"Durham, NC",durham nc,office-location,"Durham, NC","https://www.glassdoor.com/Location/All-NVIDIA-Durham-Office-Locations-EI_IE7633.4,10_IL.11,17_IC1138697.htm","https://www.glassdoor.com/Reviews/AU-Optronics-Durham-Reviews-EI_IE16126.0,12_IL.13,19_IC1138697.htm",validation_failed,gap_probe_failed: missing_target_metrics,pool-location-id,2026-06-28T11:36:06.209662+00:00
AU Optronics,"Hillsboro, OR",hillsboro or,office-location,"Hillsboro, OR","https://www.glassdoor.com/Location/All-NVIDIA-Hillsboro-Office-Locations-EI_IE7633.4,10_IL.11,20_IC1151603.htm","https://www.glassdoor.com/Reviews/AU-Optronics-Hillsboro-Reviews-EI_IE16126.0,12_IL.13,22_IC1151603.htm",validation_failed,gap_probe_failed: missing_target_metrics,pool-location-id,2026-06-28T11:36:12.234827+00:00
AU Optronics,"Redmond, WA",redmond wa,office-location,"Redmond, WA","https://www.glassdoor.com/Location/All-NVIDIA-Redmond-Office-Locations-EI_IE7633.4,10_IL.11,18_IC1150499.htm","https://www.glassdoor.com/Reviews/AU-Optronics-Redmond-Reviews-EI_IE16126.0,12_IL.13,20_IC1150499.htm",validation_failed,gap_probe_failed: missing_target_metrics,pool-location-id,2026-06-28T11:36:23.936003+00:00
AU Optronics,"Saint Louis, MO",saint louis mo,office-location,"Saint Louis, MO","https://www.glassdoor.com/Location/All-NVIDIA-Saint-Louis-Office-Locations-EI_IE7633.4,10_IL.11,22_IC1131270.htm","https://www.glassdoor.com/Reviews/AU-Optronics-Saint-Louis-Reviews-EI_IE16126.0,12_IL.13,24_IC1131270.htm",validation_failed,gap_probe_failed: missing_target_metrics,pool-location-id,2026-06-28T11:36:30.153765+00:00
AU Optronics,"San Francisco, CA",san francisco ca,office-location,"San Francisco, CA","https://www.glassdoor.com/Location/All-NVIDIA-San-Francisco-Office-Locations-EI_IE7633.4,10_IL.11,24_IC1147401.htm","https://www.glassdoor.com/Reviews/AU-Optronics-San-Francisco-Reviews-EI_IE16126.0,12_IL.13,26_IC1147401.htm",validation_failed,gap_probe_failed: missing_target_metrics,pool-location-id,2026-06-28T11:36:36.386001+00:00
AU Optronics,"San Jose, CA",san jose,office-location,"San Jose, CA","https://www.glassdoor.com/Location/All-NVIDIA-San-Jose-Office-Locations-EI_IE7633.4,10_IL.11,19_IC1147436.htm","https://www.glassdoor.com/Reviews/AU-Optronics-San-Jose-Reviews-EI_IE16126.0,12_IL.13,21_IC1147436.htm",validation_failed,gap_probe_failed: missing_target_metrics,pool-location-id,2026-06-28T08:10:38.901214+00:00
AU Optronics,"Santa Clara, CA",santa clara ca,office-location,"Santa Clara, CA","https://www.glassdoor.com/Location/All-NVIDIA-Santa-Clara-Office-Locations-EI_IE7633.4,10_IL.11,22_IC1147439.htm","https://www.glassdoor.com/Reviews/AU-Optronics-Santa-Clara-Reviews-EI_IE16126.0,12_IL.13,24_IC1147439.htm",validation_failed,gap_probe_failed: missing_target_metrics,pool-location-id,2026-06-28T11:36:42.239622+00:00
AU Optronics,"Toronto, ON",toronto on,office-location,"Toronto, ON","https://www.glassdoor.com/Location/All-NVIDIA-Toronto-Office-Locations-EI_IE7633.4,10_IL.11,18_IC2281069.htm","https://www.glassdoor.com/Reviews/AU-Optronics-Toronto-Reviews-EI_IE16126.0,12_IL.13,20_IC2281069.htm",validation_failed,gap_probe_failed: missing_target_metrics,pool-location-id,2026-06-28T11:36:48.176534+00:00
AU Optronics,"Westford, MA",westford ma,office-location,"Westford, MA","https://www.glassdoor.com/Location/All-NVIDIA-Westford-Office-Locations-EI_IE7633.4,10_IL.11,19_IC1154720.htm","https://www.glassdoor.com/Reviews/AU-Optronics-Westford-Reviews-EI_IE16126.0,12_IL.13,21_IC1154720.htm",validation_failed,gap_probe_failed: missing_target_metrics,pool-location-id,2026-06-28T11:36:54.876829+00:00
AU Optronics,"Moscow, 48",moscow 48,office-location,"Moscow, 48","https://www.glassdoor.com/Location/All-NVIDIA-Moscow-Office-Locations-EI_IE7633.4,10_IL.11,17_IC3348306.htm","https://www.glassdoor.com/Reviews/AU-Optronics-Moscow-Reviews-EI_IE16126.0,12_IL.13,19_IC3348306.htm",validation_failed,gap_probe_failed: missing_target_metrics,pool-location-id,2026-06-28T11:37:00.715210+00:00
AU Optronics,"Munich, BY",munich by,office-location,"Munich, BY","https://www.glassdoor.com/Location/All-NVIDIA-Munich-Office-Locations-EI_IE7633.4,10_IL.11,17_IC4990924.htm","https://www.glassdoor.com/Reviews/AU-Optronics-Munich-Reviews-EI_IE16126.0,12_IL.13,19_IC4990924.htm",validation_failed,gap_probe_failed: missing_target_metrics,pool-location-id,2026-06-28T11:37:07.554135+00:00
AU Optronics,"Reading, ENG",reading eng,office-location,"Reading, ENG","https://www.glassdoor.com/Location/All-NVIDIA-Reading-Office-Locations-EI_IE7633.4,10_IL.11,18_IC2675152.htm","https://www.glassdoor.com/Reviews/AU-Optronics-Reading-Reviews-EI_IE16126.0,12_IL.13,20_IC2675152.htm",validation_failed,gap_probe_failed: missing_target_metrics,pool-location-id,2026-06-28T11:37:13.827056+00:00
AU Optronics,"Zürich, ZH",z rich zh,office-location,"Zürich, ZH","https://www.glassdoor.com/Location/All-NVIDIA-Zürich-Office-Locations-EI_IE7633.4,10_IL.11,17_IC3297851.htm","https://www.glassdoor.com/Reviews/AU-Optronics-Z%C3%BCrich-Reviews-EI_IE16126.0,12_IL.13,19_IC3297851.htm",validation_failed,gap_probe_failed: missing_target_metrics,pool-location-id,2026-06-28T11:37:19.686829+00:00
AU Optronics,"Bengaluru, KA",bengaluru ka,office-location,"Bengaluru, KA","https://www.glassdoor.com/Location/All-NVIDIA-Bengaluru-Office-Locations-EI_IE7633.4,10_IL.11,20_IC2940587.htm","https://www.glassdoor.com/Reviews/AU-Optronics-Bengaluru-Reviews-EI_IE16126.0,12_IL.13,22_IC2940587.htm",validation_failed,gap_probe_failed: missing_target_metrics,pool-location-id,2026-06-28T11:37:30.517483+00:00
AU Optronics,"Hsinchu, TXG",hsinchu txg,office-location,"Hsinchu, TXG","https://www.glassdoor.com/Location/All-NVIDIA-Hsinchu-Office-Locations-EI_IE7633.4,10_IL.11,18_IC4915323.htm","https://www.glassdoor.com/Reviews/AU-Optronics-Hsinchu-Reviews-EI_IE16126.0,12_IL.13,20_IC4915323.htm",resolved,,pool-location-id,2026-06-28T11:37:37.258139+00:00
AU Optronics,"Pudong, 23",pudong 23,office-location,"Pudong, 23","https://www.glassdoor.com/Location/All-NVIDIA-Pudong-Office-Locations-EI_IE7633.4,10_IL.11,17_IC2415109.htm","https://www.glassdoor.com/Reviews/AU-Optronics-Pudong-Reviews-EI_IE16126.0,12_IL.13,19_IC2415109.htm",validation_failed,gap_probe_failed: missing_target_metrics,pool-location-id,2026-06-28T11:37:42.874877+00:00
AU Optronics,"Pune, MH",pune mh,office-location,"Pune, MH","https://www.glassdoor.com/Location/All-NVIDIA-Pune-Office-Locations-EI_IE7633.4,10_IL.11,15_IC2856202.htm","https://www.glassdoor.com/Reviews/AU-Optronics-Pune-Reviews-EI_IE16126.0,12_IL.13,17_IC2856202.htm",resolved,,pool-location-id,2026-06-28T11:37:49.201162+00:00
AU Optronics,"Shanghai, 23",shanghai 23,office-location,"Shanghai, 23","https://www.glassdoor.com/Location/All-NVIDIA-Shanghai-Office-Locations-EI_IE7633.4,10_IL.11,19_IC2416009.htm","https://www.glassdoor.com/Reviews/AU-Optronics-Shanghai-Reviews-EI_IE16126.0,12_IL.13,21_IC2416009.htm",validation_failed,gap_probe_failed: missing_target_metrics,pool-location-id,2026-06-28T11:37:55.764773+00:00
AU Optronics,"San Jose, MP",san jose mp,office-location,"San Jose, CA","https://www.glassdoor.com/Location/All-NVIDIA-San-Jose-Office-Locations-EI_IE7633.4,10_IL.11,19_IC1147436.htm","https://www.glassdoor.com/Reviews/AU-Optronics-San-Jose-Reviews-EI_IE16126.0,12_IL.13,21_IC1147436.htm",validation_failed,gap_probe_failed: missing_target_metrics,pool-location-id,2026-06-28T11:38:02.504894+00:00
AU Optronics,"Frankfurt am Main, HE",frankfurt am main he,office-location,"Frankfurt am Main, HE","https://www.glassdoor.com/Location/All-Micro-Star-International-Frankfurt-am-Main-Office-Locations-EI_IE41141.4,28_IL.29,46_IC2632180.htm","https://www.glassdoor.com/Reviews/AU-Optronics-Frankfurt-am-Main-Reviews-EI_IE16126.0,12_IL.13,30_IC2632180.htm",validation_failed,gap_probe_failed: missing_target_metrics,pool-location-id,2026-06-28T11:38:08.327297+00:00
AU Optronics,"Boise, ID",boise id,office-location,"Boise, ID","https://www.glassdoor.com/Location/All-HP-Inc-Boise-Office-Locations-EI_IE1093161.4,10_IL.11,16_IC1127927.htm","https://www.glassdoor.com/Reviews/AU-Optronics-Boise-Reviews-EI_IE16126.0,12_IL.13,18_IC1127927.htm",validation_failed,gap_probe_failed: missing_target_metrics,pool-location-id,2026-06-28T11:38:14.608459+00:00
AU Optronics,"Corvallis, OR",corvallis or,office-location,"Corvallis, OR","https://www.glassdoor.com/Location/All-HP-Inc-Corvallis-Office-Locations-EI_IE1093161.4,10_IL.11,20_IC1151455.htm","https://www.glassdoor.com/Reviews/AU-Optronics-Corvallis-Reviews-EI_IE16126.0,12_IL.13,22_IC1151455.htm",validation_failed,gap_probe_failed: missing_target_metrics,pool-location-id,2026-06-28T11:38:21.000464+00:00
AU Optronics,"Fort Collins, CO",fort collins co,office-location,"Fort Collins, CO","https://www.glassdoor.com/Location/All-HP-Inc-Fort-Collins-Office-Locations-EI_IE1093161.4,10_IL.11,23_IC1148233.htm","https://www.glassdoor.com/Reviews/AU-Optronics-Fort-Collins-Reviews-EI_IE16126.0,12_IL.13,25_IC1148233.htm",validation_failed,gap_probe_failed: missing_target_metrics,pool-location-id,2026-06-28T11:38:27.676978+00:00
AU Optronics,"Guadalajara, JAL",guadalajara jal,office-location,"Guadalajara, JAL","https://www.glassdoor.com/Location/All-HP-Inc-Guadalajara-Office-Locations-EI_IE1093161.4,10_IL.11,22_IC3486357.htm","https://www.glassdoor.com/Reviews/AU-Optronics-Guadalajara-Reviews-EI_IE16126.0,12_IL.13,24_IC3486357.htm",validation_failed,gap_probe_failed: missing_target_metrics,pool-location-id,2026-06-28T11:38:39.883875+00:00
AU Optronics,"Houston, TX",houston tx,office-location,"Houston, TX","https://www.glassdoor.com/Location/All-HP-Inc-Houston-Office-Locations-EI_IE1093161.4,10_IL.11,18_IC1140171.htm","https://www.glassdoor.com/Reviews/AU-Optronics-Houston-Reviews-EI_IE16126.0,12_IL.13,20_IC1140171.htm",validation_failed,gap_probe_failed: missing_target_metrics,pool-location-id,2026-06-28T11:38:45.872128+00:00
AU Optronics,"Palo Alto, CA",palo alto ca,office-location,"Palo Alto, CA","https://www.glassdoor.com/Location/All-HP-Inc-Palo-Alto-Office-Locations-EI_IE1093161.4,10_IL.11,20_IC1147434.htm","https://www.glassdoor.com/Reviews/AU-Optronics-Palo-Alto-Reviews-EI_IE16126.0,12_IL.13,22_IC1147434.htm",validation_failed,gap_probe_failed: missing_target_metrics,pool-location-id,2026-06-28T11:38:52.317625+00:00
AU Optronics,"Portland, OR",portland or,office-location,"Portland, OR","https://www.glassdoor.com/Location/All-HP-Inc-Portland-Office-Locations-EI_IE1093161.4,10_IL.11,19_IC1151614.htm","https://www.glassdoor.com/Reviews/AU-Optronics-Portland-Reviews-EI_IE16126.0,12_IL.13,21_IC1151614.htm",validation_failed,gap_probe_failed: missing_target_metrics,pool-location-id,2026-06-28T11:38:59.100940+00:00
AU Optronics,"San Diego, CA",san diego ca,office-location,"San Diego, CA","https://www.glassdoor.com/Location/All-HP-Inc-San-Diego-Office-Locations-EI_IE1093161.4,10_IL.11,20_IC1147311.htm","https://www.glassdoor.com/Reviews/AU-Optronics-San-Diego-Reviews-EI_IE16126.0,12_IL.13,22_IC1147311.htm",validation_failed,gap_probe_failed: missing_target_metrics,pool-location-id,2026-06-28T11:39:05.414480+00:00
AU Optronics,"Spring, TX",spring tx,office-location,"Spring, TX","https://www.glassdoor.com/Location/All-HP-Inc-Spring-Office-Locations-EI_IE1093161.4,10_IL.11,17_IC1140222.htm","https://www.glassdoor.com/Reviews/AU-Optronics-Spring-Reviews-EI_IE16126.0,12_IL.13,19_IC1140222.htm",validation_failed,gap_probe_failed: missing_target_metrics,pool-location-id,2026-06-28T11:39:12.139898+00:00
AU Optronics,"Sunnyvale, CA",sunnyvale ca,office-location,"Sunnyvale, CA","https://www.glassdoor.com/Location/All-HP-Inc-Sunnyvale-Office-Locations-EI_IE1093161.4,10_IL.11,20_IC1147442.htm","https://www.glassdoor.com/Reviews/AU-Optronics-Sunnyvale-Reviews-EI_IE16126.0,12_IL.13,22_IC1147442.htm",resolved,,pool-location-id,2026-06-28T11:39:18.571245+00:00
AU Optronics,"Tlaquepaque, JAL",tlaquepaque jal,office-location,"Tlaquepaque, JAL","https://www.glassdoor.com/Location/All-HP-Inc-Tlaquepaque-Office-Locations-EI_IE1093161.4,10_IL.11,22_IC3486348.htm","https://www.glassdoor.com/Reviews/AU-Optronics-Tlaquepaque-Reviews-EI_IE16126.0,12_IL.13,24_IC3486348.htm",validation_failed,gap_probe_failed: missing_target_metrics,pool-location-id,2026-06-28T11:39:24.683714+00:00
AU Optronics,"Vancouver, WA",vancouver wa,office-location,"Vancouver, WA","https://www.glassdoor.com/Location/All-HP-Inc-Vancouver-Office-Locations-EI_IE1093161.4,10_IL.11,20_IC1150413.htm","https://www.glassdoor.com/Reviews/AU-Optronics-Vancouver-Reviews-EI_IE16126.0,12_IL.13,22_IC1150413.htm",validation_failed,gap_probe_failed: missing_target_metrics,pool-location-id,2026-06-28T11:39:31.061892+00:00
AU Optronics,"Zapopan, JAL",zapopan jal,office-location,"Zapopan, JAL","https://www.glassdoor.com/Location/All-HP-Inc-Zapopan-Office-Locations-EI_IE1093161.4,10_IL.11,18_IC3487018.htm","https://www.glassdoor.com/Reviews/AU-Optronics-Zapopan-Reviews-EI_IE16126.0,12_IL.13,20_IC3487018.htm",validation_failed,gap_probe_failed: missing_target_metrics,pool-location-id,2026-06-28T11:39:37.406861+00:00
AU Optronics,"Boulogne-Billancourt, A8",boulogne billancourt a8,office-location,"Boulogne-Billancourt, A8","https://www.glassdoor.com/Location/All-HP-Inc-Boulogne-Billancourt-Office-Locations-EI_IE1093161.4,10_IL.11,31_IC3040032.htm","https://www.glassdoor.com/Reviews/AU-Optronics-Boulogne-Billancourt-Reviews-EI_IE16126.0,12_IL.13,33_IC3040032.htm",validation_failed,gap_probe_failed: missing_target_metrics,pool-location-id,2026-06-28T11:39:48.638091+00:00
AU Optronics,"Bucharest, B",bucharest b,office-location,"Bucharest, B","https://www.glassdoor.com/Location/All-HP-Inc-Bucharest-Office-Locations-EI_IE1093161.4,10_IL.11,20_IC3184907.htm","https://www.glassdoor.com/Reviews/AU-Optronics-Bucharest-Reviews-EI_IE16126.0,12_IL.13,22_IC3184907.htm",validation_failed,gap_probe_failed: missing_target_metrics,pool-location-id,2026-06-28T11:39:54.480799+00:00
AU Optronics,"Cambridge, ENG",cambridge eng,office-location,"Cambridge, ENG","https://www.glassdoor.com/Location/All-HP-Inc-Cambridge-Office-Locations-EI_IE1093161.4,10_IL.11,20_IC2662516.htm","https://www.glassdoor.com/Reviews/AU-Optronics-Cambridge-Reviews-EI_IE16126.0,12_IL.13,22_IC2662516.htm",validation_failed,gap_probe_failed: missing_target_metrics,pool-location-id,2026-06-28T11:40:01.124045+00:00
AU Optronics,"Meudon, A8",meudon a8,office-location,"Meudon, A8","https://www.glassdoor.com/Location/All-HP-Inc-Meudon-Office-Locations-EI_IE1093161.4,10_IL.11,17_IC3019026.htm","https://www.glassdoor.com/Reviews/AU-Optronics-Meudon-Reviews-EI_IE16126.0,12_IL.13,19_IC3019026.htm",validation_failed,gap_probe_failed: missing_target_metrics,pool-location-id,2026-06-28T11:40:06.868546+00:00
AU Optronics,"Paris, A8",paris a8,office-location,"Paris, A8","https://www.glassdoor.com/Location/All-HP-Inc-Paris-Office-Locations-EI_IE1093161.4,10_IL.11,16_IC2881970.htm","https://www.glassdoor.com/Reviews/AU-Optronics-Paris-Reviews-EI_IE16126.0,12_IL.13,18_IC2881970.htm",validation_failed,gap_probe_failed: missing_target_metrics,pool-location-id,2026-06-28T11:40:12.877471+00:00
AU Optronics,"Sant Cugat del Vallès, CT",sant cugat del vall s ct,office-location,"Sant Cugat del Vallès, CT","https://www.glassdoor.com/Location/All-HP-Inc-Sant-Cugat-del-Vallès-Office-Locations-EI_IE1093161.4,10_IL.11,32_IC4843928.htm","https://www.glassdoor.com/Reviews/AU-Optronics-Sant-Cugat-del-Vall%C3%A8s-Reviews-EI_IE16126.0,12_IL.13,34_IC4843928.htm",validation_failed,gap_probe_failed: missing_target_metrics,pool-location-id,2026-06-28T11:40:18.919736+00:00
AU Optronics,"Tuas, W",tuas w,office-location,"Tuas, W","https://www.glassdoor.com/Location/All-HP-Inc-Tuas-Office-Locations-EI_IE1093161.4,10_IL.11,15_IC3235538.htm","https://www.glassdoor.com/Reviews/AU-Optronics-Tuas-Reviews-EI_IE16126.0,12_IL.13,17_IC3235538.htm",validation_failed,gap_probe_failed: missing_target_metrics,pool-location-id,2026-06-28T11:40:25.244926+00:00
AU Optronics,"Whitefield, KA",whitefield ka,office-location,"Whitefield, KA","https://www.glassdoor.com/Location/All-HP-Inc-Whitefield-Office-Locations-EI_IE1093161.4,10_IL.11,21_IC2941717.htm","https://www.glassdoor.com/Reviews/AU-Optronics-Whitefield-Reviews-EI_IE16126.0,12_IL.13,23_IC2941717.htm",validation_failed,gap_probe_failed: missing_target_metrics,pool-location-id,2026-06-28T11:40:31.677558+00:00
AU Optronics,"Lake Forest, CA",lake forest ca,office-location,"Lake Forest, CA","https://www.glassdoor.com/Location/All-Wistron-Lake-Forest-Office-Locations-EI_IE15218.4,11_IL.12,23_IC1146811.htm","https://www.glassdoor.com/Reviews/AU-Optronics-Lake-Forest-Reviews-EI_IE16126.0,12_IL.13,24_IC1146811.htm",validation_failed,gap_probe_failed: missing_target_metrics,pool-location-id,2026-06-28T11:40:38.315570+00:00
AU Optronics,"Rolling Meadows, IL",rolling meadows il,office-location,"Rolling Meadows, IL","https://www.glassdoor.com/Location/All-Wistron-Rolling-Meadows-Office-Locations-EI_IE15218.4,11_IL.12,27_IC1128962.htm","https://www.glassdoor.com/Reviews/AU-Optronics-Rolling-Meadows-Reviews-EI_IE16126.0,12_IL.13,28_IC1128962.htm",validation_failed,gap_probe_failed: missing_target_metrics,pool-location-id,2026-06-28T11:40:44.470486+00:00
AU Optronics,"Wuhan, 12",wuhan 12,office-location,"Wuhan, 12","https://www.glassdoor.com/Location/All-Wistron-Wuhan-Office-Locations-EI_IE15218.4,11_IL.12,17_IC2478891.htm","https://www.glassdoor.com/Reviews/AU-Optronics-Wuhan-Reviews-EI_IE16126.0,12_IL.13,18_IC2478891.htm",validation_failed,gap_probe_failed: missing_target_metrics,pool-location-id,2026-06-28T11:40:58.055196+00:00
AU Optronics,"Hoofddorp, NH",hoofddorp nh,office-location,"Hoofddorp, NH","https://www.glassdoor.com/Location/All-Delta-Electronics-Hoofddorp-Office-Locations-EI_IE41146.4,21_IL.22,31_IC3063772.htm","https://www.glassdoor.com/Reviews/AU-Optronics-Hoofddorp-Reviews-EI_IE16126.0,12_IL.13,22_IC3063772.htm",validation_failed,gap_probe_failed: missing_target_metrics,pool-location-id,2026-06-28T11:41:04.684667+00:00
AU Optronics,"Notting Hill, VIC",notting hill vic,office-location,"Notting Hill, VIC","https://www.glassdoor.com/Location/All-Delta-Electronics-Notting-Hill-Office-Locations-EI_IE41146.4,21_IL.22,34_IC2257042.htm","https://www.glassdoor.com/Reviews/AU-Optronics-Notting-Hill-Reviews-EI_IE16126.0,12_IL.13,25_IC2257042.htm",validation_failed,gap_probe_failed: missing_target_metrics,pool-location-id,2026-06-28T11:41:11.163607+00:00
AU Optronics,"Jeffersonville, IN",jeffersonville in,office-location,"Jeffersonville, IN","https://www.glassdoor.com/Location/All-Pegatron-Jeffersonville-Office-Locations-EI_IE337948.4,12_IL.13,27_IC1145141.htm","https://www.glassdoor.com/Reviews/AU-Optronics-Jeffersonville-Reviews-EI_IE16126.0,12_IL.13,27_IC1145141.htm",validation_failed,gap_probe_failed: missing_target_metrics,pool-location-id,2026-06-28T11:41:17.881473+00:00
AU Optronics,"Irving, TX",irving tx,office-location,"Irving, TX","https://www.glassdoor.com/Location/All-Trend-Micro-Inc-Irving-Office-Locations-EI_IE8983.4,19_IL.20,26_IC1140006.htm","https://www.glassdoor.com/Reviews/AU-Optronics-Irving-Reviews-EI_IE16126.0,12_IL.13,19_IC1140006.htm",validation_failed,gap_probe_failed: missing_target_metrics,pool-location-id,2026-06-28T11:41:24.341969+00:00
AU Optronics,"Jersey City, NJ",jersey city nj,office-location,"Jersey City, NJ","https://www.glassdoor.com/Location/All-Trend-Micro-Inc-Jersey-City-Office-Locations-EI_IE8983.4,19_IL.20,31_IC1126819.htm","https://www.glassdoor.com/Reviews/AU-Optronics-Jersey-City-Reviews-EI_IE16126.0,12_IL.13,24_IC1126819.htm",validation_failed,gap_probe_failed: missing_target_metrics,pool-location-id,2026-06-28T11:41:30.424801+00:00
AU Optronics,"Kanata, ON",kanata on,office-location,"Kanata, ON","https://www.glassdoor.com/Location/All-Trend-Micro-Inc-Kanata-Office-Locations-EI_IE8983.4,19_IL.20,26_IC2282818.htm","https://www.glassdoor.com/Reviews/AU-Optronics-Kanata-Reviews-EI_IE16126.0,12_IL.13,19_IC2282818.htm",validation_failed,gap_probe_failed: missing_target_metrics,pool-location-id,2026-06-28T11:41:36.494023+00:00
AU Optronics,"Cork, M",cork m,office-location,"Cork, M","https://www.glassdoor.com/Location/All-Trend-Micro-Inc-Cork-Office-Locations-EI_IE8983.4,19_IL.20,24_IC4325638.htm","https://www.glassdoor.com/Reviews/AU-Optronics-Cork-Reviews-EI_IE16126.0,12_IL.13,17_IC4325638.htm",validation_failed,gap_probe_failed: missing_target_metrics,pool-location-id,2026-06-28T11:41:42.333357+00:00
AU Optronics,"London, ENG",london eng,office-location,"London, ENG","https://www.glassdoor.com/Location/All-Trend-Micro-Inc-London-Office-Locations-EI_IE8983.4,19_IL.20,26_IC2671300.htm","https://www.glassdoor.com/Reviews/AU-Optronics-London-Reviews-EI_IE16126.0,12_IL.13,19_IC2671300.htm",validation_failed,gap_probe_failed: missing_target_metrics,pool-location-id,2026-06-28T11:41:49.447583+00:00
AU Optronics,"Paddington, ENG",paddington eng,office-location,"Paddington, ENG","https://www.glassdoor.com/Location/All-Trend-Micro-Inc-Paddington-Office-Locations-EI_IE8983.4,19_IL.20,30_IC3527325.htm","https://www.glassdoor.com/Reviews/AU-Optronics-Paddington-Reviews-EI_IE16126.0,12_IL.13,23_IC3527325.htm",validation_failed,gap_probe_failed: missing_target_metrics,pool-location-id,2026-06-28T11:41:55.568293+00:00
AU Optronics,"Aliso, CA",aliso ca,office-location,"Aliso, CA","https://www.glassdoor.com/Location/All-Dell-Technologies-Aliso-Office-Locations-EI_IE1327.4,21_IL.22,27_IC3789361.htm","https://www.glassdoor.com/Reviews/AU-Optronics-Aliso-Reviews-EI_IE16126.0,12_IL.13,18_IC3789361.htm",validation_failed,gap_probe_failed: missing_target_metrics,pool-location-id,2026-06-28T11:42:06.854303+00:00
AU Optronics,"Bedford, MA",bedford ma,office-location,"Bedford, MA","https://www.glassdoor.com/Location/All-Dell-Technologies-Bedford-Office-Locations-EI_IE1327.4,21_IL.22,29_IC1154527.htm","https://www.glassdoor.com/Reviews/AU-Optronics-Bedford-Reviews-EI_IE16126.0,12_IL.13,20_IC1154527.htm",validation_failed,gap_probe_failed: missing_target_metrics,pool-location-id,2026-06-28T11:42:12.905401+00:00
AU Optronics,"Boston, MA",boston ma,office-location,"Boston, MA","https://www.glassdoor.com/Location/All-Dell-Technologies-Boston-Office-Locations-EI_IE1327.4,21_IL.22,28_IC1154532.htm","https://www.glassdoor.com/Reviews/AU-Optronics-Boston-Reviews-EI_IE16126.0,12_IL.13,19_IC1154532.htm",validation_failed,gap_probe_failed: missing_target_metrics,pool-location-id,2026-06-28T11:42:19.299430+00:00
AU Optronics,"Boydton, VA",boydton va,office-location,"Boydton, VA","https://www.glassdoor.com/Location/All-Dell-Technologies-Boydton-Office-Locations-EI_IE1327.4,21_IL.22,29_IC1129623.htm","https://www.glassdoor.com/Reviews/AU-Optronics-Boydton-Reviews-EI_IE16126.0,12_IL.13,20_IC1129623.htm",validation_failed,gap_probe_failed: missing_target_metrics,pool-location-id,2026-06-28T11:42:26.634390+00:00
AU Optronics,"Cambridge, MA",cambridge ma,office-location,"Cambridge, MA","https://www.glassdoor.com/Location/All-Dell-Technologies-Cambridge-Office-Locations-EI_IE1327.4,21_IL.22,31_IC1154545.htm","https://www.glassdoor.com/Reviews/AU-Optronics-Cambridge-Reviews-EI_IE16126.0,12_IL.13,22_IC1154545.htm",validation_failed,gap_probe_failed: missing_target_metrics,pool-location-id,2026-06-28T11:42:32.800543+00:00
AU Optronics,"Canada, KY",canada ky,office-location,"Canada, KY","https://www.glassdoor.com/Location/All-Dell-Technologies-Canada-Office-Locations-EI_IE1327.4,21_IL.22,28_IC1137126.htm","https://www.glassdoor.com/Reviews/AU-Optronics-Canada-Reviews-EI_IE16126.0,12_IL.13,19_IC1137126.htm",validation_failed,gap_probe_failed: missing_target_metrics,pool-location-id,2026-06-28T11:42:39.425604+00:00
AU Optronics,"Canton, MA",canton ma,office-location,"Canton, MA","https://www.glassdoor.com/Location/All-Dell-Technologies-Canton-Office-Locations-EI_IE1327.4,21_IL.22,28_IC1154546.htm","https://www.glassdoor.com/Reviews/AU-Optronics-Canton-Reviews-EI_IE16126.0,12_IL.13,19_IC1154546.htm",validation_failed,gap_probe_failed: missing_target_metrics,pool-location-id,2026-06-28T11:42:45.278809+00:00
AU Optronics,"Cedar Park, TX",cedar park tx,office-location,"Cedar Park, TX","https://www.glassdoor.com/Location/All-Dell-Technologies-Cedar-Park-Office-Locations-EI_IE1327.4,21_IL.22,32_IC1139765.htm","https://www.glassdoor.com/Reviews/AU-Optronics-Cedar-Park-Reviews-EI_IE16126.0,12_IL.13,23_IC1139765.htm",validation_failed,gap_probe_failed: missing_target_metrics,pool-location-id,2026-06-28T11:42:51.811259+00:00
AU Optronics,"Framingham, MA",framingham ma,office-location,"Framingham, MA","https://www.glassdoor.com/Location/All-Dell-Technologies-Framingham-Office-Locations-EI_IE1327.4,21_IL.22,32_IC1154571.htm","https://www.glassdoor.com/Reviews/AU-Optronics-Framingham-Reviews-EI_IE16126.0,12_IL.13,23_IC1154571.htm",validation_failed,gap_probe_failed: missing_target_metrics,pool-location-id,2026-06-28T11:42:58.624225+00:00
AU Optronics,"Franklin, MA",franklin ma,office-location,"Franklin, MA","https://www.glassdoor.com/Location/All-Dell-Technologies-Franklin-Office-Locations-EI_IE1327.4,21_IL.22,30_IC1154572.htm","https://www.glassdoor.com/Reviews/AU-Optronics-Franklin-Reviews-EI_IE16126.0,12_IL.13,21_IC1154572.htm",validation_failed,gap_probe_failed: missing_target_metrics,pool-location-id,2026-06-28T11:43:04.755661+00:00
AU Optronics,"Fuquay-Varina, NC",fuquay varina nc,office-location,"Fuquay-Varina, NC","https://www.glassdoor.com/Location/All-Dell-Technologies-Fuquay-Varina-Office-Locations-EI_IE1327.4,21_IL.22,35_IC3757296.htm","https://www.glassdoor.com/Reviews/AU-Optronics-Fuquay-Varina-Reviews-EI_IE16126.0,12_IL.13,26_IC3757296.htm",validation_failed,gap_probe_failed: missing_target_metrics,pool-location-id,2026-06-28T11:43:16.211248+00:00
AU Optronics,"Georgetown, TX",georgetown tx,office-location,"Georgetown, TX","https://www.glassdoor.com/Location/All-Dell-Technologies-Georgetown-Office-Locations-EI_IE1327.4,21_IL.22,32_IC1139774.htm","https://www.glassdoor.com/Reviews/AU-Optronics-Georgetown-Reviews-EI_IE16126.0,12_IL.13,23_IC1139774.htm",validation_failed,gap_probe_failed: missing_target_metrics,pool-location-id,2026-06-28T11:43:22.505112+00:00
AU Optronics,"Hopkinton, MA",hopkinton ma,office-location,"Hopkinton, MA","https://www.glassdoor.com/Location/All-Dell-Technologies-Hopkinton-Office-Locations-EI_IE1327.4,21_IL.22,31_IC1154589.htm","https://www.glassdoor.com/Reviews/AU-Optronics-Hopkinton-Reviews-EI_IE16126.0,12_IL.13,22_IC1154589.htm",validation_failed,gap_probe_failed: missing_target_metrics,pool-location-id,2026-06-28T11:43:28.824368+00:00
AU Optronics,"India, TX",india tx,office-location,"India, TX","https://www.glassdoor.com/Location/All-Dell-Technologies-India-Office-Locations-EI_IE1327.4,21_IL.22,27_IC3759223.htm","https://www.glassdoor.com/Reviews/AU-Optronics-India-Reviews-EI_IE16126.0,12_IL.13,18_IC3759223.htm",validation_failed,gap_probe_failed: missing_target_metrics,pool-location-id,2026-06-28T11:43:35.122671+00:00
AU Optronics,"Land O' Lakes, FL",land o lakes fl,office-location,"Land O' Lakes, FL","https://www.glassdoor.com/Location/All-Dell-Technologies-Land-O-Lakes-Office-Locations-EI_IE1327.4,21_IL.22,34_IC3817049.htm","https://www.glassdoor.com/Reviews/AU-Optronics-Land-O-Lakes-Reviews-EI_IE16126.0,12_IL.13,25_IC3817049.htm",validation_failed,gap_probe_failed: missing_target_metrics,pool-location-id,2026-06-28T11:43:41.650994+00:00
AU Optronics,"Leander, TX",leander tx,office-location,"Leander, TX","https://www.glassdoor.com/Location/All-Dell-Technologies-Leander-Office-Locations-EI_IE1327.4,21_IL.22,29_IC1139779.htm","https://www.glassdoor.com/Reviews/AU-Optronics-Leander-Reviews-EI_IE16126.0,12_IL.13,20_IC1139779.htm",validation_failed,gap_probe_failed: missing_target_metrics,pool-location-id,2026-06-28T11:43:48.085937+00:00
AU Optronics,"Pflugerville, TX",pflugerville tx,office-location,"Pflugerville, TX","https://www.glassdoor.com/Location/All-Dell-Technologies-Pflugerville-Office-Locations-EI_IE1327.4,21_IL.22,34_IC1139790.htm","https://www.glassdoor.com/Reviews/AU-Optronics-Pflugerville-Reviews-EI_IE16126.0,12_IL.13,25_IC1139790.htm",validation_failed,gap_probe_failed: missing_target_metrics,pool-location-id,2026-06-28T11:43:54.526490+00:00
AU Optronics,"Quincy, MA",quincy ma,office-location,"Quincy, MA","https://www.glassdoor.com/Location/All-Dell-Technologies-Quincy-Office-Locations-EI_IE1327.4,21_IL.22,28_IC1154667.htm","https://www.glassdoor.com/Reviews/AU-Optronics-Quincy-Reviews-EI_IE16126.0,12_IL.13,19_IC1154667.htm",validation_failed,gap_probe_failed: missing_target_metrics,pool-location-id,2026-06-28T11:44:00.475140+00:00
AU Optronics,"Round Rock, TX",round rock tx,office-location,"Round Rock, TX","https://www.glassdoor.com/Location/All-Dell-Technologies-Round-Rock-Office-Locations-EI_IE1327.4,21_IL.22,32_IC1139794.htm","https://www.glassdoor.com/Reviews/AU-Optronics-Round-Rock-Reviews-EI_IE16126.0,12_IL.13,23_IC1139794.htm",validation_failed,gap_probe_failed: missing_target_metrics,pool-location-id,2026-06-28T11:44:06.854610+00:00
AU Optronics,"San Marcos, TX",san marcos tx,office-location,"San Marcos, TX","https://www.glassdoor.com/Location/All-Dell-Technologies-San-Marcos-Office-Locations-EI_IE1327.4,21_IL.22,32_IC1139795.htm","https://www.glassdoor.com/Reviews/AU-Optronics-San-Marcos-Reviews-EI_IE16126.0,12_IL.13,23_IC1139795.htm",validation_failed,gap_probe_failed: missing_target_metrics,pool-location-id,2026-06-28T11:44:13.848027+00:00
AU Optronics,"Satellite Beach, FL",satellite beach fl,office-location,"Satellite Beach, FL","https://www.glassdoor.com/Location/All-Dell-Technologies-Satellite-Beach-Office-Locations-EI_IE1327.4,21_IL.22,37_IC1154294.htm","https://www.glassdoor.com/Reviews/AU-Optronics-Satellite-Beach-Reviews-EI_IE16126.0,12_IL.13,28_IC1154294.htm",validation_failed,gap_probe_failed: missing_target_metrics,pool-location-id,2026-06-28T11:44:25.668158+00:00
AU Optronics,"Wellesley, MA",wellesley ma,office-location,"Wellesley, MA","https://www.glassdoor.com/Location/All-Dell-Technologies-Wellesley-Office-Locations-EI_IE1327.4,21_IL.22,31_IC1154708.htm","https://www.glassdoor.com/Reviews/AU-Optronics-Wellesley-Reviews-EI_IE16126.0,12_IL.13,22_IC1154708.htm",validation_failed,gap_probe_failed: missing_target_metrics,pool-location-id,2026-06-28T11:44:32.198924+00:00
AU Optronics,"Domlur, KA",domlur ka,office-location,"Domlur, KA","https://www.glassdoor.com/Location/All-Dell-Technologies-Domlur-Office-Locations-EI_IE1327.4,21_IL.22,28_IC4470560.htm","https://www.glassdoor.com/Reviews/AU-Optronics-Domlur-Reviews-EI_IE16126.0,12_IL.13,19_IC4470560.htm",validation_failed,gap_probe_failed: missing_target_metrics,pool-location-id,2026-06-28T11:44:38.401702+00:00
AU Optronics,"Chicago, IL",chicago il,office-location,"Chicago, IL","https://www.glassdoor.com/Location/All-Lenovo-Chicago-Office-Locations-EI_IE8034.4,10_IL.11,18_IC1128808.htm","https://www.glassdoor.com/Reviews/AU-Optronics-Chicago-Reviews-EI_IE16126.0,12_IL.13,20_IC1128808.htm",validation_failed,gap_probe_failed: missing_target_metrics,pool-location-id,2026-06-28T11:44:44.445851+00:00
AU Optronics,"Morrisville, NC",morrisville nc,office-location,"Morrisville, NC","https://www.glassdoor.com/Location/All-Lenovo-Morrisville-Office-Locations-EI_IE8034.4,10_IL.11,22_IC1138956.htm","https://www.glassdoor.com/Reviews/AU-Optronics-Morrisville-Reviews-EI_IE16126.0,12_IL.13,24_IC1138956.htm",validation_failed,gap_probe_failed: missing_target_metrics,pool-location-id,2026-06-28T11:44:50.634521+00:00
AU Optronics,"Bratislava, 02",bratislava 02,office-location,"Bratislava, 02","https://www.glassdoor.com/Location/All-Lenovo-Bratislava-Office-Locations-EI_IE8034.4,10_IL.11,21_IC2907054.htm","https://www.glassdoor.com/Reviews/AU-Optronics-Bratislava-Reviews-EI_IE16126.0,12_IL.13,23_IC2907054.htm",validation_failed,gap_probe_failed: missing_target_metrics,pool-location-id,2026-06-28T11:44:56.687958+00:00
AU Optronics,"Stuttgart, BW",stuttgart bw,office-location,"Stuttgart, BW","https://www.glassdoor.com/Location/All-Lenovo-Stuttgart-Office-Locations-EI_IE8034.4,10_IL.11,20_IC2507190.htm","https://www.glassdoor.com/Reviews/AU-Optronics-Stuttgart-Reviews-EI_IE16126.0,12_IL.13,22_IC2507190.htm",validation_failed,gap_probe_failed: missing_target_metrics,pool-location-id,2026-06-28T11:45:03.259373+00:00
AU Optronics,"Beijing, 22",beijing 22,office-location,"Beijing, 22","https://www.glassdoor.com/Location/All-Lenovo-Beijing-Office-Locations-EI_IE8034.4,10_IL.11,18_IC2398510.htm","https://www.glassdoor.com/Reviews/AU-Optronics-Beijing-Reviews-EI_IE16126.0,12_IL.13,20_IC2398510.htm",validation_failed,gap_probe_failed: missing_target_metrics,pool-location-id,2026-06-28T11:45:10.296977+00:00
AU Optronics,"Changping, 22",changping 22,office-location,"Changping, 22","https://www.glassdoor.com/Location/All-Lenovo-Changping-Office-Locations-EI_IE8034.4,10_IL.11,20_IC2405661.htm","https://www.glassdoor.com/Reviews/AU-Optronics-Changping-Reviews-EI_IE16126.0,12_IL.13,22_IC2405661.htm",validation_failed,gap_probe_failed: missing_target_metrics,pool-location-id,2026-06-28T11:45:16.636066+00:00
AU Optronics,"Haidian, 22",haidian 22,office-location,"Haidian, 22","https://www.glassdoor.com/Location/All-Lenovo-Haidian-Office-Locations-EI_IE8034.4,10_IL.11,18_IC2405685.htm","https://www.glassdoor.com/Reviews/AU-Optronics-Haidian-Reviews-EI_IE16126.0,12_IL.13,20_IC2405685.htm",validation_failed,gap_probe_failed: missing_target_metrics,pool-location-id,2026-06-28T11:45:23.128398+00:00
AU Optronics,Hong Kong,hong kong,office-location,Hong Kong,"https://www.glassdoor.com/Location/All-Lenovo-Hong-Kong-Office-Locations-EI_IE8034.4,10_IL.11,20_IC2308631.htm","https://www.glassdoor.com/Reviews/AU-Optronics-Hong-Kong-Reviews-EI_IE16126.0,12_IL.13,22_IC2308631.htm",validation_failed,gap_probe_failed: missing_target_metrics,pool-location-id,2026-06-28T11:45:34.016608+00:00
AU Optronics,"Shenzhenzhen, 02",shenzhenzhen 02,office-location,"Shenzhenzhen, 02","https://www.glassdoor.com/Location/All-Lenovo-Shenzhenzhen-Office-Locations-EI_IE8034.4,10_IL.11,23_IC2441398.htm","https://www.glassdoor.com/Reviews/AU-Optronics-Shenzhenzhen-Reviews-EI_IE16126.0,12_IL.13,25_IC2441398.htm",validation_failed,gap_probe_failed: missing_target_metrics,pool-location-id,2026-06-28T11:45:40.174398+00:00
AU Optronics,"Xiamen, 07",xiamen 07,office-location,"Xiamen, 07","https://www.glassdoor.com/Location/All-Lenovo-Xiamen-Office-Locations-EI_IE8034.4,10_IL.11,17_IC2564138.htm","https://www.glassdoor.com/Reviews/AU-Optronics-Xiamen-Reviews-EI_IE16126.0,12_IL.13,19_IC2564138.htm",validation_failed,gap_probe_failed: missing_target_metrics,pool-location-id,2026-06-28T11:45:46.440902+00:00
AU Optronics,"Buenos Aires, C",buenos aires c,office-location,"Buenos Aires, C","https://www.glassdoor.com/Location/All-Lenovo-Buenos-Aires-Office-Locations-EI_IE8034.4,10_IL.11,23_IC2242084.htm","https://www.glassdoor.com/Reviews/AU-Optronics-Buenos-Aires-Reviews-EI_IE16126.0,12_IL.13,25_IC2242084.htm",validation_failed,gap_probe_failed: missing_target_metrics,pool-location-id,2026-06-28T11:45:53.038241+00:00
AU Optronics,"Campinas, SP",campinas sp,office-location,"Campinas, SP","https://www.glassdoor.com/Location/All-Lenovo-Campinas-Office-Locations-EI_IE8034.4,10_IL.11,19_IC2490130.htm","https://www.glassdoor.com/Reviews/AU-Optronics-Campinas-Reviews-EI_IE16126.0,12_IL.13,21_IC2490130.htm",validation_failed,gap_probe_failed: missing_target_metrics,pool-location-id,2026-06-28T11:45:59.258401+00:00
AU Optronics,"Indaiatuba, SP",indaiatuba sp,office-location,"Indaiatuba, SP","https://www.glassdoor.com/Location/All-Lenovo-Indaiatuba-Office-Locations-EI_IE8034.4,10_IL.11,21_IC2480058.htm","https://www.glassdoor.com/Reviews/AU-Optronics-Indaiatuba-Reviews-EI_IE16126.0,12_IL.13,23_IC2480058.htm",validation_failed,gap_probe_failed: missing_target_metrics,pool-location-id,2026-06-28T11:46:05.639353+00:00
AU Optronics,"Itu, SP",itu sp,office-location,"Itu, SP","https://www.glassdoor.com/Location/All-Lenovo-Itu-Office-Locations-EI_IE8034.4,10_IL.11,14_IC2490672.htm","https://www.glassdoor.com/Reviews/AU-Optronics-Itu-Reviews-EI_IE16126.0,12_IL.13,16_IC2490672.htm",validation_failed,gap_probe_failed: missing_target_metrics,pool-location-id,2026-06-28T11:46:11.914947+00:00
AU Optronics,"Martínez, B",mart nez b,office-location,"Martínez, B","https://www.glassdoor.com/Location/All-Lenovo-Martínez-Office-Locations-EI_IE8034.4,10_IL.11,19_IC2207815.htm","https://www.glassdoor.com/Reviews/AU-Optronics-Mart%C3%ADnez-Reviews-EI_IE16126.0,12_IL.13,21_IC2207815.htm",validation_failed,gap_probe_failed: missing_target_metrics,pool-location-id,2026-06-28T11:46:17.607538+00:00
AU Optronics,"Sorocaba, SP",sorocaba sp,office-location,"Sorocaba, SP","https://www.glassdoor.com/Location/All-Lenovo-Sorocaba-Office-Locations-EI_IE8034.4,10_IL.11,19_IC2475809.htm","https://www.glassdoor.com/Reviews/AU-Optronics-Sorocaba-Reviews-EI_IE16126.0,12_IL.13,21_IC2475809.htm",validation_failed,gap_probe_failed: missing_target_metrics,pool-location-id,2026-06-28T11:46:23.580023+00:00
AU Optronics,"Vicente López, B",vicente l pez b,office-location,"Vicente López, B","https://www.glassdoor.com/Location/All-Lenovo-Vicente-López-Office-Locations-EI_IE8034.4,10_IL.11,24_IC2211608.htm","https://www.glassdoor.com/Reviews/AU-Optronics-Vicente-L%C3%B3pez-Reviews-EI_IE16126.0,12_IL.13,26_IC2211608.htm",validation_failed,gap_probe_failed: missing_target_metrics,pool-location-id,2026-06-28T11:46:29.200783+00:00
AU Optronics,Global,global,manual-seed,,,https://www.glassdoor.com/Reviews/AU-Optronics-Reviews-E16126.htm,resolved,,review-url-hint,2026-06-28T15:33:47.17992+08:00
AU Optronics,Taipei,taipei,manual-seed,"Taipei, TPQ","https://www.glassdoor.com/Location/All-ASUS-Taipei-Office-Locations-EI_IE40093.4,8_IL.9,15_IC3271041.htm","https://www.glassdoor.com/Reviews/AU-Optronics-Taipei-Reviews-EI_IE16126.0,12_IL.13,19_IC3271041.htm",resolved,,pool-location-id,2026-06-28T08:10:46.129606+00:00
AU Optronics,Hsinchu,hsinchu,manual-seed,"Hsinchu, TXG","https://www.glassdoor.com/Location/All-NVIDIA-Hsinchu-Office-Locations-EI_IE7633.4,10_IL.11,18_IC4915323.htm","https://www.glassdoor.com/Reviews/AU-Optronics-Hsinchu-Reviews-EI_IE16126.0,12_IL.13,20_IC4915323.htm",resolved,,pool-location-id,2026-06-28T08:10:53.770556+00:00
AU Optronics,Taoyuan,taoyuan,manual-seed,,,,no_result,pool_location_id_not_found,pool-location-id,2026-06-28T08:10:53.829449+00:00
AU Optronics,Shanghai,shanghai,manual-seed,"Shanghai, 23","https://www.glassdoor.com/Location/All-NVIDIA-Shanghai-Office-Locations-EI_IE7633.4,10_IL.11,19_IC2416009.htm","https://www.glassdoor.com/Reviews/AU-Optronics-Shanghai-Reviews-EI_IE16126.0,12_IL.13,21_IC2416009.htm",validation_failed,gap_probe_failed: missing_target_metrics,pool-location-id,2026-06-28T08:11:01.803725+00:00
AU Optronics,Shenzhen,shenzhen,manual-seed,"Shenzhenzhen, 02","https://www.glassdoor.com/Location/All-Lenovo-Shenzhenzhen-Office-Locations-EI_IE8034.4,10_IL.11,23_IC2441398.htm","https://www.glassdoor.com/Reviews/AU-Optronics-Shenzhenzhen-Reviews-EI_IE16126.0,12_IL.13,25_IC2441398.htm",validation_failed,gap_probe_failed: missing_target_metrics,pool-location-id,2026-06-28T08:11:08.497022+00:00
AU Optronics,Tokyo,tokyo,manual-seed,"Tokyo, 40","https://www.glassdoor.com/Location/All-ASUS-Tokyo-Office-Locations-EI_IE40093.4,8_IL.9,14_IC2851580.htm","https://www.glassdoor.com/Reviews/AU-Optronics-Tokyo-Reviews-EI_IE16126.0,12_IL.13,18_IC2851580.htm",validation_failed,gap_probe_failed: missing_target_metrics,pool-location-id,2026-06-28T08:11:16.833632+00:00
AU Optronics,Seoul,seoul,manual-seed,"Seoul, 11","https://www.glassdoor.com/Location/All-ASUS-Seoul-Office-Locations-EI_IE40093.4,8_IL.9,14_IC3021489.htm","https://www.glassdoor.com/Reviews/AU-Optronics-Seoul-Reviews-EI_IE16126.0,12_IL.13,18_IC3021489.htm",validation_failed,gap_probe_failed: missing_target_metrics,pool-location-id,2026-06-28T08:11:23.851981+00:00
AU Optronics,Austin,austin,manual-seed,"Austin, TX","https://www.glassdoor.com/Location/All-NVIDIA-Austin-Office-Locations-EI_IE7633.4,10_IL.11,17_IC1139761.htm","https://www.glassdoor.com/Reviews/AU-Optronics-Austin-Reviews-EI_IE16126.0,12_IL.13,19_IC1139761.htm",validation_failed,gap_probe_failed: missing_target_metrics,pool-location-id,2026-06-28T08:11:33.471871+00:00
AU Optronics,Seattle,seattle,manual-seed,,,,no_result,pool_location_id_not_found,pool-location-id,2026-06-28T08:11:33.534803+00:00
AU Optronics,London,london,manual-seed,"London, ENG","https://www.glassdoor.com/Location/All-Trend-Micro-Inc-London-Office-Locations-EI_IE8983.4,19_IL.20,26_IC2671300.htm","https://www.glassdoor.com/Reviews/AU-Optronics-London-Reviews-EI_IE16126.0,12_IL.13,19_IC2671300.htm",validation_failed,gap_probe_failed: missing_target_metrics,pool-location-id,2026-06-28T08:11:41.276536+00:00
AU Optronics,Dublin,dublin,manual-seed,,,,no_result,pool_location_id_not_found,pool-location-id,2026-06-28T08:11:41.339149+00:00
AU Optronics,Munich,munich,manual-seed,"Munich, BY","https://www.glassdoor.com/Location/All-NVIDIA-Munich-Office-Locations-EI_IE7633.4,10_IL.11,17_IC4990924.htm","https://www.glassdoor.com/Reviews/AU-Optronics-Munich-Reviews-EI_IE16126.0,12_IL.13,19_IC4990924.htm",validation_failed,gap_probe_failed: missing_target_metrics,pool-location-id,2026-06-28T08:11:48.643115+00:00
Trend Micro Inc.,"Ciudad de Mexico, MEX",ciudad de mexico mex,office-location,"Ciudad de Mexico, MEX","https://www.glassdoor.com/Location/All-ASUS-Ciudad-de-Mexico-Office-Locations-EI_IE40093.4,8_IL.9,25_IC5017436.htm","https://www.glassdoor.com/Reviews/Trend-Micro-Inc-Ciudad-de-Mexico-Reviews-EI_IE8983.0,15_IL.16,32_IC5017436.htm",resolved,,pool-location-id,2026-06-28T11:46:40.890119+00:00
Trend Micro Inc.,"Fremont, CA",fremont ca,office-location,"Fremont, CA","https://www.glassdoor.com/Location/All-ASUS-Fremont-Office-Locations-EI_IE40093.4,8_IL.9,16_IC1147355.htm","https://www.glassdoor.com/Reviews/Trend-Micro-Inc-Fremont-Reviews-EI_IE8983.0,15_IL.16,23_IC1147355.htm",validation_failed,gap_probe_failed: missing_target_metrics,pool-location-id,2026-06-28T11:46:47.103747+00:00
Trend Micro Inc.,"Markham, ON",markham on,office-location,"Markham, ON","https://www.glassdoor.com/Location/All-ASUS-Markham-Office-Locations-EI_IE40093.4,8_IL.9,16_IC2280736.htm","https://www.glassdoor.com/Reviews/Trend-Micro-Inc-Markham-Reviews-EI_IE8983.0,15_IL.16,23_IC2280736.htm",validation_failed,gap_probe_failed: missing_target_metrics,pool-location-id,2026-06-28T11:46:53.379876+00:00
Trend Micro Inc.,"Barcelona, CT",barcelona ct,office-location,"Barcelona, CT","https://www.glassdoor.com/Location/All-ASUS-Barcelona-Office-Locations-EI_IE40093.4,8_IL.9,18_IC2547194.htm","https://www.glassdoor.com/Reviews/Trend-Micro-Inc-Barcelona-Reviews-EI_IE8983.0,15_IL.16,25_IC2547194.htm",validation_failed,gap_probe_failed: missing_target_metrics,pool-location-id,2026-06-28T11:47:00.272120+00:00
Trend Micro Inc.,"Budapest, BU",budapest bu,office-location,"Budapest, BU","https://www.glassdoor.com/Location/All-ASUS-Budapest-Office-Locations-EI_IE40093.4,8_IL.9,17_IC3125126.htm","https://www.glassdoor.com/Reviews/Trend-Micro-Inc-Budapest-Reviews-EI_IE8983.0,15_IL.16,24_IC3125126.htm",validation_failed,gap_probe_failed: missing_target_metrics,pool-location-id,2026-06-28T11:47:06.484307+00:00
Trend Micro Inc.,"Emmen, DR",emmen dr,office-location,"Emmen, DR","https://www.glassdoor.com/Location/All-ASUS-Emmen-Office-Locations-EI_IE40093.4,8_IL.9,14_IC3060162.htm","https://www.glassdoor.com/Reviews/Trend-Micro-Inc-Emmen-Reviews-EI_IE8983.0,15_IL.16,21_IC3060162.htm",validation_failed,gap_probe_failed: missing_target_metrics,pool-location-id,2026-06-28T11:47:12.842123+00:00
Trend Micro Inc.,"Hemel Hempstead, ENG",hemel hempstead eng,office-location,"Hemel Hempstead, ENG","https://www.glassdoor.com/Location/All-ASUS-Hemel-Hempstead-Office-Locations-EI_IE40093.4,8_IL.9,24_IC2669775.htm","https://www.glassdoor.com/Reviews/Trend-Micro-Inc-Hemel-Hempstead-Reviews-EI_IE8983.0,15_IL.16,31_IC2669775.htm",validation_failed,gap_probe_failed: missing_target_metrics,pool-location-id,2026-06-28T11:47:19.837103+00:00
Trend Micro Inc.,"Milan, LOM",milan lom,office-location,"Milan, LOM","https://www.glassdoor.com/Location/All-ASUS-Milan-Office-Locations-EI_IE40093.4,8_IL.9,14_IC2802090.htm","https://www.glassdoor.com/Reviews/Trend-Micro-Inc-Milan-Reviews-EI_IE8983.0,15_IL.16,21_IC2802090.htm",validation_failed,gap_probe_failed: missing_target_metrics,pool-location-id,2026-06-28T11:47:26.683346+00:00
Trend Micro Inc.,"Moravská Ostrava, MO",moravsk ostrava mo,office-location,"Moravská Ostrava, MO","https://www.glassdoor.com/Location/All-ASUS-Moravská-Ostrava-Office-Locations-EI_IE40093.4,8_IL.9,25_IC2288209.htm","https://www.glassdoor.com/Reviews/Trend-Micro-Inc-Moravsk%C3%A1-Ostrava-Reviews-EI_IE8983.0,15_IL.16,32_IC2288209.htm",validation_failed,gap_probe_failed: missing_target_metrics,pool-location-id,2026-06-28T11:47:32.693740+00:00
Trend Micro Inc.,"Noisy-le-Grand, A8",noisy le grand a8,office-location,"Noisy-le-Grand, A8","https://www.glassdoor.com/Location/All-ASUS-Noisy-le-Grand-Office-Locations-EI_IE40093.4,8_IL.9,23_IC3100822.htm","https://www.glassdoor.com/Reviews/Trend-Micro-Inc-Noisy-le-Grand-Reviews-EI_IE8983.0,15_IL.16,30_IC3100822.htm",validation_failed,gap_probe_failed: missing_target_metrics,pool-location-id,2026-06-28T11:47:39.547413+00:00
Trend Micro Inc.,"Ratingen, NW",ratingen nw,office-location,"Ratingen, NW","https://www.glassdoor.com/Location/All-ASUS-Ratingen-Office-Locations-EI_IE40093.4,8_IL.9,17_IC2584004.htm","https://www.glassdoor.com/Reviews/Trend-Micro-Inc-Ratingen-Reviews-EI_IE8983.0,15_IL.16,24_IC2584004.htm",validation_failed,gap_probe_failed: missing_target_metrics,pool-location-id,2026-06-28T11:47:50.461426+00:00
Trend Micro Inc.,"Üsküdar, T34",sk dar t34,office-location,"Üsküdar, T34","https://www.glassdoor.com/Location/All-ASUS-Üsküdar-Office-Locations-EI_IE40093.4,8_IL.9,16_IC3361446.htm","https://www.glassdoor.com/Reviews/Trend-Micro-Inc-%C3%9Csk%C3%BCdar-Reviews-EI_IE8983.0,15_IL.16,23_IC3361446.htm",validation_failed,gap_probe_failed: missing_target_metrics,pool-location-id,2026-06-28T11:47:56.048536+00:00
Trend Micro Inc.,"Warsaw, MZ",warsaw mz,office-location,"Warsaw, MZ","https://www.glassdoor.com/Location/All-ASUS-Warsaw-Office-Locations-EI_IE40093.4,8_IL.9,15_IC3094484.htm","https://www.glassdoor.com/Reviews/Trend-Micro-Inc-Warsaw-Reviews-EI_IE8983.0,15_IL.16,22_IC3094484.htm",resolved,,pool-location-id,2026-06-28T11:48:02.249234+00:00
Trend Micro Inc.,"Bangkok, 10",bangkok 10,office-location,"Bangkok, 10","https://www.glassdoor.com/Location/All-ASUS-Bangkok-Office-Locations-EI_IE40093.4,8_IL.9,16_IC3179725.htm","https://www.glassdoor.com/Reviews/Trend-Micro-Inc-Bangkok-Reviews-EI_IE8983.0,15_IL.16,23_IC3179725.htm",validation_failed,gap_probe_failed: missing_target_metrics,pool-location-id,2026-06-28T11:48:09.514919+00:00
Trend Micro Inc.,"Dubai, DU",dubai du,office-location,"Dubai, DU","https://www.glassdoor.com/Location/All-ASUS-Dubai-Office-Locations-EI_IE40093.4,8_IL.9,14_IC2204498.htm","https://www.glassdoor.com/Reviews/Trend-Micro-Inc-Dubai-Reviews-EI_IE8983.0,15_IL.16,21_IC2204498.htm",resolved,,pool-location-id,2026-06-28T11:48:15.536167+00:00
Trend Micro Inc.,"Jakarta, JK",jakarta jk,office-location,"Jakarta, JK","https://www.glassdoor.com/Location/All-ASUS-Jakarta-Office-Locations-EI_IE40093.4,8_IL.9,16_IC2709872.htm","https://www.glassdoor.com/Reviews/Trend-Micro-Inc-Jakarta-Reviews-EI_IE8983.0,15_IL.16,23_IC2709872.htm",resolved,,pool-location-id,2026-06-28T11:48:22.258489+00:00
Trend Micro Inc.,"Kuala Lumpur, 14",kuala lumpur 14,office-location,"Kuala Lumpur, 14","https://www.glassdoor.com/Location/All-ASUS-Kuala-Lumpur-Office-Locations-EI_IE40093.4,8_IL.9,21_IC2986682.htm","https://www.glassdoor.com/Reviews/Trend-Micro-Inc-Kuala-Lumpur-Reviews-EI_IE8983.0,15_IL.16,28_IC2986682.htm",validation_failed,gap_probe_failed: missing_target_metrics,pool-location-id,2026-06-28T11:48:28.912363+00:00
Trend Micro Inc.,"Manila, D9",manila d9,office-location,"Manila, D9","https://www.glassdoor.com/Location/All-ASUS-Manila-Office-Locations-EI_IE40093.4,8_IL.9,15_IC2363570.htm","https://www.glassdoor.com/Reviews/Trend-Micro-Inc-Manila-Reviews-EI_IE8983.0,15_IL.16,22_IC2363570.htm",resolved,,pool-location-id,2026-06-28T11:48:35.664273+00:00
Trend Micro Inc.,"Mumbai, MH",mumbai mh,office-location,"Mumbai, MH","https://www.glassdoor.com/Location/All-ASUS-Mumbai-Office-Locations-EI_IE40093.4,8_IL.9,15_IC2851180.htm","https://www.glassdoor.com/Reviews/Trend-Micro-Inc-Mumbai-Reviews-EI_IE8983.0,15_IL.16,22_IC2851180.htm",resolved,,pool-location-id,2026-06-28T11:48:45.479065+00:00
Trend Micro Inc.,"Seoul, 11",seoul 11,office-location,"Seoul, 11","https://www.glassdoor.com/Location/All-ASUS-Seoul-Office-Locations-EI_IE40093.4,8_IL.9,14_IC3021489.htm","https://www.glassdoor.com/Reviews/Trend-Micro-Inc-Seoul-Reviews-EI_IE8983.0,15_IL.16,21_IC3021489.htm",resolved,,pool-location-id,2026-06-28T11:48:52.872339+00:00
Trend Micro Inc.,Singapore,singapore,office-location,Singapore,"https://www.glassdoor.com/Location/All-ASUS-Singapore-Office-Locations-EI_IE40093.4,8_IL.9,18_IC3235921.htm","https://www.glassdoor.com/Reviews/Trend-Micro-Inc-Singapore-Reviews-EI_IE8983.0,15_IL.16,25_IC3235921.htm",resolved,,pool-location-id,2026-06-28T08:12:04.545909+00:00
Trend Micro Inc.,"Taipei, TPQ",taipei tpq,office-location,"Taipei, TPQ","https://www.glassdoor.com/Location/All-ASUS-Taipei-Office-Locations-EI_IE40093.4,8_IL.9,15_IC3271041.htm","https://www.glassdoor.com/Reviews/Trend-Micro-Inc-Taipei-Reviews-EI_IE8983.0,15_IL.16,22_IC3271041.htm",resolved,,pool-location-id,2026-06-28T11:49:05.703700+00:00
Trend Micro Inc.,"Tokyo, 40",tokyo 40,office-location,"Tokyo, 40","https://www.glassdoor.com/Location/All-Trend-Micro-Inc-Tokyo-Office-Locations-EI_IE8983.4,19_IL.20,25_IC2851580.htm","https://www.glassdoor.com/Reviews/Trend-Micro-Inc-Tokyo-Reviews-EI_IE8983.0,15_IL.16,21_IC2851580.htm",resolved,,office-navigation,2026-06-28T15:33:57.92427+08:00
Trend Micro Inc.,"San Isidro, HUC",san isidro huc,office-location,"San Isidro, HUC","https://www.glassdoor.com/Location/All-ASUS-San-Isidro-Office-Locations-EI_IE40093.4,8_IL.9,19_IC4694011.htm","https://www.glassdoor.com/Reviews/Trend-Micro-Inc-San-Isidro-Reviews-EI_IE8983.0,15_IL.16,26_IC4694011.htm",validation_failed,gap_probe_failed: missing_target_metrics,pool-location-id,2026-06-28T11:49:14.188591+00:00
Trend Micro Inc.,"Santiago, RM",santiago rm,office-location,"Santiago, RM","https://www.glassdoor.com/Location/All-ASUS-Santiago-Office-Locations-EI_IE40093.4,8_IL.9,17_IC2434030.htm","https://www.glassdoor.com/Reviews/Trend-Micro-Inc-Santiago-Reviews-EI_IE8983.0,15_IL.16,24_IC2434030.htm",validation_failed,gap_probe_failed: missing_target_metrics,pool-location-id,2026-06-28T11:49:20.912534+00:00
Trend Micro Inc.,"São Paulo, SP",s o paulo sp,office-location,"São Paulo, SP","https://www.glassdoor.com/Location/All-ASUS-São-Paulo-Office-Locations-EI_IE40093.4,8_IL.9,18_IC2479061.htm","https://www.glassdoor.com/Reviews/Trend-Micro-Inc-S%C3%A3o-Paulo-Reviews-EI_IE8983.0,15_IL.16,25_IC2479061.htm",resolved,,pool-location-id,2026-06-28T11:49:27.223320+00:00
Trend Micro Inc.,"Sydney, NSW",sydney nsw,office-location,"Sydney, NSW","https://www.glassdoor.com/Location/All-ASUS-Sydney-Office-Locations-EI_IE40093.4,8_IL.9,15_IC2235932.htm","https://www.glassdoor.com/Reviews/Trend-Micro-Inc-Sydney-Reviews-EI_IE8983.0,15_IL.16,22_IC2235932.htm",resolved,,pool-location-id,2026-06-28T11:49:33.331996+00:00
Trend Micro Inc.,"Austin, TX",austin tx,office-location,"Austin, TX","https://www.glassdoor.com/Location/All-Trend-Micro-Inc-Austin-Office-Locations-EI_IE8983.4,19_IL.20,26_IC1139761.htm","https://www.glassdoor.com/Reviews/Trend-Micro-Inc-Austin-Reviews-EI_IE8983.0,15_IL.16,22_IC1139761.htm",resolved,,office-navigation,2026-06-28T15:34:02.80452+08:00
Trend Micro Inc.,"Beaverton, OR",beaverton or,office-location,"Beaverton, OR","https://www.glassdoor.com/Location/All-NVIDIA-Beaverton-Office-Locations-EI_IE7633.4,10_IL.11,20_IC1151576.htm","https://www.glassdoor.com/Reviews/Trend-Micro-Inc-Beaverton-Reviews-EI_IE8983.0,15_IL.16,25_IC1151576.htm",validation_failed,gap_probe_failed: missing_target_metrics,pool-location-id,2026-06-28T11:49:40.022002+00:00
Trend Micro Inc.,"Bellevue, WA",bellevue wa,office-location,"Bellevue, WA","https://www.glassdoor.com/Location/All-NVIDIA-Bellevue-Office-Locations-EI_IE7633.4,10_IL.11,19_IC1150442.htm","https://www.glassdoor.com/Reviews/Trend-Micro-Inc-Bellevue-Reviews-EI_IE8983.0,15_IL.16,24_IC1150442.htm",validation_failed,gap_probe_failed: missing_target_metrics,pool-location-id,2026-06-28T11:49:46.599003+00:00
Trend Micro Inc.,"Durham, NC",durham nc,office-location,"Durham, NC","https://www.glassdoor.com/Location/All-NVIDIA-Durham-Office-Locations-EI_IE7633.4,10_IL.11,17_IC1138697.htm","https://www.glassdoor.com/Reviews/Trend-Micro-Inc-Durham-Reviews-EI_IE8983.0,15_IL.16,22_IC1138697.htm",resolved,,pool-location-id,2026-06-28T11:49:53.236043+00:00
Trend Micro Inc.,"Hillsboro, OR",hillsboro or,office-location,"Hillsboro, OR","https://www.glassdoor.com/Location/All-NVIDIA-Hillsboro-Office-Locations-EI_IE7633.4,10_IL.11,20_IC1151603.htm","https://www.glassdoor.com/Reviews/Trend-Micro-Inc-Hillsboro-Reviews-EI_IE8983.0,15_IL.16,25_IC1151603.htm",validation_failed,gap_probe_failed: missing_target_metrics,pool-location-id,2026-06-28T11:49:59.856545+00:00
Trend Micro Inc.,"Redmond, WA",redmond wa,office-location,"Redmond, WA","https://www.glassdoor.com/Location/All-NVIDIA-Redmond-Office-Locations-EI_IE7633.4,10_IL.11,18_IC1150499.htm","https://www.glassdoor.com/Reviews/Trend-Micro-Inc-Redmond-Reviews-EI_IE8983.0,15_IL.16,23_IC1150499.htm",validation_failed,gap_probe_failed: missing_target_metrics,pool-location-id,2026-06-28T11:50:06.322345+00:00
Trend Micro Inc.,"Saint Louis, MO",saint louis mo,office-location,"Saint Louis, MO","https://www.glassdoor.com/Location/All-NVIDIA-Saint-Louis-Office-Locations-EI_IE7633.4,10_IL.11,22_IC1131270.htm","https://www.glassdoor.com/Reviews/Trend-Micro-Inc-Saint-Louis-Reviews-EI_IE8983.0,15_IL.16,27_IC1131270.htm",validation_failed,gap_probe_failed: missing_target_metrics,pool-location-id,2026-06-28T11:50:18.561545+00:00
Trend Micro Inc.,"San Francisco, CA",san francisco ca,office-location,"San Francisco, CA","https://www.glassdoor.com/Location/All-NVIDIA-San-Francisco-Office-Locations-EI_IE7633.4,10_IL.11,24_IC1147401.htm","https://www.glassdoor.com/Reviews/Trend-Micro-Inc-San-Francisco-Reviews-EI_IE8983.0,15_IL.16,29_IC1147401.htm",resolved,,pool-location-id,2026-06-28T11:50:25.081695+00:00
Trend Micro Inc.,"San Jose, CA",san jose,office-location,"San Jose, CA","https://www.glassdoor.com/Location/All-Trend-Micro-Inc-San-Jose-Office-Locations-EI_IE8983.4,19_IL.20,28_IC1147436.htm","https://www.glassdoor.com/Reviews/Trend-Micro-Inc-San-Jose-Reviews-EI_IE8983.0,15_IL.16,24_IC1147436.htm",resolved,,office-navigation,2026-06-28T15:34:29.270777+08:00
Trend Micro Inc.,"Santa Clara, CA",santa clara ca,office-location,"Santa Clara, CA","https://www.glassdoor.com/Location/All-NVIDIA-Santa-Clara-Office-Locations-EI_IE7633.4,10_IL.11,22_IC1147439.htm","https://www.glassdoor.com/Reviews/Trend-Micro-Inc-Santa-Clara-Reviews-EI_IE8983.0,15_IL.16,27_IC1147439.htm",resolved,,pool-location-id,2026-06-28T11:50:31.517482+00:00
Trend Micro Inc.,"Toronto, ON",toronto on,office-location,"Toronto, ON","https://www.glassdoor.com/Location/All-Trend-Micro-Inc-Toronto-Office-Locations-EI_IE8983.4,19_IL.20,27_IC2281069.htm","https://www.glassdoor.com/Reviews/Trend-Micro-Inc-Toronto-Reviews-EI_IE8983.0,15_IL.16,23_IC2281069.htm",resolved,,office-navigation,2026-06-28T15:34:41.030639+08:00
Trend Micro Inc.,"Westford, MA",westford ma,office-location,"Westford, MA","https://www.glassdoor.com/Location/All-NVIDIA-Westford-Office-Locations-EI_IE7633.4,10_IL.11,19_IC1154720.htm","https://www.glassdoor.com/Reviews/Trend-Micro-Inc-Westford-Reviews-EI_IE8983.0,15_IL.16,24_IC1154720.htm",validation_failed,gap_probe_failed: missing_target_metrics,pool-location-id,2026-06-28T11:50:37.979742+00:00
Trend Micro Inc.,"Moscow, 48",moscow 48,office-location,"Moscow, 48","https://www.glassdoor.com/Location/All-NVIDIA-Moscow-Office-Locations-EI_IE7633.4,10_IL.11,17_IC3348306.htm","https://www.glassdoor.com/Reviews/Trend-Micro-Inc-Moscow-Reviews-EI_IE8983.0,15_IL.16,22_IC3348306.htm",resolved,,pool-location-id,2026-06-28T11:50:43.930439+00:00
Trend Micro Inc.,"Munich, BY",munich by,office-location,"Munich, BY","https://www.glassdoor.com/Location/All-Trend-Micro-Inc-Munich-Office-Locations-EI_IE8983.4,19_IL.20,26_IC4990924.htm","https://www.glassdoor.com/Reviews/Trend-Micro-Inc-Munich-Reviews-EI_IE8983.0,15_IL.16,22_IC4990924.htm",resolved,,office-navigation,2026-06-28T15:35:03.516819+08:00
Trend Micro Inc.,"Reading, ENG",reading eng,office-location,"Reading, ENG","https://www.glassdoor.com/Location/All-NVIDIA-Reading-Office-Locations-EI_IE7633.4,10_IL.11,18_IC2675152.htm","https://www.glassdoor.com/Reviews/Trend-Micro-Inc-Reading-Reviews-EI_IE8983.0,15_IL.16,23_IC2675152.htm",validation_failed,gap_probe_failed: missing_target_metrics,pool-location-id,2026-06-28T11:50:50.204476+00:00
Trend Micro Inc.,"Zürich, ZH",z rich zh,office-location,"Zürich, ZH","https://www.glassdoor.com/Location/All-NVIDIA-Zürich-Office-Locations-EI_IE7633.4,10_IL.11,17_IC3297851.htm","https://www.glassdoor.com/Reviews/Trend-Micro-Inc-Z%C3%BCrich-Reviews-EI_IE8983.0,15_IL.16,22_IC3297851.htm",resolved,,pool-location-id,2026-06-28T11:50:56.533534+00:00
Trend Micro Inc.,"Bengaluru, KA",bengaluru ka,office-location,"Bengaluru, KA","https://www.glassdoor.com/Location/All-NVIDIA-Bengaluru-Office-Locations-EI_IE7633.4,10_IL.11,20_IC2940587.htm","https://www.glassdoor.com/Reviews/Trend-Micro-Inc-Bengaluru-Reviews-EI_IE8983.0,15_IL.16,25_IC2940587.htm",resolved,,pool-location-id,2026-06-28T11:51:03.466697+00:00
Trend Micro Inc.,"Hsinchu, TXG",hsinchu txg,office-location,"Hsinchu, TXG","https://www.glassdoor.com/Location/All-NVIDIA-Hsinchu-Office-Locations-EI_IE7633.4,10_IL.11,18_IC4915323.htm","https://www.glassdoor.com/Reviews/Trend-Micro-Inc-Hsinchu-Reviews-EI_IE8983.0,15_IL.16,23_IC4915323.htm",resolved,,pool-location-id,2026-06-28T11:51:09.870220+00:00
Trend Micro Inc.,"Pudong, 23",pudong 23,office-location,"Pudong, 23","https://www.glassdoor.com/Location/All-NVIDIA-Pudong-Office-Locations-EI_IE7633.4,10_IL.11,17_IC2415109.htm","https://www.glassdoor.com/Reviews/Trend-Micro-Inc-Pudong-Reviews-EI_IE8983.0,15_IL.16,22_IC2415109.htm",validation_failed,gap_probe_failed: missing_target_metrics,pool-location-id,2026-06-28T11:51:17.102956+00:00
Trend Micro Inc.,"Pune, MH",pune mh,office-location,"Pune, MH","https://www.glassdoor.com/Location/All-NVIDIA-Pune-Office-Locations-EI_IE7633.4,10_IL.11,15_IC2856202.htm","https://www.glassdoor.com/Reviews/Trend-Micro-Inc-Pune-Reviews-EI_IE8983.0,15_IL.16,20_IC2856202.htm",resolved,,pool-location-id,2026-06-28T11:51:28.668263+00:00
Trend Micro Inc.,"Shanghai, 23",shanghai 23,office-location,"Shanghai, 23","https://www.glassdoor.com/Location/All-NVIDIA-Shanghai-Office-Locations-EI_IE7633.4,10_IL.11,19_IC2416009.htm","https://www.glassdoor.com/Reviews/Trend-Micro-Inc-Shanghai-Reviews-EI_IE8983.0,15_IL.16,24_IC2416009.htm",resolved,,pool-location-id,2026-06-28T11:51:35.962420+00:00
Trend Micro Inc.,"San Jose, MP",san jose mp,office-location,"San Jose, CA","https://www.glassdoor.com/Location/All-Trend-Micro-Inc-San-Jose-Office-Locations-EI_IE8983.4,19_IL.20,28_IC1147436.htm","https://www.glassdoor.com/Reviews/Trend-Micro-Inc-San-Jose-Reviews-EI_IE8983.0,15_IL.16,24_IC1147436.htm",resolved,,office-navigation,2026-06-28T15:35:07.998043+08:00
Trend Micro Inc.,"Frankfurt am Main, HE",frankfurt am main he,office-location,"Frankfurt am Main, HE","https://www.glassdoor.com/Location/All-Micro-Star-International-Frankfurt-am-Main-Office-Locations-EI_IE41141.4,28_IL.29,46_IC2632180.htm","https://www.glassdoor.com/Reviews/Trend-Micro-Inc-Frankfurt-am-Main-Reviews-EI_IE8983.0,15_IL.16,33_IC2632180.htm",validation_failed,gap_probe_failed: missing_target_metrics,pool-location-id,2026-06-28T11:51:42.838874+00:00
Trend Micro Inc.,"Boise, ID",boise id,office-location,"Boise, ID","https://www.glassdoor.com/Location/All-HP-Inc-Boise-Office-Locations-EI_IE1093161.4,10_IL.11,16_IC1127927.htm","https://www.glassdoor.com/Reviews/Trend-Micro-Inc-Boise-Reviews-EI_IE8983.0,15_IL.16,21_IC1127927.htm",validation_failed,gap_probe_failed: missing_target_metrics,pool-location-id,2026-06-28T11:51:49.850360+00:00
Trend Micro Inc.,"Corvallis, OR",corvallis or,office-location,"Corvallis, OR","https://www.glassdoor.com/Location/All-HP-Inc-Corvallis-Office-Locations-EI_IE1093161.4,10_IL.11,20_IC1151455.htm","https://www.glassdoor.com/Reviews/Trend-Micro-Inc-Corvallis-Reviews-EI_IE8983.0,15_IL.16,25_IC1151455.htm",validation_failed,gap_probe_failed: missing_target_metrics,pool-location-id,2026-06-28T11:51:56.413710+00:00
Trend Micro Inc.,"Fort Collins, CO",fort collins co,office-location,"Fort Collins, CO","https://www.glassdoor.com/Location/All-HP-Inc-Fort-Collins-Office-Locations-EI_IE1093161.4,10_IL.11,23_IC1148233.htm","https://www.glassdoor.com/Reviews/Trend-Micro-Inc-Fort-Collins-Reviews-EI_IE8983.0,15_IL.16,28_IC1148233.htm",validation_failed,gap_probe_failed: missing_target_metrics,pool-location-id,2026-06-28T11:52:02.630136+00:00
Trend Micro Inc.,"Guadalajara, JAL",guadalajara jal,office-location,"Guadalajara, JAL","https://www.glassdoor.com/Location/All-HP-Inc-Guadalajara-Office-Locations-EI_IE1093161.4,10_IL.11,22_IC3486357.htm","https://www.glassdoor.com/Reviews/Trend-Micro-Inc-Guadalajara-Reviews-EI_IE8983.0,15_IL.16,27_IC3486357.htm",resolved,,pool-location-id,2026-06-28T11:52:09.107252+00:00
Trend Micro Inc.,"Houston, TX",houston tx,office-location,"Houston, TX","https://www.glassdoor.com/Location/All-HP-Inc-Houston-Office-Locations-EI_IE1093161.4,10_IL.11,18_IC1140171.htm","https://www.glassdoor.com/Reviews/Trend-Micro-Inc-Houston-Reviews-EI_IE8983.0,15_IL.16,23_IC1140171.htm",resolved,,pool-location-id,2026-06-28T11:52:16.038277+00:00
Trend Micro Inc.,"Palo Alto, CA",palo alto ca,office-location,"Palo Alto, CA","https://www.glassdoor.com/Location/All-HP-Inc-Palo-Alto-Office-Locations-EI_IE1093161.4,10_IL.11,20_IC1147434.htm","https://www.glassdoor.com/Reviews/Trend-Micro-Inc-Palo-Alto-Reviews-EI_IE8983.0,15_IL.16,25_IC1147434.htm",validation_failed,gap_probe_failed: missing_target_metrics,pool-location-id,2026-06-28T11:52:21.947452+00:00
Trend Micro Inc.,"Portland, OR",portland or,office-location,"Portland, OR","https://www.glassdoor.com/Location/All-HP-Inc-Portland-Office-Locations-EI_IE1093161.4,10_IL.11,19_IC1151614.htm","https://www.glassdoor.com/Reviews/Trend-Micro-Inc-Portland-Reviews-EI_IE8983.0,15_IL.16,24_IC1151614.htm",validation_failed,gap_probe_failed: missing_target_metrics,pool-location-id,2026-06-28T11:52:29.018525+00:00
Trend Micro Inc.,"San Diego, CA",san diego ca,office-location,"San Diego, CA","https://www.glassdoor.com/Location/All-HP-Inc-San-Diego-Office-Locations-EI_IE1093161.4,10_IL.11,20_IC1147311.htm","https://www.glassdoor.com/Reviews/Trend-Micro-Inc-San-Diego-Reviews-EI_IE8983.0,15_IL.16,25_IC1147311.htm",validation_failed,gap_probe_failed: missing_target_metrics,pool-location-id,2026-06-28T11:52:41.044794+00:00
Trend Micro Inc.,"Spring, TX",spring tx,office-location,"Spring, TX","https://www.glassdoor.com/Location/All-HP-Inc-Spring-Office-Locations-EI_IE1093161.4,10_IL.11,17_IC1140222.htm","https://www.glassdoor.com/Reviews/Trend-Micro-Inc-Spring-Reviews-EI_IE8983.0,15_IL.16,22_IC1140222.htm",validation_failed,gap_probe_failed: missing_target_metrics,pool-location-id,2026-06-28T11:52:47.690510+00:00
Trend Micro Inc.,"Sunnyvale, CA",sunnyvale ca,office-location,"Sunnyvale, CA","https://www.glassdoor.com/Location/All-HP-Inc-Sunnyvale-Office-Locations-EI_IE1093161.4,10_IL.11,20_IC1147442.htm","https://www.glassdoor.com/Reviews/Trend-Micro-Inc-Sunnyvale-Reviews-EI_IE8983.0,15_IL.16,25_IC1147442.htm",validation_failed,gap_probe_failed: missing_target_metrics,pool-location-id,2026-06-28T11:52:54.640858+00:00
Trend Micro Inc.,"Tlaquepaque, JAL",tlaquepaque jal,office-location,"Tlaquepaque, JAL","https://www.glassdoor.com/Location/All-HP-Inc-Tlaquepaque-Office-Locations-EI_IE1093161.4,10_IL.11,22_IC3486348.htm","https://www.glassdoor.com/Reviews/Trend-Micro-Inc-Tlaquepaque-Reviews-EI_IE8983.0,15_IL.16,27_IC3486348.htm",validation_failed,gap_probe_failed: missing_target_metrics,pool-location-id,2026-06-28T11:53:01.215486+00:00
Trend Micro Inc.,"Vancouver, WA",vancouver wa,office-location,"Vancouver, WA","https://www.glassdoor.com/Location/All-HP-Inc-Vancouver-Office-Locations-EI_IE1093161.4,10_IL.11,20_IC1150413.htm","https://www.glassdoor.com/Reviews/Trend-Micro-Inc-Vancouver-Reviews-EI_IE8983.0,15_IL.16,25_IC1150413.htm",validation_failed,gap_probe_failed: missing_target_metrics,pool-location-id,2026-06-28T11:53:07.841977+00:00
Trend Micro Inc.,"Zapopan, JAL",zapopan jal,office-location,"Zapopan, JAL","https://www.glassdoor.com/Location/All-HP-Inc-Zapopan-Office-Locations-EI_IE1093161.4,10_IL.11,18_IC3487018.htm","https://www.glassdoor.com/Reviews/Trend-Micro-Inc-Zapopan-Reviews-EI_IE8983.0,15_IL.16,23_IC3487018.htm",validation_failed,gap_probe_failed: missing_target_metrics,pool-location-id,2026-06-28T11:53:15.151903+00:00
Trend Micro Inc.,"Boulogne-Billancourt, A8",boulogne billancourt a8,office-location,"Boulogne-Billancourt, A8","https://www.glassdoor.com/Location/All-HP-Inc-Boulogne-Billancourt-Office-Locations-EI_IE1093161.4,10_IL.11,31_IC3040032.htm","https://www.glassdoor.com/Reviews/Trend-Micro-Inc-Boulogne-Billancourt-Reviews-EI_IE8983.0,15_IL.16,36_IC3040032.htm",validation_failed,gap_probe_failed: missing_target_metrics,pool-location-id,2026-06-28T11:53:21.307856+00:00
Trend Micro Inc.,"Bucharest, B",bucharest b,office-location,"Bucharest, B","https://www.glassdoor.com/Location/All-HP-Inc-Bucharest-Office-Locations-EI_IE1093161.4,10_IL.11,20_IC3184907.htm","https://www.glassdoor.com/Reviews/Trend-Micro-Inc-Bucharest-Reviews-EI_IE8983.0,15_IL.16,25_IC3184907.htm",validation_failed,gap_probe_failed: missing_target_metrics,pool-location-id,2026-06-28T11:53:28.085505+00:00
Trend Micro Inc.,"Cambridge, ENG",cambridge eng,office-location,"Cambridge, ENG","https://www.glassdoor.com/Location/All-HP-Inc-Cambridge-Office-Locations-EI_IE1093161.4,10_IL.11,20_IC2662516.htm","https://www.glassdoor.com/Reviews/Trend-Micro-Inc-Cambridge-Reviews-EI_IE8983.0,15_IL.16,25_IC2662516.htm",validation_failed,gap_probe_failed: missing_target_metrics,pool-location-id,2026-06-28T11:53:34.734045+00:00
Trend Micro Inc.,"Meudon, A8",meudon a8,office-location,"Meudon, A8","https://www.glassdoor.com/Location/All-HP-Inc-Meudon-Office-Locations-EI_IE1093161.4,10_IL.11,17_IC3019026.htm","https://www.glassdoor.com/Reviews/Trend-Micro-Inc-Meudon-Reviews-EI_IE8983.0,15_IL.16,22_IC3019026.htm",validation_failed,gap_probe_failed: missing_target_metrics,pool-location-id,2026-06-28T11:53:41.542034+00:00
Trend Micro Inc.,"Paris, A8",paris a8,office-location,"Paris, A8","https://www.glassdoor.com/Location/All-HP-Inc-Paris-Office-Locations-EI_IE1093161.4,10_IL.11,16_IC2881970.htm","https://www.glassdoor.com/Reviews/Trend-Micro-Inc-Paris-Reviews-EI_IE8983.0,15_IL.16,21_IC2881970.htm",resolved,,pool-location-id,2026-06-28T11:53:53.199554+00:00
Trend Micro Inc.,"Sant Cugat del Vallès, CT",sant cugat del vall s ct,office-location,"Sant Cugat del Vallès, CT","https://www.glassdoor.com/Location/All-HP-Inc-Sant-Cugat-del-Vallès-Office-Locations-EI_IE1093161.4,10_IL.11,32_IC4843928.htm","https://www.glassdoor.com/Reviews/Trend-Micro-Inc-Sant-Cugat-del-Vall%C3%A8s-Reviews-EI_IE8983.0,15_IL.16,37_IC4843928.htm",validation_failed,gap_probe_failed: missing_target_metrics,pool-location-id,2026-06-28T11:53:59.573611+00:00
Trend Micro Inc.,"Tuas, W",tuas w,office-location,"Tuas, W","https://www.glassdoor.com/Location/All-HP-Inc-Tuas-Office-Locations-EI_IE1093161.4,10_IL.11,15_IC3235538.htm","https://www.glassdoor.com/Reviews/Trend-Micro-Inc-Tuas-Reviews-EI_IE8983.0,15_IL.16,20_IC3235538.htm",validation_failed,gap_probe_failed: missing_target_metrics,pool-location-id,2026-06-28T11:54:06.405435+00:00
Trend Micro Inc.,"Whitefield, KA",whitefield ka,office-location,"Whitefield, KA","https://www.glassdoor.com/Location/All-HP-Inc-Whitefield-Office-Locations-EI_IE1093161.4,10_IL.11,21_IC2941717.htm","https://www.glassdoor.com/Reviews/Trend-Micro-Inc-Whitefield-Reviews-EI_IE8983.0,15_IL.16,26_IC2941717.htm",validation_failed,gap_probe_failed: missing_target_metrics,pool-location-id,2026-06-28T11:54:12.665939+00:00
Trend Micro Inc.,"Lake Forest, CA",lake forest ca,office-location,"Lake Forest, CA","https://www.glassdoor.com/Location/All-Wistron-Lake-Forest-Office-Locations-EI_IE15218.4,11_IL.12,23_IC1146811.htm","https://www.glassdoor.com/Reviews/Trend-Micro-Inc-Lake-Forest-Reviews-EI_IE8983.0,15_IL.16,27_IC1146811.htm",resolved,,pool-location-id,2026-06-28T11:54:19.025695+00:00
Trend Micro Inc.,"Rolling Meadows, IL",rolling meadows il,office-location,"Rolling Meadows, IL","https://www.glassdoor.com/Location/All-Wistron-Rolling-Meadows-Office-Locations-EI_IE15218.4,11_IL.12,27_IC1128962.htm","https://www.glassdoor.com/Reviews/Trend-Micro-Inc-Rolling-Meadows-Reviews-EI_IE8983.0,15_IL.16,31_IC1128962.htm",validation_failed,gap_probe_failed: missing_target_metrics,pool-location-id,2026-06-28T11:54:26.338356+00:00
Trend Micro Inc.,"Wuhan, 12",wuhan 12,office-location,"Wuhan, 12","https://www.glassdoor.com/Location/All-Wistron-Wuhan-Office-Locations-EI_IE15218.4,11_IL.12,17_IC2478891.htm","https://www.glassdoor.com/Reviews/Trend-Micro-Inc-Wuhan-Reviews-EI_IE8983.0,15_IL.16,21_IC2478891.htm",validation_failed,gap_probe_failed: missing_target_metrics,pool-location-id,2026-06-28T11:54:32.276463+00:00
Trend Micro Inc.,"Hoofddorp, NH",hoofddorp nh,office-location,"Hoofddorp, NH","https://www.glassdoor.com/Location/All-Delta-Electronics-Hoofddorp-Office-Locations-EI_IE41146.4,21_IL.22,31_IC3063772.htm","https://www.glassdoor.com/Reviews/Trend-Micro-Inc-Hoofddorp-Reviews-EI_IE8983.0,15_IL.16,25_IC3063772.htm",validation_failed,gap_probe_failed: missing_target_metrics,pool-location-id,2026-06-28T11:54:39.501059+00:00
Trend Micro Inc.,"Notting Hill, VIC",notting hill vic,office-location,"Notting Hill, VIC","https://www.glassdoor.com/Location/All-Delta-Electronics-Notting-Hill-Office-Locations-EI_IE41146.4,21_IL.22,34_IC2257042.htm","https://www.glassdoor.com/Reviews/Trend-Micro-Inc-Notting-Hill-Reviews-EI_IE8983.0,15_IL.16,28_IC2257042.htm",validation_failed,gap_probe_failed: missing_target_metrics,pool-location-id,2026-06-28T11:54:46.140675+00:00
Trend Micro Inc.,"Jeffersonville, IN",jeffersonville in,office-location,"Jeffersonville, IN","https://www.glassdoor.com/Location/All-Pegatron-Jeffersonville-Office-Locations-EI_IE337948.4,12_IL.13,27_IC1145141.htm","https://www.glassdoor.com/Reviews/Trend-Micro-Inc-Jeffersonville-Reviews-EI_IE8983.0,15_IL.16,30_IC1145141.htm",validation_failed,gap_probe_failed: missing_target_metrics,pool-location-id,2026-06-28T11:54:53.240288+00:00
Trend Micro Inc.,"Irving, TX",irving tx,office-location,"Irving, TX","https://www.glassdoor.com/Location/All-Trend-Micro-Inc-Irving-Office-Locations-EI_IE8983.4,19_IL.20,26_IC1140006.htm","https://www.glassdoor.com/Reviews/Trend-Micro-Inc-Irving-Reviews-EI_IE8983.0,15_IL.16,22_IC1140006.htm",resolved,,office-navigation,2026-06-28T15:35:12.264878+08:00
Trend Micro Inc.,"Jersey City, NJ",jersey city nj,office-location,"Jersey City, NJ","https://www.glassdoor.com/Location/All-Trend-Micro-Inc-Jersey-City-Office-Locations-EI_IE8983.4,19_IL.20,31_IC1126819.htm","https://www.glassdoor.com/Reviews/Trend-Micro-Inc-Jersey-City-Reviews-EI_IE8983.0,15_IL.16,27_IC1126819.htm",resolved,,office-navigation,2026-06-28T15:35:16.185398+08:00
Trend Micro Inc.,"Kanata, ON",kanata on,office-location,"Kanata, ON","https://www.glassdoor.com/Location/All-Trend-Micro-Inc-Kanata-Office-Locations-EI_IE8983.4,19_IL.20,26_IC2282818.htm","https://www.glassdoor.com/Reviews/Trend-Micro-Inc-Kanata-Reviews-EI_IE8983.0,15_IL.16,22_IC2282818.htm",resolved,,office-navigation,2026-06-28T15:35:19.540371+08:00
Trend Micro Inc.,"Cork, M",cork m,office-location,"Cork, M","https://www.glassdoor.com/Location/All-Trend-Micro-Inc-Cork-Office-Locations-EI_IE8983.4,19_IL.20,24_IC4325638.htm","https://www.glassdoor.com/Reviews/Trend-Micro-Inc-Cork-Reviews-EI_IE8983.0,15_IL.16,20_IC4325638.htm",resolved,,office-navigation,2026-06-28T15:35:23.597632+08:00
Trend Micro Inc.,"London, ENG",london eng,office-location,"London, ENG","https://www.glassdoor.com/Location/All-Trend-Micro-Inc-London-Office-Locations-EI_IE8983.4,19_IL.20,26_IC2671300.htm","https://www.glassdoor.com/Reviews/Trend-Micro-Inc-London-Reviews-EI_IE8983.0,15_IL.16,22_IC2671300.htm",resolved,,office-navigation,2026-06-28T15:35:27.695727+08:00
Trend Micro Inc.,"Paddington, ENG",paddington eng,office-location,"Paddington, ENG","https://www.glassdoor.com/Location/All-Trend-Micro-Inc-Paddington-Office-Locations-EI_IE8983.4,19_IL.20,30_IC3527325.htm","https://www.glassdoor.com/Reviews/Trend-Micro-Inc-Paddington-Reviews-EI_IE8983.0,15_IL.16,26_IC3527325.htm",resolved,,office-navigation,2026-06-28T15:35:31.178163+08:00
Trend Micro Inc.,"Aliso, CA",aliso ca,office-location,"Aliso, CA","https://www.glassdoor.com/Location/All-Dell-Technologies-Aliso-Office-Locations-EI_IE1327.4,21_IL.22,27_IC3789361.htm","https://www.glassdoor.com/Reviews/Trend-Micro-Inc-Aliso-Reviews-EI_IE8983.0,15_IL.16,21_IC3789361.htm",validation_failed,gap_probe_failed: missing_target_metrics,pool-location-id,2026-06-28T11:55:04.730883+00:00
Trend Micro Inc.,"Bedford, MA",bedford ma,office-location,"Bedford, MA","https://www.glassdoor.com/Location/All-Dell-Technologies-Bedford-Office-Locations-EI_IE1327.4,21_IL.22,29_IC1154527.htm","https://www.glassdoor.com/Reviews/Trend-Micro-Inc-Bedford-Reviews-EI_IE8983.0,15_IL.16,23_IC1154527.htm",validation_failed,gap_probe_failed: missing_target_metrics,pool-location-id,2026-06-28T11:55:11.341879+00:00
Trend Micro Inc.,"Boston, MA",boston ma,office-location,"Boston, MA","https://www.glassdoor.com/Location/All-Dell-Technologies-Boston-Office-Locations-EI_IE1327.4,21_IL.22,28_IC1154532.htm","https://www.glassdoor.com/Reviews/Trend-Micro-Inc-Boston-Reviews-EI_IE8983.0,15_IL.16,22_IC1154532.htm",resolved,,pool-location-id,2026-06-28T11:55:18.499402+00:00
Trend Micro Inc.,"Boydton, VA",boydton va,office-location,"Boydton, VA","https://www.glassdoor.com/Location/All-Dell-Technologies-Boydton-Office-Locations-EI_IE1327.4,21_IL.22,29_IC1129623.htm","https://www.glassdoor.com/Reviews/Trend-Micro-Inc-Boydton-Reviews-EI_IE8983.0,15_IL.16,23_IC1129623.htm",validation_failed,gap_probe_failed: missing_target_metrics,pool-location-id,2026-06-28T11:55:25.097459+00:00
Trend Micro Inc.,"Cambridge, MA",cambridge ma,office-location,"Cambridge, MA","https://www.glassdoor.com/Location/All-Dell-Technologies-Cambridge-Office-Locations-EI_IE1327.4,21_IL.22,31_IC1154545.htm","https://www.glassdoor.com/Reviews/Trend-Micro-Inc-Cambridge-Reviews-EI_IE8983.0,15_IL.16,25_IC1154545.htm",validation_failed,gap_probe_failed: missing_target_metrics,pool-location-id,2026-06-28T11:55:31.908726+00:00
Trend Micro Inc.,"Canada, KY",canada ky,office-location,"Canada, KY","https://www.glassdoor.com/Location/All-Dell-Technologies-Canada-Office-Locations-EI_IE1327.4,21_IL.22,28_IC1137126.htm","https://www.glassdoor.com/Reviews/Trend-Micro-Inc-Canada-Reviews-EI_IE8983.0,15_IL.16,22_IC1137126.htm",validation_failed,gap_probe_failed: missing_target_metrics,pool-location-id,2026-06-28T11:55:38.201825+00:00
Trend Micro Inc.,"Canton, MA",canton ma,office-location,"Canton, MA","https://www.glassdoor.com/Location/All-Dell-Technologies-Canton-Office-Locations-EI_IE1327.4,21_IL.22,28_IC1154546.htm","https://www.glassdoor.com/Reviews/Trend-Micro-Inc-Canton-Reviews-EI_IE8983.0,15_IL.16,22_IC1154546.htm",validation_failed,gap_probe_failed: missing_target_metrics,pool-location-id,2026-06-28T11:55:44.695398+00:00
Trend Micro Inc.,"Cedar Park, TX",cedar park tx,office-location,"Cedar Park, TX","https://www.glassdoor.com/Location/All-Dell-Technologies-Cedar-Park-Office-Locations-EI_IE1327.4,21_IL.22,32_IC1139765.htm","https://www.glassdoor.com/Reviews/Trend-Micro-Inc-Cedar-Park-Reviews-EI_IE8983.0,15_IL.16,26_IC1139765.htm",validation_failed,gap_probe_failed: missing_target_metrics,pool-location-id,2026-06-28T11:55:51.447385+00:00
Trend Micro Inc.,"Framingham, MA",framingham ma,office-location,"Framingham, MA","https://www.glassdoor.com/Location/All-Dell-Technologies-Framingham-Office-Locations-EI_IE1327.4,21_IL.22,32_IC1154571.htm","https://www.glassdoor.com/Reviews/Trend-Micro-Inc-Framingham-Reviews-EI_IE8983.0,15_IL.16,26_IC1154571.htm",validation_failed,gap_probe_failed: missing_target_metrics,pool-location-id,2026-06-28T11:55:58.379146+00:00
Trend Micro Inc.,"Franklin, MA",franklin ma,office-location,"Franklin, MA","https://www.glassdoor.com/Location/All-Dell-Technologies-Franklin-Office-Locations-EI_IE1327.4,21_IL.22,30_IC1154572.htm","https://www.glassdoor.com/Reviews/Trend-Micro-Inc-Franklin-Reviews-EI_IE8983.0,15_IL.16,24_IC1154572.htm",validation_failed,gap_probe_failed: missing_target_metrics,pool-location-id,2026-06-28T11:56:05.440633+00:00
Trend Micro Inc.,"Fuquay-Varina, NC",fuquay varina nc,office-location,"Fuquay-Varina, NC","https://www.glassdoor.com/Location/All-Dell-Technologies-Fuquay-Varina-Office-Locations-EI_IE1327.4,21_IL.22,35_IC3757296.htm","https://www.glassdoor.com/Reviews/Trend-Micro-Inc-Fuquay-Varina-Reviews-EI_IE8983.0,15_IL.16,29_IC3757296.htm",validation_failed,gap_probe_failed: missing_target_metrics,pool-location-id,2026-06-28T11:56:17.111831+00:00
Trend Micro Inc.,"Georgetown, TX",georgetown tx,office-location,"Georgetown, TX","https://www.glassdoor.com/Location/All-Dell-Technologies-Georgetown-Office-Locations-EI_IE1327.4,21_IL.22,32_IC1139774.htm","https://www.glassdoor.com/Reviews/Trend-Micro-Inc-Georgetown-Reviews-EI_IE8983.0,15_IL.16,26_IC1139774.htm",validation_failed,gap_probe_failed: missing_target_metrics,pool-location-id,2026-06-28T11:56:24.210337+00:00
Trend Micro Inc.,"Hopkinton, MA",hopkinton ma,office-location,"Hopkinton, MA","https://www.glassdoor.com/Location/All-Dell-Technologies-Hopkinton-Office-Locations-EI_IE1327.4,21_IL.22,31_IC1154589.htm","https://www.glassdoor.com/Reviews/Trend-Micro-Inc-Hopkinton-Reviews-EI_IE8983.0,15_IL.16,25_IC1154589.htm",validation_failed,gap_probe_failed: missing_target_metrics,pool-location-id,2026-06-28T11:56:30.316772+00:00
Trend Micro Inc.,"India, TX",india tx,office-location,"India, TX","https://www.glassdoor.com/Location/All-Dell-Technologies-India-Office-Locations-EI_IE1327.4,21_IL.22,27_IC3759223.htm","https://www.glassdoor.com/Reviews/Trend-Micro-Inc-India-Reviews-EI_IE8983.0,15_IL.16,21_IC3759223.htm",resolved,,pool-location-id,2026-06-28T11:56:36.839466+00:00
Trend Micro Inc.,"Land O' Lakes, FL",land o lakes fl,office-location,"Land O' Lakes, FL","https://www.glassdoor.com/Location/All-Dell-Technologies-Land-O-Lakes-Office-Locations-EI_IE1327.4,21_IL.22,34_IC3817049.htm","https://www.glassdoor.com/Reviews/Trend-Micro-Inc-Land-O-Lakes-Reviews-EI_IE8983.0,15_IL.16,28_IC3817049.htm",validation_failed,gap_probe_failed: missing_target_metrics,pool-location-id,2026-06-28T11:56:42.829585+00:00
Trend Micro Inc.,"Leander, TX",leander tx,office-location,"Leander, TX","https://www.glassdoor.com/Location/All-Dell-Technologies-Leander-Office-Locations-EI_IE1327.4,21_IL.22,29_IC1139779.htm","https://www.glassdoor.com/Reviews/Trend-Micro-Inc-Leander-Reviews-EI_IE8983.0,15_IL.16,23_IC1139779.htm",validation_failed,gap_probe_failed: missing_target_metrics,pool-location-id,2026-06-28T11:56:48.937991+00:00
Trend Micro Inc.,"Pflugerville, TX",pflugerville tx,office-location,"Pflugerville, TX","https://www.glassdoor.com/Location/All-Dell-Technologies-Pflugerville-Office-Locations-EI_IE1327.4,21_IL.22,34_IC1139790.htm","https://www.glassdoor.com/Reviews/Trend-Micro-Inc-Pflugerville-Reviews-EI_IE8983.0,15_IL.16,28_IC1139790.htm",resolved,,pool-location-id,2026-06-28T11:56:55.229815+00:00
Trend Micro Inc.,"Quincy, MA",quincy ma,office-location,"Quincy, MA","https://www.glassdoor.com/Location/All-Dell-Technologies-Quincy-Office-Locations-EI_IE1327.4,21_IL.22,28_IC1154667.htm","https://www.glassdoor.com/Reviews/Trend-Micro-Inc-Quincy-Reviews-EI_IE8983.0,15_IL.16,22_IC1154667.htm",validation_failed,gap_probe_failed: missing_target_metrics,pool-location-id,2026-06-28T11:57:02.107244+00:00
Trend Micro Inc.,"Round Rock, TX",round rock tx,office-location,"Round Rock, TX","https://www.glassdoor.com/Location/All-Dell-Technologies-Round-Rock-Office-Locations-EI_IE1327.4,21_IL.22,32_IC1139794.htm","https://www.glassdoor.com/Reviews/Trend-Micro-Inc-Round-Rock-Reviews-EI_IE8983.0,15_IL.16,26_IC1139794.htm",validation_failed,gap_probe_failed: missing_target_metrics,pool-location-id,2026-06-28T11:57:08.763432+00:00
Trend Micro Inc.,"San Marcos, TX",san marcos tx,office-location,"San Marcos, TX","https://www.glassdoor.com/Location/All-Dell-Technologies-San-Marcos-Office-Locations-EI_IE1327.4,21_IL.22,32_IC1139795.htm","https://www.glassdoor.com/Reviews/Trend-Micro-Inc-San-Marcos-Reviews-EI_IE8983.0,15_IL.16,26_IC1139795.htm",validation_failed,gap_probe_failed: missing_target_metrics,pool-location-id,2026-06-28T11:57:15.586260+00:00
Trend Micro Inc.,"Satellite Beach, FL",satellite beach fl,office-location,"Satellite Beach, FL","https://www.glassdoor.com/Location/All-Dell-Technologies-Satellite-Beach-Office-Locations-EI_IE1327.4,21_IL.22,37_IC1154294.htm","https://www.glassdoor.com/Reviews/Trend-Micro-Inc-Satellite-Beach-Reviews-EI_IE8983.0,15_IL.16,31_IC1154294.htm",validation_failed,gap_probe_failed: missing_target_metrics,pool-location-id,2026-06-28T11:57:27.720638+00:00
Trend Micro Inc.,"Wellesley, MA",wellesley ma,office-location,"Wellesley, MA","https://www.glassdoor.com/Location/All-Dell-Technologies-Wellesley-Office-Locations-EI_IE1327.4,21_IL.22,31_IC1154708.htm","https://www.glassdoor.com/Reviews/Trend-Micro-Inc-Wellesley-Reviews-EI_IE8983.0,15_IL.16,25_IC1154708.htm",validation_failed,gap_probe_failed: missing_target_metrics,pool-location-id,2026-06-28T11:57:34.209906+00:00
Trend Micro Inc.,"Domlur, KA",domlur ka,office-location,"Domlur, KA","https://www.glassdoor.com/Location/All-Dell-Technologies-Domlur-Office-Locations-EI_IE1327.4,21_IL.22,28_IC4470560.htm","https://www.glassdoor.com/Reviews/Trend-Micro-Inc-Domlur-Reviews-EI_IE8983.0,15_IL.16,22_IC4470560.htm",validation_failed,gap_probe_failed: missing_target_metrics,pool-location-id,2026-06-28T11:57:39.788850+00:00
Trend Micro Inc.,"Chicago, IL",chicago il,office-location,"Chicago, IL","https://www.glassdoor.com/Location/All-Lenovo-Chicago-Office-Locations-EI_IE8034.4,10_IL.11,18_IC1128808.htm","https://www.glassdoor.com/Reviews/Trend-Micro-Inc-Chicago-Reviews-EI_IE8983.0,15_IL.16,23_IC1128808.htm",resolved,,pool-location-id,2026-06-28T11:57:47.211889+00:00
Trend Micro Inc.,"Morrisville, NC",morrisville nc,office-location,"Morrisville, NC","https://www.glassdoor.com/Location/All-Lenovo-Morrisville-Office-Locations-EI_IE8034.4,10_IL.11,22_IC1138956.htm","https://www.glassdoor.com/Reviews/Trend-Micro-Inc-Morrisville-Reviews-EI_IE8983.0,15_IL.16,27_IC1138956.htm",validation_failed,gap_probe_failed: missing_target_metrics,pool-location-id,2026-06-28T11:57:53.487558+00:00
Trend Micro Inc.,"Bratislava, 02",bratislava 02,office-location,"Bratislava, 02","https://www.glassdoor.com/Location/All-Lenovo-Bratislava-Office-Locations-EI_IE8034.4,10_IL.11,21_IC2907054.htm","https://www.glassdoor.com/Reviews/Trend-Micro-Inc-Bratislava-Reviews-EI_IE8983.0,15_IL.16,26_IC2907054.htm",validation_failed,gap_probe_failed: missing_target_metrics,pool-location-id,2026-06-28T11:57:58.957187+00:00
Trend Micro Inc.,"Stuttgart, BW",stuttgart bw,office-location,"Stuttgart, BW","https://www.glassdoor.com/Location/All-Lenovo-Stuttgart-Office-Locations-EI_IE8034.4,10_IL.11,20_IC2507190.htm","https://www.glassdoor.com/Reviews/Trend-Micro-Inc-Stuttgart-Reviews-EI_IE8983.0,15_IL.16,25_IC2507190.htm",validation_failed,gap_probe_failed: missing_target_metrics,pool-location-id,2026-06-28T11:58:05.645906+00:00
Trend Micro Inc.,"Beijing, 22",beijing 22,office-location,"Beijing, 22","https://www.glassdoor.com/Location/All-Lenovo-Beijing-Office-Locations-EI_IE8034.4,10_IL.11,18_IC2398510.htm","https://www.glassdoor.com/Reviews/Trend-Micro-Inc-Beijing-Reviews-EI_IE8983.0,15_IL.16,23_IC2398510.htm",validation_failed,gap_probe_failed: missing_target_metrics,pool-location-id,2026-06-28T11:58:11.821053+00:00
Trend Micro Inc.,"Changping, 22",changping 22,office-location,"Changping, 22","https://www.glassdoor.com/Location/All-Lenovo-Changping-Office-Locations-EI_IE8034.4,10_IL.11,20_IC2405661.htm","https://www.glassdoor.com/Reviews/Trend-Micro-Inc-Changping-Reviews-EI_IE8983.0,15_IL.16,25_IC2405661.htm",validation_failed,gap_probe_failed: missing_target_metrics,pool-location-id,2026-06-28T11:58:18.184852+00:00
Trend Micro Inc.,"Haidian, 22",haidian 22,office-location,"Haidian, 22","https://www.glassdoor.com/Location/All-Lenovo-Haidian-Office-Locations-EI_IE8034.4,10_IL.11,18_IC2405685.htm","https://www.glassdoor.com/Reviews/Trend-Micro-Inc-Haidian-Reviews-EI_IE8983.0,15_IL.16,23_IC2405685.htm",validation_failed,gap_probe_failed: missing_target_metrics,pool-location-id,2026-06-28T11:58:25.037441+00:00
Trend Micro Inc.,Hong Kong,hong kong,office-location,Hong Kong,"https://www.glassdoor.com/Location/All-Lenovo-Hong-Kong-Office-Locations-EI_IE8034.4,10_IL.11,20_IC2308631.htm","https://www.glassdoor.com/Reviews/Trend-Micro-Inc-Hong-Kong-Reviews-EI_IE8983.0,15_IL.16,25_IC2308631.htm",validation_failed,gap_probe_failed: missing_target_metrics,pool-location-id,2026-06-28T11:58:37.489696+00:00
Trend Micro Inc.,"Shenzhenzhen, 02",shenzhenzhen 02,office-location,"Shenzhenzhen, 02","https://www.glassdoor.com/Location/All-Lenovo-Shenzhenzhen-Office-Locations-EI_IE8034.4,10_IL.11,23_IC2441398.htm","https://www.glassdoor.com/Reviews/Trend-Micro-Inc-Shenzhenzhen-Reviews-EI_IE8983.0,15_IL.16,28_IC2441398.htm",validation_failed,gap_probe_failed: missing_target_metrics,pool-location-id,2026-06-28T11:58:44.250824+00:00
Trend Micro Inc.,"Xiamen, 07",xiamen 07,office-location,"Xiamen, 07","https://www.glassdoor.com/Location/All-Lenovo-Xiamen-Office-Locations-EI_IE8034.4,10_IL.11,17_IC2564138.htm","https://www.glassdoor.com/Reviews/Trend-Micro-Inc-Xiamen-Reviews-EI_IE8983.0,15_IL.16,22_IC2564138.htm",validation_failed,gap_probe_failed: missing_target_metrics,pool-location-id,2026-06-28T11:58:50.459350+00:00
Trend Micro Inc.,"Buenos Aires, C",buenos aires c,office-location,"Buenos Aires, C","https://www.glassdoor.com/Location/All-Lenovo-Buenos-Aires-Office-Locations-EI_IE8034.4,10_IL.11,23_IC2242084.htm","https://www.glassdoor.com/Reviews/Trend-Micro-Inc-Buenos-Aires-Reviews-EI_IE8983.0,15_IL.16,28_IC2242084.htm",resolved,,pool-location-id,2026-06-28T11:58:57.592460+00:00
Trend Micro Inc.,"Campinas, SP",campinas sp,office-location,"Campinas, SP","https://www.glassdoor.com/Location/All-Lenovo-Campinas-Office-Locations-EI_IE8034.4,10_IL.11,19_IC2490130.htm","https://www.glassdoor.com/Reviews/Trend-Micro-Inc-Campinas-Reviews-EI_IE8983.0,15_IL.16,24_IC2490130.htm",validation_failed,gap_probe_failed: missing_target_metrics,pool-location-id,2026-06-28T11:59:04.279692+00:00
Trend Micro Inc.,"Indaiatuba, SP",indaiatuba sp,office-location,"Indaiatuba, SP","https://www.glassdoor.com/Location/All-Lenovo-Indaiatuba-Office-Locations-EI_IE8034.4,10_IL.11,21_IC2480058.htm","https://www.glassdoor.com/Reviews/Trend-Micro-Inc-Indaiatuba-Reviews-EI_IE8983.0,15_IL.16,26_IC2480058.htm",validation_failed,gap_probe_failed: missing_target_metrics,pool-location-id,2026-06-28T11:59:11.046825+00:00
Trend Micro Inc.,"Itu, SP",itu sp,office-location,"Itu, SP","https://www.glassdoor.com/Location/All-Lenovo-Itu-Office-Locations-EI_IE8034.4,10_IL.11,14_IC2490672.htm","https://www.glassdoor.com/Reviews/Trend-Micro-Inc-Itu-Reviews-EI_IE8983.0,15_IL.16,19_IC2490672.htm",validation_failed,gap_probe_failed: missing_target_metrics,pool-location-id,2026-06-28T11:59:17.712030+00:00
Trend Micro Inc.,"Martínez, B",mart nez b,office-location,"Martínez, B","https://www.glassdoor.com/Location/All-Lenovo-Martínez-Office-Locations-EI_IE8034.4,10_IL.11,19_IC2207815.htm","https://www.glassdoor.com/Reviews/Trend-Micro-Inc-Mart%C3%ADnez-Reviews-EI_IE8983.0,15_IL.16,24_IC2207815.htm",validation_failed,gap_probe_failed: missing_target_metrics,pool-location-id,2026-06-28T11:59:23.390113+00:00
Trend Micro Inc.,"Sorocaba, SP",sorocaba sp,office-location,"Sorocaba, SP","https://www.glassdoor.com/Location/All-Lenovo-Sorocaba-Office-Locations-EI_IE8034.4,10_IL.11,19_IC2475809.htm","https://www.glassdoor.com/Reviews/Trend-Micro-Inc-Sorocaba-Reviews-EI_IE8983.0,15_IL.16,24_IC2475809.htm",validation_failed,gap_probe_failed: missing_target_metrics,pool-location-id,2026-06-28T11:59:30.184882+00:00
Trend Micro Inc.,"Vicente López, B",vicente l pez b,office-location,"Vicente López, B","https://www.glassdoor.com/Location/All-Lenovo-Vicente-López-Office-Locations-EI_IE8034.4,10_IL.11,24_IC2211608.htm","https://www.glassdoor.com/Reviews/Trend-Micro-Inc-Vicente-L%C3%B3pez-Reviews-EI_IE8983.0,15_IL.16,29_IC2211608.htm",validation_failed,gap_probe_failed: missing_target_metrics,pool-location-id,2026-06-28T11:59:36.844712+00:00
Trend Micro Inc.,Global,global,manual-seed,,,https://www.glassdoor.com/Reviews/Trend-Micro-Inc-Reviews-E8983.htm,resolved,,review-url-hint,2026-06-28T15:35:33.027078+08:00
Trend Micro Inc.,Taipei,taipei,manual-seed,"Taipei, TPQ","https://www.glassdoor.com/Location/All-ASUS-Taipei-Office-Locations-EI_IE40093.4,8_IL.9,15_IC3271041.htm","https://www.glassdoor.com/Reviews/Trend-Micro-Inc-Taipei-Reviews-EI_IE8983.0,15_IL.16,22_IC3271041.htm",resolved,,pool-location-id,2026-06-28T08:12:13.037665+00:00
Trend Micro Inc.,Hsinchu,hsinchu,manual-seed,"Hsinchu, TXG","https://www.glassdoor.com/Location/All-NVIDIA-Hsinchu-Office-Locations-EI_IE7633.4,10_IL.11,18_IC4915323.htm","https://www.glassdoor.com/Reviews/Trend-Micro-Inc-Hsinchu-Reviews-EI_IE8983.0,15_IL.16,23_IC4915323.htm",resolved,,pool-location-id,2026-06-28T08:12:20.821202+00:00
Trend Micro Inc.,Taoyuan,taoyuan,manual-seed,,,,no_result,pool_location_id_not_found,pool-location-id,2026-06-28T08:12:20.913455+00:00
Trend Micro Inc.,Shanghai,shanghai,manual-seed,"Shanghai, 23","https://www.glassdoor.com/Location/All-NVIDIA-Shanghai-Office-Locations-EI_IE7633.4,10_IL.11,19_IC2416009.htm","https://www.glassdoor.com/Reviews/Trend-Micro-Inc-Shanghai-Reviews-EI_IE8983.0,15_IL.16,24_IC2416009.htm",resolved,,pool-location-id,2026-06-28T08:12:29.056755+00:00
Trend Micro Inc.,Shenzhen,shenzhen,manual-seed,"Shenzhenzhen, 02","https://www.glassdoor.com/Location/All-Lenovo-Shenzhenzhen-Office-Locations-EI_IE8034.4,10_IL.11,23_IC2441398.htm","https://www.glassdoor.com/Reviews/Trend-Micro-Inc-Shenzhenzhen-Reviews-EI_IE8983.0,15_IL.16,28_IC2441398.htm",validation_failed,gap_probe_failed: missing_target_metrics,pool-location-id,2026-06-28T08:12:36.804078+00:00
Trend Micro Inc.,Tokyo,tokyo,manual-seed,"Tokyo, 40","https://www.glassdoor.com/Location/All-Trend-Micro-Inc-Tokyo-Office-Locations-EI_IE8983.4,19_IL.20,25_IC2851580.htm","https://www.glassdoor.com/Reviews/Trend-Micro-Inc-Tokyo-Reviews-EI_IE8983.0,15_IL.16,21_IC2851580.htm",resolved,,office-navigation,2026-06-28T15:35:36.308169+08:00
Trend Micro Inc.,Seoul,seoul,manual-seed,"Seoul, 11","https://www.glassdoor.com/Location/All-ASUS-Seoul-Office-Locations-EI_IE40093.4,8_IL.9,14_IC3021489.htm","https://www.glassdoor.com/Reviews/Trend-Micro-Inc-Seoul-Reviews-EI_IE8983.0,15_IL.16,21_IC3021489.htm",resolved,,pool-location-id,2026-06-28T08:12:44.891027+00:00
Trend Micro Inc.,Austin,austin,manual-seed,"Austin, TX","https://www.glassdoor.com/Location/All-Trend-Micro-Inc-Austin-Office-Locations-EI_IE8983.4,19_IL.20,26_IC1139761.htm","https://www.glassdoor.com/Reviews/Trend-Micro-Inc-Austin-Reviews-EI_IE8983.0,15_IL.16,22_IC1139761.htm",resolved,,office-navigation,2026-06-28T15:35:39.626574+08:00
Trend Micro Inc.,Seattle,seattle,manual-seed,,,,no_result,pool_location_id_not_found,pool-location-id,2026-06-28T08:12:44.975412+00:00
Trend Micro Inc.,London,london,manual-seed,"London, ENG","https://www.glassdoor.com/Location/All-Trend-Micro-Inc-London-Office-Locations-EI_IE8983.4,19_IL.20,26_IC2671300.htm","https://www.glassdoor.com/Reviews/Trend-Micro-Inc-London-Reviews-EI_IE8983.0,15_IL.16,22_IC2671300.htm",resolved,,office-navigation,2026-06-28T15:35:43.456366+08:00
Trend Micro Inc.,Dublin,dublin,manual-seed,,,,no_result,pool_location_id_not_found,pool-location-id,2026-06-28T08:12:45.065409+00:00
Trend Micro Inc.,Munich,munich,manual-seed,"Munich, BY","https://www.glassdoor.com/Location/All-Trend-Micro-Inc-Munich-Office-Locations-EI_IE8983.4,19_IL.20,26_IC4990924.htm","https://www.glassdoor.com/Reviews/Trend-Micro-Inc-Munich-Reviews-EI_IE8983.0,15_IL.16,22_IC4990924.htm",resolved,,office-navigation,2026-06-28T15:35:46.315609+08:00
Dell Technologies,"Ciudad de Mexico, MEX",ciudad de mexico mex,office-location,"Ciudad de Mexico, MEX","https://www.glassdoor.com/Location/All-ASUS-Ciudad-de-Mexico-Office-Locations-EI_IE40093.4,8_IL.9,25_IC5017436.htm","https://www.glassdoor.com/Reviews/Dell-Technologies-Ciudad-de-Mexico-Reviews-EI_IE1327.0,17_IL.18,34_IC5017436.htm",resolved,,pool-location-id,2026-06-28T11:59:48.549365+00:00
Dell Technologies,"Fremont, CA",fremont ca,office-location,"Fremont, CA","https://www.glassdoor.com/Location/All-ASUS-Fremont-Office-Locations-EI_IE40093.4,8_IL.9,16_IC1147355.htm","https://www.glassdoor.com/Reviews/Dell-Technologies-Fremont-Reviews-EI_IE1327.0,17_IL.18,25_IC1147355.htm",resolved,,pool-location-id,2026-06-28T11:59:56.130926+00:00
Dell Technologies,"Markham, ON",markham on,office-location,"Markham, ON","https://www.glassdoor.com/Location/All-ASUS-Markham-Office-Locations-EI_IE40093.4,8_IL.9,16_IC2280736.htm","https://www.glassdoor.com/Reviews/Dell-Technologies-Markham-Reviews-EI_IE1327.0,17_IL.18,25_IC2280736.htm",resolved,,pool-location-id,2026-06-28T12:00:03.101982+00:00
Dell Technologies,"Barcelona, CT",barcelona ct,office-location,"Barcelona, CT","https://www.glassdoor.com/Location/All-ASUS-Barcelona-Office-Locations-EI_IE40093.4,8_IL.9,18_IC2547194.htm","https://www.glassdoor.com/Reviews/Dell-Technologies-Barcelona-Reviews-EI_IE1327.0,17_IL.18,27_IC2547194.htm",resolved,,pool-location-id,2026-06-28T12:00:09.445412+00:00
Dell Technologies,"Budapest, BU",budapest bu,office-location,"Budapest, BU","https://www.glassdoor.com/Location/All-ASUS-Budapest-Office-Locations-EI_IE40093.4,8_IL.9,17_IC3125126.htm","https://www.glassdoor.com/Reviews/Dell-Technologies-Budapest-Reviews-EI_IE1327.0,17_IL.18,26_IC3125126.htm",resolved,,pool-location-id,2026-06-28T12:00:16.071627+00:00
Dell Technologies,"Emmen, DR",emmen dr,office-location,"Emmen, DR","https://www.glassdoor.com/Location/All-ASUS-Emmen-Office-Locations-EI_IE40093.4,8_IL.9,14_IC3060162.htm","https://www.glassdoor.com/Reviews/Dell-Technologies-Emmen-Reviews-EI_IE1327.0,17_IL.18,23_IC3060162.htm",validation_failed,gap_probe_failed: missing_target_metrics,pool-location-id,2026-06-28T12:00:22.141824+00:00
Dell Technologies,"Hemel Hempstead, ENG",hemel hempstead eng,office-location,"Hemel Hempstead, ENG","https://www.glassdoor.com/Location/All-ASUS-Hemel-Hempstead-Office-Locations-EI_IE40093.4,8_IL.9,24_IC2669775.htm","https://www.glassdoor.com/Reviews/Dell-Technologies-Hemel-Hempstead-Reviews-EI_IE1327.0,17_IL.18,33_IC2669775.htm",validation_failed,gap_probe_failed: missing_target_metrics,pool-location-id,2026-06-28T12:00:28.380307+00:00
Dell Technologies,"Milan, LOM",milan lom,office-location,"Milan, LOM","https://www.glassdoor.com/Location/All-ASUS-Milan-Office-Locations-EI_IE40093.4,8_IL.9,14_IC2802090.htm","https://www.glassdoor.com/Reviews/Dell-Technologies-Milan-Reviews-EI_IE1327.0,17_IL.18,23_IC2802090.htm",resolved,,pool-location-id,2026-06-28T12:00:34.433870+00:00
Dell Technologies,"Moravská Ostrava, MO",moravsk ostrava mo,office-location,"Moravská Ostrava, MO","https://www.glassdoor.com/Location/All-ASUS-Moravská-Ostrava-Office-Locations-EI_IE40093.4,8_IL.9,25_IC2288209.htm","https://www.glassdoor.com/Reviews/Dell-Technologies-Moravsk%C3%A1-Ostrava-Reviews-EI_IE1327.0,17_IL.18,34_IC2288209.htm",validation_failed,gap_probe_failed: missing_target_metrics,pool-location-id,2026-06-28T12:00:41.364237+00:00
Dell Technologies,"Noisy-le-Grand, A8",noisy le grand a8,office-location,"Noisy-le-Grand, A8","https://www.glassdoor.com/Location/All-ASUS-Noisy-le-Grand-Office-Locations-EI_IE40093.4,8_IL.9,23_IC3100822.htm","https://www.glassdoor.com/Reviews/Dell-Technologies-Noisy-le-Grand-Reviews-EI_IE1327.0,17_IL.18,32_IC3100822.htm",validation_failed,gap_probe_failed: missing_target_metrics,pool-location-id,2026-06-28T12:00:47.686271+00:00
Dell Technologies,"Ratingen, NW",ratingen nw,office-location,"Ratingen, NW","https://www.glassdoor.com/Location/All-ASUS-Ratingen-Office-Locations-EI_IE40093.4,8_IL.9,17_IC2584004.htm","https://www.glassdoor.com/Reviews/Dell-Technologies-Ratingen-Reviews-EI_IE1327.0,17_IL.18,26_IC2584004.htm",validation_failed,gap_probe_failed: missing_target_metrics,pool-location-id,2026-06-28T12:00:59.429833+00:00
Dell Technologies,"Üsküdar, T34",sk dar t34,office-location,"Üsküdar, T34","https://www.glassdoor.com/Location/All-ASUS-Üsküdar-Office-Locations-EI_IE40093.4,8_IL.9,16_IC3361446.htm","https://www.glassdoor.com/Reviews/Dell-Technologies-%C3%9Csk%C3%BCdar-Reviews-EI_IE1327.0,17_IL.18,25_IC3361446.htm",validation_failed,gap_probe_failed: missing_target_metrics,pool-location-id,2026-06-28T12:01:05.655508+00:00
Dell Technologies,"Warsaw, MZ",warsaw mz,office-location,"Warsaw, MZ","https://www.glassdoor.com/Location/All-ASUS-Warsaw-Office-Locations-EI_IE40093.4,8_IL.9,15_IC3094484.htm","https://www.glassdoor.com/Reviews/Dell-Technologies-Warsaw-Reviews-EI_IE1327.0,17_IL.18,24_IC3094484.htm",resolved,,pool-location-id,2026-06-28T12:01:12.059494+00:00
Dell Technologies,"Bangkok, 10",bangkok 10,office-location,"Bangkok, 10","https://www.glassdoor.com/Location/All-ASUS-Bangkok-Office-Locations-EI_IE40093.4,8_IL.9,16_IC3179725.htm","https://www.glassdoor.com/Reviews/Dell-Technologies-Bangkok-Reviews-EI_IE1327.0,17_IL.18,25_IC3179725.htm",resolved,,pool-location-id,2026-06-28T12:01:19.002024+00:00
Dell Technologies,"Dubai, DU",dubai du,office-location,"Dubai, DU","https://www.glassdoor.com/Location/All-ASUS-Dubai-Office-Locations-EI_IE40093.4,8_IL.9,14_IC2204498.htm","https://www.glassdoor.com/Reviews/Dell-Technologies-Dubai-Reviews-EI_IE1327.0,17_IL.18,23_IC2204498.htm",resolved,,pool-location-id,2026-06-28T12:01:29.027197+00:00
Dell Technologies,"Jakarta, JK",jakarta jk,office-location,"Jakarta, JK","https://www.glassdoor.com/Location/All-ASUS-Jakarta-Office-Locations-EI_IE40093.4,8_IL.9,16_IC2709872.htm","https://www.glassdoor.com/Reviews/Dell-Technologies-Jakarta-Reviews-EI_IE1327.0,17_IL.18,25_IC2709872.htm",resolved,,pool-location-id,2026-06-28T12:01:35.551973+00:00
Dell Technologies,"Kuala Lumpur, 14",kuala lumpur 14,office-location,"Kuala Lumpur, 14","https://www.glassdoor.com/Location/All-ASUS-Kuala-Lumpur-Office-Locations-EI_IE40093.4,8_IL.9,21_IC2986682.htm","https://www.glassdoor.com/Reviews/Dell-Technologies-Kuala-Lumpur-Reviews-EI_IE1327.0,17_IL.18,30_IC2986682.htm",resolved,,pool-location-id,2026-06-28T12:01:42.200809+00:00
Dell Technologies,"Manila, D9",manila d9,office-location,"Manila, D9","https://www.glassdoor.com/Location/All-ASUS-Manila-Office-Locations-EI_IE40093.4,8_IL.9,15_IC2363570.htm","https://www.glassdoor.com/Reviews/Dell-Technologies-Manila-Reviews-EI_IE1327.0,17_IL.18,24_IC2363570.htm",resolved,,pool-location-id,2026-06-28T12:01:49.286192+00:00
Dell Technologies,"Mumbai, MH",mumbai mh,office-location,"Mumbai, MH","https://www.glassdoor.com/Location/All-ASUS-Mumbai-Office-Locations-EI_IE40093.4,8_IL.9,15_IC2851180.htm","https://www.glassdoor.com/Reviews/Dell-Technologies-Mumbai-Reviews-EI_IE1327.0,17_IL.18,24_IC2851180.htm",resolved,,pool-location-id,2026-06-28T12:01:55.438686+00:00
Dell Technologies,"Seoul, 11",seoul 11,office-location,"Seoul, 11","https://www.glassdoor.com/Location/All-ASUS-Seoul-Office-Locations-EI_IE40093.4,8_IL.9,14_IC3021489.htm","https://www.glassdoor.com/Reviews/Dell-Technologies-Seoul-Reviews-EI_IE1327.0,17_IL.18,23_IC3021489.htm",resolved,,pool-location-id,2026-06-28T12:02:02.737386+00:00
Dell Technologies,Singapore,singapore,office-location,Singapore,"https://www.glassdoor.com/Location/All-ASUS-Singapore-Office-Locations-EI_IE40093.4,8_IL.9,18_IC3235921.htm","https://www.glassdoor.com/Reviews/Dell-Technologies-Singapore-Reviews-EI_IE1327.0,17_IL.18,27_IC3235921.htm",resolved,,pool-location-id,2026-06-28T08:12:53.216785+00:00
Dell Technologies,"Taipei, TPQ",taipei tpq,office-location,"Taipei, TPQ","https://www.glassdoor.com/Location/All-ASUS-Taipei-Office-Locations-EI_IE40093.4,8_IL.9,15_IC3271041.htm","https://www.glassdoor.com/Reviews/Dell-Technologies-Taipei-Reviews-EI_IE1327.0,17_IL.18,24_IC3271041.htm",resolved,,pool-location-id,2026-06-28T12:02:14.327696+00:00
Dell Technologies,"Tokyo, 40",tokyo 40,office-location,"Tokyo, 40","https://www.glassdoor.com/Location/All-ASUS-Tokyo-Office-Locations-EI_IE40093.4,8_IL.9,14_IC2851580.htm","https://www.glassdoor.com/Reviews/Dell-Technologies-Tokyo-Reviews-EI_IE1327.0,17_IL.18,23_IC2851580.htm",resolved,,pool-location-id,2026-06-28T12:02:21.299181+00:00
Dell Technologies,"San Isidro, HUC",san isidro huc,office-location,"San Isidro, HUC","https://www.glassdoor.com/Location/All-ASUS-San-Isidro-Office-Locations-EI_IE40093.4,8_IL.9,19_IC4694011.htm","https://www.glassdoor.com/Reviews/Dell-Technologies-San-Isidro-Reviews-EI_IE1327.0,17_IL.18,28_IC4694011.htm",validation_failed,gap_probe_failed: missing_target_metrics,pool-location-id,2026-06-28T12:02:27.751874+00:00
Dell Technologies,"Santiago, RM",santiago rm,office-location,"Santiago, RM","https://www.glassdoor.com/Location/All-ASUS-Santiago-Office-Locations-EI_IE40093.4,8_IL.9,17_IC2434030.htm","https://www.glassdoor.com/Reviews/Dell-Technologies-Santiago-Reviews-EI_IE1327.0,17_IL.18,26_IC2434030.htm",resolved,,pool-location-id,2026-06-28T12:02:34.742865+00:00
Dell Technologies,"São Paulo, SP",s o paulo sp,office-location,"São Paulo, SP","https://www.glassdoor.com/Location/All-ASUS-São-Paulo-Office-Locations-EI_IE40093.4,8_IL.9,18_IC2479061.htm","https://www.glassdoor.com/Reviews/Dell-Technologies-S%C3%A3o-Paulo-Reviews-EI_IE1327.0,17_IL.18,27_IC2479061.htm",resolved,,pool-location-id,2026-06-28T12:02:41.263597+00:00
Dell Technologies,"Sydney, NSW",sydney nsw,office-location,"Sydney, NSW","https://www.glassdoor.com/Location/All-ASUS-Sydney-Office-Locations-EI_IE40093.4,8_IL.9,15_IC2235932.htm","https://www.glassdoor.com/Reviews/Dell-Technologies-Sydney-Reviews-EI_IE1327.0,17_IL.18,24_IC2235932.htm",resolved,,pool-location-id,2026-06-28T12:02:47.601575+00:00
Dell Technologies,"Austin, TX",austin tx,office-location,"Austin, TX","https://www.glassdoor.com/Location/All-Dell-Technologies-Austin-Office-Locations-EI_IE1327.4,21_IL.22,28_IC1139761.htm","https://www.glassdoor.com/Reviews/Dell-Technologies-Austin-Reviews-EI_IE1327.0,17_IL.18,24_IC1139761.htm",resolved,,office-navigation,2026-06-28T15:35:51.063936+08:00
Dell Technologies,"Beaverton, OR",beaverton or,office-location,"Beaverton, OR","https://www.glassdoor.com/Location/All-NVIDIA-Beaverton-Office-Locations-EI_IE7633.4,10_IL.11,20_IC1151576.htm","https://www.glassdoor.com/Reviews/Dell-Technologies-Beaverton-Reviews-EI_IE1327.0,17_IL.18,27_IC1151576.htm",validation_failed,gap_probe_failed: missing_target_metrics,pool-location-id,2026-06-28T12:02:54.726311+00:00
Dell Technologies,"Bellevue, WA",bellevue wa,office-location,"Bellevue, WA","https://www.glassdoor.com/Location/All-NVIDIA-Bellevue-Office-Locations-EI_IE7633.4,10_IL.11,19_IC1150442.htm","https://www.glassdoor.com/Reviews/Dell-Technologies-Bellevue-Reviews-EI_IE1327.0,17_IL.18,26_IC1150442.htm",resolved,,pool-location-id,2026-06-28T12:03:01.559484+00:00
Dell Technologies,"Durham, NC",durham nc,office-location,"Durham, NC","https://www.glassdoor.com/Location/All-NVIDIA-Durham-Office-Locations-EI_IE7633.4,10_IL.11,17_IC1138697.htm","https://www.glassdoor.com/Reviews/Dell-Technologies-Durham-Reviews-EI_IE1327.0,17_IL.18,24_IC1138697.htm",resolved,,pool-location-id,2026-06-28T12:03:08.235834+00:00
Dell Technologies,"Hillsboro, OR",hillsboro or,office-location,"Hillsboro, OR","https://www.glassdoor.com/Location/All-NVIDIA-Hillsboro-Office-Locations-EI_IE7633.4,10_IL.11,20_IC1151603.htm","https://www.glassdoor.com/Reviews/Dell-Technologies-Hillsboro-Reviews-EI_IE1327.0,17_IL.18,27_IC1151603.htm",validation_failed,gap_probe_failed: missing_target_metrics,pool-location-id,2026-06-28T12:03:15.175555+00:00
Dell Technologies,"Redmond, WA",redmond wa,office-location,"Redmond, WA","https://www.glassdoor.com/Location/All-NVIDIA-Redmond-Office-Locations-EI_IE7633.4,10_IL.11,18_IC1150499.htm","https://www.glassdoor.com/Reviews/Dell-Technologies-Redmond-Reviews-EI_IE1327.0,17_IL.18,25_IC1150499.htm",resolved,,pool-location-id,2026-06-28T12:03:27.088730+00:00
Dell Technologies,"Saint Louis, MO",saint louis mo,office-location,"Saint Louis, MO","https://www.glassdoor.com/Location/All-NVIDIA-Saint-Louis-Office-Locations-EI_IE7633.4,10_IL.11,22_IC1131270.htm","https://www.glassdoor.com/Reviews/Dell-Technologies-Saint-Louis-Reviews-EI_IE1327.0,17_IL.18,29_IC1131270.htm",resolved,,pool-location-id,2026-06-28T12:03:33.369674+00:00
Dell Technologies,"San Francisco, CA",san francisco ca,office-location,"San Francisco, CA","https://www.glassdoor.com/Location/All-NVIDIA-San-Francisco-Office-Locations-EI_IE7633.4,10_IL.11,24_IC1147401.htm","https://www.glassdoor.com/Reviews/Dell-Technologies-San-Francisco-Reviews-EI_IE1327.0,17_IL.18,31_IC1147401.htm",resolved,,pool-location-id,2026-06-28T12:03:40.365706+00:00
Dell Technologies,"San Jose, CA",san jose,office-location,"San Jose, CA","https://www.glassdoor.com/Location/All-NVIDIA-San-Jose-Office-Locations-EI_IE7633.4,10_IL.11,19_IC1147436.htm","https://www.glassdoor.com/Reviews/Dell-Technologies-San-Jose-Reviews-EI_IE1327.0,17_IL.18,26_IC1147436.htm",resolved,,pool-location-id,2026-06-28T08:13:10.933680+00:00
Dell Technologies,"Santa Clara, CA",santa clara ca,office-location,"Santa Clara, CA","https://www.glassdoor.com/Location/All-NVIDIA-Santa-Clara-Office-Locations-EI_IE7633.4,10_IL.11,22_IC1147439.htm","https://www.glassdoor.com/Reviews/Dell-Technologies-Santa-Clara-Reviews-EI_IE1327.0,17_IL.18,29_IC1147439.htm",resolved,,pool-location-id,2026-06-28T12:03:46.825886+00:00
Dell Technologies,"Toronto, ON",toronto on,office-location,"Toronto, ON","https://www.glassdoor.com/Location/All-NVIDIA-Toronto-Office-Locations-EI_IE7633.4,10_IL.11,18_IC2281069.htm","https://www.glassdoor.com/Reviews/Dell-Technologies-Toronto-Reviews-EI_IE1327.0,17_IL.18,25_IC2281069.htm",resolved,,pool-location-id,2026-06-28T12:03:54.162980+00:00
Dell Technologies,"Westford, MA",westford ma,office-location,"Westford, MA","https://www.glassdoor.com/Location/All-NVIDIA-Westford-Office-Locations-EI_IE7633.4,10_IL.11,19_IC1154720.htm","https://www.glassdoor.com/Reviews/Dell-Technologies-Westford-Reviews-EI_IE1327.0,17_IL.18,26_IC1154720.htm",resolved,,pool-location-id,2026-06-28T12:04:00.619712+00:00
Dell Technologies,"Moscow, 48",moscow 48,office-location,"Moscow, 48","https://www.glassdoor.com/Location/All-NVIDIA-Moscow-Office-Locations-EI_IE7633.4,10_IL.11,17_IC3348306.htm","https://www.glassdoor.com/Reviews/Dell-Technologies-Moscow-Reviews-EI_IE1327.0,17_IL.18,24_IC3348306.htm",resolved,,pool-location-id,2026-06-28T12:04:06.469578+00:00
Dell Technologies,"Munich, BY",munich by,office-location,"Munich, BY","https://www.glassdoor.com/Location/All-NVIDIA-Munich-Office-Locations-EI_IE7633.4,10_IL.11,17_IC4990924.htm","https://www.glassdoor.com/Reviews/Dell-Technologies-Munich-Reviews-EI_IE1327.0,17_IL.18,24_IC4990924.htm",resolved,,pool-location-id,2026-06-28T12:04:13.616177+00:00
Dell Technologies,"Reading, ENG",reading eng,office-location,"Reading, ENG","https://www.glassdoor.com/Location/All-NVIDIA-Reading-Office-Locations-EI_IE7633.4,10_IL.11,18_IC2675152.htm","https://www.glassdoor.com/Reviews/Dell-Technologies-Reading-Reviews-EI_IE1327.0,17_IL.18,25_IC2675152.htm",resolved,,pool-location-id,2026-06-28T12:04:20.045795+00:00
Dell Technologies,"Zürich, ZH",z rich zh,office-location,"Zürich, ZH","https://www.glassdoor.com/Location/All-NVIDIA-Zürich-Office-Locations-EI_IE7633.4,10_IL.11,17_IC3297851.htm","https://www.glassdoor.com/Reviews/Dell-Technologies-Z%C3%BCrich-Reviews-EI_IE1327.0,17_IL.18,24_IC3297851.htm",resolved,,pool-location-id,2026-06-28T12:04:28.241981+00:00
Dell Technologies,"Bengaluru, KA",bengaluru ka,office-location,"Bengaluru, KA","https://www.glassdoor.com/Location/All-Dell-Technologies-Bengaluru-Office-Locations-EI_IE1327.4,21_IL.22,31_IC2940587.htm","https://www.glassdoor.com/Reviews/Dell-Technologies-Bengaluru-Reviews-EI_IE1327.0,17_IL.18,27_IC2940587.htm",resolved,,office-navigation,2026-06-28T15:36:02.319839+08:00
Dell Technologies,"Hsinchu, TXG",hsinchu txg,office-location,"Hsinchu, TXG","https://www.glassdoor.com/Location/All-NVIDIA-Hsinchu-Office-Locations-EI_IE7633.4,10_IL.11,18_IC4915323.htm","https://www.glassdoor.com/Reviews/Dell-Technologies-Hsinchu-Reviews-EI_IE1327.0,17_IL.18,25_IC4915323.htm",validation_failed,gap_probe_failed: missing_target_metrics,pool-location-id,2026-06-28T12:04:40.677126+00:00
Dell Technologies,"Pudong, 23",pudong 23,office-location,"Pudong, 23","https://www.glassdoor.com/Location/All-NVIDIA-Pudong-Office-Locations-EI_IE7633.4,10_IL.11,17_IC2415109.htm","https://www.glassdoor.com/Reviews/Dell-Technologies-Pudong-Reviews-EI_IE1327.0,17_IL.18,24_IC2415109.htm",validation_failed,gap_probe_failed: missing_target_metrics,pool-location-id,2026-06-28T12:04:47.798588+00:00
Dell Technologies,"Pune, MH",pune mh,office-location,"Pune, MH","https://www.glassdoor.com/Location/All-NVIDIA-Pune-Office-Locations-EI_IE7633.4,10_IL.11,15_IC2856202.htm","https://www.glassdoor.com/Reviews/Dell-Technologies-Pune-Reviews-EI_IE1327.0,17_IL.18,22_IC2856202.htm",resolved,,pool-location-id,2026-06-28T12:04:56.839454+00:00
Dell Technologies,"Shanghai, 23",shanghai 23,office-location,"Shanghai, 23","https://www.glassdoor.com/Location/All-NVIDIA-Shanghai-Office-Locations-EI_IE7633.4,10_IL.11,19_IC2416009.htm","https://www.glassdoor.com/Reviews/Dell-Technologies-Shanghai-Reviews-EI_IE1327.0,17_IL.18,26_IC2416009.htm",resolved,,pool-location-id,2026-06-28T12:05:03.199446+00:00
Dell Technologies,"San Jose, MP",san jose mp,office-location,"San Jose, CA","https://www.glassdoor.com/Location/All-NVIDIA-San-Jose-Office-Locations-EI_IE7633.4,10_IL.11,19_IC1147436.htm","https://www.glassdoor.com/Reviews/Dell-Technologies-San-Jose-Reviews-EI_IE1327.0,17_IL.18,26_IC1147436.htm",resolved,,pool-location-id,2026-06-28T12:05:10.576083+00:00
Dell Technologies,"Frankfurt am Main, HE",frankfurt am main he,office-location,"Frankfurt am Main, HE","https://www.glassdoor.com/Location/All-Micro-Star-International-Frankfurt-am-Main-Office-Locations-EI_IE41141.4,28_IL.29,46_IC2632180.htm","https://www.glassdoor.com/Reviews/Dell-Technologies-Frankfurt-am-Main-Reviews-EI_IE1327.0,17_IL.18,35_IC2632180.htm",resolved,,pool-location-id,2026-06-28T12:05:18.322609+00:00
Dell Technologies,"Boise, ID",boise id,office-location,"Boise, ID","https://www.glassdoor.com/Location/All-HP-Inc-Boise-Office-Locations-EI_IE1093161.4,10_IL.11,16_IC1127927.htm","https://www.glassdoor.com/Reviews/Dell-Technologies-Boise-Reviews-EI_IE1327.0,17_IL.18,23_IC1127927.htm",resolved,,pool-location-id,2026-06-28T12:05:25.948571+00:00
Dell Technologies,"Corvallis, OR",corvallis or,office-location,"Corvallis, OR","https://www.glassdoor.com/Location/All-HP-Inc-Corvallis-Office-Locations-EI_IE1093161.4,10_IL.11,20_IC1151455.htm","https://www.glassdoor.com/Reviews/Dell-Technologies-Corvallis-Reviews-EI_IE1327.0,17_IL.18,27_IC1151455.htm",validation_failed,gap_probe_failed: missing_target_metrics,pool-location-id,2026-06-28T12:05:33.110134+00:00
Dell Technologies,"Fort Collins, CO",fort collins co,office-location,"Fort Collins, CO","https://www.glassdoor.com/Location/All-HP-Inc-Fort-Collins-Office-Locations-EI_IE1093161.4,10_IL.11,23_IC1148233.htm","https://www.glassdoor.com/Reviews/Dell-Technologies-Fort-Collins-Reviews-EI_IE1327.0,17_IL.18,30_IC1148233.htm",resolved,,pool-location-id,2026-06-28T12:05:39.813402+00:00
Dell Technologies,"Guadalajara, JAL",guadalajara jal,office-location,"Guadalajara, JAL","https://www.glassdoor.com/Location/All-HP-Inc-Guadalajara-Office-Locations-EI_IE1093161.4,10_IL.11,22_IC3486357.htm","https://www.glassdoor.com/Reviews/Dell-Technologies-Guadalajara-Reviews-EI_IE1327.0,17_IL.18,29_IC3486357.htm",resolved,,pool-location-id,2026-06-28T12:05:46.866115+00:00
Dell Technologies,"Houston, TX",houston tx,office-location,"Houston, TX","https://www.glassdoor.com/Location/All-HP-Inc-Houston-Office-Locations-EI_IE1093161.4,10_IL.11,18_IC1140171.htm","https://www.glassdoor.com/Reviews/Dell-Technologies-Houston-Reviews-EI_IE1327.0,17_IL.18,25_IC1140171.htm",resolved,,pool-location-id,2026-06-28T12:05:59.013618+00:00
Dell Technologies,"Palo Alto, CA",palo alto ca,office-location,"Palo Alto, CA","https://www.glassdoor.com/Location/All-HP-Inc-Palo-Alto-Office-Locations-EI_IE1093161.4,10_IL.11,20_IC1147434.htm","https://www.glassdoor.com/Reviews/Dell-Technologies-Palo-Alto-Reviews-EI_IE1327.0,17_IL.18,27_IC1147434.htm",resolved,,pool-location-id,2026-06-28T12:06:06.477231+00:00
Dell Technologies,"Portland, OR",portland or,office-location,"Portland, OR","https://www.glassdoor.com/Location/All-HP-Inc-Portland-Office-Locations-EI_IE1093161.4,10_IL.11,19_IC1151614.htm","https://www.glassdoor.com/Reviews/Dell-Technologies-Portland-Reviews-EI_IE1327.0,17_IL.18,26_IC1151614.htm",resolved,,pool-location-id,2026-06-28T12:06:14.736086+00:00
Dell Technologies,"San Diego, CA",san diego ca,office-location,"San Diego, CA","https://www.glassdoor.com/Location/All-HP-Inc-San-Diego-Office-Locations-EI_IE1093161.4,10_IL.11,20_IC1147311.htm","https://www.glassdoor.com/Reviews/Dell-Technologies-San-Diego-Reviews-EI_IE1327.0,17_IL.18,27_IC1147311.htm",resolved,,pool-location-id,2026-06-28T12:06:21.469535+00:00
Dell Technologies,"Spring, TX",spring tx,office-location,"Spring, TX","https://www.glassdoor.com/Location/All-HP-Inc-Spring-Office-Locations-EI_IE1093161.4,10_IL.11,17_IC1140222.htm","https://www.glassdoor.com/Reviews/Dell-Technologies-Spring-Reviews-EI_IE1327.0,17_IL.18,24_IC1140222.htm",validation_failed,gap_probe_failed: missing_target_metrics,pool-location-id,2026-06-28T12:06:27.434522+00:00
Dell Technologies,"Sunnyvale, CA",sunnyvale ca,office-location,"Sunnyvale, CA","https://www.glassdoor.com/Location/All-HP-Inc-Sunnyvale-Office-Locations-EI_IE1093161.4,10_IL.11,20_IC1147442.htm","https://www.glassdoor.com/Reviews/Dell-Technologies-Sunnyvale-Reviews-EI_IE1327.0,17_IL.18,27_IC1147442.htm",resolved,,pool-location-id,2026-06-28T12:06:34.137256+00:00
Dell Technologies,"Tlaquepaque, JAL",tlaquepaque jal,office-location,"Tlaquepaque, JAL","https://www.glassdoor.com/Location/All-HP-Inc-Tlaquepaque-Office-Locations-EI_IE1093161.4,10_IL.11,22_IC3486348.htm","https://www.glassdoor.com/Reviews/Dell-Technologies-Tlaquepaque-Reviews-EI_IE1327.0,17_IL.18,29_IC3486348.htm",validation_failed,gap_probe_failed: missing_target_metrics,pool-location-id,2026-06-28T12:06:39.843264+00:00
Dell Technologies,"Vancouver, WA",vancouver wa,office-location,"Vancouver, WA","https://www.glassdoor.com/Location/All-HP-Inc-Vancouver-Office-Locations-EI_IE1093161.4,10_IL.11,20_IC1150413.htm","https://www.glassdoor.com/Reviews/Dell-Technologies-Vancouver-Reviews-EI_IE1327.0,17_IL.18,27_IC1150413.htm",resolved,,pool-location-id,2026-06-28T12:06:46.409230+00:00
Dell Technologies,"Zapopan, JAL",zapopan jal,office-location,"Zapopan, JAL","https://www.glassdoor.com/Location/All-HP-Inc-Zapopan-Office-Locations-EI_IE1093161.4,10_IL.11,18_IC3487018.htm","https://www.glassdoor.com/Reviews/Dell-Technologies-Zapopan-Reviews-EI_IE1327.0,17_IL.18,25_IC3487018.htm",resolved,,pool-location-id,2026-06-28T12:06:52.799557+00:00
Dell Technologies,"Boulogne-Billancourt, A8",boulogne billancourt a8,office-location,"Boulogne-Billancourt, A8","https://www.glassdoor.com/Location/All-HP-Inc-Boulogne-Billancourt-Office-Locations-EI_IE1093161.4,10_IL.11,31_IC3040032.htm","https://www.glassdoor.com/Reviews/Dell-Technologies-Boulogne-Billancourt-Reviews-EI_IE1327.0,17_IL.18,38_IC3040032.htm",validation_failed,gap_probe_failed: missing_target_metrics,pool-location-id,2026-06-28T12:06:59.944645+00:00
Dell Technologies,"Bucharest, B",bucharest b,office-location,"Bucharest, B","https://www.glassdoor.com/Location/All-HP-Inc-Bucharest-Office-Locations-EI_IE1093161.4,10_IL.11,20_IC3184907.htm","https://www.glassdoor.com/Reviews/Dell-Technologies-Bucharest-Reviews-EI_IE1327.0,17_IL.18,27_IC3184907.htm",resolved,,pool-location-id,2026-06-28T12:07:11.482946+00:00
Dell Technologies,"Cambridge, ENG",cambridge eng,office-location,"Cambridge, ENG","https://www.glassdoor.com/Location/All-HP-Inc-Cambridge-Office-Locations-EI_IE1093161.4,10_IL.11,20_IC2662516.htm","https://www.glassdoor.com/Reviews/Dell-Technologies-Cambridge-Reviews-EI_IE1327.0,17_IL.18,27_IC2662516.htm",resolved,,pool-location-id,2026-06-28T12:07:18.129355+00:00
Dell Technologies,"Meudon, A8",meudon a8,office-location,"Meudon, A8","https://www.glassdoor.com/Location/All-HP-Inc-Meudon-Office-Locations-EI_IE1093161.4,10_IL.11,17_IC3019026.htm","https://www.glassdoor.com/Reviews/Dell-Technologies-Meudon-Reviews-EI_IE1327.0,17_IL.18,24_IC3019026.htm",validation_failed,gap_probe_failed: missing_target_metrics,pool-location-id,2026-06-28T12:07:25.433887+00:00
Dell Technologies,"Paris, A8",paris a8,office-location,"Paris, A8","https://www.glassdoor.com/Location/All-HP-Inc-Paris-Office-Locations-EI_IE1093161.4,10_IL.11,16_IC2881970.htm","https://www.glassdoor.com/Reviews/Dell-Technologies-Paris-Reviews-EI_IE1327.0,17_IL.18,23_IC2881970.htm",resolved,,pool-location-id,2026-06-28T12:07:31.481936+00:00
Dell Technologies,"Sant Cugat del Vallès, CT",sant cugat del vall s ct,office-location,"Sant Cugat del Vallès, CT","https://www.glassdoor.com/Location/All-HP-Inc-Sant-Cugat-del-Vallès-Office-Locations-EI_IE1093161.4,10_IL.11,32_IC4843928.htm","https://www.glassdoor.com/Reviews/Dell-Technologies-Sant-Cugat-del-Vall%C3%A8s-Reviews-EI_IE1327.0,17_IL.18,39_IC4843928.htm",validation_failed,gap_probe_failed: missing_target_metrics,pool-location-id,2026-06-28T12:07:37.414443+00:00
Dell Technologies,"Tuas, W",tuas w,office-location,"Tuas, W","https://www.glassdoor.com/Location/All-HP-Inc-Tuas-Office-Locations-EI_IE1093161.4,10_IL.11,15_IC3235538.htm","https://www.glassdoor.com/Reviews/Dell-Technologies-Tuas-Reviews-EI_IE1327.0,17_IL.18,22_IC3235538.htm",validation_failed,gap_probe_failed: missing_target_metrics,pool-location-id,2026-06-28T12:07:43.820522+00:00
Dell Technologies,"Whitefield, KA",whitefield ka,office-location,"Whitefield, KA","https://www.glassdoor.com/Location/All-HP-Inc-Whitefield-Office-Locations-EI_IE1093161.4,10_IL.11,21_IC2941717.htm","https://www.glassdoor.com/Reviews/Dell-Technologies-Whitefield-Reviews-EI_IE1327.0,17_IL.18,28_IC2941717.htm",resolved,,pool-location-id,2026-06-28T12:07:50.459561+00:00
Dell Technologies,"Lake Forest, CA",lake forest ca,office-location,"Lake Forest, CA","https://www.glassdoor.com/Location/All-Wistron-Lake-Forest-Office-Locations-EI_IE15218.4,11_IL.12,23_IC1146811.htm","https://www.glassdoor.com/Reviews/Dell-Technologies-Lake-Forest-Reviews-EI_IE1327.0,17_IL.18,29_IC1146811.htm",resolved,,pool-location-id,2026-06-28T12:07:57.352434+00:00
Dell Technologies,"Rolling Meadows, IL",rolling meadows il,office-location,"Rolling Meadows, IL","https://www.glassdoor.com/Location/All-Wistron-Rolling-Meadows-Office-Locations-EI_IE15218.4,11_IL.12,27_IC1128962.htm","https://www.glassdoor.com/Reviews/Dell-Technologies-Rolling-Meadows-Reviews-EI_IE1327.0,17_IL.18,33_IC1128962.htm",validation_failed,gap_probe_failed: missing_target_metrics,pool-location-id,2026-06-28T12:08:04.154734+00:00
Dell Technologies,"Wuhan, 12",wuhan 12,office-location,"Wuhan, 12","https://www.glassdoor.com/Location/All-Wistron-Wuhan-Office-Locations-EI_IE15218.4,11_IL.12,17_IC2478891.htm","https://www.glassdoor.com/Reviews/Dell-Technologies-Wuhan-Reviews-EI_IE1327.0,17_IL.18,23_IC2478891.htm",resolved,,pool-location-id,2026-06-28T12:08:10.849586+00:00
Dell Technologies,"Hoofddorp, NH",hoofddorp nh,office-location,"Hoofddorp, NH","https://www.glassdoor.com/Location/All-Delta-Electronics-Hoofddorp-Office-Locations-EI_IE41146.4,21_IL.22,31_IC3063772.htm","https://www.glassdoor.com/Reviews/Dell-Technologies-Hoofddorp-Reviews-EI_IE1327.0,17_IL.18,27_IC3063772.htm",validation_failed,gap_probe_failed: missing_target_metrics,pool-location-id,2026-06-28T12:08:22.382561+00:00
Dell Technologies,"Notting Hill, VIC",notting hill vic,office-location,"Notting Hill, VIC","https://www.glassdoor.com/Location/All-Delta-Electronics-Notting-Hill-Office-Locations-EI_IE41146.4,21_IL.22,34_IC2257042.htm","https://www.glassdoor.com/Reviews/Dell-Technologies-Notting-Hill-Reviews-EI_IE1327.0,17_IL.18,30_IC2257042.htm",validation_failed,gap_probe_failed: missing_target_metrics,pool-location-id,2026-06-28T12:08:29.398785+00:00
Dell Technologies,"Jeffersonville, IN",jeffersonville in,office-location,"Jeffersonville, IN","https://www.glassdoor.com/Location/All-Pegatron-Jeffersonville-Office-Locations-EI_IE337948.4,12_IL.13,27_IC1145141.htm","https://www.glassdoor.com/Reviews/Dell-Technologies-Jeffersonville-Reviews-EI_IE1327.0,17_IL.18,32_IC1145141.htm",validation_failed,gap_probe_failed: missing_target_metrics,pool-location-id,2026-06-28T12:08:36.239246+00:00
Dell Technologies,"Irving, TX",irving tx,office-location,"Irving, TX","https://www.glassdoor.com/Location/All-Trend-Micro-Inc-Irving-Office-Locations-EI_IE8983.4,19_IL.20,26_IC1140006.htm","https://www.glassdoor.com/Reviews/Dell-Technologies-Irving-Reviews-EI_IE1327.0,17_IL.18,24_IC1140006.htm",resolved,,pool-location-id,2026-06-28T12:08:42.400784+00:00
Dell Technologies,"Jersey City, NJ",jersey city nj,office-location,"Jersey City, NJ","https://www.glassdoor.com/Location/All-Trend-Micro-Inc-Jersey-City-Office-Locations-EI_IE8983.4,19_IL.20,31_IC1126819.htm","https://www.glassdoor.com/Reviews/Dell-Technologies-Jersey-City-Reviews-EI_IE1327.0,17_IL.18,29_IC1126819.htm",resolved,,pool-location-id,2026-06-28T12:08:50.721004+00:00
Dell Technologies,"Kanata, ON",kanata on,office-location,"Kanata, ON","https://www.glassdoor.com/Location/All-Trend-Micro-Inc-Kanata-Office-Locations-EI_IE8983.4,19_IL.20,26_IC2282818.htm","https://www.glassdoor.com/Reviews/Dell-Technologies-Kanata-Reviews-EI_IE1327.0,17_IL.18,24_IC2282818.htm",resolved,,pool-location-id,2026-06-28T12:08:57.350220+00:00
Dell Technologies,"Cork, M",cork m,office-location,"Cork, M","https://www.glassdoor.com/Location/All-Trend-Micro-Inc-Cork-Office-Locations-EI_IE8983.4,19_IL.20,24_IC4325638.htm","https://www.glassdoor.com/Reviews/Dell-Technologies-Cork-Reviews-EI_IE1327.0,17_IL.18,22_IC4325638.htm",resolved,,pool-location-id,2026-06-28T12:09:04.222707+00:00
Dell Technologies,"London, ENG",london eng,office-location,"London, ENG","https://www.glassdoor.com/Location/All-Trend-Micro-Inc-London-Office-Locations-EI_IE8983.4,19_IL.20,26_IC2671300.htm","https://www.glassdoor.com/Reviews/Dell-Technologies-London-Reviews-EI_IE1327.0,17_IL.18,24_IC2671300.htm",resolved,,pool-location-id,2026-06-28T12:09:11.076918+00:00
Dell Technologies,"Paddington, ENG",paddington eng,office-location,"Paddington, ENG","https://www.glassdoor.com/Location/All-Trend-Micro-Inc-Paddington-Office-Locations-EI_IE8983.4,19_IL.20,30_IC3527325.htm","https://www.glassdoor.com/Reviews/Dell-Technologies-Paddington-Reviews-EI_IE1327.0,17_IL.18,28_IC3527325.htm",validation_failed,gap_probe_failed: missing_target_metrics,pool-location-id,2026-06-28T12:09:17.845441+00:00
Dell Technologies,"Aliso, CA",aliso ca,office-location,"Aliso, CA","https://www.glassdoor.com/Location/All-Dell-Technologies-Aliso-Office-Locations-EI_IE1327.4,21_IL.22,27_IC3789361.htm","https://www.glassdoor.com/Reviews/Dell-Technologies-Aliso-Reviews-EI_IE1327.0,17_IL.18,23_IC3789361.htm",resolved,,office-navigation,2026-06-28T15:36:18.887557+08:00
Dell Technologies,"Bedford, MA",bedford ma,office-location,"Bedford, MA","https://www.glassdoor.com/Location/All-Dell-Technologies-Bedford-Office-Locations-EI_IE1327.4,21_IL.22,29_IC1154527.htm","https://www.glassdoor.com/Reviews/Dell-Technologies-Bedford-Reviews-EI_IE1327.0,17_IL.18,25_IC1154527.htm",resolved,,office-navigation,2026-06-28T15:36:25.036153+08:00
Dell Technologies,"Boston, MA",boston ma,office-location,"Boston, MA","https://www.glassdoor.com/Location/All-Dell-Technologies-Boston-Office-Locations-EI_IE1327.4,21_IL.22,28_IC1154532.htm","https://www.glassdoor.com/Reviews/Dell-Technologies-Boston-Reviews-EI_IE1327.0,17_IL.18,24_IC1154532.htm",resolved,,office-navigation,2026-06-28T15:36:30.781833+08:00
Dell Technologies,"Boydton, VA",boydton va,office-location,"Boydton, VA","https://www.glassdoor.com/Location/All-Dell-Technologies-Boydton-Office-Locations-EI_IE1327.4,21_IL.22,29_IC1129623.htm","https://www.glassdoor.com/Reviews/Dell-Technologies-Boydton-Reviews-EI_IE1327.0,17_IL.18,25_IC1129623.htm",resolved,,office-navigation,2026-06-28T15:36:39.699009+08:00
Dell Technologies,"Cambridge, MA",cambridge ma,office-location,"Cambridge, MA","https://www.glassdoor.com/Location/All-Dell-Technologies-Cambridge-Office-Locations-EI_IE1327.4,21_IL.22,31_IC1154545.htm","https://www.glassdoor.com/Reviews/Dell-Technologies-Cambridge-Reviews-EI_IE1327.0,17_IL.18,27_IC1154545.htm",resolved,,office-navigation,2026-06-28T15:36:45.81914+08:00
Dell Technologies,"Canada, KY",canada ky,office-location,"Canada, KY","https://www.glassdoor.com/Location/All-Dell-Technologies-Canada-Office-Locations-EI_IE1327.4,21_IL.22,28_IC1137126.htm","https://www.glassdoor.com/Reviews/Dell-Technologies-Canada-Reviews-EI_IE1327.0,17_IL.18,24_IC1137126.htm",resolved,,office-navigation,2026-06-28T15:36:48.89525+08:00
Dell Technologies,"Canton, MA",canton ma,office-location,"Canton, MA","https://www.glassdoor.com/Location/All-Dell-Technologies-Canton-Office-Locations-EI_IE1327.4,21_IL.22,28_IC1154546.htm","https://www.glassdoor.com/Reviews/Dell-Technologies-Canton-Reviews-EI_IE1327.0,17_IL.18,24_IC1154546.htm",resolved,,office-navigation,2026-06-28T15:36:52.006462+08:00
Dell Technologies,"Cedar Park, TX",cedar park tx,office-location,"Cedar Park, TX","https://www.glassdoor.com/Location/All-Dell-Technologies-Cedar-Park-Office-Locations-EI_IE1327.4,21_IL.22,32_IC1139765.htm","https://www.glassdoor.com/Reviews/Dell-Technologies-Cedar-Park-Reviews-EI_IE1327.0,17_IL.18,28_IC1139765.htm",resolved,,office-navigation,2026-06-28T15:36:55.075791+08:00
Dell Technologies,"Framingham, MA",framingham ma,office-location,"Framingham, MA","https://www.glassdoor.com/Location/All-Dell-Technologies-Framingham-Office-Locations-EI_IE1327.4,21_IL.22,32_IC1154571.htm","https://www.glassdoor.com/Reviews/Dell-Technologies-Framingham-Reviews-EI_IE1327.0,17_IL.18,28_IC1154571.htm",resolved,,office-navigation,2026-06-28T15:36:58.649565+08:00
Dell Technologies,"Franklin, MA",franklin ma,office-location,"Franklin, MA","https://www.glassdoor.com/Location/All-Dell-Technologies-Franklin-Office-Locations-EI_IE1327.4,21_IL.22,30_IC1154572.htm","https://www.glassdoor.com/Reviews/Dell-Technologies-Franklin-Reviews-EI_IE1327.0,17_IL.18,26_IC1154572.htm",resolved,,office-navigation,2026-06-28T15:37:02.95455+08:00
Dell Technologies,"Fuquay-Varina, NC",fuquay varina nc,office-location,"Fuquay-Varina, NC","https://www.glassdoor.com/Location/All-Dell-Technologies-Fuquay-Varina-Office-Locations-EI_IE1327.4,21_IL.22,35_IC3757296.htm","https://www.glassdoor.com/Reviews/Dell-Technologies-Fuquay-Varina-Reviews-EI_IE1327.0,17_IL.18,31_IC3757296.htm",resolved,,office-navigation,2026-06-28T15:37:06.996483+08:00
Dell Technologies,"Georgetown, TX",georgetown tx,office-location,"Georgetown, TX","https://www.glassdoor.com/Location/All-Dell-Technologies-Georgetown-Office-Locations-EI_IE1327.4,21_IL.22,32_IC1139774.htm","https://www.glassdoor.com/Reviews/Dell-Technologies-Georgetown-Reviews-EI_IE1327.0,17_IL.18,28_IC1139774.htm",resolved,,office-navigation,2026-06-28T15:37:09.971017+08:00
Dell Technologies,"Hopkinton, MA",hopkinton ma,office-location,"Hopkinton, MA","https://www.glassdoor.com/Location/All-Dell-Technologies-Hopkinton-Office-Locations-EI_IE1327.4,21_IL.22,31_IC1154589.htm","https://www.glassdoor.com/Reviews/Dell-Technologies-Hopkinton-Reviews-EI_IE1327.0,17_IL.18,27_IC1154589.htm",resolved,,office-navigation,2026-06-28T15:37:13.822406+08:00
Dell Technologies,"India, TX",india tx,office-location,"India, TX","https://www.glassdoor.com/Location/All-Dell-Technologies-India-Office-Locations-EI_IE1327.4,21_IL.22,27_IC3759223.htm","https://www.glassdoor.com/Reviews/Dell-Technologies-India-Reviews-EI_IE1327.0,17_IL.18,23_IC3759223.htm",resolved,,office-navigation,2026-06-28T15:37:18.020471+08:00
Dell Technologies,"Land O' Lakes, FL",land o lakes fl,office-location,"Land O' Lakes, FL","https://www.glassdoor.com/Location/All-Dell-Technologies-Land-O-Lakes-Office-Locations-EI_IE1327.4,21_IL.22,34_IC3817049.htm","https://www.glassdoor.com/Reviews/Dell-Technologies-Land-O-Lakes-Reviews-EI_IE1327.0,17_IL.18,30_IC3817049.htm",resolved,,office-navigation,2026-06-28T15:37:21.152103+08:00
Dell Technologies,"Leander, TX",leander tx,office-location,"Leander, TX","https://www.glassdoor.com/Location/All-Dell-Technologies-Leander-Office-Locations-EI_IE1327.4,21_IL.22,29_IC1139779.htm","https://www.glassdoor.com/Reviews/Dell-Technologies-Leander-Reviews-EI_IE1327.0,17_IL.18,25_IC1139779.htm",resolved,,office-navigation,2026-06-28T15:37:24.336278+08:00
Dell Technologies,"Pflugerville, TX",pflugerville tx,office-location,"Pflugerville, TX","https://www.glassdoor.com/Location/All-Dell-Technologies-Pflugerville-Office-Locations-EI_IE1327.4,21_IL.22,34_IC1139790.htm","https://www.glassdoor.com/Reviews/Dell-Technologies-Pflugerville-Reviews-EI_IE1327.0,17_IL.18,30_IC1139790.htm",resolved,,office-navigation,2026-06-28T15:37:28.97035+08:00
Dell Technologies,"Quincy, MA",quincy ma,office-location,"Quincy, MA","https://www.glassdoor.com/Location/All-Dell-Technologies-Quincy-Office-Locations-EI_IE1327.4,21_IL.22,28_IC1154667.htm","https://www.glassdoor.com/Reviews/Dell-Technologies-Quincy-Reviews-EI_IE1327.0,17_IL.18,24_IC1154667.htm",resolved,,office-navigation,2026-06-28T15:37:32.391523+08:00
Dell Technologies,"Round Rock, TX",round rock tx,office-location,"Round Rock, TX","https://www.glassdoor.com/Location/All-Dell-Technologies-Round-Rock-Office-Locations-EI_IE1327.4,21_IL.22,32_IC1139794.htm","https://www.glassdoor.com/Reviews/Dell-Technologies-Round-Rock-Reviews-EI_IE1327.0,17_IL.18,28_IC1139794.htm",resolved,,office-navigation,2026-06-28T15:37:36.024603+08:00
Dell Technologies,"San Marcos, TX",san marcos tx,office-location,"San Marcos, TX","https://www.glassdoor.com/Location/All-Dell-Technologies-San-Marcos-Office-Locations-EI_IE1327.4,21_IL.22,32_IC1139795.htm","https://www.glassdoor.com/Reviews/Dell-Technologies-San-Marcos-Reviews-EI_IE1327.0,17_IL.18,28_IC1139795.htm",resolved,,office-navigation,2026-06-28T15:37:40.721724+08:00
Dell Technologies,"Satellite Beach, FL",satellite beach fl,office-location,"Satellite Beach, FL","https://www.glassdoor.com/Location/All-Dell-Technologies-Satellite-Beach-Office-Locations-EI_IE1327.4,21_IL.22,37_IC1154294.htm","https://www.glassdoor.com/Reviews/Dell-Technologies-Satellite-Beach-Reviews-EI_IE1327.0,17_IL.18,33_IC1154294.htm",resolved,,office-navigation,2026-06-28T15:37:43.843195+08:00
Dell Technologies,"Wellesley, MA",wellesley ma,office-location,"Wellesley, MA","https://www.glassdoor.com/Location/All-Dell-Technologies-Wellesley-Office-Locations-EI_IE1327.4,21_IL.22,31_IC1154708.htm","https://www.glassdoor.com/Reviews/Dell-Technologies-Wellesley-Reviews-EI_IE1327.0,17_IL.18,27_IC1154708.htm",resolved,,office-navigation,2026-06-28T15:37:48.242007+08:00
Dell Technologies,"Domlur, KA",domlur ka,office-location,"Domlur, KA","https://www.glassdoor.com/Location/All-Dell-Technologies-Domlur-Office-Locations-EI_IE1327.4,21_IL.22,28_IC4470560.htm","https://www.glassdoor.com/Reviews/Dell-Technologies-Domlur-Reviews-EI_IE1327.0,17_IL.18,24_IC4470560.htm",resolved,,office-navigation,2026-06-28T15:37:51.35136+08:00
Dell Technologies,"Chicago, IL",chicago il,office-location,"Chicago, IL","https://www.glassdoor.com/Location/All-Lenovo-Chicago-Office-Locations-EI_IE8034.4,10_IL.11,18_IC1128808.htm","https://www.glassdoor.com/Reviews/Dell-Technologies-Chicago-Reviews-EI_IE1327.0,17_IL.18,25_IC1128808.htm",resolved,,pool-location-id,2026-06-28T12:09:24.615484+00:00
Dell Technologies,"Morrisville, NC",morrisville nc,office-location,"Morrisville, NC","https://www.glassdoor.com/Location/All-Lenovo-Morrisville-Office-Locations-EI_IE8034.4,10_IL.11,22_IC1138956.htm","https://www.glassdoor.com/Reviews/Dell-Technologies-Morrisville-Reviews-EI_IE1327.0,17_IL.18,29_IC1138956.htm",resolved,,pool-location-id,2026-06-28T12:09:37.098156+00:00
Dell Technologies,"Bratislava, 02",bratislava 02,office-location,"Bratislava, 02","https://www.glassdoor.com/Location/All-Lenovo-Bratislava-Office-Locations-EI_IE8034.4,10_IL.11,21_IC2907054.htm","https://www.glassdoor.com/Reviews/Dell-Technologies-Bratislava-Reviews-EI_IE1327.0,17_IL.18,28_IC2907054.htm",resolved,,pool-location-id,2026-06-28T12:09:43.739181+00:00
Dell Technologies,"Stuttgart, BW",stuttgart bw,office-location,"Stuttgart, BW","https://www.glassdoor.com/Location/All-Lenovo-Stuttgart-Office-Locations-EI_IE8034.4,10_IL.11,20_IC2507190.htm","https://www.glassdoor.com/Reviews/Dell-Technologies-Stuttgart-Reviews-EI_IE1327.0,17_IL.18,27_IC2507190.htm",resolved,,pool-location-id,2026-06-28T12:09:50.091910+00:00
Dell Technologies,"Beijing, 22",beijing 22,office-location,"Beijing, 22","https://www.glassdoor.com/Location/All-Lenovo-Beijing-Office-Locations-EI_IE8034.4,10_IL.11,18_IC2398510.htm","https://www.glassdoor.com/Reviews/Dell-Technologies-Beijing-Reviews-EI_IE1327.0,17_IL.18,25_IC2398510.htm",resolved,,pool-location-id,2026-06-28T12:09:56.670628+00:00
Dell Technologies,"Changping, 22",changping 22,office-location,"Changping, 22","https://www.glassdoor.com/Location/All-Lenovo-Changping-Office-Locations-EI_IE8034.4,10_IL.11,20_IC2405661.htm","https://www.glassdoor.com/Reviews/Dell-Technologies-Changping-Reviews-EI_IE1327.0,17_IL.18,27_IC2405661.htm",validation_failed,gap_probe_failed: missing_target_metrics,pool-location-id,2026-06-28T12:10:03.937730+00:00
Dell Technologies,"Haidian, 22",haidian 22,office-location,"Haidian, 22","https://www.glassdoor.com/Location/All-Lenovo-Haidian-Office-Locations-EI_IE8034.4,10_IL.11,18_IC2405685.htm","https://www.glassdoor.com/Reviews/Dell-Technologies-Haidian-Reviews-EI_IE1327.0,17_IL.18,25_IC2405685.htm",validation_failed,gap_probe_failed: missing_target_metrics,pool-location-id,2026-06-28T12:10:11.231984+00:00
Dell Technologies,Hong Kong,hong kong,office-location,Hong Kong,"https://www.glassdoor.com/Location/All-Lenovo-Hong-Kong-Office-Locations-EI_IE8034.4,10_IL.11,20_IC2308631.htm","https://www.glassdoor.com/Reviews/Dell-Technologies-Hong-Kong-Reviews-EI_IE1327.0,17_IL.18,27_IC2308631.htm",resolved,,pool-location-id,2026-06-28T12:10:17.730426+00:00
Dell Technologies,"Shenzhenzhen, 02",shenzhenzhen 02,office-location,"Shenzhenzhen, 02","https://www.glassdoor.com/Location/All-Lenovo-Shenzhenzhen-Office-Locations-EI_IE8034.4,10_IL.11,23_IC2441398.htm","https://www.glassdoor.com/Reviews/Dell-Technologies-Shenzhenzhen-Reviews-EI_IE1327.0,17_IL.18,30_IC2441398.htm",validation_failed,gap_probe_failed: missing_target_metrics,pool-location-id,2026-06-28T12:10:24.393793+00:00
Dell Technologies,"Xiamen, 07",xiamen 07,office-location,"Xiamen, 07","https://www.glassdoor.com/Location/All-Lenovo-Xiamen-Office-Locations-EI_IE8034.4,10_IL.11,17_IC2564138.htm","https://www.glassdoor.com/Reviews/Dell-Technologies-Xiamen-Reviews-EI_IE1327.0,17_IL.18,24_IC2564138.htm",resolved,,pool-location-id,2026-06-28T12:10:30.448854+00:00
Dell Technologies,"Buenos Aires, C",buenos aires c,office-location,"Buenos Aires, C","https://www.glassdoor.com/Location/All-Lenovo-Buenos-Aires-Office-Locations-EI_IE8034.4,10_IL.11,23_IC2242084.htm","https://www.glassdoor.com/Reviews/Dell-Technologies-Buenos-Aires-Reviews-EI_IE1327.0,17_IL.18,30_IC2242084.htm",resolved,,pool-location-id,2026-06-28T12:10:36.559378+00:00
Dell Technologies,"Campinas, SP",campinas sp,office-location,"Campinas, SP","https://www.glassdoor.com/Location/All-Lenovo-Campinas-Office-Locations-EI_IE8034.4,10_IL.11,19_IC2490130.htm","https://www.glassdoor.com/Reviews/Dell-Technologies-Campinas-Reviews-EI_IE1327.0,17_IL.18,26_IC2490130.htm",resolved,,pool-location-id,2026-06-28T12:10:48.309535+00:00
Dell Technologies,"Indaiatuba, SP",indaiatuba sp,office-location,"Indaiatuba, SP","https://www.glassdoor.com/Location/All-Lenovo-Indaiatuba-Office-Locations-EI_IE8034.4,10_IL.11,21_IC2480058.htm","https://www.glassdoor.com/Reviews/Dell-Technologies-Indaiatuba-Reviews-EI_IE1327.0,17_IL.18,28_IC2480058.htm",validation_failed,gap_probe_failed: missing_target_metrics,pool-location-id,2026-06-28T12:10:55.170446+00:00
Dell Technologies,"Itu, SP",itu sp,office-location,"Itu, SP","https://www.glassdoor.com/Location/All-Lenovo-Itu-Office-Locations-EI_IE8034.4,10_IL.11,14_IC2490672.htm","https://www.glassdoor.com/Reviews/Dell-Technologies-Itu-Reviews-EI_IE1327.0,17_IL.18,21_IC2490672.htm",validation_failed,gap_probe_failed: missing_target_metrics,pool-location-id,2026-06-28T12:11:01.344492+00:00
Dell Technologies,"Martínez, B",mart nez b,office-location,"Martínez, B","https://www.glassdoor.com/Location/All-Lenovo-Martínez-Office-Locations-EI_IE8034.4,10_IL.11,19_IC2207815.htm","https://www.glassdoor.com/Reviews/Dell-Technologies-Mart%C3%ADnez-Reviews-EI_IE1327.0,17_IL.18,26_IC2207815.htm",resolved,,pool-location-id,2026-06-28T12:11:07.604390+00:00
Dell Technologies,"Sorocaba, SP",sorocaba sp,office-location,"Sorocaba, SP","https://www.glassdoor.com/Location/All-Lenovo-Sorocaba-Office-Locations-EI_IE8034.4,10_IL.11,19_IC2475809.htm","https://www.glassdoor.com/Reviews/Dell-Technologies-Sorocaba-Reviews-EI_IE1327.0,17_IL.18,26_IC2475809.htm",validation_failed,gap_probe_failed: missing_target_metrics,pool-location-id,2026-06-28T12:11:14.879096+00:00
Dell Technologies,"Vicente López, B",vicente l pez b,office-location,"Vicente López, B","https://www.glassdoor.com/Location/All-Lenovo-Vicente-López-Office-Locations-EI_IE8034.4,10_IL.11,24_IC2211608.htm","https://www.glassdoor.com/Reviews/Dell-Technologies-Vicente-L%C3%B3pez-Reviews-EI_IE1327.0,17_IL.18,31_IC2211608.htm",validation_failed,gap_probe_failed: missing_target_metrics,pool-location-id,2026-06-28T12:11:21.209780+00:00
Dell Technologies,Global,global,manual-seed,,,https://www.glassdoor.com/Reviews/Dell-Technologies-Reviews-E1327.htm,resolved,,review-url-hint,2026-06-28T15:37:54.217526+08:00
Dell Technologies,Taipei,taipei,manual-seed,"Taipei, TPQ","https://www.glassdoor.com/Location/All-ASUS-Taipei-Office-Locations-EI_IE40093.4,8_IL.9,15_IC3271041.htm","https://www.glassdoor.com/Reviews/Dell-Technologies-Taipei-Reviews-EI_IE1327.0,17_IL.18,24_IC3271041.htm",resolved,,pool-location-id,2026-06-28T08:13:19.715970+00:00
Dell Technologies,Hsinchu,hsinchu,manual-seed,"Hsinchu, TXG","https://www.glassdoor.com/Location/All-NVIDIA-Hsinchu-Office-Locations-EI_IE7633.4,10_IL.11,18_IC4915323.htm","https://www.glassdoor.com/Reviews/Dell-Technologies-Hsinchu-Reviews-EI_IE1327.0,17_IL.18,25_IC4915323.htm",validation_failed,gap_probe_failed: missing_target_metrics,pool-location-id,2026-06-28T08:13:26.866135+00:00
Dell Technologies,Taoyuan,taoyuan,manual-seed,,,,no_result,pool_location_id_not_found,pool-location-id,2026-06-28T08:13:26.947399+00:00
Dell Technologies,Shanghai,shanghai,manual-seed,"Shanghai, 23","https://www.glassdoor.com/Location/All-NVIDIA-Shanghai-Office-Locations-EI_IE7633.4,10_IL.11,19_IC2416009.htm","https://www.glassdoor.com/Reviews/Dell-Technologies-Shanghai-Reviews-EI_IE1327.0,17_IL.18,26_IC2416009.htm",resolved,,pool-location-id,2026-06-28T08:13:35.068498+00:00
Dell Technologies,Shenzhen,shenzhen,manual-seed,"Shenzhenzhen, 02","https://www.glassdoor.com/Location/All-Lenovo-Shenzhenzhen-Office-Locations-EI_IE8034.4,10_IL.11,23_IC2441398.htm","https://www.glassdoor.com/Reviews/Dell-Technologies-Shenzhenzhen-Reviews-EI_IE1327.0,17_IL.18,30_IC2441398.htm",validation_failed,gap_probe_failed: missing_target_metrics,pool-location-id,2026-06-28T08:13:42.697108+00:00
Dell Technologies,Tokyo,tokyo,manual-seed,"Tokyo, 40","https://www.glassdoor.com/Location/All-ASUS-Tokyo-Office-Locations-EI_IE40093.4,8_IL.9,14_IC2851580.htm","https://www.glassdoor.com/Reviews/Dell-Technologies-Tokyo-Reviews-EI_IE1327.0,17_IL.18,23_IC2851580.htm",resolved,,pool-location-id,2026-06-28T08:13:51.846972+00:00
Dell Technologies,Seoul,seoul,manual-seed,"Seoul, 11","https://www.glassdoor.com/Location/All-ASUS-Seoul-Office-Locations-EI_IE40093.4,8_IL.9,14_IC3021489.htm","https://www.glassdoor.com/Reviews/Dell-Technologies-Seoul-Reviews-EI_IE1327.0,17_IL.18,23_IC3021489.htm",resolved,,pool-location-id,2026-06-28T08:14:00.282507+00:00
Dell Technologies,Austin,austin,manual-seed,"Austin, TX","https://www.glassdoor.com/Location/All-Dell-Technologies-Austin-Office-Locations-EI_IE1327.4,21_IL.22,28_IC1139761.htm","https://www.glassdoor.com/Reviews/Dell-Technologies-Austin-Reviews-EI_IE1327.0,17_IL.18,24_IC1139761.htm",resolved,,office-navigation,2026-06-28T15:37:59.224829+08:00
Dell Technologies,Seattle,seattle,manual-seed,,,,no_result,pool_location_id_not_found,pool-location-id,2026-06-28T08:14:00.363761+00:00
Dell Technologies,London,london,manual-seed,"London, ENG","https://www.glassdoor.com/Location/All-Trend-Micro-Inc-London-Office-Locations-EI_IE8983.4,19_IL.20,26_IC2671300.htm","https://www.glassdoor.com/Reviews/Dell-Technologies-London-Reviews-EI_IE1327.0,17_IL.18,24_IC2671300.htm",resolved,,pool-location-id,2026-06-28T08:14:08.933215+00:00
Dell Technologies,Dublin,dublin,manual-seed,,,,no_result,pool_location_id_not_found,pool-location-id,2026-06-28T08:14:09.007582+00:00
Dell Technologies,Munich,munich,manual-seed,"Munich, BY","https://www.glassdoor.com/Location/All-NVIDIA-Munich-Office-Locations-EI_IE7633.4,10_IL.11,17_IC4990924.htm","https://www.glassdoor.com/Reviews/Dell-Technologies-Munich-Reviews-EI_IE1327.0,17_IL.18,24_IC4990924.htm",resolved,,pool-location-id,2026-06-28T08:14:16.530848+00:00
Acer Group,"Ciudad de Mexico, MEX",ciudad de mexico mex,office-location,"Ciudad de Mexico, MEX","https://www.glassdoor.com/Location/All-ASUS-Ciudad-de-Mexico-Office-Locations-EI_IE40093.4,8_IL.9,25_IC5017436.htm","https://www.glassdoor.com/Reviews/Acer-Group-Ciudad-de-Mexico-Reviews-EI_IE3802.0,10_IL.11,27_IC5017436.htm",validation_failed,gap_probe_failed: missing_target_metrics,pool-location-id,2026-06-28T12:11:28.438889+00:00
Acer Group,"Fremont, CA",fremont ca,office-location,"Fremont, CA","https://www.glassdoor.com/Location/All-ASUS-Fremont-Office-Locations-EI_IE40093.4,8_IL.9,16_IC1147355.htm","https://www.glassdoor.com/Reviews/Acer-Group-Fremont-Reviews-EI_IE3802.0,10_IL.11,18_IC1147355.htm",validation_failed,gap_probe_failed: missing_target_metrics,pool-location-id,2026-06-28T12:11:35.042313+00:00
Acer Group,"Markham, ON",markham on,office-location,"Markham, ON","https://www.glassdoor.com/Location/All-ASUS-Markham-Office-Locations-EI_IE40093.4,8_IL.9,16_IC2280736.htm","https://www.glassdoor.com/Reviews/Acer-Group-Markham-Reviews-EI_IE3802.0,10_IL.11,18_IC2280736.htm",validation_failed,gap_probe_failed: missing_target_metrics,pool-location-id,2026-06-28T12:11:41.914671+00:00
Acer Group,"Barcelona, CT",barcelona ct,office-location,"Barcelona, CT","https://www.glassdoor.com/Location/All-ASUS-Barcelona-Office-Locations-EI_IE40093.4,8_IL.9,18_IC2547194.htm","https://www.glassdoor.com/Reviews/Acer-Group-Barcelona-Reviews-EI_IE3802.0,10_IL.11,20_IC2547194.htm",resolved,,pool-location-id,2026-06-28T12:11:48.152237+00:00
Acer Group,"Budapest, BU",budapest bu,office-location,"Budapest, BU","https://www.glassdoor.com/Location/All-ASUS-Budapest-Office-Locations-EI_IE40093.4,8_IL.9,17_IC3125126.htm","https://www.glassdoor.com/Reviews/Acer-Group-Budapest-Reviews-EI_IE3802.0,10_IL.11,19_IC3125126.htm",validation_failed,gap_probe_failed: missing_target_metrics,pool-location-id,2026-06-28T12:12:00.115285+00:00
Acer Group,"Emmen, DR",emmen dr,office-location,"Emmen, DR","https://www.glassdoor.com/Location/All-ASUS-Emmen-Office-Locations-EI_IE40093.4,8_IL.9,14_IC3060162.htm","https://www.glassdoor.com/Reviews/Acer-Group-Emmen-Reviews-EI_IE3802.0,10_IL.11,16_IC3060162.htm",validation_failed,gap_probe_failed: missing_target_metrics,pool-location-id,2026-06-28T12:12:06.709510+00:00
Acer Group,"Hemel Hempstead, ENG",hemel hempstead eng,office-location,"Hemel Hempstead, ENG","https://www.glassdoor.com/Location/All-ASUS-Hemel-Hempstead-Office-Locations-EI_IE40093.4,8_IL.9,24_IC2669775.htm","https://www.glassdoor.com/Reviews/Acer-Group-Hemel-Hempstead-Reviews-EI_IE3802.0,10_IL.11,26_IC2669775.htm",validation_failed,gap_probe_failed: missing_target_metrics,pool-location-id,2026-06-28T12:12:14.399487+00:00
Acer Group,"Milan, LOM",milan lom,office-location,"Milan, LOM","https://www.glassdoor.com/Location/All-ASUS-Milan-Office-Locations-EI_IE40093.4,8_IL.9,14_IC2802090.htm","https://www.glassdoor.com/Reviews/Acer-Group-Milan-Reviews-EI_IE3802.0,10_IL.11,16_IC2802090.htm",resolved,,pool-location-id,2026-06-28T12:12:20.583115+00:00
Acer Group,"Moravská Ostrava, MO",moravsk ostrava mo,office-location,"Moravská Ostrava, MO","https://www.glassdoor.com/Location/All-ASUS-Moravská-Ostrava-Office-Locations-EI_IE40093.4,8_IL.9,25_IC2288209.htm","https://www.glassdoor.com/Reviews/Acer-Group-Moravsk%C3%A1-Ostrava-Reviews-EI_IE3802.0,10_IL.11,27_IC2288209.htm",validation_failed,gap_probe_failed: missing_target_metrics,pool-location-id,2026-06-28T12:12:26.568553+00:00
Acer Group,"Noisy-le-Grand, A8",noisy le grand a8,office-location,"Noisy-le-Grand, A8","https://www.glassdoor.com/Location/All-ASUS-Noisy-le-Grand-Office-Locations-EI_IE40093.4,8_IL.9,23_IC3100822.htm","https://www.glassdoor.com/Reviews/Acer-Group-Noisy-le-Grand-Reviews-EI_IE3802.0,10_IL.11,25_IC3100822.htm",validation_failed,gap_probe_failed: missing_target_metrics,pool-location-id,2026-06-28T12:12:34.002443+00:00
Acer Group,"Ratingen, NW",ratingen nw,office-location,"Ratingen, NW","https://www.glassdoor.com/Location/All-ASUS-Ratingen-Office-Locations-EI_IE40093.4,8_IL.9,17_IC2584004.htm","https://www.glassdoor.com/Reviews/Acer-Group-Ratingen-Reviews-EI_IE3802.0,10_IL.11,19_IC2584004.htm",validation_failed,gap_probe_failed: missing_target_metrics,pool-location-id,2026-06-28T12:12:44.013150+00:00
Acer Group,"Üsküdar, T34",sk dar t34,office-location,"Üsküdar, T34","https://www.glassdoor.com/Location/All-ASUS-Üsküdar-Office-Locations-EI_IE40093.4,8_IL.9,16_IC3361446.htm","https://www.glassdoor.com/Reviews/Acer-Group-%C3%9Csk%C3%BCdar-Reviews-EI_IE3802.0,10_IL.11,18_IC3361446.htm",validation_failed,gap_probe_failed: missing_target_metrics,pool-location-id,2026-06-28T12:12:51.806476+00:00
Acer Group,"Warsaw, MZ",warsaw mz,office-location,"Warsaw, MZ","https://www.glassdoor.com/Location/All-ASUS-Warsaw-Office-Locations-EI_IE40093.4,8_IL.9,15_IC3094484.htm","https://www.glassdoor.com/Reviews/Acer-Group-Warsaw-Reviews-EI_IE3802.0,10_IL.11,17_IC3094484.htm",resolved,,pool-location-id,2026-06-28T12:12:59.325980+00:00
Acer Group,"Bangkok, 10",bangkok 10,office-location,"Bangkok, 10","https://www.glassdoor.com/Location/All-ASUS-Bangkok-Office-Locations-EI_IE40093.4,8_IL.9,16_IC3179725.htm","https://www.glassdoor.com/Reviews/Acer-Group-Bangkok-Reviews-EI_IE3802.0,10_IL.11,18_IC3179725.htm",resolved,,pool-location-id,2026-06-28T12:13:07.017720+00:00
Acer Group,"Dubai, DU",dubai du,office-location,"Dubai, DU","https://www.glassdoor.com/Location/All-ASUS-Dubai-Office-Locations-EI_IE40093.4,8_IL.9,14_IC2204498.htm","https://www.glassdoor.com/Reviews/Acer-Group-Dubai-Reviews-EI_IE3802.0,10_IL.11,16_IC2204498.htm",resolved,,pool-location-id,2026-06-28T12:13:19.677599+00:00
Acer Group,"Jakarta, JK",jakarta jk,office-location,"Jakarta, JK","https://www.glassdoor.com/Location/All-ASUS-Jakarta-Office-Locations-EI_IE40093.4,8_IL.9,16_IC2709872.htm","https://www.glassdoor.com/Reviews/Acer-Group-Jakarta-Reviews-EI_IE3802.0,10_IL.11,18_IC2709872.htm",resolved,,pool-location-id,2026-06-28T12:13:29.215942+00:00
Acer Group,"Kuala Lumpur, 14",kuala lumpur 14,office-location,"Kuala Lumpur, 14","https://www.glassdoor.com/Location/All-ASUS-Kuala-Lumpur-Office-Locations-EI_IE40093.4,8_IL.9,21_IC2986682.htm","https://www.glassdoor.com/Reviews/Acer-Group-Kuala-Lumpur-Reviews-EI_IE3802.0,10_IL.11,23_IC2986682.htm",resolved,,pool-location-id,2026-06-28T12:13:35.491739+00:00
Acer Group,"Manila, D9",manila d9,office-location,"Manila, D9","https://www.glassdoor.com/Location/All-ASUS-Manila-Office-Locations-EI_IE40093.4,8_IL.9,15_IC2363570.htm","https://www.glassdoor.com/Reviews/Acer-Group-Manila-Reviews-EI_IE3802.0,10_IL.11,17_IC2363570.htm",resolved,,pool-location-id,2026-06-28T12:13:42.886738+00:00
Acer Group,"Mumbai, MH",mumbai mh,office-location,"Mumbai, MH","https://www.glassdoor.com/Location/All-ASUS-Mumbai-Office-Locations-EI_IE40093.4,8_IL.9,15_IC2851180.htm","https://www.glassdoor.com/Reviews/Acer-Group-Mumbai-Reviews-EI_IE3802.0,10_IL.11,17_IC2851180.htm",resolved,,pool-location-id,2026-06-28T12:13:50.535953+00:00
Acer Group,"Seoul, 11",seoul 11,office-location,"Seoul, 11","https://www.glassdoor.com/Location/All-ASUS-Seoul-Office-Locations-EI_IE40093.4,8_IL.9,14_IC3021489.htm","https://www.glassdoor.com/Reviews/Acer-Group-Seoul-Reviews-EI_IE3802.0,10_IL.11,16_IC3021489.htm",validation_failed,gap_probe_failed: missing_target_metrics,pool-location-id,2026-06-28T12:13:57.219294+00:00
Acer Group,Singapore,singapore,office-location,Singapore,"https://www.glassdoor.com/Location/All-ASUS-Singapore-Office-Locations-EI_IE40093.4,8_IL.9,18_IC3235921.htm","https://www.glassdoor.com/Reviews/Acer-Group-Singapore-Reviews-EI_IE3802.0,10_IL.11,20_IC3235921.htm",resolved,,pool-location-id,2026-06-28T08:14:24.488518+00:00
Acer Group,"Taipei, TPQ",taipei tpq,office-location,"Taipei, TPQ","https://www.glassdoor.com/Location/All-ASUS-Taipei-Office-Locations-EI_IE40093.4,8_IL.9,15_IC3271041.htm","https://www.glassdoor.com/Reviews/Acer-Group-Taipei-Reviews-EI_IE3802.0,10_IL.11,17_IC3271041.htm",resolved,,pool-location-id,2026-06-28T12:14:04.609102+00:00
Acer Group,"Tokyo, 40",tokyo 40,office-location,"Tokyo, 40","https://www.glassdoor.com/Location/All-ASUS-Tokyo-Office-Locations-EI_IE40093.4,8_IL.9,14_IC2851580.htm","https://www.glassdoor.com/Reviews/Acer-Group-Tokyo-Reviews-EI_IE3802.0,10_IL.11,16_IC2851580.htm",resolved,,pool-location-id,2026-06-28T12:14:11.840393+00:00
Acer Group,"San Isidro, HUC",san isidro huc,office-location,"San Isidro, HUC","https://www.glassdoor.com/Location/All-ASUS-San-Isidro-Office-Locations-EI_IE40093.4,8_IL.9,19_IC4694011.htm","https://www.glassdoor.com/Reviews/Acer-Group-San-Isidro-Reviews-EI_IE3802.0,10_IL.11,21_IC4694011.htm",validation_failed,gap_probe_failed: missing_target_metrics,pool-location-id,2026-06-28T12:14:21.697347+00:00
Acer Group,"Santiago, RM",santiago rm,office-location,"Santiago, RM","https://www.glassdoor.com/Location/All-ASUS-Santiago-Office-Locations-EI_IE40093.4,8_IL.9,17_IC2434030.htm","https://www.glassdoor.com/Reviews/Acer-Group-Santiago-Reviews-EI_IE3802.0,10_IL.11,19_IC2434030.htm",validation_failed,gap_probe_failed: missing_target_metrics,pool-location-id,2026-06-28T12:14:30.845776+00:00
Acer Group,"São Paulo, SP",s o paulo sp,office-location,"São Paulo, SP","https://www.glassdoor.com/Location/All-ASUS-São-Paulo-Office-Locations-EI_IE40093.4,8_IL.9,18_IC2479061.htm","https://www.glassdoor.com/Reviews/Acer-Group-S%C3%A3o-Paulo-Reviews-EI_IE3802.0,10_IL.11,20_IC2479061.htm",resolved,,pool-location-id,2026-06-28T12:14:43.180296+00:00
Acer Group,"Sydney, NSW",sydney nsw,office-location,"Sydney, NSW","https://www.glassdoor.com/Location/All-ASUS-Sydney-Office-Locations-EI_IE40093.4,8_IL.9,15_IC2235932.htm","https://www.glassdoor.com/Reviews/Acer-Group-Sydney-Reviews-EI_IE3802.0,10_IL.11,17_IC2235932.htm",resolved,,pool-location-id,2026-06-28T12:14:49.538381+00:00
Acer Group,"Austin, TX",austin tx,office-location,"Austin, TX","https://www.glassdoor.com/Location/All-NVIDIA-Austin-Office-Locations-EI_IE7633.4,10_IL.11,17_IC1139761.htm","https://www.glassdoor.com/Reviews/Acer-Group-Austin-Reviews-EI_IE3802.0,10_IL.11,17_IC1139761.htm",validation_failed,gap_probe_failed: missing_target_metrics,pool-location-id,2026-06-28T12:14:58.551073+00:00
Acer Group,"Beaverton, OR",beaverton or,office-location,"Beaverton, OR","https://www.glassdoor.com/Location/All-NVIDIA-Beaverton-Office-Locations-EI_IE7633.4,10_IL.11,20_IC1151576.htm","https://www.glassdoor.com/Reviews/Acer-Group-Beaverton-Reviews-EI_IE3802.0,10_IL.11,20_IC1151576.htm",validation_failed,gap_probe_failed: missing_target_metrics,pool-location-id,2026-06-28T12:15:04.873943+00:00
Acer Group,"Bellevue, WA",bellevue wa,office-location,"Bellevue, WA","https://www.glassdoor.com/Location/All-NVIDIA-Bellevue-Office-Locations-EI_IE7633.4,10_IL.11,19_IC1150442.htm","https://www.glassdoor.com/Reviews/Acer-Group-Bellevue-Reviews-EI_IE3802.0,10_IL.11,19_IC1150442.htm",validation_failed,gap_probe_failed: missing_target_metrics,pool-location-id,2026-06-28T12:15:11.234120+00:00
Acer Group,"Durham, NC",durham nc,office-location,"Durham, NC","https://www.glassdoor.com/Location/All-NVIDIA-Durham-Office-Locations-EI_IE7633.4,10_IL.11,17_IC1138697.htm","https://www.glassdoor.com/Reviews/Acer-Group-Durham-Reviews-EI_IE3802.0,10_IL.11,17_IC1138697.htm",validation_failed,gap_probe_failed: missing_target_metrics,pool-location-id,2026-06-28T12:15:17.930983+00:00
Acer Group,"Hillsboro, OR",hillsboro or,office-location,"Hillsboro, OR","https://www.glassdoor.com/Location/All-NVIDIA-Hillsboro-Office-Locations-EI_IE7633.4,10_IL.11,20_IC1151603.htm","https://www.glassdoor.com/Reviews/Acer-Group-Hillsboro-Reviews-EI_IE3802.0,10_IL.11,20_IC1151603.htm",validation_failed,gap_probe_failed: missing_target_metrics,pool-location-id,2026-06-28T12:15:24.238911+00:00
Acer Group,"Redmond, WA",redmond wa,office-location,"Redmond, WA","https://www.glassdoor.com/Location/All-NVIDIA-Redmond-Office-Locations-EI_IE7633.4,10_IL.11,18_IC1150499.htm","https://www.glassdoor.com/Reviews/Acer-Group-Redmond-Reviews-EI_IE3802.0,10_IL.11,18_IC1150499.htm",validation_failed,gap_probe_failed: missing_target_metrics,pool-location-id,2026-06-28T12:15:31.554430+00:00
Acer Group,"Saint Louis, MO",saint louis mo,office-location,"Saint Louis, MO","https://www.glassdoor.com/Location/All-NVIDIA-Saint-Louis-Office-Locations-EI_IE7633.4,10_IL.11,22_IC1131270.htm","https://www.glassdoor.com/Reviews/Acer-Group-Saint-Louis-Reviews-EI_IE3802.0,10_IL.11,22_IC1131270.htm",validation_failed,gap_probe_failed: missing_target_metrics,pool-location-id,2026-06-28T12:15:38.134184+00:00
Acer Group,"San Francisco, CA",san francisco ca,office-location,"San Francisco, CA","https://www.glassdoor.com/Location/All-NVIDIA-San-Francisco-Office-Locations-EI_IE7633.4,10_IL.11,24_IC1147401.htm","https://www.glassdoor.com/Reviews/Acer-Group-San-Francisco-Reviews-EI_IE3802.0,10_IL.11,24_IC1147401.htm",validation_failed,gap_probe_failed: missing_target_metrics,pool-location-id,2026-06-28T12:15:44.899471+00:00
Acer Group,"San Jose, CA",san jose,office-location,"San Jose, CA","https://www.glassdoor.com/Location/All-NVIDIA-San-Jose-Office-Locations-EI_IE7633.4,10_IL.11,19_IC1147436.htm","https://www.glassdoor.com/Reviews/Acer-Group-San-Jose-Reviews-EI_IE3802.0,10_IL.11,19_IC1147436.htm",resolved,,pool-location-id,2026-06-28T08:14:33.387819+00:00
Acer Group,"Santa Clara, CA",santa clara ca,office-location,"Santa Clara, CA","https://www.glassdoor.com/Location/All-NVIDIA-Santa-Clara-Office-Locations-EI_IE7633.4,10_IL.11,22_IC1147439.htm","https://www.glassdoor.com/Reviews/Acer-Group-Santa-Clara-Reviews-EI_IE3802.0,10_IL.11,22_IC1147439.htm",validation_failed,gap_probe_failed: missing_target_metrics,pool-location-id,2026-06-28T12:15:57.249108+00:00
Acer Group,"Toronto, ON",toronto on,office-location,"Toronto, ON","https://www.glassdoor.com/Location/All-NVIDIA-Toronto-Office-Locations-EI_IE7633.4,10_IL.11,18_IC2281069.htm","https://www.glassdoor.com/Reviews/Acer-Group-Toronto-Reviews-EI_IE3802.0,10_IL.11,18_IC2281069.htm",validation_failed,gap_probe_failed: missing_target_metrics,pool-location-id,2026-06-28T12:16:03.610221+00:00
Acer Group,"Westford, MA",westford ma,office-location,"Westford, MA","https://www.glassdoor.com/Location/All-NVIDIA-Westford-Office-Locations-EI_IE7633.4,10_IL.11,19_IC1154720.htm","https://www.glassdoor.com/Reviews/Acer-Group-Westford-Reviews-EI_IE3802.0,10_IL.11,19_IC1154720.htm",validation_failed,gap_probe_failed: missing_target_metrics,pool-location-id,2026-06-28T12:16:10.725010+00:00
Acer Group,"Moscow, 48",moscow 48,office-location,"Moscow, 48","https://www.glassdoor.com/Location/All-NVIDIA-Moscow-Office-Locations-EI_IE7633.4,10_IL.11,17_IC3348306.htm","https://www.glassdoor.com/Reviews/Acer-Group-Moscow-Reviews-EI_IE3802.0,10_IL.11,17_IC3348306.htm",validation_failed,gap_probe_failed: missing_target_metrics,pool-location-id,2026-06-28T12:16:16.706523+00:00
Acer Group,"Munich, BY",munich by,office-location,"Munich, BY","https://www.glassdoor.com/Location/All-NVIDIA-Munich-Office-Locations-EI_IE7633.4,10_IL.11,17_IC4990924.htm","https://www.glassdoor.com/Reviews/Acer-Group-Munich-Reviews-EI_IE3802.0,10_IL.11,17_IC4990924.htm",validation_failed,gap_probe_failed: missing_target_metrics,pool-location-id,2026-06-28T12:16:23.177658+00:00
Acer Group,"Reading, ENG",reading eng,office-location,"Reading, ENG","https://www.glassdoor.com/Location/All-NVIDIA-Reading-Office-Locations-EI_IE7633.4,10_IL.11,18_IC2675152.htm","https://www.glassdoor.com/Reviews/Acer-Group-Reading-Reviews-EI_IE3802.0,10_IL.11,18_IC2675152.htm",resolved,,pool-location-id,2026-06-28T12:16:29.220309+00:00
Acer Group,"Zürich, ZH",z rich zh,office-location,"Zürich, ZH","https://www.glassdoor.com/Location/All-NVIDIA-Zürich-Office-Locations-EI_IE7633.4,10_IL.11,17_IC3297851.htm","https://www.glassdoor.com/Reviews/Acer-Group-Z%C3%BCrich-Reviews-EI_IE3802.0,10_IL.11,17_IC3297851.htm",resolved,,pool-location-id,2026-06-28T12:16:36.404165+00:00
Acer Group,"Bengaluru, KA",bengaluru ka,office-location,"Bengaluru, KA","https://www.glassdoor.com/Location/All-NVIDIA-Bengaluru-Office-Locations-EI_IE7633.4,10_IL.11,20_IC2940587.htm","https://www.glassdoor.com/Reviews/Acer-Group-Bengaluru-Reviews-EI_IE3802.0,10_IL.11,20_IC2940587.htm",resolved,,pool-location-id,2026-06-28T12:16:42.961775+00:00
Acer Group,"Hsinchu, TXG",hsinchu txg,office-location,"Hsinchu, TXG","https://www.glassdoor.com/Location/All-NVIDIA-Hsinchu-Office-Locations-EI_IE7633.4,10_IL.11,18_IC4915323.htm","https://www.glassdoor.com/Reviews/Acer-Group-Hsinchu-Reviews-EI_IE3802.0,10_IL.11,18_IC4915323.htm",resolved,,pool-location-id,2026-06-28T12:16:50.607910+00:00
Acer Group,"Pudong, 23",pudong 23,office-location,"Pudong, 23","https://www.glassdoor.com/Location/All-NVIDIA-Pudong-Office-Locations-EI_IE7633.4,10_IL.11,17_IC2415109.htm","https://www.glassdoor.com/Reviews/Acer-Group-Pudong-Reviews-EI_IE3802.0,10_IL.11,17_IC2415109.htm",validation_failed,gap_probe_failed: missing_target_metrics,pool-location-id,2026-06-28T12:16:56.849014+00:00
Acer Group,"Pune, MH",pune mh,office-location,"Pune, MH","https://www.glassdoor.com/Location/All-NVIDIA-Pune-Office-Locations-EI_IE7633.4,10_IL.11,15_IC2856202.htm","https://www.glassdoor.com/Reviews/Acer-Group-Pune-Reviews-EI_IE3802.0,10_IL.11,15_IC2856202.htm",validation_failed,gap_probe_failed: missing_target_metrics,pool-location-id,2026-06-28T12:17:07.824494+00:00
Acer Group,"Shanghai, 23",shanghai 23,office-location,"Shanghai, 23","https://www.glassdoor.com/Location/All-NVIDIA-Shanghai-Office-Locations-EI_IE7633.4,10_IL.11,19_IC2416009.htm","https://www.glassdoor.com/Reviews/Acer-Group-Shanghai-Reviews-EI_IE3802.0,10_IL.11,19_IC2416009.htm",resolved,,pool-location-id,2026-06-28T12:17:13.999236+00:00
Acer Group,"San Jose, MP",san jose mp,office-location,"San Jose, CA","https://www.glassdoor.com/Location/All-NVIDIA-San-Jose-Office-Locations-EI_IE7633.4,10_IL.11,19_IC1147436.htm","https://www.glassdoor.com/Reviews/Acer-Group-San-Jose-Reviews-EI_IE3802.0,10_IL.11,19_IC1147436.htm",resolved,,pool-location-id,2026-06-28T12:17:21.362371+00:00
Acer Group,"Frankfurt am Main, HE",frankfurt am main he,office-location,"Frankfurt am Main, HE","https://www.glassdoor.com/Location/All-Micro-Star-International-Frankfurt-am-Main-Office-Locations-EI_IE41141.4,28_IL.29,46_IC2632180.htm","https://www.glassdoor.com/Reviews/Acer-Group-Frankfurt-am-Main-Reviews-EI_IE3802.0,10_IL.11,28_IC2632180.htm",validation_failed,gap_probe_failed: missing_target_metrics,pool-location-id,2026-06-28T12:17:27.763645+00:00
Acer Group,"Boise, ID",boise id,office-location,"Boise, ID","https://www.glassdoor.com/Location/All-HP-Inc-Boise-Office-Locations-EI_IE1093161.4,10_IL.11,16_IC1127927.htm","https://www.glassdoor.com/Reviews/Acer-Group-Boise-Reviews-EI_IE3802.0,10_IL.11,16_IC1127927.htm",validation_failed,gap_probe_failed: missing_target_metrics,pool-location-id,2026-06-28T12:17:34.345160+00:00
Acer Group,"Corvallis, OR",corvallis or,office-location,"Corvallis, OR","https://www.glassdoor.com/Location/All-HP-Inc-Corvallis-Office-Locations-EI_IE1093161.4,10_IL.11,20_IC1151455.htm","https://www.glassdoor.com/Reviews/Acer-Group-Corvallis-Reviews-EI_IE3802.0,10_IL.11,20_IC1151455.htm",validation_failed,gap_probe_failed: missing_target_metrics,pool-location-id,2026-06-28T12:17:41.222069+00:00
Acer Group,"Fort Collins, CO",fort collins co,office-location,"Fort Collins, CO","https://www.glassdoor.com/Location/All-HP-Inc-Fort-Collins-Office-Locations-EI_IE1093161.4,10_IL.11,23_IC1148233.htm","https://www.glassdoor.com/Reviews/Acer-Group-Fort-Collins-Reviews-EI_IE3802.0,10_IL.11,23_IC1148233.htm",validation_failed,gap_probe_failed: missing_target_metrics,pool-location-id,2026-06-28T12:17:47.723169+00:00
Acer Group,"Guadalajara, JAL",guadalajara jal,office-location,"Guadalajara, JAL","https://www.glassdoor.com/Location/All-HP-Inc-Guadalajara-Office-Locations-EI_IE1093161.4,10_IL.11,22_IC3486357.htm","https://www.glassdoor.com/Reviews/Acer-Group-Guadalajara-Reviews-EI_IE3802.0,10_IL.11,22_IC3486357.htm",validation_failed,gap_probe_failed: missing_target_metrics,pool-location-id,2026-06-28T12:17:54.316228+00:00
Acer Group,"Houston, TX",houston tx,office-location,"Houston, TX","https://www.glassdoor.com/Location/All-HP-Inc-Houston-Office-Locations-EI_IE1093161.4,10_IL.11,18_IC1140171.htm","https://www.glassdoor.com/Reviews/Acer-Group-Houston-Reviews-EI_IE3802.0,10_IL.11,18_IC1140171.htm",resolved,,pool-location-id,2026-06-28T12:18:01.040303+00:00
Acer Group,"Palo Alto, CA",palo alto ca,office-location,"Palo Alto, CA","https://www.glassdoor.com/Location/All-HP-Inc-Palo-Alto-Office-Locations-EI_IE1093161.4,10_IL.11,20_IC1147434.htm","https://www.glassdoor.com/Reviews/Acer-Group-Palo-Alto-Reviews-EI_IE3802.0,10_IL.11,20_IC1147434.htm",validation_failed,gap_probe_failed: missing_target_metrics,pool-location-id,2026-06-28T12:18:07.959796+00:00
Acer Group,"Portland, OR",portland or,office-location,"Portland, OR","https://www.glassdoor.com/Location/All-HP-Inc-Portland-Office-Locations-EI_IE1093161.4,10_IL.11,19_IC1151614.htm","https://www.glassdoor.com/Reviews/Acer-Group-Portland-Reviews-EI_IE3802.0,10_IL.11,19_IC1151614.htm",validation_failed,gap_probe_failed: missing_target_metrics,pool-location-id,2026-06-28T12:18:19.590161+00:00
Acer Group,"San Diego, CA",san diego ca,office-location,"San Diego, CA","https://www.glassdoor.com/Location/All-HP-Inc-San-Diego-Office-Locations-EI_IE1093161.4,10_IL.11,20_IC1147311.htm","https://www.glassdoor.com/Reviews/Acer-Group-San-Diego-Reviews-EI_IE3802.0,10_IL.11,20_IC1147311.htm",validation_failed,gap_probe_failed: missing_target_metrics,pool-location-id,2026-06-28T12:18:26.936647+00:00
Acer Group,"Spring, TX",spring tx,office-location,"Spring, TX","https://www.glassdoor.com/Location/All-HP-Inc-Spring-Office-Locations-EI_IE1093161.4,10_IL.11,17_IC1140222.htm","https://www.glassdoor.com/Reviews/Acer-Group-Spring-Reviews-EI_IE3802.0,10_IL.11,17_IC1140222.htm",validation_failed,gap_probe_failed: missing_target_metrics,pool-location-id,2026-06-28T12:18:33.961860+00:00
Acer Group,"Sunnyvale, CA",sunnyvale ca,office-location,"Sunnyvale, CA","https://www.glassdoor.com/Location/All-HP-Inc-Sunnyvale-Office-Locations-EI_IE1093161.4,10_IL.11,20_IC1147442.htm","https://www.glassdoor.com/Reviews/Acer-Group-Sunnyvale-Reviews-EI_IE3802.0,10_IL.11,20_IC1147442.htm",resolved,,pool-location-id,2026-06-28T12:18:40.804097+00:00
Acer Group,"Tlaquepaque, JAL",tlaquepaque jal,office-location,"Tlaquepaque, JAL","https://www.glassdoor.com/Location/All-HP-Inc-Tlaquepaque-Office-Locations-EI_IE1093161.4,10_IL.11,22_IC3486348.htm","https://www.glassdoor.com/Reviews/Acer-Group-Tlaquepaque-Reviews-EI_IE3802.0,10_IL.11,22_IC3486348.htm",validation_failed,gap_probe_failed: missing_target_metrics,pool-location-id,2026-06-28T12:18:48.420279+00:00
Acer Group,"Vancouver, WA",vancouver wa,office-location,"Vancouver, WA","https://www.glassdoor.com/Location/All-HP-Inc-Vancouver-Office-Locations-EI_IE1093161.4,10_IL.11,20_IC1150413.htm","https://www.glassdoor.com/Reviews/Acer-Group-Vancouver-Reviews-EI_IE3802.0,10_IL.11,20_IC1150413.htm",validation_failed,gap_probe_failed: missing_target_metrics,pool-location-id,2026-06-28T12:18:54.660942+00:00
Acer Group,"Zapopan, JAL",zapopan jal,office-location,"Zapopan, JAL","https://www.glassdoor.com/Location/All-HP-Inc-Zapopan-Office-Locations-EI_IE1093161.4,10_IL.11,18_IC3487018.htm","https://www.glassdoor.com/Reviews/Acer-Group-Zapopan-Reviews-EI_IE3802.0,10_IL.11,18_IC3487018.htm",validation_failed,gap_probe_failed: missing_target_metrics,pool-location-id,2026-06-28T12:19:01.489873+00:00
Acer Group,"Boulogne-Billancourt, A8",boulogne billancourt a8,office-location,"Boulogne-Billancourt, A8","https://www.glassdoor.com/Location/All-HP-Inc-Boulogne-Billancourt-Office-Locations-EI_IE1093161.4,10_IL.11,31_IC3040032.htm","https://www.glassdoor.com/Reviews/Acer-Group-Boulogne-Billancourt-Reviews-EI_IE3802.0,10_IL.11,31_IC3040032.htm",validation_failed,gap_probe_failed: missing_target_metrics,pool-location-id,2026-06-28T12:19:09.095678+00:00
Acer Group,"Bucharest, B",bucharest b,office-location,"Bucharest, B","https://www.glassdoor.com/Location/All-HP-Inc-Bucharest-Office-Locations-EI_IE1093161.4,10_IL.11,20_IC3184907.htm","https://www.glassdoor.com/Reviews/Acer-Group-Bucharest-Reviews-EI_IE3802.0,10_IL.11,20_IC3184907.htm",validation_failed,gap_probe_failed: missing_target_metrics,pool-location-id,2026-06-28T12:19:15.675691+00:00
Acer Group,"Cambridge, ENG",cambridge eng,office-location,"Cambridge, ENG","https://www.glassdoor.com/Location/All-HP-Inc-Cambridge-Office-Locations-EI_IE1093161.4,10_IL.11,20_IC2662516.htm","https://www.glassdoor.com/Reviews/Acer-Group-Cambridge-Reviews-EI_IE3802.0,10_IL.11,20_IC2662516.htm",validation_failed,gap_probe_failed: missing_target_metrics,pool-location-id,2026-06-28T12:19:21.880360+00:00
Acer Group,"Meudon, A8",meudon a8,office-location,"Meudon, A8","https://www.glassdoor.com/Location/All-HP-Inc-Meudon-Office-Locations-EI_IE1093161.4,10_IL.11,17_IC3019026.htm","https://www.glassdoor.com/Reviews/Acer-Group-Meudon-Reviews-EI_IE3802.0,10_IL.11,17_IC3019026.htm",validation_failed,gap_probe_failed: missing_target_metrics,pool-location-id,2026-06-28T12:19:33.564714+00:00
Acer Group,"Paris, A8",paris a8,office-location,"Paris, A8","https://www.glassdoor.com/Location/All-HP-Inc-Paris-Office-Locations-EI_IE1093161.4,10_IL.11,16_IC2881970.htm","https://www.glassdoor.com/Reviews/Acer-Group-Paris-Reviews-EI_IE3802.0,10_IL.11,16_IC2881970.htm",resolved,,pool-location-id,2026-06-28T12:19:39.869978+00:00
Acer Group,"Sant Cugat del Vallès, CT",sant cugat del vall s ct,office-location,"Sant Cugat del Vallès, CT","https://www.glassdoor.com/Location/All-HP-Inc-Sant-Cugat-del-Vallès-Office-Locations-EI_IE1093161.4,10_IL.11,32_IC4843928.htm","https://www.glassdoor.com/Reviews/Acer-Group-Sant-Cugat-del-Vall%C3%A8s-Reviews-EI_IE3802.0,10_IL.11,32_IC4843928.htm",validation_failed,gap_probe_failed: missing_target_metrics,pool-location-id,2026-06-28T12:19:45.750028+00:00
Acer Group,"Tuas, W",tuas w,office-location,"Tuas, W","https://www.glassdoor.com/Location/All-HP-Inc-Tuas-Office-Locations-EI_IE1093161.4,10_IL.11,15_IC3235538.htm","https://www.glassdoor.com/Reviews/Acer-Group-Tuas-Reviews-EI_IE3802.0,10_IL.11,15_IC3235538.htm",validation_failed,gap_probe_failed: missing_target_metrics,pool-location-id,2026-06-28T12:19:52.845354+00:00
Acer Group,"Whitefield, KA",whitefield ka,office-location,"Whitefield, KA","https://www.glassdoor.com/Location/All-HP-Inc-Whitefield-Office-Locations-EI_IE1093161.4,10_IL.11,21_IC2941717.htm","https://www.glassdoor.com/Reviews/Acer-Group-Whitefield-Reviews-EI_IE3802.0,10_IL.11,21_IC2941717.htm",validation_failed,gap_probe_failed: missing_target_metrics,pool-location-id,2026-06-28T12:19:59.920285+00:00
Acer Group,"Lake Forest, CA",lake forest ca,office-location,"Lake Forest, CA","https://www.glassdoor.com/Location/All-Wistron-Lake-Forest-Office-Locations-EI_IE15218.4,11_IL.12,23_IC1146811.htm","https://www.glassdoor.com/Reviews/Acer-Group-Lake-Forest-Reviews-EI_IE3802.0,10_IL.11,22_IC1146811.htm",validation_failed,gap_probe_failed: missing_target_metrics,pool-location-id,2026-06-28T12:20:06.811223+00:00
Acer Group,"Rolling Meadows, IL",rolling meadows il,office-location,"Rolling Meadows, IL","https://www.glassdoor.com/Location/All-Wistron-Rolling-Meadows-Office-Locations-EI_IE15218.4,11_IL.12,27_IC1128962.htm","https://www.glassdoor.com/Reviews/Acer-Group-Rolling-Meadows-Reviews-EI_IE3802.0,10_IL.11,26_IC1128962.htm",validation_failed,gap_probe_failed: missing_target_metrics,pool-location-id,2026-06-28T12:20:13.309617+00:00
Acer Group,"Wuhan, 12",wuhan 12,office-location,"Wuhan, 12","https://www.glassdoor.com/Location/All-Wistron-Wuhan-Office-Locations-EI_IE15218.4,11_IL.12,17_IC2478891.htm","https://www.glassdoor.com/Reviews/Acer-Group-Wuhan-Reviews-EI_IE3802.0,10_IL.11,16_IC2478891.htm",validation_failed,gap_probe_failed: missing_target_metrics,pool-location-id,2026-06-28T12:20:19.820412+00:00
Acer Group,"Hoofddorp, NH",hoofddorp nh,office-location,"Hoofddorp, NH","https://www.glassdoor.com/Location/All-Delta-Electronics-Hoofddorp-Office-Locations-EI_IE41146.4,21_IL.22,31_IC3063772.htm","https://www.glassdoor.com/Reviews/Acer-Group-Hoofddorp-Reviews-EI_IE3802.0,10_IL.11,20_IC3063772.htm",validation_failed,gap_probe_failed: missing_target_metrics,pool-location-id,2026-06-28T12:20:26.129986+00:00
Acer Group,"Notting Hill, VIC",notting hill vic,office-location,"Notting Hill, VIC","https://www.glassdoor.com/Location/All-Delta-Electronics-Notting-Hill-Office-Locations-EI_IE41146.4,21_IL.22,34_IC2257042.htm","https://www.glassdoor.com/Reviews/Acer-Group-Notting-Hill-Reviews-EI_IE3802.0,10_IL.11,23_IC2257042.htm",validation_failed,gap_probe_failed: missing_target_metrics,pool-location-id,2026-06-28T12:20:32.731496+00:00
Acer Group,"Jeffersonville, IN",jeffersonville in,office-location,"Jeffersonville, IN","https://www.glassdoor.com/Location/All-Pegatron-Jeffersonville-Office-Locations-EI_IE337948.4,12_IL.13,27_IC1145141.htm","https://www.glassdoor.com/Reviews/Acer-Group-Jeffersonville-Reviews-EI_IE3802.0,10_IL.11,25_IC1145141.htm",validation_failed,gap_probe_failed: missing_target_metrics,pool-location-id,2026-06-28T12:20:43.970489+00:00
Acer Group,"Irving, TX",irving tx,office-location,"Irving, TX","https://www.glassdoor.com/Location/All-Trend-Micro-Inc-Irving-Office-Locations-EI_IE8983.4,19_IL.20,26_IC1140006.htm","https://www.glassdoor.com/Reviews/Acer-Group-Irving-Reviews-EI_IE3802.0,10_IL.11,17_IC1140006.htm",validation_failed,gap_probe_failed: missing_target_metrics,pool-location-id,2026-06-28T12:20:51.033279+00:00
Acer Group,"Jersey City, NJ",jersey city nj,office-location,"Jersey City, NJ","https://www.glassdoor.com/Location/All-Trend-Micro-Inc-Jersey-City-Office-Locations-EI_IE8983.4,19_IL.20,31_IC1126819.htm","https://www.glassdoor.com/Reviews/Acer-Group-Jersey-City-Reviews-EI_IE3802.0,10_IL.11,22_IC1126819.htm",validation_failed,gap_probe_failed: missing_target_metrics,pool-location-id,2026-06-28T12:20:57.918594+00:00
Acer Group,"Kanata, ON",kanata on,office-location,"Kanata, ON","https://www.glassdoor.com/Location/All-Trend-Micro-Inc-Kanata-Office-Locations-EI_IE8983.4,19_IL.20,26_IC2282818.htm","https://www.glassdoor.com/Reviews/Acer-Group-Kanata-Reviews-EI_IE3802.0,10_IL.11,17_IC2282818.htm",validation_failed,gap_probe_failed: missing_target_metrics,pool-location-id,2026-06-28T12:21:04.796560+00:00
Acer Group,"Cork, M",cork m,office-location,"Cork, M","https://www.glassdoor.com/Location/All-Trend-Micro-Inc-Cork-Office-Locations-EI_IE8983.4,19_IL.20,24_IC4325638.htm","https://www.glassdoor.com/Reviews/Acer-Group-Cork-Reviews-EI_IE3802.0,10_IL.11,15_IC4325638.htm",validation_failed,gap_probe_failed: missing_target_metrics,pool-location-id,2026-06-28T12:21:11.066680+00:00
Acer Group,"London, ENG",london eng,office-location,"London, ENG","https://www.glassdoor.com/Location/All-Trend-Micro-Inc-London-Office-Locations-EI_IE8983.4,19_IL.20,26_IC2671300.htm","https://www.glassdoor.com/Reviews/Acer-Group-London-Reviews-EI_IE3802.0,10_IL.11,17_IC2671300.htm",resolved,,pool-location-id,2026-06-28T12:21:18.170305+00:00
Acer Group,"Paddington, ENG",paddington eng,office-location,"Paddington, ENG","https://www.glassdoor.com/Location/All-Trend-Micro-Inc-Paddington-Office-Locations-EI_IE8983.4,19_IL.20,30_IC3527325.htm","https://www.glassdoor.com/Reviews/Acer-Group-Paddington-Reviews-EI_IE3802.0,10_IL.11,21_IC3527325.htm",validation_failed,gap_probe_failed: missing_target_metrics,pool-location-id,2026-06-28T12:21:24.970728+00:00
Acer Group,"Aliso, CA",aliso ca,office-location,"Aliso, CA","https://www.glassdoor.com/Location/All-Dell-Technologies-Aliso-Office-Locations-EI_IE1327.4,21_IL.22,27_IC3789361.htm","https://www.glassdoor.com/Reviews/Acer-Group-Aliso-Reviews-EI_IE3802.0,10_IL.11,16_IC3789361.htm",validation_failed,gap_probe_failed: missing_target_metrics,pool-location-id,2026-06-28T12:21:31.513722+00:00
Acer Group,"Bedford, MA",bedford ma,office-location,"Bedford, MA","https://www.glassdoor.com/Location/All-Dell-Technologies-Bedford-Office-Locations-EI_IE1327.4,21_IL.22,29_IC1154527.htm","https://www.glassdoor.com/Reviews/Acer-Group-Bedford-Reviews-EI_IE3802.0,10_IL.11,18_IC1154527.htm",validation_failed,gap_probe_failed: missing_target_metrics,pool-location-id,2026-06-28T12:21:38.614893+00:00
Acer Group,"Boston, MA",boston ma,office-location,"Boston, MA","https://www.glassdoor.com/Location/All-Dell-Technologies-Boston-Office-Locations-EI_IE1327.4,21_IL.22,28_IC1154532.htm","https://www.glassdoor.com/Reviews/Acer-Group-Boston-Reviews-EI_IE3802.0,10_IL.11,17_IC1154532.htm",validation_failed,gap_probe_failed: missing_target_metrics,pool-location-id,2026-06-28T12:21:45.074109+00:00
Acer Group,"Boydton, VA",boydton va,office-location,"Boydton, VA","https://www.glassdoor.com/Location/All-Dell-Technologies-Boydton-Office-Locations-EI_IE1327.4,21_IL.22,29_IC1129623.htm","https://www.glassdoor.com/Reviews/Acer-Group-Boydton-Reviews-EI_IE3802.0,10_IL.11,18_IC1129623.htm",validation_failed,gap_probe_failed: missing_target_metrics,pool-location-id,2026-06-28T12:21:57.306681+00:00
Acer Group,"Cambridge, MA",cambridge ma,office-location,"Cambridge, MA","https://www.glassdoor.com/Location/All-Dell-Technologies-Cambridge-Office-Locations-EI_IE1327.4,21_IL.22,31_IC1154545.htm","https://www.glassdoor.com/Reviews/Acer-Group-Cambridge-Reviews-EI_IE3802.0,10_IL.11,20_IC1154545.htm",validation_failed,gap_probe_failed: missing_target_metrics,pool-location-id,2026-06-28T12:22:04.381296+00:00
Acer Group,"Canada, KY",canada ky,office-location,"Canada, KY","https://www.glassdoor.com/Location/All-Dell-Technologies-Canada-Office-Locations-EI_IE1327.4,21_IL.22,28_IC1137126.htm","https://www.glassdoor.com/Reviews/Acer-Group-Canada-Reviews-EI_IE3802.0,10_IL.11,17_IC1137126.htm",validation_failed,gap_probe_failed: missing_target_metrics,pool-location-id,2026-06-28T12:22:11.079143+00:00
Acer Group,"Canton, MA",canton ma,office-location,"Canton, MA","https://www.glassdoor.com/Location/All-Dell-Technologies-Canton-Office-Locations-EI_IE1327.4,21_IL.22,28_IC1154546.htm","https://www.glassdoor.com/Reviews/Acer-Group-Canton-Reviews-EI_IE3802.0,10_IL.11,17_IC1154546.htm",validation_failed,gap_probe_failed: missing_target_metrics,pool-location-id,2026-06-28T12:22:18.602463+00:00
Acer Group,"Cedar Park, TX",cedar park tx,office-location,"Cedar Park, TX","https://www.glassdoor.com/Location/All-Dell-Technologies-Cedar-Park-Office-Locations-EI_IE1327.4,21_IL.22,32_IC1139765.htm","https://www.glassdoor.com/Reviews/Acer-Group-Cedar-Park-Reviews-EI_IE3802.0,10_IL.11,21_IC1139765.htm",validation_failed,gap_probe_failed: missing_target_metrics,pool-location-id,2026-06-28T12:22:25.259802+00:00
Acer Group,"Framingham, MA",framingham ma,office-location,"Framingham, MA","https://www.glassdoor.com/Location/All-Dell-Technologies-Framingham-Office-Locations-EI_IE1327.4,21_IL.22,32_IC1154571.htm","https://www.glassdoor.com/Reviews/Acer-Group-Framingham-Reviews-EI_IE3802.0,10_IL.11,21_IC1154571.htm",validation_failed,gap_probe_failed: missing_target_metrics,pool-location-id,2026-06-28T12:22:32.161016+00:00
Acer Group,"Franklin, MA",franklin ma,office-location,"Franklin, MA","https://www.glassdoor.com/Location/All-Dell-Technologies-Franklin-Office-Locations-EI_IE1327.4,21_IL.22,30_IC1154572.htm","https://www.glassdoor.com/Reviews/Acer-Group-Franklin-Reviews-EI_IE3802.0,10_IL.11,19_IC1154572.htm",validation_failed,gap_probe_failed: missing_target_metrics,pool-location-id,2026-06-28T12:22:38.733773+00:00
Acer Group,"Fuquay-Varina, NC",fuquay varina nc,office-location,"Fuquay-Varina, NC","https://www.glassdoor.com/Location/All-Dell-Technologies-Fuquay-Varina-Office-Locations-EI_IE1327.4,21_IL.22,35_IC3757296.htm","https://www.glassdoor.com/Reviews/Acer-Group-Fuquay-Varina-Reviews-EI_IE3802.0,10_IL.11,24_IC3757296.htm",validation_failed,gap_probe_failed: missing_target_metrics,pool-location-id,2026-06-28T12:22:45.081454+00:00
Acer Group,"Georgetown, TX",georgetown tx,office-location,"Georgetown, TX","https://www.glassdoor.com/Location/All-Dell-Technologies-Georgetown-Office-Locations-EI_IE1327.4,21_IL.22,32_IC1139774.htm","https://www.glassdoor.com/Reviews/Acer-Group-Georgetown-Reviews-EI_IE3802.0,10_IL.11,21_IC1139774.htm",validation_failed,gap_probe_failed: missing_target_metrics,pool-location-id,2026-06-28T12:22:51.231749+00:00
Acer Group,"Hopkinton, MA",hopkinton ma,office-location,"Hopkinton, MA","https://www.glassdoor.com/Location/All-Dell-Technologies-Hopkinton-Office-Locations-EI_IE1327.4,21_IL.22,31_IC1154589.htm","https://www.glassdoor.com/Reviews/Acer-Group-Hopkinton-Reviews-EI_IE3802.0,10_IL.11,20_IC1154589.htm",validation_failed,gap_probe_failed: missing_target_metrics,pool-location-id,2026-06-28T12:22:57.504536+00:00
Acer Group,"India, TX",india tx,office-location,"India, TX","https://www.glassdoor.com/Location/All-Dell-Technologies-India-Office-Locations-EI_IE1327.4,21_IL.22,27_IC3759223.htm","https://www.glassdoor.com/Reviews/Acer-Group-India-Reviews-EI_IE3802.0,10_IL.11,16_IC3759223.htm",validation_failed,gap_probe_failed: missing_target_metrics,pool-location-id,2026-06-28T12:23:08.905121+00:00
Acer Group,"Land O' Lakes, FL",land o lakes fl,office-location,"Land O' Lakes, FL","https://www.glassdoor.com/Location/All-Dell-Technologies-Land-O-Lakes-Office-Locations-EI_IE1327.4,21_IL.22,34_IC3817049.htm","https://www.glassdoor.com/Reviews/Acer-Group-Land-O-Lakes-Reviews-EI_IE3802.0,10_IL.11,23_IC3817049.htm",validation_failed,gap_probe_failed: missing_target_metrics,pool-location-id,2026-06-28T12:23:15.955125+00:00
Acer Group,"Leander, TX",leander tx,office-location,"Leander, TX","https://www.glassdoor.com/Location/All-Dell-Technologies-Leander-Office-Locations-EI_IE1327.4,21_IL.22,29_IC1139779.htm","https://www.glassdoor.com/Reviews/Acer-Group-Leander-Reviews-EI_IE3802.0,10_IL.11,18_IC1139779.htm",validation_failed,gap_probe_failed: missing_target_metrics,pool-location-id,2026-06-28T12:23:22.619815+00:00
Acer Group,"Pflugerville, TX",pflugerville tx,office-location,"Pflugerville, TX","https://www.glassdoor.com/Location/All-Dell-Technologies-Pflugerville-Office-Locations-EI_IE1327.4,21_IL.22,34_IC1139790.htm","https://www.glassdoor.com/Reviews/Acer-Group-Pflugerville-Reviews-EI_IE3802.0,10_IL.11,23_IC1139790.htm",validation_failed,gap_probe_failed: missing_target_metrics,pool-location-id,2026-06-28T12:23:29.869966+00:00
Acer Group,"Quincy, MA",quincy ma,office-location,"Quincy, MA","https://www.glassdoor.com/Location/All-Dell-Technologies-Quincy-Office-Locations-EI_IE1327.4,21_IL.22,28_IC1154667.htm","https://www.glassdoor.com/Reviews/Acer-Group-Quincy-Reviews-EI_IE3802.0,10_IL.11,17_IC1154667.htm",validation_failed,gap_probe_failed: missing_target_metrics,pool-location-id,2026-06-28T12:23:35.919687+00:00
Acer Group,"Round Rock, TX",round rock tx,office-location,"Round Rock, TX","https://www.glassdoor.com/Location/All-Dell-Technologies-Round-Rock-Office-Locations-EI_IE1327.4,21_IL.22,32_IC1139794.htm","https://www.glassdoor.com/Reviews/Acer-Group-Round-Rock-Reviews-EI_IE3802.0,10_IL.11,21_IC1139794.htm",validation_failed,gap_probe_failed: missing_target_metrics,pool-location-id,2026-06-28T12:23:42.319865+00:00
Acer Group,"San Marcos, TX",san marcos tx,office-location,"San Marcos, TX","https://www.glassdoor.com/Location/All-Dell-Technologies-San-Marcos-Office-Locations-EI_IE1327.4,21_IL.22,32_IC1139795.htm","https://www.glassdoor.com/Reviews/Acer-Group-San-Marcos-Reviews-EI_IE3802.0,10_IL.11,21_IC1139795.htm",validation_failed,gap_probe_failed: missing_target_metrics,pool-location-id,2026-06-28T12:23:48.958280+00:00
Acer Group,"Satellite Beach, FL",satellite beach fl,office-location,"Satellite Beach, FL","https://www.glassdoor.com/Location/All-Dell-Technologies-Satellite-Beach-Office-Locations-EI_IE1327.4,21_IL.22,37_IC1154294.htm","https://www.glassdoor.com/Reviews/Acer-Group-Satellite-Beach-Reviews-EI_IE3802.0,10_IL.11,26_IC1154294.htm",validation_failed,gap_probe_failed: missing_target_metrics,pool-location-id,2026-06-28T12:23:55.942258+00:00
Acer Group,"Wellesley, MA",wellesley ma,office-location,"Wellesley, MA","https://www.glassdoor.com/Location/All-Dell-Technologies-Wellesley-Office-Locations-EI_IE1327.4,21_IL.22,31_IC1154708.htm","https://www.glassdoor.com/Reviews/Acer-Group-Wellesley-Reviews-EI_IE3802.0,10_IL.11,20_IC1154708.htm",validation_failed,gap_probe_failed: missing_target_metrics,pool-location-id,2026-06-28T12:24:01.979864+00:00
Acer Group,"Domlur, KA",domlur ka,office-location,"Domlur, KA","https://www.glassdoor.com/Location/All-Dell-Technologies-Domlur-Office-Locations-EI_IE1327.4,21_IL.22,28_IC4470560.htm","https://www.glassdoor.com/Reviews/Acer-Group-Domlur-Reviews-EI_IE3802.0,10_IL.11,17_IC4470560.htm",validation_failed,gap_probe_failed: missing_target_metrics,pool-location-id,2026-06-28T12:24:08.762082+00:00
Acer Group,"Chicago, IL",chicago il,office-location,"Chicago, IL","https://www.glassdoor.com/Location/All-Lenovo-Chicago-Office-Locations-EI_IE8034.4,10_IL.11,18_IC1128808.htm","https://www.glassdoor.com/Reviews/Acer-Group-Chicago-Reviews-EI_IE3802.0,10_IL.11,18_IC1128808.htm",resolved,,pool-location-id,2026-06-28T12:24:20.018607+00:00
Acer Group,"Morrisville, NC",morrisville nc,office-location,"Morrisville, NC","https://www.glassdoor.com/Location/All-Lenovo-Morrisville-Office-Locations-EI_IE8034.4,10_IL.11,22_IC1138956.htm","https://www.glassdoor.com/Reviews/Acer-Group-Morrisville-Reviews-EI_IE3802.0,10_IL.11,22_IC1138956.htm",validation_failed,gap_probe_failed: missing_target_metrics,pool-location-id,2026-06-28T12:24:27.185759+00:00
Acer Group,"Bratislava, 02",bratislava 02,office-location,"Bratislava, 02","https://www.glassdoor.com/Location/All-Lenovo-Bratislava-Office-Locations-EI_IE8034.4,10_IL.11,21_IC2907054.htm","https://www.glassdoor.com/Reviews/Acer-Group-Bratislava-Reviews-EI_IE3802.0,10_IL.11,21_IC2907054.htm",validation_failed,gap_probe_failed: missing_target_metrics,pool-location-id,2026-06-28T12:24:33.350764+00:00
Acer Group,"Stuttgart, BW",stuttgart bw,office-location,"Stuttgart, BW","https://www.glassdoor.com/Location/All-Lenovo-Stuttgart-Office-Locations-EI_IE8034.4,10_IL.11,20_IC2507190.htm","https://www.glassdoor.com/Reviews/Acer-Group-Stuttgart-Reviews-EI_IE3802.0,10_IL.11,20_IC2507190.htm",validation_failed,gap_probe_failed: missing_target_metrics,pool-location-id,2026-06-28T12:24:40.098702+00:00
Acer Group,"Beijing, 22",beijing 22,office-location,"Beijing, 22","https://www.glassdoor.com/Location/All-Lenovo-Beijing-Office-Locations-EI_IE8034.4,10_IL.11,18_IC2398510.htm","https://www.glassdoor.com/Reviews/Acer-Group-Beijing-Reviews-EI_IE3802.0,10_IL.11,18_IC2398510.htm",resolved,,pool-location-id,2026-06-28T12:24:46.864876+00:00
Acer Group,"Changping, 22",changping 22,office-location,"Changping, 22","https://www.glassdoor.com/Location/All-Lenovo-Changping-Office-Locations-EI_IE8034.4,10_IL.11,20_IC2405661.htm","https://www.glassdoor.com/Reviews/Acer-Group-Changping-Reviews-EI_IE3802.0,10_IL.11,20_IC2405661.htm",validation_failed,gap_probe_failed: missing_target_metrics,pool-location-id,2026-06-28T12:24:53.176593+00:00
Acer Group,"Haidian, 22",haidian 22,office-location,"Haidian, 22","https://www.glassdoor.com/Location/All-Lenovo-Haidian-Office-Locations-EI_IE8034.4,10_IL.11,18_IC2405685.htm","https://www.glassdoor.com/Reviews/Acer-Group-Haidian-Reviews-EI_IE3802.0,10_IL.11,18_IC2405685.htm",validation_failed,gap_probe_failed: missing_target_metrics,pool-location-id,2026-06-28T12:24:59.541867+00:00
Acer Group,Hong Kong,hong kong,office-location,Hong Kong,"https://www.glassdoor.com/Location/All-Lenovo-Hong-Kong-Office-Locations-EI_IE8034.4,10_IL.11,20_IC2308631.htm","https://www.glassdoor.com/Reviews/Acer-Group-Hong-Kong-Reviews-EI_IE3802.0,10_IL.11,20_IC2308631.htm",resolved,,pool-location-id,2026-06-28T12:25:06.057177+00:00
Acer Group,"Shenzhenzhen, 02",shenzhenzhen 02,office-location,"Shenzhenzhen, 02","https://www.glassdoor.com/Location/All-Lenovo-Shenzhenzhen-Office-Locations-EI_IE8034.4,10_IL.11,23_IC2441398.htm","https://www.glassdoor.com/Reviews/Acer-Group-Shenzhenzhen-Reviews-EI_IE3802.0,10_IL.11,23_IC2441398.htm",validation_failed,gap_probe_failed: missing_target_metrics,pool-location-id,2026-06-28T12:25:12.389916+00:00
Acer Group,"Xiamen, 07",xiamen 07,office-location,"Xiamen, 07","https://www.glassdoor.com/Location/All-Lenovo-Xiamen-Office-Locations-EI_IE8034.4,10_IL.11,17_IC2564138.htm","https://www.glassdoor.com/Reviews/Acer-Group-Xiamen-Reviews-EI_IE3802.0,10_IL.11,17_IC2564138.htm",validation_failed,gap_probe_failed: missing_target_metrics,pool-location-id,2026-06-28T12:25:18.374714+00:00
Acer Group,"Buenos Aires, C",buenos aires c,office-location,"Buenos Aires, C","https://www.glassdoor.com/Location/All-Lenovo-Buenos-Aires-Office-Locations-EI_IE8034.4,10_IL.11,23_IC2242084.htm","https://www.glassdoor.com/Reviews/Acer-Group-Buenos-Aires-Reviews-EI_IE3802.0,10_IL.11,23_IC2242084.htm",validation_failed,gap_probe_failed: missing_target_metrics,pool-location-id,2026-06-28T12:25:29.485968+00:00
Acer Group,"Campinas, SP",campinas sp,office-location,"Campinas, SP","https://www.glassdoor.com/Location/All-Lenovo-Campinas-Office-Locations-EI_IE8034.4,10_IL.11,19_IC2490130.htm","https://www.glassdoor.com/Reviews/Acer-Group-Campinas-Reviews-EI_IE3802.0,10_IL.11,19_IC2490130.htm",validation_failed,gap_probe_failed: missing_target_metrics,pool-location-id,2026-06-28T12:25:35.859010+00:00
Acer Group,"Indaiatuba, SP",indaiatuba sp,office-location,"Indaiatuba, SP","https://www.glassdoor.com/Location/All-Lenovo-Indaiatuba-Office-Locations-EI_IE8034.4,10_IL.11,21_IC2480058.htm","https://www.glassdoor.com/Reviews/Acer-Group-Indaiatuba-Reviews-EI_IE3802.0,10_IL.11,21_IC2480058.htm",validation_failed,gap_probe_failed: missing_target_metrics,pool-location-id,2026-06-28T12:25:42.194998+00:00
Acer Group,"Itu, SP",itu sp,office-location,"Itu, SP","https://www.glassdoor.com/Location/All-Lenovo-Itu-Office-Locations-EI_IE8034.4,10_IL.11,14_IC2490672.htm","https://www.glassdoor.com/Reviews/Acer-Group-Itu-Reviews-EI_IE3802.0,10_IL.11,14_IC2490672.htm",validation_failed,gap_probe_failed: missing_target_metrics,pool-location-id,2026-06-28T12:25:48.470251+00:00
Acer Group,"Martínez, B",mart nez b,office-location,"Martínez, B","https://www.glassdoor.com/Location/All-Lenovo-Martínez-Office-Locations-EI_IE8034.4,10_IL.11,19_IC2207815.htm","https://www.glassdoor.com/Reviews/Acer-Group-Mart%C3%ADnez-Reviews-EI_IE3802.0,10_IL.11,19_IC2207815.htm",validation_failed,gap_probe_failed: missing_target_metrics,pool-location-id,2026-06-28T12:25:55.138972+00:00
Acer Group,"Sorocaba, SP",sorocaba sp,office-location,"Sorocaba, SP","https://www.glassdoor.com/Location/All-Lenovo-Sorocaba-Office-Locations-EI_IE8034.4,10_IL.11,19_IC2475809.htm","https://www.glassdoor.com/Reviews/Acer-Group-Sorocaba-Reviews-EI_IE3802.0,10_IL.11,19_IC2475809.htm",validation_failed,gap_probe_failed: missing_target_metrics,pool-location-id,2026-06-28T12:26:01.479930+00:00
Acer Group,"Vicente López, B",vicente l pez b,office-location,"Vicente López, B","https://www.glassdoor.com/Location/All-Lenovo-Vicente-López-Office-Locations-EI_IE8034.4,10_IL.11,24_IC2211608.htm","https://www.glassdoor.com/Reviews/Acer-Group-Vicente-L%C3%B3pez-Reviews-EI_IE3802.0,10_IL.11,24_IC2211608.htm",validation_failed,gap_probe_failed: missing_target_metrics,pool-location-id,2026-06-28T12:26:08.242226+00:00
Acer Group,Global,global,manual-seed,,,https://www.glassdoor.com/Reviews/Acer-Group-Reviews-E3802.htm,resolved,,review-url-hint,2026-06-28T15:38:11.416539+08:00
Acer Group,Taipei,taipei,manual-seed,"Taipei, TPQ","https://www.glassdoor.com/Location/All-ASUS-Taipei-Office-Locations-EI_IE40093.4,8_IL.9,15_IC3271041.htm","https://www.glassdoor.com/Reviews/Acer-Group-Taipei-Reviews-EI_IE3802.0,10_IL.11,17_IC3271041.htm",resolved,,pool-location-id,2026-06-28T08:14:42.274699+00:00
Acer Group,Hsinchu,hsinchu,manual-seed,"Hsinchu, TXG","https://www.glassdoor.com/Location/All-NVIDIA-Hsinchu-Office-Locations-EI_IE7633.4,10_IL.11,18_IC4915323.htm","https://www.glassdoor.com/Reviews/Acer-Group-Hsinchu-Reviews-EI_IE3802.0,10_IL.11,18_IC4915323.htm",resolved,,pool-location-id,2026-06-28T08:14:51.286412+00:00
Acer Group,Taoyuan,taoyuan,manual-seed,,,,no_result,pool_location_id_not_found,pool-location-id,2026-06-28T08:14:51.368111+00:00
Acer Group,Shanghai,shanghai,manual-seed,"Shanghai, 23","https://www.glassdoor.com/Location/All-NVIDIA-Shanghai-Office-Locations-EI_IE7633.4,10_IL.11,19_IC2416009.htm","https://www.glassdoor.com/Reviews/Acer-Group-Shanghai-Reviews-EI_IE3802.0,10_IL.11,19_IC2416009.htm",resolved,,pool-location-id,2026-06-28T08:14:58.980581+00:00
Acer Group,Shenzhen,shenzhen,manual-seed,"Shenzhenzhen, 02","https://www.glassdoor.com/Location/All-Lenovo-Shenzhenzhen-Office-Locations-EI_IE8034.4,10_IL.11,23_IC2441398.htm","https://www.glassdoor.com/Reviews/Acer-Group-Shenzhenzhen-Reviews-EI_IE3802.0,10_IL.11,23_IC2441398.htm",validation_failed,gap_probe_failed: missing_target_metrics,pool-location-id,2026-06-28T08:15:07.259881+00:00
Acer Group,Tokyo,tokyo,manual-seed,"Tokyo, 40","https://www.glassdoor.com/Location/All-ASUS-Tokyo-Office-Locations-EI_IE40093.4,8_IL.9,14_IC2851580.htm","https://www.glassdoor.com/Reviews/Acer-Group-Tokyo-Reviews-EI_IE3802.0,10_IL.11,16_IC2851580.htm",resolved,,pool-location-id,2026-06-28T08:15:16.352082+00:00
Acer Group,Seoul,seoul,manual-seed,"Seoul, 11","https://www.glassdoor.com/Location/All-ASUS-Seoul-Office-Locations-EI_IE40093.4,8_IL.9,14_IC3021489.htm","https://www.glassdoor.com/Reviews/Acer-Group-Seoul-Reviews-EI_IE3802.0,10_IL.11,16_IC3021489.htm",validation_failed,gap_probe_failed: missing_target_metrics,pool-location-id,2026-06-28T08:15:23.950890+00:00
Acer Group,Austin,austin,manual-seed,"Austin, TX","https://www.glassdoor.com/Location/All-NVIDIA-Austin-Office-Locations-EI_IE7633.4,10_IL.11,17_IC1139761.htm","https://www.glassdoor.com/Reviews/Acer-Group-Austin-Reviews-EI_IE3802.0,10_IL.11,17_IC1139761.htm",validation_failed,gap_probe_failed: missing_target_metrics,pool-location-id,2026-06-28T08:15:32.349138+00:00
Acer Group,Seattle,seattle,manual-seed,,,,no_result,pool_location_id_not_found,pool-location-id,2026-06-28T08:15:32.431800+00:00
Acer Group,London,london,manual-seed,"London, ENG","https://www.glassdoor.com/Location/All-Trend-Micro-Inc-London-Office-Locations-EI_IE8983.4,19_IL.20,26_IC2671300.htm","https://www.glassdoor.com/Reviews/Acer-Group-London-Reviews-EI_IE3802.0,10_IL.11,17_IC2671300.htm",resolved,,pool-location-id,2026-06-28T08:15:41.495852+00:00
Acer Group,Dublin,dublin,manual-seed,,,,no_result,pool_location_id_not_found,pool-location-id,2026-06-28T08:15:41.615582+00:00
Acer Group,Munich,munich,manual-seed,"Munich, BY","https://www.glassdoor.com/Location/All-NVIDIA-Munich-Office-Locations-EI_IE7633.4,10_IL.11,17_IC4990924.htm","https://www.glassdoor.com/Reviews/Acer-Group-Munich-Reviews-EI_IE3802.0,10_IL.11,17_IC4990924.htm",validation_failed,gap_probe_failed: missing_target_metrics,pool-location-id,2026-06-28T08:15:49.361400+00:00
Lenovo,"Ciudad de Mexico, MEX",ciudad de mexico mex,office-location,"Ciudad de Mexico, MEX","https://www.glassdoor.com/Location/All-ASUS-Ciudad-de-Mexico-Office-Locations-EI_IE40093.4,8_IL.9,25_IC5017436.htm","https://www.glassdoor.com/Reviews/Lenovo-Ciudad-de-Mexico-Reviews-EI_IE8034.0,6_IL.7,23_IC5017436.htm",resolved,,pool-location-id,2026-06-28T12:26:14.429902+00:00
Lenovo,"Fremont, CA",fremont ca,office-location,"Fremont, CA","https://www.glassdoor.com/Location/All-ASUS-Fremont-Office-Locations-EI_IE40093.4,8_IL.9,16_IC1147355.htm","https://www.glassdoor.com/Reviews/Lenovo-Fremont-Reviews-EI_IE8034.0,6_IL.7,14_IC1147355.htm",validation_failed,gap_probe_failed: missing_target_metrics,pool-location-id,2026-06-28T12:26:21.541681+00:00
Lenovo,"Markham, ON",markham on,office-location,"Markham, ON","https://www.glassdoor.com/Location/All-ASUS-Markham-Office-Locations-EI_IE40093.4,8_IL.9,16_IC2280736.htm","https://www.glassdoor.com/Reviews/Lenovo-Markham-Reviews-EI_IE8034.0,6_IL.7,14_IC2280736.htm",resolved,,pool-location-id,2026-06-28T12:26:27.701957+00:00
Lenovo,"Barcelona, CT",barcelona ct,office-location,"Barcelona, CT","https://www.glassdoor.com/Location/All-ASUS-Barcelona-Office-Locations-EI_IE40093.4,8_IL.9,18_IC2547194.htm","https://www.glassdoor.com/Reviews/Lenovo-Barcelona-Reviews-EI_IE8034.0,6_IL.7,16_IC2547194.htm",resolved,,pool-location-id,2026-06-28T12:26:39.372384+00:00
Lenovo,"Budapest, BU",budapest bu,office-location,"Budapest, BU","https://www.glassdoor.com/Location/All-ASUS-Budapest-Office-Locations-EI_IE40093.4,8_IL.9,17_IC3125126.htm","https://www.glassdoor.com/Reviews/Lenovo-Budapest-Reviews-EI_IE8034.0,6_IL.7,15_IC3125126.htm",resolved,,pool-location-id,2026-06-28T12:26:45.636066+00:00
Lenovo,"Emmen, DR",emmen dr,office-location,"Emmen, DR","https://www.glassdoor.com/Location/All-ASUS-Emmen-Office-Locations-EI_IE40093.4,8_IL.9,14_IC3060162.htm","https://www.glassdoor.com/Reviews/Lenovo-Emmen-Reviews-EI_IE8034.0,6_IL.7,12_IC3060162.htm",validation_failed,gap_probe_failed: missing_target_metrics,pool-location-id,2026-06-28T12:26:52.214197+00:00
Lenovo,"Hemel Hempstead, ENG",hemel hempstead eng,office-location,"Hemel Hempstead, ENG","https://www.glassdoor.com/Location/All-ASUS-Hemel-Hempstead-Office-Locations-EI_IE40093.4,8_IL.9,24_IC2669775.htm","https://www.glassdoor.com/Reviews/Lenovo-Hemel-Hempstead-Reviews-EI_IE8034.0,6_IL.7,22_IC2669775.htm",validation_failed,gap_probe_failed: missing_target_metrics,pool-location-id,2026-06-28T12:26:58.822215+00:00
Lenovo,"Milan, LOM",milan lom,office-location,"Milan, LOM","https://www.glassdoor.com/Location/All-ASUS-Milan-Office-Locations-EI_IE40093.4,8_IL.9,14_IC2802090.htm","https://www.glassdoor.com/Reviews/Lenovo-Milan-Reviews-EI_IE8034.0,6_IL.7,12_IC2802090.htm",resolved,,pool-location-id,2026-06-28T12:27:05.094328+00:00
Lenovo,"Moravská Ostrava, MO",moravsk ostrava mo,office-location,"Moravská Ostrava, MO","https://www.glassdoor.com/Location/All-ASUS-Moravská-Ostrava-Office-Locations-EI_IE40093.4,8_IL.9,25_IC2288209.htm","https://www.glassdoor.com/Reviews/Lenovo-Moravsk%C3%A1-Ostrava-Reviews-EI_IE8034.0,6_IL.7,23_IC2288209.htm",validation_failed,gap_probe_failed: missing_target_metrics,pool-location-id,2026-06-28T12:27:11.776701+00:00
Lenovo,"Noisy-le-Grand, A8",noisy le grand a8,office-location,"Noisy-le-Grand, A8","https://www.glassdoor.com/Location/All-ASUS-Noisy-le-Grand-Office-Locations-EI_IE40093.4,8_IL.9,23_IC3100822.htm","https://www.glassdoor.com/Reviews/Lenovo-Noisy-le-Grand-Reviews-EI_IE8034.0,6_IL.7,21_IC3100822.htm",validation_failed,gap_probe_failed: missing_target_metrics,pool-location-id,2026-06-28T12:27:17.731920+00:00
Lenovo,"Ratingen, NW",ratingen nw,office-location,"Ratingen, NW","https://www.glassdoor.com/Location/All-ASUS-Ratingen-Office-Locations-EI_IE40093.4,8_IL.9,17_IC2584004.htm","https://www.glassdoor.com/Reviews/Lenovo-Ratingen-Reviews-EI_IE8034.0,6_IL.7,15_IC2584004.htm",validation_failed,gap_probe_failed: missing_target_metrics,pool-location-id,2026-06-28T12:27:23.832062+00:00
Lenovo,"Üsküdar, T34",sk dar t34,office-location,"Üsküdar, T34","https://www.glassdoor.com/Location/All-ASUS-Üsküdar-Office-Locations-EI_IE40093.4,8_IL.9,16_IC3361446.htm","https://www.glassdoor.com/Reviews/Lenovo-%C3%9Csk%C3%BCdar-Reviews-EI_IE8034.0,6_IL.7,14_IC3361446.htm",validation_failed,gap_probe_failed: missing_target_metrics,pool-location-id,2026-06-28T12:27:30.776617+00:00
Lenovo,"Warsaw, MZ",warsaw mz,office-location,"Warsaw, MZ","https://www.glassdoor.com/Location/All-ASUS-Warsaw-Office-Locations-EI_IE40093.4,8_IL.9,15_IC3094484.htm","https://www.glassdoor.com/Reviews/Lenovo-Warsaw-Reviews-EI_IE8034.0,6_IL.7,13_IC3094484.htm",resolved,,pool-location-id,2026-06-28T12:27:37.215799+00:00
Lenovo,"Bangkok, 10",bangkok 10,office-location,"Bangkok, 10","https://www.glassdoor.com/Location/All-ASUS-Bangkok-Office-Locations-EI_IE40093.4,8_IL.9,16_IC3179725.htm","https://www.glassdoor.com/Reviews/Lenovo-Bangkok-Reviews-EI_IE8034.0,6_IL.7,14_IC3179725.htm",resolved,,pool-location-id,2026-06-28T12:27:47.995180+00:00
Lenovo,"Dubai, DU",dubai du,office-location,"Dubai, DU","https://www.glassdoor.com/Location/All-ASUS-Dubai-Office-Locations-EI_IE40093.4,8_IL.9,14_IC2204498.htm","https://www.glassdoor.com/Reviews/Lenovo-Dubai-Reviews-EI_IE8034.0,6_IL.7,12_IC2204498.htm",resolved,,pool-location-id,2026-06-28T12:27:54.701013+00:00
Lenovo,"Jakarta, JK",jakarta jk,office-location,"Jakarta, JK","https://www.glassdoor.com/Location/All-ASUS-Jakarta-Office-Locations-EI_IE40093.4,8_IL.9,16_IC2709872.htm","https://www.glassdoor.com/Reviews/Lenovo-Jakarta-Reviews-EI_IE8034.0,6_IL.7,14_IC2709872.htm",resolved,,pool-location-id,2026-06-28T12:28:00.665903+00:00
Lenovo,"Kuala Lumpur, 14",kuala lumpur 14,office-location,"Kuala Lumpur, 14","https://www.glassdoor.com/Location/All-ASUS-Kuala-Lumpur-Office-Locations-EI_IE40093.4,8_IL.9,21_IC2986682.htm","https://www.glassdoor.com/Reviews/Lenovo-Kuala-Lumpur-Reviews-EI_IE8034.0,6_IL.7,19_IC2986682.htm",resolved,,pool-location-id,2026-06-28T12:28:06.842537+00:00
Lenovo,"Manila, D9",manila d9,office-location,"Manila, D9","https://www.glassdoor.com/Location/All-ASUS-Manila-Office-Locations-EI_IE40093.4,8_IL.9,15_IC2363570.htm","https://www.glassdoor.com/Reviews/Lenovo-Manila-Reviews-EI_IE8034.0,6_IL.7,13_IC2363570.htm",resolved,,pool-location-id,2026-06-28T12:28:13.633340+00:00
Lenovo,"Mumbai, MH",mumbai mh,office-location,"Mumbai, MH","https://www.glassdoor.com/Location/All-ASUS-Mumbai-Office-Locations-EI_IE40093.4,8_IL.9,15_IC2851180.htm","https://www.glassdoor.com/Reviews/Lenovo-Mumbai-Reviews-EI_IE8034.0,6_IL.7,13_IC2851180.htm",resolved,,pool-location-id,2026-06-28T12:28:19.648851+00:00
Lenovo,"Seoul, 11",seoul 11,office-location,"Seoul, 11","https://www.glassdoor.com/Location/All-ASUS-Seoul-Office-Locations-EI_IE40093.4,8_IL.9,14_IC3021489.htm","https://www.glassdoor.com/Reviews/Lenovo-Seoul-Reviews-EI_IE8034.0,6_IL.7,12_IC3021489.htm",resolved,,pool-location-id,2026-06-28T12:28:26.997512+00:00
Lenovo,Singapore,singapore,office-location,Singapore,"https://www.glassdoor.com/Location/All-ASUS-Singapore-Office-Locations-EI_IE40093.4,8_IL.9,18_IC3235921.htm","https://www.glassdoor.com/Reviews/Lenovo-Singapore-Reviews-EI_IE8034.0,6_IL.7,16_IC3235921.htm",resolved,,pool-location-id,2026-06-28T08:16:07.617686+00:00
Lenovo,"Taipei, TPQ",taipei tpq,office-location,"Taipei, TPQ","https://www.glassdoor.com/Location/All-ASUS-Taipei-Office-Locations-EI_IE40093.4,8_IL.9,15_IC3271041.htm","https://www.glassdoor.com/Reviews/Lenovo-Taipei-Reviews-EI_IE8034.0,6_IL.7,13_IC3271041.htm",resolved,,pool-location-id,2026-06-28T12:28:34.113350+00:00
Lenovo,"Tokyo, 40",tokyo 40,office-location,"Tokyo, 40","https://www.glassdoor.com/Location/All-ASUS-Tokyo-Office-Locations-EI_IE40093.4,8_IL.9,14_IC2851580.htm","https://www.glassdoor.com/Reviews/Lenovo-Tokyo-Reviews-EI_IE8034.0,6_IL.7,12_IC2851580.htm",resolved,,pool-location-id,2026-06-28T12:28:40.351045+00:00
Lenovo,"San Isidro, HUC",san isidro huc,office-location,"San Isidro, HUC","https://www.glassdoor.com/Location/All-ASUS-San-Isidro-Office-Locations-EI_IE40093.4,8_IL.9,19_IC4694011.htm","https://www.glassdoor.com/Reviews/Lenovo-San-Isidro-Reviews-EI_IE8034.0,6_IL.7,17_IC4694011.htm",validation_failed,gap_probe_failed: missing_target_metrics,pool-location-id,2026-06-28T12:28:47.453628+00:00
Lenovo,"Santiago, RM",santiago rm,office-location,"Santiago, RM","https://www.glassdoor.com/Location/All-ASUS-Santiago-Office-Locations-EI_IE40093.4,8_IL.9,17_IC2434030.htm","https://www.glassdoor.com/Reviews/Lenovo-Santiago-Reviews-EI_IE8034.0,6_IL.7,15_IC2434030.htm",resolved,,pool-location-id,2026-06-28T12:28:58.908568+00:00
Lenovo,"São Paulo, SP",s o paulo sp,office-location,"São Paulo, SP","https://www.glassdoor.com/Location/All-Lenovo-São-Paulo-Office-Locations-EI_IE8034.4,10_IL.11,20_IC2479061.htm","https://www.glassdoor.com/Reviews/Lenovo-São-Paulo-Reviews-EI_IE8034.0,6_IL.7,16_IC2479061.htm",resolved,,office-navigation,2026-06-28T15:38:16.595177+08:00
Lenovo,"Sydney, NSW",sydney nsw,office-location,"Sydney, NSW","https://www.glassdoor.com/Location/All-Lenovo-Sydney-Office-Locations-EI_IE8034.4,10_IL.11,17_IC2235932.htm","https://www.glassdoor.com/Reviews/Lenovo-Sydney-Reviews-EI_IE8034.0,6_IL.7,13_IC2235932.htm",resolved,,office-navigation,2026-06-28T15:38:20.005072+08:00
Lenovo,"Austin, TX",austin tx,office-location,"Austin, TX","https://www.glassdoor.com/Location/All-NVIDIA-Austin-Office-Locations-EI_IE7633.4,10_IL.11,17_IC1139761.htm","https://www.glassdoor.com/Reviews/Lenovo-Austin-Reviews-EI_IE8034.0,6_IL.7,13_IC1139761.htm",resolved,,pool-location-id,2026-06-28T12:29:06.525264+00:00
Lenovo,"Beaverton, OR",beaverton or,office-location,"Beaverton, OR","https://www.glassdoor.com/Location/All-NVIDIA-Beaverton-Office-Locations-EI_IE7633.4,10_IL.11,20_IC1151576.htm","https://www.glassdoor.com/Reviews/Lenovo-Beaverton-Reviews-EI_IE8034.0,6_IL.7,16_IC1151576.htm",validation_failed,gap_probe_failed: missing_target_metrics,pool-location-id,2026-06-28T12:29:13.590148+00:00
Lenovo,"Bellevue, WA",bellevue wa,office-location,"Bellevue, WA","https://www.glassdoor.com/Location/All-NVIDIA-Bellevue-Office-Locations-EI_IE7633.4,10_IL.11,19_IC1150442.htm","https://www.glassdoor.com/Reviews/Lenovo-Bellevue-Reviews-EI_IE8034.0,6_IL.7,15_IC1150442.htm",resolved,,pool-location-id,2026-06-28T12:29:19.805334+00:00
Lenovo,"Durham, NC",durham nc,office-location,"Durham, NC","https://www.glassdoor.com/Location/All-NVIDIA-Durham-Office-Locations-EI_IE7633.4,10_IL.11,17_IC1138697.htm","https://www.glassdoor.com/Reviews/Lenovo-Durham-Reviews-EI_IE8034.0,6_IL.7,13_IC1138697.htm",resolved,,pool-location-id,2026-06-28T12:29:26.191065+00:00
Lenovo,"Hillsboro, OR",hillsboro or,office-location,"Hillsboro, OR","https://www.glassdoor.com/Location/All-NVIDIA-Hillsboro-Office-Locations-EI_IE7633.4,10_IL.11,20_IC1151603.htm","https://www.glassdoor.com/Reviews/Lenovo-Hillsboro-Reviews-EI_IE8034.0,6_IL.7,16_IC1151603.htm",validation_failed,gap_probe_failed: missing_target_metrics,pool-location-id,2026-06-28T12:29:33.322412+00:00
Lenovo,"Redmond, WA",redmond wa,office-location,"Redmond, WA","https://www.glassdoor.com/Location/All-NVIDIA-Redmond-Office-Locations-EI_IE7633.4,10_IL.11,18_IC1150499.htm","https://www.glassdoor.com/Reviews/Lenovo-Redmond-Reviews-EI_IE8034.0,6_IL.7,14_IC1150499.htm",resolved,,pool-location-id,2026-06-28T12:29:39.728439+00:00
Lenovo,"Saint Louis, MO",saint louis mo,office-location,"Saint Louis, MO","https://www.glassdoor.com/Location/All-NVIDIA-Saint-Louis-Office-Locations-EI_IE7633.4,10_IL.11,22_IC1131270.htm","https://www.glassdoor.com/Reviews/Lenovo-Saint-Louis-Reviews-EI_IE8034.0,6_IL.7,18_IC1131270.htm",resolved,,pool-location-id,2026-06-28T12:29:46.313785+00:00
Lenovo,"San Francisco, CA",san francisco ca,office-location,"San Francisco, CA","https://www.glassdoor.com/Location/All-Lenovo-San-Francisco-Office-Locations-EI_IE8034.4,10_IL.11,24_IC1147401.htm","https://www.glassdoor.com/Reviews/Lenovo-San-Francisco-Reviews-EI_IE8034.0,6_IL.7,20_IC1147401.htm",resolved,,office-navigation,2026-06-28T15:38:24.47296+08:00
Lenovo,"San Jose, CA",san jose,office-location,"San Jose, CA","https://www.glassdoor.com/Location/All-Lenovo-San-Jose-Office-Locations-EI_IE8034.4,10_IL.11,19_IC1147436.htm","https://www.glassdoor.com/Reviews/Lenovo-San-Jose-Reviews-EI_IE8034.0,6_IL.7,15_IC1147436.htm",resolved,,office-navigation,2026-06-28T15:38:28.647827+08:00
Lenovo,"Santa Clara, CA",santa clara ca,office-location,"Santa Clara, CA","https://www.glassdoor.com/Location/All-NVIDIA-Santa-Clara-Office-Locations-EI_IE7633.4,10_IL.11,22_IC1147439.htm","https://www.glassdoor.com/Reviews/Lenovo-Santa-Clara-Reviews-EI_IE8034.0,6_IL.7,18_IC1147439.htm",resolved,,pool-location-id,2026-06-28T12:29:53.183073+00:00
Lenovo,"Toronto, ON",toronto on,office-location,"Toronto, ON","https://www.glassdoor.com/Location/All-NVIDIA-Toronto-Office-Locations-EI_IE7633.4,10_IL.11,18_IC2281069.htm","https://www.glassdoor.com/Reviews/Lenovo-Toronto-Reviews-EI_IE8034.0,6_IL.7,14_IC2281069.htm",resolved,,pool-location-id,2026-06-28T12:30:00.012578+00:00
Lenovo,"Westford, MA",westford ma,office-location,"Westford, MA","https://www.glassdoor.com/Location/All-NVIDIA-Westford-Office-Locations-EI_IE7633.4,10_IL.11,19_IC1154720.htm","https://www.glassdoor.com/Reviews/Lenovo-Westford-Reviews-EI_IE8034.0,6_IL.7,15_IC1154720.htm",validation_failed,gap_probe_failed: missing_target_metrics,pool-location-id,2026-06-28T12:30:11.137909+00:00
Lenovo,"Moscow, 48",moscow 48,office-location,"Moscow, 48","https://www.glassdoor.com/Location/All-NVIDIA-Moscow-Office-Locations-EI_IE7633.4,10_IL.11,17_IC3348306.htm","https://www.glassdoor.com/Reviews/Lenovo-Moscow-Reviews-EI_IE8034.0,6_IL.7,13_IC3348306.htm",resolved,,pool-location-id,2026-06-28T12:30:17.947603+00:00
Lenovo,"Munich, BY",munich by,office-location,"Munich, BY","https://www.glassdoor.com/Location/All-NVIDIA-Munich-Office-Locations-EI_IE7633.4,10_IL.11,17_IC4990924.htm","https://www.glassdoor.com/Reviews/Lenovo-Munich-Reviews-EI_IE8034.0,6_IL.7,13_IC4990924.htm",resolved,,pool-location-id,2026-06-28T12:30:24.355307+00:00
Lenovo,"Reading, ENG",reading eng,office-location,"Reading, ENG","https://www.glassdoor.com/Location/All-NVIDIA-Reading-Office-Locations-EI_IE7633.4,10_IL.11,18_IC2675152.htm","https://www.glassdoor.com/Reviews/Lenovo-Reading-Reviews-EI_IE8034.0,6_IL.7,14_IC2675152.htm",resolved,,pool-location-id,2026-06-28T12:30:31.639631+00:00
Lenovo,"Zürich, ZH",z rich zh,office-location,"Zürich, ZH","https://www.glassdoor.com/Location/All-NVIDIA-Zürich-Office-Locations-EI_IE7633.4,10_IL.11,17_IC3297851.htm","https://www.glassdoor.com/Reviews/Lenovo-Z%C3%BCrich-Reviews-EI_IE8034.0,6_IL.7,13_IC3297851.htm",resolved,,pool-location-id,2026-06-28T12:30:38.519015+00:00
Lenovo,"Bengaluru, KA",bengaluru ka,office-location,"Bengaluru, KA","https://www.glassdoor.com/Location/All-Lenovo-Bengaluru-Office-Locations-EI_IE8034.4,10_IL.11,20_IC2940587.htm","https://www.glassdoor.com/Reviews/Lenovo-Bengaluru-Reviews-EI_IE8034.0,6_IL.7,16_IC2940587.htm",resolved,,office-navigation,2026-06-28T15:38:32.481097+08:00
Lenovo,"Hsinchu, TXG",hsinchu txg,office-location,"Hsinchu, TXG","https://www.glassdoor.com/Location/All-NVIDIA-Hsinchu-Office-Locations-EI_IE7633.4,10_IL.11,18_IC4915323.htm","https://www.glassdoor.com/Reviews/Lenovo-Hsinchu-Reviews-EI_IE8034.0,6_IL.7,14_IC4915323.htm",validation_failed,gap_probe_failed: missing_target_metrics,pool-location-id,2026-06-28T12:30:45.531222+00:00
Lenovo,"Pudong, 23",pudong 23,office-location,"Pudong, 23","https://www.glassdoor.com/Location/All-NVIDIA-Pudong-Office-Locations-EI_IE7633.4,10_IL.11,17_IC2415109.htm","https://www.glassdoor.com/Reviews/Lenovo-Pudong-Reviews-EI_IE8034.0,6_IL.7,13_IC2415109.htm",validation_failed,gap_probe_failed: missing_target_metrics,pool-location-id,2026-06-28T12:30:51.920512+00:00
Lenovo,"Pune, MH",pune mh,office-location,"Pune, MH","https://www.glassdoor.com/Location/All-NVIDIA-Pune-Office-Locations-EI_IE7633.4,10_IL.11,15_IC2856202.htm","https://www.glassdoor.com/Reviews/Lenovo-Pune-Reviews-EI_IE8034.0,6_IL.7,11_IC2856202.htm",resolved,,pool-location-id,2026-06-28T12:30:58.931527+00:00
Lenovo,"Shanghai, 23",shanghai 23,office-location,"Shanghai, 23","https://www.glassdoor.com/Location/All-Lenovo-Shanghai-Office-Locations-EI_IE8034.4,10_IL.11,19_IC2416009.htm","https://www.glassdoor.com/Reviews/Lenovo-Shanghai-Reviews-EI_IE8034.0,6_IL.7,15_IC2416009.htm",resolved,,office-navigation,2026-06-28T15:38:36.451946+08:00
Lenovo,"San Jose, MP",san jose mp,office-location,"San Jose, CA","https://www.glassdoor.com/Location/All-Lenovo-San-Jose-Office-Locations-EI_IE8034.4,10_IL.11,19_IC1147436.htm","https://www.glassdoor.com/Reviews/Lenovo-San-Jose-Reviews-EI_IE8034.0,6_IL.7,15_IC1147436.htm",resolved,,office-navigation,2026-06-28T15:38:39.892162+08:00
Lenovo,"Frankfurt am Main, HE",frankfurt am main he,office-location,"Frankfurt am Main, HE","https://www.glassdoor.com/Location/All-Micro-Star-International-Frankfurt-am-Main-Office-Locations-EI_IE41141.4,28_IL.29,46_IC2632180.htm","https://www.glassdoor.com/Reviews/Lenovo-Frankfurt-am-Main-Reviews-EI_IE8034.0,6_IL.7,24_IC2632180.htm",validation_failed,gap_probe_failed: missing_target_metrics,pool-location-id,2026-06-28T12:31:06.127131+00:00
Lenovo,"Boise, ID",boise id,office-location,"Boise, ID","https://www.glassdoor.com/Location/All-HP-Inc-Boise-Office-Locations-EI_IE1093161.4,10_IL.11,16_IC1127927.htm","https://www.glassdoor.com/Reviews/Lenovo-Boise-Reviews-EI_IE8034.0,6_IL.7,12_IC1127927.htm",validation_failed,gap_probe_failed: missing_target_metrics,pool-location-id,2026-06-28T12:31:13.111814+00:00
Lenovo,"Corvallis, OR",corvallis or,office-location,"Corvallis, OR","https://www.glassdoor.com/Location/All-HP-Inc-Corvallis-Office-Locations-EI_IE1093161.4,10_IL.11,20_IC1151455.htm","https://www.glassdoor.com/Reviews/Lenovo-Corvallis-Reviews-EI_IE8034.0,6_IL.7,16_IC1151455.htm",validation_failed,gap_probe_failed: missing_target_metrics,pool-location-id,2026-06-28T12:31:24.723166+00:00
Lenovo,"Fort Collins, CO",fort collins co,office-location,"Fort Collins, CO","https://www.glassdoor.com/Location/All-HP-Inc-Fort-Collins-Office-Locations-EI_IE1093161.4,10_IL.11,23_IC1148233.htm","https://www.glassdoor.com/Reviews/Lenovo-Fort-Collins-Reviews-EI_IE8034.0,6_IL.7,19_IC1148233.htm",validation_failed,gap_probe_failed: missing_target_metrics,pool-location-id,2026-06-28T12:31:32.077656+00:00
Lenovo,"Guadalajara, JAL",guadalajara jal,office-location,"Guadalajara, JAL","https://www.glassdoor.com/Location/All-HP-Inc-Guadalajara-Office-Locations-EI_IE1093161.4,10_IL.11,22_IC3486357.htm","https://www.glassdoor.com/Reviews/Lenovo-Guadalajara-Reviews-EI_IE8034.0,6_IL.7,18_IC3486357.htm",resolved,,pool-location-id,2026-06-28T12:31:38.374158+00:00
Lenovo,"Houston, TX",houston tx,office-location,"Houston, TX","https://www.glassdoor.com/Location/All-HP-Inc-Houston-Office-Locations-EI_IE1093161.4,10_IL.11,18_IC1140171.htm","https://www.glassdoor.com/Reviews/Lenovo-Houston-Reviews-EI_IE8034.0,6_IL.7,14_IC1140171.htm",resolved,,pool-location-id,2026-06-28T12:31:45.015950+00:00
Lenovo,"Palo Alto, CA",palo alto ca,office-location,"Palo Alto, CA","https://www.glassdoor.com/Location/All-HP-Inc-Palo-Alto-Office-Locations-EI_IE1093161.4,10_IL.11,20_IC1147434.htm","https://www.glassdoor.com/Reviews/Lenovo-Palo-Alto-Reviews-EI_IE8034.0,6_IL.7,16_IC1147434.htm",validation_failed,gap_probe_failed: missing_target_metrics,pool-location-id,2026-06-28T12:31:52.095535+00:00
Lenovo,"Portland, OR",portland or,office-location,"Portland, OR","https://www.glassdoor.com/Location/All-HP-Inc-Portland-Office-Locations-EI_IE1093161.4,10_IL.11,19_IC1151614.htm","https://www.glassdoor.com/Reviews/Lenovo-Portland-Reviews-EI_IE8034.0,6_IL.7,15_IC1151614.htm",resolved,,pool-location-id,2026-06-28T12:31:58.506810+00:00
Lenovo,"San Diego, CA",san diego ca,office-location,"San Diego, CA","https://www.glassdoor.com/Location/All-HP-Inc-San-Diego-Office-Locations-EI_IE1093161.4,10_IL.11,20_IC1147311.htm","https://www.glassdoor.com/Reviews/Lenovo-San-Diego-Reviews-EI_IE8034.0,6_IL.7,16_IC1147311.htm",validation_failed,gap_probe_failed: missing_target_metrics,pool-location-id,2026-06-28T12:32:05.505182+00:00
Lenovo,"Spring, TX",spring tx,office-location,"Spring, TX","https://www.glassdoor.com/Location/All-HP-Inc-Spring-Office-Locations-EI_IE1093161.4,10_IL.11,17_IC1140222.htm","https://www.glassdoor.com/Reviews/Lenovo-Spring-Reviews-EI_IE8034.0,6_IL.7,13_IC1140222.htm",validation_failed,gap_probe_failed: missing_target_metrics,pool-location-id,2026-06-28T12:32:11.977666+00:00
Lenovo,"Sunnyvale, CA",sunnyvale ca,office-location,"Sunnyvale, CA","https://www.glassdoor.com/Location/All-HP-Inc-Sunnyvale-Office-Locations-EI_IE1093161.4,10_IL.11,20_IC1147442.htm","https://www.glassdoor.com/Reviews/Lenovo-Sunnyvale-Reviews-EI_IE8034.0,6_IL.7,16_IC1147442.htm",validation_failed,gap_probe_failed: missing_target_metrics,pool-location-id,2026-06-28T12:32:18.410255+00:00
Lenovo,"Tlaquepaque, JAL",tlaquepaque jal,office-location,"Tlaquepaque, JAL","https://www.glassdoor.com/Location/All-HP-Inc-Tlaquepaque-Office-Locations-EI_IE1093161.4,10_IL.11,22_IC3486348.htm","https://www.glassdoor.com/Reviews/Lenovo-Tlaquepaque-Reviews-EI_IE8034.0,6_IL.7,18_IC3486348.htm",validation_failed,gap_probe_failed: missing_target_metrics,pool-location-id,2026-06-28T12:32:25.259894+00:00
Lenovo,"Vancouver, WA",vancouver wa,office-location,"Vancouver, WA","https://www.glassdoor.com/Location/All-HP-Inc-Vancouver-Office-Locations-EI_IE1093161.4,10_IL.11,20_IC1150413.htm","https://www.glassdoor.com/Reviews/Lenovo-Vancouver-Reviews-EI_IE8034.0,6_IL.7,16_IC1150413.htm",validation_failed,gap_probe_failed: missing_target_metrics,pool-location-id,2026-06-28T12:32:36.954436+00:00
Lenovo,"Zapopan, JAL",zapopan jal,office-location,"Zapopan, JAL","https://www.glassdoor.com/Location/All-HP-Inc-Zapopan-Office-Locations-EI_IE1093161.4,10_IL.11,18_IC3487018.htm","https://www.glassdoor.com/Reviews/Lenovo-Zapopan-Reviews-EI_IE8034.0,6_IL.7,14_IC3487018.htm",resolved,,pool-location-id,2026-06-28T12:32:43.294791+00:00
Lenovo,"Boulogne-Billancourt, A8",boulogne billancourt a8,office-location,"Boulogne-Billancourt, A8","https://www.glassdoor.com/Location/All-HP-Inc-Boulogne-Billancourt-Office-Locations-EI_IE1093161.4,10_IL.11,31_IC3040032.htm","https://www.glassdoor.com/Reviews/Lenovo-Boulogne-Billancourt-Reviews-EI_IE8034.0,6_IL.7,27_IC3040032.htm",validation_failed,gap_probe_failed: missing_target_metrics,pool-location-id,2026-06-28T12:32:50.557729+00:00
Lenovo,"Bucharest, B",bucharest b,office-location,"Bucharest, B","https://www.glassdoor.com/Location/All-HP-Inc-Bucharest-Office-Locations-EI_IE1093161.4,10_IL.11,20_IC3184907.htm","https://www.glassdoor.com/Reviews/Lenovo-Bucharest-Reviews-EI_IE8034.0,6_IL.7,16_IC3184907.htm",resolved,,pool-location-id,2026-06-28T12:32:56.873382+00:00
Lenovo,"Cambridge, ENG",cambridge eng,office-location,"Cambridge, ENG","https://www.glassdoor.com/Location/All-HP-Inc-Cambridge-Office-Locations-EI_IE1093161.4,10_IL.11,20_IC2662516.htm","https://www.glassdoor.com/Reviews/Lenovo-Cambridge-Reviews-EI_IE8034.0,6_IL.7,16_IC2662516.htm",validation_failed,gap_probe_failed: missing_target_metrics,pool-location-id,2026-06-28T12:33:03.961118+00:00
Lenovo,"Meudon, A8",meudon a8,office-location,"Meudon, A8","https://www.glassdoor.com/Location/All-HP-Inc-Meudon-Office-Locations-EI_IE1093161.4,10_IL.11,17_IC3019026.htm","https://www.glassdoor.com/Reviews/Lenovo-Meudon-Reviews-EI_IE8034.0,6_IL.7,13_IC3019026.htm",validation_failed,gap_probe_failed: missing_target_metrics,pool-location-id,2026-06-28T12:33:10.488181+00:00
Lenovo,"Paris, A8",paris a8,office-location,"Paris, A8","https://www.glassdoor.com/Location/All-HP-Inc-Paris-Office-Locations-EI_IE1093161.4,10_IL.11,16_IC2881970.htm","https://www.glassdoor.com/Reviews/Lenovo-Paris-Reviews-EI_IE8034.0,6_IL.7,12_IC2881970.htm",resolved,,pool-location-id,2026-06-28T12:33:16.559503+00:00
Lenovo,"Sant Cugat del Vallès, CT",sant cugat del vall s ct,office-location,"Sant Cugat del Vallès, CT","https://www.glassdoor.com/Location/All-HP-Inc-Sant-Cugat-del-Vallès-Office-Locations-EI_IE1093161.4,10_IL.11,32_IC4843928.htm","https://www.glassdoor.com/Reviews/Lenovo-Sant-Cugat-del-Vall%C3%A8s-Reviews-EI_IE8034.0,6_IL.7,28_IC4843928.htm",validation_failed,gap_probe_failed: missing_target_metrics,pool-location-id,2026-06-28T12:33:23.244579+00:00
Lenovo,"Tuas, W",tuas w,office-location,"Tuas, W","https://www.glassdoor.com/Location/All-HP-Inc-Tuas-Office-Locations-EI_IE1093161.4,10_IL.11,15_IC3235538.htm","https://www.glassdoor.com/Reviews/Lenovo-Tuas-Reviews-EI_IE8034.0,6_IL.7,11_IC3235538.htm",validation_failed,gap_probe_failed: missing_target_metrics,pool-location-id,2026-06-28T12:33:29.396922+00:00
Lenovo,"Whitefield, KA",whitefield ka,office-location,"Whitefield, KA","https://www.glassdoor.com/Location/All-HP-Inc-Whitefield-Office-Locations-EI_IE1093161.4,10_IL.11,21_IC2941717.htm","https://www.glassdoor.com/Reviews/Lenovo-Whitefield-Reviews-EI_IE8034.0,6_IL.7,17_IC2941717.htm",validation_failed,gap_probe_failed: missing_target_metrics,pool-location-id,2026-06-28T12:33:36.155749+00:00
Lenovo,"Lake Forest, CA",lake forest ca,office-location,"Lake Forest, CA","https://www.glassdoor.com/Location/All-Wistron-Lake-Forest-Office-Locations-EI_IE15218.4,11_IL.12,23_IC1146811.htm","https://www.glassdoor.com/Reviews/Lenovo-Lake-Forest-Reviews-EI_IE8034.0,6_IL.7,18_IC1146811.htm",validation_failed,gap_probe_failed: missing_target_metrics,pool-location-id,2026-06-28T12:33:47.410195+00:00
Lenovo,"Rolling Meadows, IL",rolling meadows il,office-location,"Rolling Meadows, IL","https://www.glassdoor.com/Location/All-Wistron-Rolling-Meadows-Office-Locations-EI_IE15218.4,11_IL.12,27_IC1128962.htm","https://www.glassdoor.com/Reviews/Lenovo-Rolling-Meadows-Reviews-EI_IE8034.0,6_IL.7,22_IC1128962.htm",validation_failed,gap_probe_failed: missing_target_metrics,pool-location-id,2026-06-28T12:33:53.570277+00:00
Lenovo,"Wuhan, 12",wuhan 12,office-location,"Wuhan, 12","https://www.glassdoor.com/Location/All-Wistron-Wuhan-Office-Locations-EI_IE15218.4,11_IL.12,17_IC2478891.htm","https://www.glassdoor.com/Reviews/Lenovo-Wuhan-Reviews-EI_IE8034.0,6_IL.7,12_IC2478891.htm",validation_failed,gap_probe_failed: missing_target_metrics,pool-location-id,2026-06-28T12:33:59.442656+00:00
Lenovo,"Hoofddorp, NH",hoofddorp nh,office-location,"Hoofddorp, NH","https://www.glassdoor.com/Location/All-Delta-Electronics-Hoofddorp-Office-Locations-EI_IE41146.4,21_IL.22,31_IC3063772.htm","https://www.glassdoor.com/Reviews/Lenovo-Hoofddorp-Reviews-EI_IE8034.0,6_IL.7,16_IC3063772.htm",validation_failed,gap_probe_failed: missing_target_metrics,pool-location-id,2026-06-28T12:34:06.191991+00:00
Lenovo,"Notting Hill, VIC",notting hill vic,office-location,"Notting Hill, VIC","https://www.glassdoor.com/Location/All-Delta-Electronics-Notting-Hill-Office-Locations-EI_IE41146.4,21_IL.22,34_IC2257042.htm","https://www.glassdoor.com/Reviews/Lenovo-Notting-Hill-Reviews-EI_IE8034.0,6_IL.7,19_IC2257042.htm",validation_failed,gap_probe_failed: missing_target_metrics,pool-location-id,2026-06-28T12:34:12.436130+00:00
Lenovo,"Jeffersonville, IN",jeffersonville in,office-location,"Jeffersonville, IN","https://www.glassdoor.com/Location/All-Pegatron-Jeffersonville-Office-Locations-EI_IE337948.4,12_IL.13,27_IC1145141.htm","https://www.glassdoor.com/Reviews/Lenovo-Jeffersonville-Reviews-EI_IE8034.0,6_IL.7,21_IC1145141.htm",validation_failed,gap_probe_failed: missing_target_metrics,pool-location-id,2026-06-28T12:34:19.064168+00:00
Lenovo,"Irving, TX",irving tx,office-location,"Irving, TX","https://www.glassdoor.com/Location/All-Trend-Micro-Inc-Irving-Office-Locations-EI_IE8983.4,19_IL.20,26_IC1140006.htm","https://www.glassdoor.com/Reviews/Lenovo-Irving-Reviews-EI_IE8034.0,6_IL.7,13_IC1140006.htm",validation_failed,gap_probe_failed: missing_target_metrics,pool-location-id,2026-06-28T12:34:25.325723+00:00
Lenovo,"Jersey City, NJ",jersey city nj,office-location,"Jersey City, NJ","https://www.glassdoor.com/Location/All-Trend-Micro-Inc-Jersey-City-Office-Locations-EI_IE8983.4,19_IL.20,31_IC1126819.htm","https://www.glassdoor.com/Reviews/Lenovo-Jersey-City-Reviews-EI_IE8034.0,6_IL.7,18_IC1126819.htm",resolved,,pool-location-id,2026-06-28T12:34:31.723063+00:00
Lenovo,"Kanata, ON",kanata on,office-location,"Kanata, ON","https://www.glassdoor.com/Location/All-Trend-Micro-Inc-Kanata-Office-Locations-EI_IE8983.4,19_IL.20,26_IC2282818.htm","https://www.glassdoor.com/Reviews/Lenovo-Kanata-Reviews-EI_IE8034.0,6_IL.7,13_IC2282818.htm",validation_failed,gap_probe_failed: missing_target_metrics,pool-location-id,2026-06-28T12:34:37.891755+00:00
Lenovo,"Cork, M",cork m,office-location,"Cork, M","https://www.glassdoor.com/Location/All-Trend-Micro-Inc-Cork-Office-Locations-EI_IE8983.4,19_IL.20,24_IC4325638.htm","https://www.glassdoor.com/Reviews/Lenovo-Cork-Reviews-EI_IE8034.0,6_IL.7,11_IC4325638.htm",validation_failed,gap_probe_failed: missing_target_metrics,pool-location-id,2026-06-28T12:34:44.451811+00:00
Lenovo,"London, ENG",london eng,office-location,"London, ENG","https://www.glassdoor.com/Location/All-Trend-Micro-Inc-London-Office-Locations-EI_IE8983.4,19_IL.20,26_IC2671300.htm","https://www.glassdoor.com/Reviews/Lenovo-London-Reviews-EI_IE8034.0,6_IL.7,13_IC2671300.htm",resolved,,pool-location-id,2026-06-28T12:34:56.207133+00:00
Lenovo,"Paddington, ENG",paddington eng,office-location,"Paddington, ENG","https://www.glassdoor.com/Location/All-Trend-Micro-Inc-Paddington-Office-Locations-EI_IE8983.4,19_IL.20,30_IC3527325.htm","https://www.glassdoor.com/Reviews/Lenovo-Paddington-Reviews-EI_IE8034.0,6_IL.7,17_IC3527325.htm",validation_failed,gap_probe_failed: missing_target_metrics,pool-location-id,2026-06-28T12:35:03.928009+00:00
Lenovo,"Aliso, CA",aliso ca,office-location,"Aliso, CA","https://www.glassdoor.com/Location/All-Dell-Technologies-Aliso-Office-Locations-EI_IE1327.4,21_IL.22,27_IC3789361.htm","https://www.glassdoor.com/Reviews/Lenovo-Aliso-Reviews-EI_IE8034.0,6_IL.7,12_IC3789361.htm",validation_failed,gap_probe_failed: missing_target_metrics,pool-location-id,2026-06-28T12:35:11.807303+00:00
Lenovo,"Bedford, MA",bedford ma,office-location,"Bedford, MA","https://www.glassdoor.com/Location/All-Dell-Technologies-Bedford-Office-Locations-EI_IE1327.4,21_IL.22,29_IC1154527.htm","https://www.glassdoor.com/Reviews/Lenovo-Bedford-Reviews-EI_IE8034.0,6_IL.7,14_IC1154527.htm",validation_failed,gap_probe_failed: missing_target_metrics,pool-location-id,2026-06-28T12:35:18.516957+00:00
Lenovo,"Boston, MA",boston ma,office-location,"Boston, MA","https://www.glassdoor.com/Location/All-Dell-Technologies-Boston-Office-Locations-EI_IE1327.4,21_IL.22,28_IC1154532.htm","https://www.glassdoor.com/Reviews/Lenovo-Boston-Reviews-EI_IE8034.0,6_IL.7,13_IC1154532.htm",resolved,,pool-location-id,2026-06-28T12:35:24.761551+00:00
Lenovo,"Boydton, VA",boydton va,office-location,"Boydton, VA","https://www.glassdoor.com/Location/All-Dell-Technologies-Boydton-Office-Locations-EI_IE1327.4,21_IL.22,29_IC1129623.htm","https://www.glassdoor.com/Reviews/Lenovo-Boydton-Reviews-EI_IE8034.0,6_IL.7,14_IC1129623.htm",validation_failed,gap_probe_failed: missing_target_metrics,pool-location-id,2026-06-28T12:35:31.791971+00:00
Lenovo,"Cambridge, MA",cambridge ma,office-location,"Cambridge, MA","https://www.glassdoor.com/Location/All-Dell-Technologies-Cambridge-Office-Locations-EI_IE1327.4,21_IL.22,31_IC1154545.htm","https://www.glassdoor.com/Reviews/Lenovo-Cambridge-Reviews-EI_IE8034.0,6_IL.7,16_IC1154545.htm",validation_failed,gap_probe_failed: missing_target_metrics,pool-location-id,2026-06-28T12:35:38.225208+00:00
Lenovo,"Canada, KY",canada ky,office-location,"Canada, KY","https://www.glassdoor.com/Location/All-Dell-Technologies-Canada-Office-Locations-EI_IE1327.4,21_IL.22,28_IC1137126.htm","https://www.glassdoor.com/Reviews/Lenovo-Canada-Reviews-EI_IE8034.0,6_IL.7,13_IC1137126.htm",resolved,,pool-location-id,2026-06-28T12:35:44.905628+00:00
Lenovo,"Canton, MA",canton ma,office-location,"Canton, MA","https://www.glassdoor.com/Location/All-Dell-Technologies-Canton-Office-Locations-EI_IE1327.4,21_IL.22,28_IC1154546.htm","https://www.glassdoor.com/Reviews/Lenovo-Canton-Reviews-EI_IE8034.0,6_IL.7,13_IC1154546.htm",validation_failed,gap_probe_failed: missing_target_metrics,pool-location-id,2026-06-28T12:35:51.461936+00:00
Lenovo,"Cedar Park, TX",cedar park tx,office-location,"Cedar Park, TX","https://www.glassdoor.com/Location/All-Dell-Technologies-Cedar-Park-Office-Locations-EI_IE1327.4,21_IL.22,32_IC1139765.htm","https://www.glassdoor.com/Reviews/Lenovo-Cedar-Park-Reviews-EI_IE8034.0,6_IL.7,17_IC1139765.htm",validation_failed,gap_probe_failed: missing_target_metrics,pool-location-id,2026-06-28T12:35:57.704162+00:00
Lenovo,"Framingham, MA",framingham ma,office-location,"Framingham, MA","https://www.glassdoor.com/Location/All-Dell-Technologies-Framingham-Office-Locations-EI_IE1327.4,21_IL.22,32_IC1154571.htm","https://www.glassdoor.com/Reviews/Lenovo-Framingham-Reviews-EI_IE8034.0,6_IL.7,17_IC1154571.htm",validation_failed,gap_probe_failed: missing_target_metrics,pool-location-id,2026-06-28T12:36:09.325855+00:00
Lenovo,"Franklin, MA",franklin ma,office-location,"Franklin, MA","https://www.glassdoor.com/Location/All-Dell-Technologies-Franklin-Office-Locations-EI_IE1327.4,21_IL.22,30_IC1154572.htm","https://www.glassdoor.com/Reviews/Lenovo-Franklin-Reviews-EI_IE8034.0,6_IL.7,15_IC1154572.htm",validation_failed,gap_probe_failed: missing_target_metrics,pool-location-id,2026-06-28T12:36:15.942098+00:00
Lenovo,"Fuquay-Varina, NC",fuquay varina nc,office-location,"Fuquay-Varina, NC","https://www.glassdoor.com/Location/All-Dell-Technologies-Fuquay-Varina-Office-Locations-EI_IE1327.4,21_IL.22,35_IC3757296.htm","https://www.glassdoor.com/Reviews/Lenovo-Fuquay-Varina-Reviews-EI_IE8034.0,6_IL.7,20_IC3757296.htm",validation_failed,gap_probe_failed: missing_target_metrics,pool-location-id,2026-06-28T12:36:22.510273+00:00
Lenovo,"Georgetown, TX",georgetown tx,office-location,"Georgetown, TX","https://www.glassdoor.com/Location/All-Dell-Technologies-Georgetown-Office-Locations-EI_IE1327.4,21_IL.22,32_IC1139774.htm","https://www.glassdoor.com/Reviews/Lenovo-Georgetown-Reviews-EI_IE8034.0,6_IL.7,17_IC1139774.htm",validation_failed,gap_probe_failed: missing_target_metrics,pool-location-id,2026-06-28T12:36:28.877903+00:00
Lenovo,"Hopkinton, MA",hopkinton ma,office-location,"Hopkinton, MA","https://www.glassdoor.com/Location/All-Dell-Technologies-Hopkinton-Office-Locations-EI_IE1327.4,21_IL.22,31_IC1154589.htm","https://www.glassdoor.com/Reviews/Lenovo-Hopkinton-Reviews-EI_IE8034.0,6_IL.7,16_IC1154589.htm",validation_failed,gap_probe_failed: missing_target_metrics,pool-location-id,2026-06-28T12:36:35.300502+00:00
Lenovo,"India, TX",india tx,office-location,"India, TX","https://www.glassdoor.com/Location/All-Dell-Technologies-India-Office-Locations-EI_IE1327.4,21_IL.22,27_IC3759223.htm","https://www.glassdoor.com/Reviews/Lenovo-India-Reviews-EI_IE8034.0,6_IL.7,12_IC3759223.htm",validation_failed,gap_probe_failed: missing_target_metrics,pool-location-id,2026-06-28T12:36:42.518113+00:00
Lenovo,"Land O' Lakes, FL",land o lakes fl,office-location,"Land O' Lakes, FL","https://www.glassdoor.com/Location/All-Dell-Technologies-Land-O-Lakes-Office-Locations-EI_IE1327.4,21_IL.22,34_IC3817049.htm","https://www.glassdoor.com/Reviews/Lenovo-Land-O-Lakes-Reviews-EI_IE8034.0,6_IL.7,19_IC3817049.htm",validation_failed,gap_probe_failed: missing_target_metrics,pool-location-id,2026-06-28T12:36:48.464862+00:00
Lenovo,"Leander, TX",leander tx,office-location,"Leander, TX","https://www.glassdoor.com/Location/All-Dell-Technologies-Leander-Office-Locations-EI_IE1327.4,21_IL.22,29_IC1139779.htm","https://www.glassdoor.com/Reviews/Lenovo-Leander-Reviews-EI_IE8034.0,6_IL.7,14_IC1139779.htm",validation_failed,gap_probe_failed: missing_target_metrics,pool-location-id,2026-06-28T12:36:54.881191+00:00
Lenovo,"Pflugerville, TX",pflugerville tx,office-location,"Pflugerville, TX","https://www.glassdoor.com/Location/All-Dell-Technologies-Pflugerville-Office-Locations-EI_IE1327.4,21_IL.22,34_IC1139790.htm","https://www.glassdoor.com/Reviews/Lenovo-Pflugerville-Reviews-EI_IE8034.0,6_IL.7,19_IC1139790.htm",validation_failed,gap_probe_failed: missing_target_metrics,pool-location-id,2026-06-28T12:37:02.059921+00:00
Lenovo,"Quincy, MA",quincy ma,office-location,"Quincy, MA","https://www.glassdoor.com/Location/All-Dell-Technologies-Quincy-Office-Locations-EI_IE1327.4,21_IL.22,28_IC1154667.htm","https://www.glassdoor.com/Reviews/Lenovo-Quincy-Reviews-EI_IE8034.0,6_IL.7,13_IC1154667.htm",validation_failed,gap_probe_failed: missing_target_metrics,pool-location-id,2026-06-28T12:37:08.859016+00:00
Lenovo,"Round Rock, TX",round rock tx,office-location,"Round Rock, TX","https://www.glassdoor.com/Location/All-Dell-Technologies-Round-Rock-Office-Locations-EI_IE1327.4,21_IL.22,32_IC1139794.htm","https://www.glassdoor.com/Reviews/Lenovo-Round-Rock-Reviews-EI_IE8034.0,6_IL.7,17_IC1139794.htm",resolved,,pool-location-id,2026-06-28T12:37:20.538267+00:00
Lenovo,"San Marcos, TX",san marcos tx,office-location,"San Marcos, TX","https://www.glassdoor.com/Location/All-Dell-Technologies-San-Marcos-Office-Locations-EI_IE1327.4,21_IL.22,32_IC1139795.htm","https://www.glassdoor.com/Reviews/Lenovo-San-Marcos-Reviews-EI_IE8034.0,6_IL.7,17_IC1139795.htm",validation_failed,gap_probe_failed: missing_target_metrics,pool-location-id,2026-06-28T12:37:26.603471+00:00
Lenovo,"Satellite Beach, FL",satellite beach fl,office-location,"Satellite Beach, FL","https://www.glassdoor.com/Location/All-Dell-Technologies-Satellite-Beach-Office-Locations-EI_IE1327.4,21_IL.22,37_IC1154294.htm","https://www.glassdoor.com/Reviews/Lenovo-Satellite-Beach-Reviews-EI_IE8034.0,6_IL.7,22_IC1154294.htm",validation_failed,gap_probe_failed: missing_target_metrics,pool-location-id,2026-06-28T12:37:32.774088+00:00
Lenovo,"Wellesley, MA",wellesley ma,office-location,"Wellesley, MA","https://www.glassdoor.com/Location/All-Dell-Technologies-Wellesley-Office-Locations-EI_IE1327.4,21_IL.22,31_IC1154708.htm","https://www.glassdoor.com/Reviews/Lenovo-Wellesley-Reviews-EI_IE8034.0,6_IL.7,16_IC1154708.htm",validation_failed,gap_probe_failed: missing_target_metrics,pool-location-id,2026-06-28T12:37:38.808129+00:00
Lenovo,"Domlur, KA",domlur ka,office-location,"Domlur, KA","https://www.glassdoor.com/Location/All-Dell-Technologies-Domlur-Office-Locations-EI_IE1327.4,21_IL.22,28_IC4470560.htm","https://www.glassdoor.com/Reviews/Lenovo-Domlur-Reviews-EI_IE8034.0,6_IL.7,13_IC4470560.htm",validation_failed,gap_probe_failed: missing_target_metrics,pool-location-id,2026-06-28T12:37:44.973378+00:00
Lenovo,"Chicago, IL",chicago il,office-location,"Chicago, IL","https://www.glassdoor.com/Location/All-Lenovo-Chicago-Office-Locations-EI_IE8034.4,10_IL.11,18_IC1128808.htm","https://www.glassdoor.com/Reviews/Lenovo-Chicago-Reviews-EI_IE8034.0,6_IL.7,14_IC1128808.htm",resolved,,office-navigation,2026-06-28T15:38:46.668177+08:00
Lenovo,"Morrisville, NC",morrisville nc,office-location,"Morrisville, NC","https://www.glassdoor.com/Location/All-Lenovo-Morrisville-Office-Locations-EI_IE8034.4,10_IL.11,22_IC1138956.htm","https://www.glassdoor.com/Reviews/Lenovo-Morrisville-Reviews-EI_IE8034.0,6_IL.7,18_IC1138956.htm",resolved,,office-navigation,2026-06-28T15:38:49.775892+08:00
Lenovo,"Bratislava, 02",bratislava 02,office-location,"Bratislava, 02","https://www.glassdoor.com/Location/All-Lenovo-Bratislava-Office-Locations-EI_IE8034.4,10_IL.11,21_IC2907054.htm","https://www.glassdoor.com/Reviews/Lenovo-Bratislava-Reviews-EI_IE8034.0,6_IL.7,17_IC2907054.htm",resolved,,office-navigation,2026-06-28T15:38:53.195134+08:00
Lenovo,"Stuttgart, BW",stuttgart bw,office-location,"Stuttgart, BW","https://www.glassdoor.com/Location/All-Lenovo-Stuttgart-Office-Locations-EI_IE8034.4,10_IL.11,20_IC2507190.htm","https://www.glassdoor.com/Reviews/Lenovo-Stuttgart-Reviews-EI_IE8034.0,6_IL.7,16_IC2507190.htm",resolved,,office-navigation,2026-06-28T15:38:56.355302+08:00
Lenovo,"Beijing, 22",beijing 22,office-location,"Beijing, 22","https://www.glassdoor.com/Location/All-Lenovo-Beijing-Office-Locations-EI_IE8034.4,10_IL.11,18_IC2398510.htm","https://www.glassdoor.com/Reviews/Lenovo-Beijing-Reviews-EI_IE8034.0,6_IL.7,14_IC2398510.htm",resolved,,office-navigation,2026-06-28T15:38:59.57242+08:00
Lenovo,"Changping, 22",changping 22,office-location,"Changping, 22","https://www.glassdoor.com/Location/All-Lenovo-Changping-Office-Locations-EI_IE8034.4,10_IL.11,20_IC2405661.htm","https://www.glassdoor.com/Reviews/Lenovo-Changping-Reviews-EI_IE8034.0,6_IL.7,16_IC2405661.htm",resolved,,office-navigation,2026-06-28T15:39:02.989857+08:00
Lenovo,"Haidian, 22",haidian 22,office-location,"Haidian, 22","https://www.glassdoor.com/Location/All-Lenovo-Haidian-Office-Locations-EI_IE8034.4,10_IL.11,18_IC2405685.htm","https://www.glassdoor.com/Reviews/Lenovo-Haidian-Reviews-EI_IE8034.0,6_IL.7,14_IC2405685.htm",resolved,,office-navigation,2026-06-28T15:39:06.417506+08:00
Lenovo,Hong Kong,hong kong,office-location,Hong Kong,"https://www.glassdoor.com/Location/All-Lenovo-Hong-Kong-Office-Locations-EI_IE8034.4,10_IL.11,20_IC2308631.htm","https://www.glassdoor.com/Reviews/Lenovo-Hong-Kong-Reviews-EI_IE8034.0,6_IL.7,16_IC2308631.htm",resolved,,office-navigation,2026-06-28T15:39:09.888059+08:00
Lenovo,"Shenzhenzhen, 02",shenzhenzhen 02,office-location,"Shenzhenzhen, 02","https://www.glassdoor.com/Location/All-Lenovo-Shenzhenzhen-Office-Locations-EI_IE8034.4,10_IL.11,23_IC2441398.htm","https://www.glassdoor.com/Reviews/Lenovo-Shenzhenzhen-Reviews-EI_IE8034.0,6_IL.7,19_IC2441398.htm",resolved,,office-navigation,2026-06-28T15:39:14.1861+08:00
Lenovo,"Xiamen, 07",xiamen 07,office-location,"Xiamen, 07","https://www.glassdoor.com/Location/All-Lenovo-Xiamen-Office-Locations-EI_IE8034.4,10_IL.11,17_IC2564138.htm","https://www.glassdoor.com/Reviews/Lenovo-Xiamen-Reviews-EI_IE8034.0,6_IL.7,13_IC2564138.htm",resolved,,office-navigation,2026-06-28T15:39:17.775842+08:00
Lenovo,"Buenos Aires, C",buenos aires c,office-location,"Buenos Aires, C","https://www.glassdoor.com/Location/All-Lenovo-Buenos-Aires-Office-Locations-EI_IE8034.4,10_IL.11,23_IC2242084.htm","https://www.glassdoor.com/Reviews/Lenovo-Buenos-Aires-Reviews-EI_IE8034.0,6_IL.7,19_IC2242084.htm",resolved,,office-navigation,2026-06-28T15:39:21.148558+08:00
Lenovo,"Campinas, SP",campinas sp,office-location,"Campinas, SP","https://www.glassdoor.com/Location/All-Lenovo-Campinas-Office-Locations-EI_IE8034.4,10_IL.11,19_IC2490130.htm","https://www.glassdoor.com/Reviews/Lenovo-Campinas-Reviews-EI_IE8034.0,6_IL.7,15_IC2490130.htm",resolved,,office-navigation,2026-06-28T15:39:24.428221+08:00
Lenovo,"Indaiatuba, SP",indaiatuba sp,office-location,"Indaiatuba, SP","https://www.glassdoor.com/Location/All-Lenovo-Indaiatuba-Office-Locations-EI_IE8034.4,10_IL.11,21_IC2480058.htm","https://www.glassdoor.com/Reviews/Lenovo-Indaiatuba-Reviews-EI_IE8034.0,6_IL.7,17_IC2480058.htm",resolved,,office-navigation,2026-06-28T15:39:27.443682+08:00
Lenovo,"Itu, SP",itu sp,office-location,"Itu, SP","https://www.glassdoor.com/Location/All-Lenovo-Itu-Office-Locations-EI_IE8034.4,10_IL.11,14_IC2490672.htm","https://www.glassdoor.com/Reviews/Lenovo-Itu-Reviews-EI_IE8034.0,6_IL.7,10_IC2490672.htm",resolved,,office-navigation,2026-06-28T15:39:30.935163+08:00
Lenovo,"Martínez, B",mart nez b,office-location,"Martínez, B","https://www.glassdoor.com/Location/All-Lenovo-Martínez-Office-Locations-EI_IE8034.4,10_IL.11,19_IC2207815.htm","https://www.glassdoor.com/Reviews/Lenovo-Martínez-Reviews-EI_IE8034.0,6_IL.7,15_IC2207815.htm",resolved,,office-navigation,2026-06-28T15:39:34.403623+08:00
Lenovo,"Sorocaba, SP",sorocaba sp,office-location,"Sorocaba, SP","https://www.glassdoor.com/Location/All-Lenovo-Sorocaba-Office-Locations-EI_IE8034.4,10_IL.11,19_IC2475809.htm",https://www.glassdoor.com/Reviews/index.htm,resolved,,office-navigation,2026-06-28T15:39:37.879452+08:00
Lenovo,"Vicente López, B",vicente l pez b,office-location,"Vicente López, B","https://www.glassdoor.com/Location/All-Lenovo-Vicente-López-Office-Locations-EI_IE8034.4,10_IL.11,24_IC2211608.htm",https://www.glassdoor.com/Reviews/index.htm,resolved,,office-navigation,2026-06-28T15:39:41.261737+08:00
Lenovo,Global,global,manual-seed,,,https://www.glassdoor.com/Reviews/Lenovo-Reviews-E8034.htm,resolved,,review-url-hint,2026-06-28T15:39:41.355196+08:00
Lenovo,Taipei,taipei,manual-seed,"Taipei, TPQ","https://www.glassdoor.com/Location/All-ASUS-Taipei-Office-Locations-EI_IE40093.4,8_IL.9,15_IC3271041.htm","https://www.glassdoor.com/Reviews/Lenovo-Taipei-Reviews-EI_IE8034.0,6_IL.7,13_IC3271041.htm",resolved,,pool-location-id,2026-06-28T08:16:15.600970+00:00
Lenovo,Hsinchu,hsinchu,manual-seed,"Hsinchu, TXG","https://www.glassdoor.com/Location/All-NVIDIA-Hsinchu-Office-Locations-EI_IE7633.4,10_IL.11,18_IC4915323.htm","https://www.glassdoor.com/Reviews/Lenovo-Hsinchu-Reviews-EI_IE8034.0,6_IL.7,14_IC4915323.htm",validation_failed,gap_probe_failed: missing_target_metrics,pool-location-id,2026-06-28T08:16:24.313070+00:00
Lenovo,Taoyuan,taoyuan,manual-seed,,,,no_result,pool_location_id_not_found,pool-location-id,2026-06-28T08:16:24.396561+00:00
Lenovo,Shanghai,shanghai,manual-seed,"Shanghai, 23","https://www.glassdoor.com/Location/All-Lenovo-Shanghai-Office-Locations-EI_IE8034.4,10_IL.11,19_IC2416009.htm","https://www.glassdoor.com/Reviews/Lenovo-Shanghai-Reviews-EI_IE8034.0,6_IL.7,15_IC2416009.htm",resolved,,office-navigation,2026-06-28T15:39:44.864388+08:00
Lenovo,Shenzhen,shenzhen,manual-seed,"Shenzhenzhen, 02","https://www.glassdoor.com/Location/All-Lenovo-Shenzhenzhen-Office-Locations-EI_IE8034.4,10_IL.11,23_IC2441398.htm","https://www.glassdoor.com/Reviews/Lenovo-Shenzhenzhen-Reviews-EI_IE8034.0,6_IL.7,19_IC2441398.htm",resolved,,office-navigation,2026-06-28T15:39:48.221326+08:00
Lenovo,Tokyo,tokyo,manual-seed,"Tokyo, 40","https://www.glassdoor.com/Location/All-ASUS-Tokyo-Office-Locations-EI_IE40093.4,8_IL.9,14_IC2851580.htm","https://www.glassdoor.com/Reviews/Lenovo-Tokyo-Reviews-EI_IE8034.0,6_IL.7,12_IC2851580.htm",resolved,,pool-location-id,2026-06-28T08:16:33.331362+00:00
Lenovo,Seoul,seoul,manual-seed,"Seoul, 11","https://www.glassdoor.com/Location/All-ASUS-Seoul-Office-Locations-EI_IE40093.4,8_IL.9,14_IC3021489.htm","https://www.glassdoor.com/Reviews/Lenovo-Seoul-Reviews-EI_IE8034.0,6_IL.7,12_IC3021489.htm",resolved,,pool-location-id,2026-06-28T08:16:42.385881+00:00
Lenovo,Austin,austin,manual-seed,"Austin, TX","https://www.glassdoor.com/Location/All-NVIDIA-Austin-Office-Locations-EI_IE7633.4,10_IL.11,17_IC1139761.htm","https://www.glassdoor.com/Reviews/Lenovo-Austin-Reviews-EI_IE8034.0,6_IL.7,13_IC1139761.htm",resolved,,pool-location-id,2026-06-28T08:16:50.817144+00:00
Lenovo,Seattle,seattle,manual-seed,,,,no_result,pool_location_id_not_found,pool-location-id,2026-06-28T08:16:50.890664+00:00
Lenovo,London,london,manual-seed,"London, ENG","https://www.glassdoor.com/Location/All-Trend-Micro-Inc-London-Office-Locations-EI_IE8983.4,19_IL.20,26_IC2671300.htm","https://www.glassdoor.com/Reviews/Lenovo-London-Reviews-EI_IE8034.0,6_IL.7,13_IC2671300.htm",resolved,,pool-location-id,2026-06-28T08:16:59.746101+00:00
Lenovo,Dublin,dublin,manual-seed,,,,no_result,pool_location_id_not_found,pool-location-id,2026-06-28T08:16:59.819813+00:00
Lenovo,Munich,munich,manual-seed,"Munich, BY","https://www.glassdoor.com/Location/All-NVIDIA-Munich-Office-Locations-EI_IE7633.4,10_IL.11,17_IC4990924.htm","https://www.glassdoor.com/Reviews/Lenovo-Munich-Reviews-EI_IE8034.0,6_IL.7,13_IC4990924.htm",resolved,,pool-location-id,2026-06-28T08:17:08.352294+00:00
Google,"Ciudad de Mexico, MEX",ciudad de mexico mex,office-location,"Ciudad de Mexico, MEX","https://www.glassdoor.com/Location/All-ASUS-Ciudad-de-Mexico-Office-Locations-EI_IE40093.4,8_IL.9,25_IC5017436.htm","https://www.glassdoor.com/Reviews/Google-Ciudad-de-Mexico-Reviews-EI_IE9079.0,6_IL.7,23_IC5017436.htm",resolved,,pool-location-id,2026-06-28T12:37:51.488732+00:00
Google,"Fremont, CA",fremont ca,office-location,"Fremont, CA","https://www.glassdoor.com/Location/All-ASUS-Fremont-Office-Locations-EI_IE40093.4,8_IL.9,16_IC1147355.htm","https://www.glassdoor.com/Reviews/Google-Fremont-Reviews-EI_IE9079.0,6_IL.7,14_IC1147355.htm",resolved,,pool-location-id,2026-06-28T12:37:58.837866+00:00
Google,"Markham, ON",markham on,office-location,"Markham, ON","https://www.glassdoor.com/Location/All-ASUS-Markham-Office-Locations-EI_IE40093.4,8_IL.9,16_IC2280736.htm","https://www.glassdoor.com/Reviews/Google-Markham-Reviews-EI_IE9079.0,6_IL.7,14_IC2280736.htm",validation_failed,gap_probe_failed: missing_target_metrics,pool-location-id,2026-06-28T12:38:05.301701+00:00
Google,"Barcelona, CT",barcelona ct,office-location,"Barcelona, CT","https://www.glassdoor.com/Location/All-ASUS-Barcelona-Office-Locations-EI_IE40093.4,8_IL.9,18_IC2547194.htm","https://www.glassdoor.com/Reviews/Google-Barcelona-Reviews-EI_IE9079.0,6_IL.7,16_IC2547194.htm",resolved,,pool-location-id,2026-06-28T12:38:11.697709+00:00
Google,"Budapest, BU",budapest bu,office-location,"Budapest, BU","https://www.glassdoor.com/Location/All-ASUS-Budapest-Office-Locations-EI_IE40093.4,8_IL.9,17_IC3125126.htm","https://www.glassdoor.com/Reviews/Google-Budapest-Reviews-EI_IE9079.0,6_IL.7,15_IC3125126.htm",resolved,,pool-location-id,2026-06-28T12:38:19.153898+00:00
Google,"Emmen, DR",emmen dr,office-location,"Emmen, DR","https://www.glassdoor.com/Location/All-ASUS-Emmen-Office-Locations-EI_IE40093.4,8_IL.9,14_IC3060162.htm","https://www.glassdoor.com/Reviews/Google-Emmen-Reviews-EI_IE9079.0,6_IL.7,12_IC3060162.htm",validation_failed,gap_probe_failed: missing_target_metrics,pool-location-id,2026-06-28T12:38:30.816877+00:00
Google,"Hemel Hempstead, ENG",hemel hempstead eng,office-location,"Hemel Hempstead, ENG","https://www.glassdoor.com/Location/All-ASUS-Hemel-Hempstead-Office-Locations-EI_IE40093.4,8_IL.9,24_IC2669775.htm","https://www.glassdoor.com/Reviews/Google-Hemel-Hempstead-Reviews-EI_IE9079.0,6_IL.7,22_IC2669775.htm",validation_failed,gap_probe_failed: missing_target_metrics,pool-location-id,2026-06-28T12:38:37.362217+00:00
Google,"Milan, LOM",milan lom,office-location,"Milan, LOM","https://www.glassdoor.com/Location/All-ASUS-Milan-Office-Locations-EI_IE40093.4,8_IL.9,14_IC2802090.htm","https://www.glassdoor.com/Reviews/Google-Milan-Reviews-EI_IE9079.0,6_IL.7,12_IC2802090.htm",resolved,,pool-location-id,2026-06-28T12:38:43.910084+00:00
Google,"Moravská Ostrava, MO",moravsk ostrava mo,office-location,"Moravská Ostrava, MO","https://www.glassdoor.com/Location/All-ASUS-Moravská-Ostrava-Office-Locations-EI_IE40093.4,8_IL.9,25_IC2288209.htm","https://www.glassdoor.com/Reviews/Google-Moravsk%C3%A1-Ostrava-Reviews-EI_IE9079.0,6_IL.7,23_IC2288209.htm",validation_failed,gap_probe_failed: missing_target_metrics,pool-location-id,2026-06-28T12:38:52.966718+00:00
Google,"Noisy-le-Grand, A8",noisy le grand a8,office-location,"Noisy-le-Grand, A8","https://www.glassdoor.com/Location/All-ASUS-Noisy-le-Grand-Office-Locations-EI_IE40093.4,8_IL.9,23_IC3100822.htm","https://www.glassdoor.com/Reviews/Google-Noisy-le-Grand-Reviews-EI_IE9079.0,6_IL.7,21_IC3100822.htm",validation_failed,gap_probe_failed: missing_target_metrics,pool-location-id,2026-06-28T12:38:59.057790+00:00
Google,"Ratingen, NW",ratingen nw,office-location,"Ratingen, NW","https://www.glassdoor.com/Location/All-ASUS-Ratingen-Office-Locations-EI_IE40093.4,8_IL.9,17_IC2584004.htm","https://www.glassdoor.com/Reviews/Google-Ratingen-Reviews-EI_IE9079.0,6_IL.7,15_IC2584004.htm",validation_failed,gap_probe_failed: missing_target_metrics,pool-location-id,2026-06-28T12:39:06.420035+00:00
Google,"Üsküdar, T34",sk dar t34,office-location,"Üsküdar, T34","https://www.glassdoor.com/Location/All-ASUS-Üsküdar-Office-Locations-EI_IE40093.4,8_IL.9,16_IC3361446.htm","https://www.glassdoor.com/Reviews/Google-%C3%9Csk%C3%BCdar-Reviews-EI_IE9079.0,6_IL.7,14_IC3361446.htm",validation_failed,gap_probe_failed: missing_target_metrics,pool-location-id,2026-06-28T12:39:13.376561+00:00
Google,"Warsaw, MZ",warsaw mz,office-location,"Warsaw, MZ","https://www.glassdoor.com/Location/All-ASUS-Warsaw-Office-Locations-EI_IE40093.4,8_IL.9,15_IC3094484.htm","https://www.glassdoor.com/Reviews/Google-Warsaw-Reviews-EI_IE9079.0,6_IL.7,13_IC3094484.htm",resolved,,pool-location-id,2026-06-28T12:39:20.200492+00:00
Google,"Bangkok, 10",bangkok 10,office-location,"Bangkok, 10","https://www.glassdoor.com/Location/All-ASUS-Bangkok-Office-Locations-EI_IE40093.4,8_IL.9,16_IC3179725.htm","https://www.glassdoor.com/Reviews/Google-Bangkok-Reviews-EI_IE9079.0,6_IL.7,14_IC3179725.htm",resolved,,pool-location-id,2026-06-28T12:39:27.397441+00:00
Google,"Dubai, DU",dubai du,office-location,"Dubai, DU","https://www.glassdoor.com/Location/All-ASUS-Dubai-Office-Locations-EI_IE40093.4,8_IL.9,14_IC2204498.htm","https://www.glassdoor.com/Reviews/Google-Dubai-Reviews-EI_IE9079.0,6_IL.7,12_IC2204498.htm",resolved,,pool-location-id,2026-06-28T12:39:33.451427+00:00
Google,"Jakarta, JK",jakarta jk,office-location,"Jakarta, JK","https://www.glassdoor.com/Location/All-ASUS-Jakarta-Office-Locations-EI_IE40093.4,8_IL.9,16_IC2709872.htm","https://www.glassdoor.com/Reviews/Google-Jakarta-Reviews-EI_IE9079.0,6_IL.7,14_IC2709872.htm",resolved,,pool-location-id,2026-06-28T12:39:44.556821+00:00
Google,"Kuala Lumpur, 14",kuala lumpur 14,office-location,"Kuala Lumpur, 14","https://www.glassdoor.com/Location/All-ASUS-Kuala-Lumpur-Office-Locations-EI_IE40093.4,8_IL.9,21_IC2986682.htm","https://www.glassdoor.com/Reviews/Google-Kuala-Lumpur-Reviews-EI_IE9079.0,6_IL.7,19_IC2986682.htm",resolved,,pool-location-id,2026-06-28T12:39:52.497496+00:00
Google,"Manila, D9",manila d9,office-location,"Manila, D9","https://www.glassdoor.com/Location/All-ASUS-Manila-Office-Locations-EI_IE40093.4,8_IL.9,15_IC2363570.htm","https://www.glassdoor.com/Reviews/Google-Manila-Reviews-EI_IE9079.0,6_IL.7,13_IC2363570.htm",resolved,,pool-location-id,2026-06-28T12:40:01.215736+00:00
Google,"Mumbai, MH",mumbai mh,office-location,"Mumbai, MH","https://www.glassdoor.com/Location/All-ASUS-Mumbai-Office-Locations-EI_IE40093.4,8_IL.9,15_IC2851180.htm","https://www.glassdoor.com/Reviews/Google-Mumbai-Reviews-EI_IE9079.0,6_IL.7,13_IC2851180.htm",resolved,,pool-location-id,2026-06-28T12:40:07.108493+00:00
Google,"Seoul, 11",seoul 11,office-location,"Seoul, 11","https://www.glassdoor.com/Location/All-ASUS-Seoul-Office-Locations-EI_IE40093.4,8_IL.9,14_IC3021489.htm","https://www.glassdoor.com/Reviews/Google-Seoul-Reviews-EI_IE9079.0,6_IL.7,12_IC3021489.htm",resolved,,pool-location-id,2026-06-28T12:40:14.324074+00:00
Google,Singapore,singapore,office-location,Singapore,"https://www.glassdoor.com/Location/All-ASUS-Singapore-Office-Locations-EI_IE40093.4,8_IL.9,18_IC3235921.htm","https://www.glassdoor.com/Reviews/Google-Singapore-Reviews-EI_IE9079.0,6_IL.7,16_IC3235921.htm",resolved,,pool-location-id,2026-06-28T08:17:17.570283+00:00
Google,"Taipei, TPQ",taipei tpq,office-location,"Taipei, TPQ","https://www.glassdoor.com/Location/All-ASUS-Taipei-Office-Locations-EI_IE40093.4,8_IL.9,15_IC3271041.htm","https://www.glassdoor.com/Reviews/Google-Taipei-Reviews-EI_IE9079.0,6_IL.7,13_IC3271041.htm",resolved,,pool-location-id,2026-06-28T12:40:21.028590+00:00
Google,"Tokyo, 40",tokyo 40,office-location,"Tokyo, 40","https://www.glassdoor.com/Location/All-ASUS-Tokyo-Office-Locations-EI_IE40093.4,8_IL.9,14_IC2851580.htm","https://www.glassdoor.com/Reviews/Google-Tokyo-Reviews-EI_IE9079.0,6_IL.7,12_IC2851580.htm",resolved,,pool-location-id,2026-06-28T12:40:37.813711+00:00
Google,"San Isidro, HUC",san isidro huc,office-location,"San Isidro, HUC","https://www.glassdoor.com/Location/All-ASUS-San-Isidro-Office-Locations-EI_IE40093.4,8_IL.9,19_IC4694011.htm","https://www.glassdoor.com/Reviews/Google-San-Isidro-Reviews-EI_IE9079.0,6_IL.7,17_IC4694011.htm",validation_failed,gap_probe_failed: missing_target_metrics,pool-location-id,2026-06-28T12:40:49.766555+00:00
Google,"Santiago, RM",santiago rm,office-location,"Santiago, RM","https://www.glassdoor.com/Location/All-ASUS-Santiago-Office-Locations-EI_IE40093.4,8_IL.9,17_IC2434030.htm","https://www.glassdoor.com/Reviews/Google-Santiago-Reviews-EI_IE9079.0,6_IL.7,15_IC2434030.htm",resolved,,pool-location-id,2026-06-28T12:40:57.896929+00:00
Google,"São Paulo, SP",s o paulo sp,office-location,"São Paulo, SP","https://www.glassdoor.com/Location/All-ASUS-São-Paulo-Office-Locations-EI_IE40093.4,8_IL.9,18_IC2479061.htm","https://www.glassdoor.com/Reviews/Google-S%C3%A3o-Paulo-Reviews-EI_IE9079.0,6_IL.7,16_IC2479061.htm",resolved,,pool-location-id,2026-06-28T12:41:05.143007+00:00
Google,"Sydney, NSW",sydney nsw,office-location,"Sydney, NSW","https://www.glassdoor.com/Location/All-ASUS-Sydney-Office-Locations-EI_IE40093.4,8_IL.9,15_IC2235932.htm","https://www.glassdoor.com/Reviews/Google-Sydney-Reviews-EI_IE9079.0,6_IL.7,13_IC2235932.htm",resolved,,pool-location-id,2026-06-28T12:47:43.914035+00:00
Google,"Austin, TX",austin tx,office-location,"Austin, TX","https://www.glassdoor.com/Location/All-NVIDIA-Austin-Office-Locations-EI_IE7633.4,10_IL.11,17_IC1139761.htm","https://www.glassdoor.com/Reviews/Google-Austin-Reviews-EI_IE9079.0,6_IL.7,13_IC1139761.htm",resolved,,pool-location-id,2026-06-28T12:47:53.102046+00:00
Google,"Beaverton, OR",beaverton or,office-location,"Beaverton, OR","https://www.glassdoor.com/Location/All-NVIDIA-Beaverton-Office-Locations-EI_IE7633.4,10_IL.11,20_IC1151576.htm","https://www.glassdoor.com/Reviews/Google-Beaverton-Reviews-EI_IE9079.0,6_IL.7,16_IC1151576.htm",validation_failed,gap_probe_failed: missing_target_metrics,pool-location-id,2026-06-28T12:48:00.536300+00:00
Google,"Bellevue, WA",bellevue wa,office-location,"Bellevue, WA","https://www.glassdoor.com/Location/All-NVIDIA-Bellevue-Office-Locations-EI_IE7633.4,10_IL.11,19_IC1150442.htm","https://www.glassdoor.com/Reviews/Google-Bellevue-Reviews-EI_IE9079.0,6_IL.7,15_IC1150442.htm",resolved,,pool-location-id,2026-06-28T12:48:07.518084+00:00
Google,"Durham, NC",durham nc,office-location,"Durham, NC","https://www.glassdoor.com/Location/All-NVIDIA-Durham-Office-Locations-EI_IE7633.4,10_IL.11,17_IC1138697.htm","https://www.glassdoor.com/Reviews/Google-Durham-Reviews-EI_IE9079.0,6_IL.7,13_IC1138697.htm",resolved,,pool-location-id,2026-06-28T12:48:13.706546+00:00
Google,"Hillsboro, OR",hillsboro or,office-location,"Hillsboro, OR","https://www.glassdoor.com/Location/All-NVIDIA-Hillsboro-Office-Locations-EI_IE7633.4,10_IL.11,20_IC1151603.htm","https://www.glassdoor.com/Reviews/Google-Hillsboro-Reviews-EI_IE9079.0,6_IL.7,16_IC1151603.htm",validation_failed,gap_probe_failed: missing_target_metrics,pool-location-id,2026-06-28T12:48:21.072722+00:00
Google,"Redmond, WA",redmond wa,office-location,"Redmond, WA","https://www.glassdoor.com/Location/All-NVIDIA-Redmond-Office-Locations-EI_IE7633.4,10_IL.11,18_IC1150499.htm","https://www.glassdoor.com/Reviews/Google-Redmond-Reviews-EI_IE9079.0,6_IL.7,14_IC1150499.htm",resolved,,pool-location-id,2026-06-28T12:48:27.430761+00:00
Google,"Saint Louis, MO",saint louis mo,office-location,"Saint Louis, MO","https://www.glassdoor.com/Location/All-NVIDIA-Saint-Louis-Office-Locations-EI_IE7633.4,10_IL.11,22_IC1131270.htm","https://www.glassdoor.com/Reviews/Google-Saint-Louis-Reviews-EI_IE9079.0,6_IL.7,18_IC1131270.htm",resolved,,pool-location-id,2026-06-28T12:48:33.630055+00:00
Google,"San Francisco, CA",san francisco ca,office-location,"San Francisco, CA","https://www.glassdoor.com/Location/All-NVIDIA-San-Francisco-Office-Locations-EI_IE7633.4,10_IL.11,24_IC1147401.htm","https://www.glassdoor.com/Reviews/Google-San-Francisco-Reviews-EI_IE9079.0,6_IL.7,20_IC1147401.htm",resolved,,pool-location-id,2026-06-28T12:48:40.864517+00:00
Google,"San Jose, CA",san jose,office-location,"San Jose, CA","https://www.glassdoor.com/Location/All-NVIDIA-San-Jose-Office-Locations-EI_IE7633.4,10_IL.11,19_IC1147436.htm","https://www.glassdoor.com/Reviews/Google-San-Jose-Reviews-EI_IE9079.0,6_IL.7,15_IC1147436.htm",resolved,,pool-location-id,2026-06-28T08:17:25.314065+00:00
Google,"Santa Clara, CA",santa clara ca,office-location,"Santa Clara, CA","https://www.glassdoor.com/Location/All-NVIDIA-Santa-Clara-Office-Locations-EI_IE7633.4,10_IL.11,22_IC1147439.htm","https://www.glassdoor.com/Reviews/Google-Santa-Clara-Reviews-EI_IE9079.0,6_IL.7,18_IC1147439.htm",resolved,,pool-location-id,2026-06-28T12:48:47.392210+00:00
Google,"Toronto, ON",toronto on,office-location,"Toronto, ON","https://www.glassdoor.com/Location/All-NVIDIA-Toronto-Office-Locations-EI_IE7633.4,10_IL.11,18_IC2281069.htm","https://www.glassdoor.com/Reviews/Google-Toronto-Reviews-EI_IE9079.0,6_IL.7,14_IC2281069.htm",resolved,,pool-location-id,2026-06-28T12:48:59.148498+00:00
Google,"Westford, MA",westford ma,office-location,"Westford, MA","https://www.glassdoor.com/Location/All-NVIDIA-Westford-Office-Locations-EI_IE7633.4,10_IL.11,19_IC1154720.htm","https://www.glassdoor.com/Reviews/Google-Westford-Reviews-EI_IE9079.0,6_IL.7,15_IC1154720.htm",validation_failed,gap_probe_failed: missing_target_metrics,pool-location-id,2026-06-28T12:49:05.296008+00:00
Google,"Moscow, 48",moscow 48,office-location,"Moscow, 48","https://www.glassdoor.com/Location/All-NVIDIA-Moscow-Office-Locations-EI_IE7633.4,10_IL.11,17_IC3348306.htm","https://www.glassdoor.com/Reviews/Google-Moscow-Reviews-EI_IE9079.0,6_IL.7,13_IC3348306.htm",resolved,,pool-location-id,2026-06-28T12:49:11.598821+00:00
Google,"Munich, BY",munich by,office-location,"Munich, BY","https://www.glassdoor.com/Location/All-NVIDIA-Munich-Office-Locations-EI_IE7633.4,10_IL.11,17_IC4990924.htm","https://www.glassdoor.com/Reviews/Google-Munich-Reviews-EI_IE9079.0,6_IL.7,13_IC4990924.htm",resolved,,pool-location-id,2026-06-28T12:49:17.864094+00:00
Google,"Reading, ENG",reading eng,office-location,"Reading, ENG","https://www.glassdoor.com/Location/All-NVIDIA-Reading-Office-Locations-EI_IE7633.4,10_IL.11,18_IC2675152.htm","https://www.glassdoor.com/Reviews/Google-Reading-Reviews-EI_IE9079.0,6_IL.7,14_IC2675152.htm",resolved,,pool-location-id,2026-06-28T12:49:26.513425+00:00
Google,"Zürich, ZH",z rich zh,office-location,"Zürich, ZH","https://www.glassdoor.com/Location/All-NVIDIA-Zürich-Office-Locations-EI_IE7633.4,10_IL.11,17_IC3297851.htm","https://www.glassdoor.com/Reviews/Google-Z%C3%BCrich-Reviews-EI_IE9079.0,6_IL.7,13_IC3297851.htm",resolved,,pool-location-id,2026-06-28T12:49:33.213995+00:00
Google,"Bengaluru, KA",bengaluru ka,office-location,"Bengaluru, KA","https://www.glassdoor.com/Location/All-NVIDIA-Bengaluru-Office-Locations-EI_IE7633.4,10_IL.11,20_IC2940587.htm","https://www.glassdoor.com/Reviews/Google-Bengaluru-Reviews-EI_IE9079.0,6_IL.7,16_IC2940587.htm",resolved,,pool-location-id,2026-06-28T12:49:39.997208+00:00
Google,"Hsinchu, TXG",hsinchu txg,office-location,"Hsinchu, TXG","https://www.glassdoor.com/Location/All-NVIDIA-Hsinchu-Office-Locations-EI_IE7633.4,10_IL.11,18_IC4915323.htm","https://www.glassdoor.com/Reviews/Google-Hsinchu-Reviews-EI_IE9079.0,6_IL.7,14_IC4915323.htm",validation_failed,gap_probe_failed: missing_target_metrics,pool-location-id,2026-06-28T12:49:47.194917+00:00
Google,"Pudong, 23",pudong 23,office-location,"Pudong, 23","https://www.glassdoor.com/Location/All-NVIDIA-Pudong-Office-Locations-EI_IE7633.4,10_IL.11,17_IC2415109.htm","https://www.glassdoor.com/Reviews/Google-Pudong-Reviews-EI_IE9079.0,6_IL.7,13_IC2415109.htm",resolved,,pool-location-id,2026-06-28T12:49:54.500242+00:00
Google,"Pune, MH",pune mh,office-location,"Pune, MH","https://www.glassdoor.com/Location/All-NVIDIA-Pune-Office-Locations-EI_IE7633.4,10_IL.11,15_IC2856202.htm","https://www.glassdoor.com/Reviews/Google-Pune-Reviews-EI_IE9079.0,6_IL.7,11_IC2856202.htm",resolved,,pool-location-id,2026-06-28T12:50:00.908501+00:00
Google,"Shanghai, 23",shanghai 23,office-location,"Shanghai, 23","https://www.glassdoor.com/Location/All-NVIDIA-Shanghai-Office-Locations-EI_IE7633.4,10_IL.11,19_IC2416009.htm","https://www.glassdoor.com/Reviews/Google-Shanghai-Reviews-EI_IE9079.0,6_IL.7,15_IC2416009.htm",resolved,,pool-location-id,2026-06-28T12:50:13.225228+00:00
Google,"San Jose, MP",san jose mp,office-location,"San Jose, CA","https://www.glassdoor.com/Location/All-NVIDIA-San-Jose-Office-Locations-EI_IE7633.4,10_IL.11,19_IC1147436.htm","https://www.glassdoor.com/Reviews/Google-San-Jose-Reviews-EI_IE9079.0,6_IL.7,15_IC1147436.htm",resolved,,pool-location-id,2026-06-28T12:50:19.868205+00:00
Google,"Frankfurt am Main, HE",frankfurt am main he,office-location,"Frankfurt am Main, HE","https://www.glassdoor.com/Location/All-Micro-Star-International-Frankfurt-am-Main-Office-Locations-EI_IE41141.4,28_IL.29,46_IC2632180.htm","https://www.glassdoor.com/Reviews/Google-Frankfurt-am-Main-Reviews-EI_IE9079.0,6_IL.7,24_IC2632180.htm",resolved,,pool-location-id,2026-06-28T12:50:27.005692+00:00
Google,"Boise, ID",boise id,office-location,"Boise, ID","https://www.glassdoor.com/Location/All-HP-Inc-Boise-Office-Locations-EI_IE1093161.4,10_IL.11,16_IC1127927.htm","https://www.glassdoor.com/Reviews/Google-Boise-Reviews-EI_IE9079.0,6_IL.7,12_IC1127927.htm",resolved,,pool-location-id,2026-06-28T12:50:33.442130+00:00
Google,"Corvallis, OR",corvallis or,office-location,"Corvallis, OR","https://www.glassdoor.com/Location/All-HP-Inc-Corvallis-Office-Locations-EI_IE1093161.4,10_IL.11,20_IC1151455.htm","https://www.glassdoor.com/Reviews/Google-Corvallis-Reviews-EI_IE9079.0,6_IL.7,16_IC1151455.htm",validation_failed,gap_probe_failed: missing_target_metrics,pool-location-id,2026-06-28T12:50:40.296504+00:00
Google,"Fort Collins, CO",fort collins co,office-location,"Fort Collins, CO","https://www.glassdoor.com/Location/All-HP-Inc-Fort-Collins-Office-Locations-EI_IE1093161.4,10_IL.11,23_IC1148233.htm","https://www.glassdoor.com/Reviews/Google-Fort-Collins-Reviews-EI_IE9079.0,6_IL.7,19_IC1148233.htm",resolved,,pool-location-id,2026-06-28T12:50:47.137807+00:00
Google,"Guadalajara, JAL",guadalajara jal,office-location,"Guadalajara, JAL","https://www.glassdoor.com/Location/All-HP-Inc-Guadalajara-Office-Locations-EI_IE1093161.4,10_IL.11,22_IC3486357.htm","https://www.glassdoor.com/Reviews/Google-Guadalajara-Reviews-EI_IE9079.0,6_IL.7,18_IC3486357.htm",resolved,,pool-location-id,2026-06-28T12:50:54.100837+00:00
Google,"Houston, TX",houston tx,office-location,"Houston, TX","https://www.glassdoor.com/Location/All-HP-Inc-Houston-Office-Locations-EI_IE1093161.4,10_IL.11,18_IC1140171.htm","https://www.glassdoor.com/Reviews/Google-Houston-Reviews-EI_IE9079.0,6_IL.7,14_IC1140171.htm",resolved,,pool-location-id,2026-06-28T12:51:00.251014+00:00
Google,"Palo Alto, CA",palo alto ca,office-location,"Palo Alto, CA","https://www.glassdoor.com/Location/All-HP-Inc-Palo-Alto-Office-Locations-EI_IE1093161.4,10_IL.11,20_IC1147434.htm","https://www.glassdoor.com/Reviews/Google-Palo-Alto-Reviews-EI_IE9079.0,6_IL.7,16_IC1147434.htm",resolved,,pool-location-id,2026-06-28T12:51:06.727159+00:00
Google,"Portland, OR",portland or,office-location,"Portland, OR","https://www.glassdoor.com/Location/All-HP-Inc-Portland-Office-Locations-EI_IE1093161.4,10_IL.11,19_IC1151614.htm","https://www.glassdoor.com/Reviews/Google-Portland-Reviews-EI_IE9079.0,6_IL.7,15_IC1151614.htm",resolved,,pool-location-id,2026-06-28T12:51:13.747484+00:00
Google,"San Diego, CA",san diego ca,office-location,"San Diego, CA","https://www.glassdoor.com/Location/All-HP-Inc-San-Diego-Office-Locations-EI_IE1093161.4,10_IL.11,20_IC1147311.htm","https://www.glassdoor.com/Reviews/Google-San-Diego-Reviews-EI_IE9079.0,6_IL.7,16_IC1147311.htm",resolved,,pool-location-id,2026-06-28T12:51:25.976602+00:00
Google,"Spring, TX",spring tx,office-location,"Spring, TX","https://www.glassdoor.com/Location/All-HP-Inc-Spring-Office-Locations-EI_IE1093161.4,10_IL.11,17_IC1140222.htm","https://www.glassdoor.com/Reviews/Google-Spring-Reviews-EI_IE9079.0,6_IL.7,13_IC1140222.htm",validation_failed,gap_probe_failed: missing_target_metrics,pool-location-id,2026-06-28T12:51:32.606285+00:00
Google,"Sunnyvale, CA",sunnyvale ca,office-location,"Sunnyvale, CA","https://www.glassdoor.com/Location/All-HP-Inc-Sunnyvale-Office-Locations-EI_IE1093161.4,10_IL.11,20_IC1147442.htm","https://www.glassdoor.com/Reviews/Google-Sunnyvale-Reviews-EI_IE9079.0,6_IL.7,16_IC1147442.htm",resolved,,pool-location-id,2026-06-28T12:51:39.568285+00:00
Google,"Tlaquepaque, JAL",tlaquepaque jal,office-location,"Tlaquepaque, JAL","https://www.glassdoor.com/Location/All-HP-Inc-Tlaquepaque-Office-Locations-EI_IE1093161.4,10_IL.11,22_IC3486348.htm","https://www.glassdoor.com/Reviews/Google-Tlaquepaque-Reviews-EI_IE9079.0,6_IL.7,18_IC3486348.htm",validation_failed,gap_probe_failed: missing_target_metrics,pool-location-id,2026-06-28T12:51:46.101537+00:00
Google,"Vancouver, WA",vancouver wa,office-location,"Vancouver, WA","https://www.glassdoor.com/Location/All-HP-Inc-Vancouver-Office-Locations-EI_IE1093161.4,10_IL.11,20_IC1150413.htm","https://www.glassdoor.com/Reviews/Google-Vancouver-Reviews-EI_IE9079.0,6_IL.7,16_IC1150413.htm",resolved,,pool-location-id,2026-06-28T12:51:52.991862+00:00
Google,"Zapopan, JAL",zapopan jal,office-location,"Zapopan, JAL","https://www.glassdoor.com/Location/All-HP-Inc-Zapopan-Office-Locations-EI_IE1093161.4,10_IL.11,18_IC3487018.htm","https://www.glassdoor.com/Reviews/Google-Zapopan-Reviews-EI_IE9079.0,6_IL.7,14_IC3487018.htm",validation_failed,gap_probe_failed: missing_target_metrics,pool-location-id,2026-06-28T12:51:59.730103+00:00
Google,"Boulogne-Billancourt, A8",boulogne billancourt a8,office-location,"Boulogne-Billancourt, A8","https://www.glassdoor.com/Location/All-HP-Inc-Boulogne-Billancourt-Office-Locations-EI_IE1093161.4,10_IL.11,31_IC3040032.htm","https://www.glassdoor.com/Reviews/Google-Boulogne-Billancourt-Reviews-EI_IE9079.0,6_IL.7,27_IC3040032.htm",validation_failed,gap_probe_failed: missing_target_metrics,pool-location-id,2026-06-28T12:52:06.366355+00:00
Google,"Bucharest, B",bucharest b,office-location,"Bucharest, B","https://www.glassdoor.com/Location/All-HP-Inc-Bucharest-Office-Locations-EI_IE1093161.4,10_IL.11,20_IC3184907.htm","https://www.glassdoor.com/Reviews/Google-Bucharest-Reviews-EI_IE9079.0,6_IL.7,16_IC3184907.htm",resolved,,pool-location-id,2026-06-28T12:52:12.839537+00:00
Google,"Cambridge, ENG",cambridge eng,office-location,"Cambridge, ENG","https://www.glassdoor.com/Location/All-HP-Inc-Cambridge-Office-Locations-EI_IE1093161.4,10_IL.11,20_IC2662516.htm","https://www.glassdoor.com/Reviews/Google-Cambridge-Reviews-EI_IE9079.0,6_IL.7,16_IC2662516.htm",resolved,,pool-location-id,2026-06-28T12:52:20.047741+00:00
Google,"Meudon, A8",meudon a8,office-location,"Meudon, A8","https://www.glassdoor.com/Location/All-HP-Inc-Meudon-Office-Locations-EI_IE1093161.4,10_IL.11,17_IC3019026.htm","https://www.glassdoor.com/Reviews/Google-Meudon-Reviews-EI_IE9079.0,6_IL.7,13_IC3019026.htm",validation_failed,gap_probe_failed: missing_target_metrics,pool-location-id,2026-06-28T12:52:26.230657+00:00
Google,"Paris, A8",paris a8,office-location,"Paris, A8","https://www.glassdoor.com/Location/All-HP-Inc-Paris-Office-Locations-EI_IE1093161.4,10_IL.11,16_IC2881970.htm","https://www.glassdoor.com/Reviews/Google-Paris-Reviews-EI_IE9079.0,6_IL.7,12_IC2881970.htm",resolved,,pool-location-id,2026-06-28T12:52:37.678819+00:00
Google,"Sant Cugat del Vallès, CT",sant cugat del vall s ct,office-location,"Sant Cugat del Vallès, CT","https://www.glassdoor.com/Location/All-HP-Inc-Sant-Cugat-del-Vallès-Office-Locations-EI_IE1093161.4,10_IL.11,32_IC4843928.htm","https://www.glassdoor.com/Reviews/Google-Sant-Cugat-del-Vall%C3%A8s-Reviews-EI_IE9079.0,6_IL.7,28_IC4843928.htm",validation_failed,gap_probe_failed: missing_target_metrics,pool-location-id,2026-06-28T12:52:44.651863+00:00
Google,"Tuas, W",tuas w,office-location,"Tuas, W","https://www.glassdoor.com/Location/All-HP-Inc-Tuas-Office-Locations-EI_IE1093161.4,10_IL.11,15_IC3235538.htm","https://www.glassdoor.com/Reviews/Google-Tuas-Reviews-EI_IE9079.0,6_IL.7,11_IC3235538.htm",validation_failed,gap_probe_failed: missing_target_metrics,pool-location-id,2026-06-28T12:52:51.348459+00:00
Google,"Whitefield, KA",whitefield ka,office-location,"Whitefield, KA","https://www.glassdoor.com/Location/All-HP-Inc-Whitefield-Office-Locations-EI_IE1093161.4,10_IL.11,21_IC2941717.htm","https://www.glassdoor.com/Reviews/Google-Whitefield-Reviews-EI_IE9079.0,6_IL.7,17_IC2941717.htm",resolved,,pool-location-id,2026-06-28T12:52:57.340907+00:00
Google,"Lake Forest, CA",lake forest ca,office-location,"Lake Forest, CA","https://www.glassdoor.com/Location/All-Wistron-Lake-Forest-Office-Locations-EI_IE15218.4,11_IL.12,23_IC1146811.htm","https://www.glassdoor.com/Reviews/Google-Lake-Forest-Reviews-EI_IE9079.0,6_IL.7,18_IC1146811.htm",validation_failed,gap_probe_failed: missing_target_metrics,pool-location-id,2026-06-28T12:53:04.184486+00:00
Google,"Rolling Meadows, IL",rolling meadows il,office-location,"Rolling Meadows, IL","https://www.glassdoor.com/Location/All-Wistron-Rolling-Meadows-Office-Locations-EI_IE15218.4,11_IL.12,27_IC1128962.htm","https://www.glassdoor.com/Reviews/Google-Rolling-Meadows-Reviews-EI_IE9079.0,6_IL.7,22_IC1128962.htm",validation_failed,gap_probe_failed: missing_target_metrics,pool-location-id,2026-06-28T12:53:10.151701+00:00
Google,"Wuhan, 12",wuhan 12,office-location,"Wuhan, 12","https://www.glassdoor.com/Location/All-Wistron-Wuhan-Office-Locations-EI_IE15218.4,11_IL.12,17_IC2478891.htm","https://www.glassdoor.com/Reviews/Google-Wuhan-Reviews-EI_IE9079.0,6_IL.7,12_IC2478891.htm",validation_failed,gap_probe_failed: missing_target_metrics,pool-location-id,2026-06-28T12:53:16.756985+00:00
Google,"Hoofddorp, NH",hoofddorp nh,office-location,"Hoofddorp, NH","https://www.glassdoor.com/Location/All-Delta-Electronics-Hoofddorp-Office-Locations-EI_IE41146.4,21_IL.22,31_IC3063772.htm","https://www.glassdoor.com/Reviews/Google-Hoofddorp-Reviews-EI_IE9079.0,6_IL.7,16_IC3063772.htm",validation_failed,gap_probe_failed: missing_target_metrics,pool-location-id,2026-06-28T12:53:23.320474+00:00
Google,"Notting Hill, VIC",notting hill vic,office-location,"Notting Hill, VIC","https://www.glassdoor.com/Location/All-Delta-Electronics-Notting-Hill-Office-Locations-EI_IE41146.4,21_IL.22,34_IC2257042.htm","https://www.glassdoor.com/Reviews/Google-Notting-Hill-Reviews-EI_IE9079.0,6_IL.7,19_IC2257042.htm",validation_failed,gap_probe_failed: missing_target_metrics,pool-location-id,2026-06-28T12:53:29.545851+00:00
Google,"Jeffersonville, IN",jeffersonville in,office-location,"Jeffersonville, IN","https://www.glassdoor.com/Location/All-Pegatron-Jeffersonville-Office-Locations-EI_IE337948.4,12_IL.13,27_IC1145141.htm","https://www.glassdoor.com/Reviews/Google-Jeffersonville-Reviews-EI_IE9079.0,6_IL.7,21_IC1145141.htm",validation_failed,gap_probe_failed: missing_target_metrics,pool-location-id,2026-06-28T12:53:39.713814+00:00
Google,"Irving, TX",irving tx,office-location,"Irving, TX","https://www.glassdoor.com/Location/All-Trend-Micro-Inc-Irving-Office-Locations-EI_IE8983.4,19_IL.20,26_IC1140006.htm","https://www.glassdoor.com/Reviews/Google-Irving-Reviews-EI_IE9079.0,6_IL.7,13_IC1140006.htm",resolved,,pool-location-id,2026-06-28T12:53:52.778669+00:00
Google,"Jersey City, NJ",jersey city nj,office-location,"Jersey City, NJ","https://www.glassdoor.com/Location/All-Trend-Micro-Inc-Jersey-City-Office-Locations-EI_IE8983.4,19_IL.20,31_IC1126819.htm","https://www.glassdoor.com/Reviews/Google-Jersey-City-Reviews-EI_IE9079.0,6_IL.7,18_IC1126819.htm",resolved,,pool-location-id,2026-06-28T12:53:59.958258+00:00
Google,"Kanata, ON",kanata on,office-location,"Kanata, ON","https://www.glassdoor.com/Location/All-Trend-Micro-Inc-Kanata-Office-Locations-EI_IE8983.4,19_IL.20,26_IC2282818.htm","https://www.glassdoor.com/Reviews/Google-Kanata-Reviews-EI_IE9079.0,6_IL.7,13_IC2282818.htm",resolved,,pool-location-id,2026-06-28T12:54:08.474760+00:00
Google,"Cork, M",cork m,office-location,"Cork, M","https://www.glassdoor.com/Location/All-Trend-Micro-Inc-Cork-Office-Locations-EI_IE8983.4,19_IL.20,24_IC4325638.htm","https://www.glassdoor.com/Reviews/Google-Cork-Reviews-EI_IE9079.0,6_IL.7,11_IC4325638.htm",resolved,,pool-location-id,2026-06-28T12:54:15.595549+00:00
Google,"London, ENG",london eng,office-location,"London, ENG","https://www.glassdoor.com/Location/All-Trend-Micro-Inc-London-Office-Locations-EI_IE8983.4,19_IL.20,26_IC2671300.htm","https://www.glassdoor.com/Reviews/Google-London-Reviews-EI_IE9079.0,6_IL.7,13_IC2671300.htm",resolved,,pool-location-id,2026-06-28T12:54:22.843208+00:00
Google,"Paddington, ENG",paddington eng,office-location,"Paddington, ENG","https://www.glassdoor.com/Location/All-Trend-Micro-Inc-Paddington-Office-Locations-EI_IE8983.4,19_IL.20,30_IC3527325.htm","https://www.glassdoor.com/Reviews/Google-Paddington-Reviews-EI_IE9079.0,6_IL.7,17_IC3527325.htm",validation_failed,gap_probe_failed: missing_target_metrics,pool-location-id,2026-06-28T12:54:28.910225+00:00
Google,"Aliso, CA",aliso ca,office-location,"Aliso, CA","https://www.glassdoor.com/Location/All-Dell-Technologies-Aliso-Office-Locations-EI_IE1327.4,21_IL.22,27_IC3789361.htm","https://www.glassdoor.com/Reviews/Google-Aliso-Reviews-EI_IE9079.0,6_IL.7,12_IC3789361.htm",validation_failed,gap_probe_failed: missing_target_metrics,pool-location-id,2026-06-28T12:54:36.936376+00:00
Google,"Bedford, MA",bedford ma,office-location,"Bedford, MA","https://www.glassdoor.com/Location/All-Dell-Technologies-Bedford-Office-Locations-EI_IE1327.4,21_IL.22,29_IC1154527.htm","https://www.glassdoor.com/Reviews/Google-Bedford-Reviews-EI_IE9079.0,6_IL.7,14_IC1154527.htm",validation_failed,gap_probe_failed: missing_target_metrics,pool-location-id,2026-06-28T12:54:44.044523+00:00
Google,"Boston, MA",boston ma,office-location,"Boston, MA","https://www.glassdoor.com/Location/All-Dell-Technologies-Boston-Office-Locations-EI_IE1327.4,21_IL.22,28_IC1154532.htm","https://www.glassdoor.com/Reviews/Google-Boston-Reviews-EI_IE9079.0,6_IL.7,13_IC1154532.htm",resolved,,pool-location-id,2026-06-28T12:54:51.974868+00:00
Google,"Boydton, VA",boydton va,office-location,"Boydton, VA","https://www.glassdoor.com/Location/All-Dell-Technologies-Boydton-Office-Locations-EI_IE1327.4,21_IL.22,29_IC1129623.htm","https://www.glassdoor.com/Reviews/Google-Boydton-Reviews-EI_IE9079.0,6_IL.7,14_IC1129623.htm",validation_failed,gap_probe_failed: missing_target_metrics,pool-location-id,2026-06-28T12:54:58.930950+00:00
Google,"Cambridge, MA",cambridge ma,office-location,"Cambridge, MA","https://www.glassdoor.com/Location/All-Dell-Technologies-Cambridge-Office-Locations-EI_IE1327.4,21_IL.22,31_IC1154545.htm","https://www.glassdoor.com/Reviews/Google-Cambridge-Reviews-EI_IE9079.0,6_IL.7,16_IC1154545.htm",resolved,,pool-location-id,2026-06-28T12:55:11.235062+00:00
Google,"Canada, KY",canada ky,office-location,"Canada, KY","https://www.glassdoor.com/Location/All-Dell-Technologies-Canada-Office-Locations-EI_IE1327.4,21_IL.22,28_IC1137126.htm","https://www.glassdoor.com/Reviews/Google-Canada-Reviews-EI_IE9079.0,6_IL.7,13_IC1137126.htm",resolved,,pool-location-id,2026-06-28T12:55:19.624206+00:00
Google,"Canton, MA",canton ma,office-location,"Canton, MA","https://www.glassdoor.com/Location/All-Dell-Technologies-Canton-Office-Locations-EI_IE1327.4,21_IL.22,28_IC1154546.htm","https://www.glassdoor.com/Reviews/Google-Canton-Reviews-EI_IE9079.0,6_IL.7,13_IC1154546.htm",validation_failed,gap_probe_failed: missing_target_metrics,pool-location-id,2026-06-28T12:55:27.192767+00:00
Google,"Cedar Park, TX",cedar park tx,office-location,"Cedar Park, TX","https://www.glassdoor.com/Location/All-Dell-Technologies-Cedar-Park-Office-Locations-EI_IE1327.4,21_IL.22,32_IC1139765.htm","https://www.glassdoor.com/Reviews/Google-Cedar-Park-Reviews-EI_IE9079.0,6_IL.7,17_IC1139765.htm",validation_failed,gap_probe_failed: missing_target_metrics,pool-location-id,2026-06-28T12:55:37.050916+00:00
Google,"Framingham, MA",framingham ma,office-location,"Framingham, MA","https://www.glassdoor.com/Location/All-Dell-Technologies-Framingham-Office-Locations-EI_IE1327.4,21_IL.22,32_IC1154571.htm","https://www.glassdoor.com/Reviews/Google-Framingham-Reviews-EI_IE9079.0,6_IL.7,17_IC1154571.htm",validation_failed,gap_probe_failed: missing_target_metrics,pool-location-id,2026-06-28T12:55:43.737438+00:00
Google,"Franklin, MA",franklin ma,office-location,"Franklin, MA","https://www.glassdoor.com/Location/All-Dell-Technologies-Franklin-Office-Locations-EI_IE1327.4,21_IL.22,30_IC1154572.htm","https://www.glassdoor.com/Reviews/Google-Franklin-Reviews-EI_IE9079.0,6_IL.7,15_IC1154572.htm",validation_failed,gap_probe_failed: missing_target_metrics,pool-location-id,2026-06-28T12:55:54.503110+00:00
Google,"Fuquay-Varina, NC",fuquay varina nc,office-location,"Fuquay-Varina, NC","https://www.glassdoor.com/Location/All-Dell-Technologies-Fuquay-Varina-Office-Locations-EI_IE1327.4,21_IL.22,35_IC3757296.htm","https://www.glassdoor.com/Reviews/Google-Fuquay-Varina-Reviews-EI_IE9079.0,6_IL.7,20_IC3757296.htm",validation_failed,gap_probe_failed: missing_target_metrics,pool-location-id,2026-06-28T12:56:00.588070+00:00
Google,"Georgetown, TX",georgetown tx,office-location,"Georgetown, TX","https://www.glassdoor.com/Location/All-Dell-Technologies-Georgetown-Office-Locations-EI_IE1327.4,21_IL.22,32_IC1139774.htm","https://www.glassdoor.com/Reviews/Google-Georgetown-Reviews-EI_IE9079.0,6_IL.7,17_IC1139774.htm",resolved,,pool-location-id,2026-06-28T12:56:07.429998+00:00
Google,"Hopkinton, MA",hopkinton ma,office-location,"Hopkinton, MA","https://www.glassdoor.com/Location/All-Dell-Technologies-Hopkinton-Office-Locations-EI_IE1327.4,21_IL.22,31_IC1154589.htm","https://www.glassdoor.com/Reviews/Google-Hopkinton-Reviews-EI_IE9079.0,6_IL.7,16_IC1154589.htm",validation_failed,gap_probe_failed: missing_target_metrics,pool-location-id,2026-06-28T12:56:14.272534+00:00
Google,"India, TX",india tx,office-location,"India, TX","https://www.glassdoor.com/Location/All-Dell-Technologies-India-Office-Locations-EI_IE1327.4,21_IL.22,27_IC3759223.htm","https://www.glassdoor.com/Reviews/Google-India-Reviews-EI_IE9079.0,6_IL.7,12_IC3759223.htm",resolved,,pool-location-id,2026-06-28T12:56:21.708646+00:00
Google,"Land O' Lakes, FL",land o lakes fl,office-location,"Land O' Lakes, FL","https://www.glassdoor.com/Location/All-Dell-Technologies-Land-O-Lakes-Office-Locations-EI_IE1327.4,21_IL.22,34_IC3817049.htm","https://www.glassdoor.com/Reviews/Google-Land-O-Lakes-Reviews-EI_IE9079.0,6_IL.7,19_IC3817049.htm",validation_failed,gap_probe_failed: missing_target_metrics,pool-location-id,2026-06-28T12:56:33.388073+00:00
Google,"Leander, TX",leander tx,office-location,"Leander, TX","https://www.glassdoor.com/Location/All-Dell-Technologies-Leander-Office-Locations-EI_IE1327.4,21_IL.22,29_IC1139779.htm","https://www.glassdoor.com/Reviews/Google-Leander-Reviews-EI_IE9079.0,6_IL.7,14_IC1139779.htm",validation_failed,gap_probe_failed: missing_target_metrics,pool-location-id,2026-06-28T12:56:40.399498+00:00
Google,"Pflugerville, TX",pflugerville tx,office-location,"Pflugerville, TX","https://www.glassdoor.com/Location/All-Dell-Technologies-Pflugerville-Office-Locations-EI_IE1327.4,21_IL.22,34_IC1139790.htm","https://www.glassdoor.com/Reviews/Google-Pflugerville-Reviews-EI_IE9079.0,6_IL.7,19_IC1139790.htm",validation_failed,gap_probe_failed: missing_target_metrics,pool-location-id,2026-06-28T12:56:46.593947+00:00
Google,"Quincy, MA",quincy ma,office-location,"Quincy, MA","https://www.glassdoor.com/Location/All-Dell-Technologies-Quincy-Office-Locations-EI_IE1327.4,21_IL.22,28_IC1154667.htm","https://www.glassdoor.com/Reviews/Google-Quincy-Reviews-EI_IE9079.0,6_IL.7,13_IC1154667.htm",resolved,,pool-location-id,2026-06-28T12:56:54.129894+00:00
Google,"Round Rock, TX",round rock tx,office-location,"Round Rock, TX","https://www.glassdoor.com/Location/All-Dell-Technologies-Round-Rock-Office-Locations-EI_IE1327.4,21_IL.22,32_IC1139794.htm","https://www.glassdoor.com/Reviews/Google-Round-Rock-Reviews-EI_IE9079.0,6_IL.7,17_IC1139794.htm",resolved,,pool-location-id,2026-06-28T12:57:01.652050+00:00
Google,"San Marcos, TX",san marcos tx,office-location,"San Marcos, TX","https://www.glassdoor.com/Location/All-Dell-Technologies-San-Marcos-Office-Locations-EI_IE1327.4,21_IL.22,32_IC1139795.htm","https://www.glassdoor.com/Reviews/Google-San-Marcos-Reviews-EI_IE9079.0,6_IL.7,17_IC1139795.htm",validation_failed,gap_probe_failed: missing_target_metrics,pool-location-id,2026-06-28T12:57:07.740843+00:00
Google,"Satellite Beach, FL",satellite beach fl,office-location,"Satellite Beach, FL","https://www.glassdoor.com/Location/All-Dell-Technologies-Satellite-Beach-Office-Locations-EI_IE1327.4,21_IL.22,37_IC1154294.htm","https://www.glassdoor.com/Reviews/Google-Satellite-Beach-Reviews-EI_IE9079.0,6_IL.7,22_IC1154294.htm",validation_failed,gap_probe_failed: missing_target_metrics,pool-location-id,2026-06-28T12:57:15.683373+00:00
Google,"Wellesley, MA",wellesley ma,office-location,"Wellesley, MA","https://www.glassdoor.com/Location/All-Dell-Technologies-Wellesley-Office-Locations-EI_IE1327.4,21_IL.22,31_IC1154708.htm","https://www.glassdoor.com/Reviews/Google-Wellesley-Reviews-EI_IE9079.0,6_IL.7,16_IC1154708.htm",validation_failed,gap_probe_failed: missing_target_metrics,pool-location-id,2026-06-28T12:57:22.191105+00:00
Google,"Domlur, KA",domlur ka,office-location,"Domlur, KA","https://www.glassdoor.com/Location/All-Dell-Technologies-Domlur-Office-Locations-EI_IE1327.4,21_IL.22,28_IC4470560.htm","https://www.glassdoor.com/Reviews/Google-Domlur-Reviews-EI_IE9079.0,6_IL.7,13_IC4470560.htm",validation_failed,gap_probe_failed: missing_target_metrics,pool-location-id,2026-06-28T12:57:30.125719+00:00
Google,"Chicago, IL",chicago il,office-location,"Chicago, IL","https://www.glassdoor.com/Location/All-Lenovo-Chicago-Office-Locations-EI_IE8034.4,10_IL.11,18_IC1128808.htm","https://www.glassdoor.com/Reviews/Google-Chicago-Reviews-EI_IE9079.0,6_IL.7,14_IC1128808.htm",resolved,,pool-location-id,2026-06-28T12:57:36.768005+00:00
Google,"Morrisville, NC",morrisville nc,office-location,"Morrisville, NC","https://www.glassdoor.com/Location/All-Lenovo-Morrisville-Office-Locations-EI_IE8034.4,10_IL.11,22_IC1138956.htm","https://www.glassdoor.com/Reviews/Google-Morrisville-Reviews-EI_IE9079.0,6_IL.7,18_IC1138956.htm",resolved,,pool-location-id,2026-06-28T12:57:49.008496+00:00
Google,"Bratislava, 02",bratislava 02,office-location,"Bratislava, 02","https://www.glassdoor.com/Location/All-Lenovo-Bratislava-Office-Locations-EI_IE8034.4,10_IL.11,21_IC2907054.htm","https://www.glassdoor.com/Reviews/Google-Bratislava-Reviews-EI_IE9079.0,6_IL.7,17_IC2907054.htm",resolved,,pool-location-id,2026-06-28T12:57:57.865854+00:00
Google,"Stuttgart, BW",stuttgart bw,office-location,"Stuttgart, BW","https://www.glassdoor.com/Location/All-Lenovo-Stuttgart-Office-Locations-EI_IE8034.4,10_IL.11,20_IC2507190.htm","https://www.glassdoor.com/Reviews/Google-Stuttgart-Reviews-EI_IE9079.0,6_IL.7,16_IC2507190.htm",resolved,,pool-location-id,2026-06-28T12:58:05.501158+00:00
Google,"Beijing, 22",beijing 22,office-location,"Beijing, 22","https://www.glassdoor.com/Location/All-Lenovo-Beijing-Office-Locations-EI_IE8034.4,10_IL.11,18_IC2398510.htm","https://www.glassdoor.com/Reviews/Google-Beijing-Reviews-EI_IE9079.0,6_IL.7,14_IC2398510.htm",resolved,,pool-location-id,2026-06-28T12:58:11.745901+00:00
Google,"Changping, 22",changping 22,office-location,"Changping, 22","https://www.glassdoor.com/Location/All-Lenovo-Changping-Office-Locations-EI_IE8034.4,10_IL.11,20_IC2405661.htm","https://www.glassdoor.com/Reviews/Google-Changping-Reviews-EI_IE9079.0,6_IL.7,16_IC2405661.htm",validation_failed,gap_probe_failed: missing_target_metrics,pool-location-id,2026-06-28T12:58:17.966200+00:00
Google,"Haidian, 22",haidian 22,office-location,"Haidian, 22","https://www.glassdoor.com/Location/All-Lenovo-Haidian-Office-Locations-EI_IE8034.4,10_IL.11,18_IC2405685.htm","https://www.glassdoor.com/Reviews/Google-Haidian-Reviews-EI_IE9079.0,6_IL.7,14_IC2405685.htm",validation_failed,gap_probe_failed: missing_target_metrics,pool-location-id,2026-06-28T12:58:24.845581+00:00
Google,Hong Kong,hong kong,office-location,Hong Kong,"https://www.glassdoor.com/Location/All-Lenovo-Hong-Kong-Office-Locations-EI_IE8034.4,10_IL.11,20_IC2308631.htm","https://www.glassdoor.com/Reviews/Google-Hong-Kong-Reviews-EI_IE9079.0,6_IL.7,16_IC2308631.htm",resolved,,pool-location-id,2026-06-28T12:58:32.445971+00:00
Google,"Shenzhenzhen, 02",shenzhenzhen 02,office-location,"Shenzhenzhen, 02","https://www.glassdoor.com/Location/All-Lenovo-Shenzhenzhen-Office-Locations-EI_IE8034.4,10_IL.11,23_IC2441398.htm","https://www.glassdoor.com/Reviews/Google-Shenzhenzhen-Reviews-EI_IE9079.0,6_IL.7,19_IC2441398.htm",validation_failed,gap_probe_failed: missing_target_metrics,pool-location-id,2026-06-28T12:58:39.847756+00:00
Google,"Xiamen, 07",xiamen 07,office-location,"Xiamen, 07","https://www.glassdoor.com/Location/All-Lenovo-Xiamen-Office-Locations-EI_IE8034.4,10_IL.11,17_IC2564138.htm","https://www.glassdoor.com/Reviews/Google-Xiamen-Reviews-EI_IE9079.0,6_IL.7,13_IC2564138.htm",resolved,,pool-location-id,2026-06-28T12:58:46.390270+00:00
Google,"Buenos Aires, C",buenos aires c,office-location,"Buenos Aires, C","https://www.glassdoor.com/Location/All-Lenovo-Buenos-Aires-Office-Locations-EI_IE8034.4,10_IL.11,23_IC2242084.htm","https://www.glassdoor.com/Reviews/Google-Buenos-Aires-Reviews-EI_IE9079.0,6_IL.7,19_IC2242084.htm",resolved,,pool-location-id,2026-06-28T12:58:53.037818+00:00
Google,"Campinas, SP",campinas sp,office-location,"Campinas, SP","https://www.glassdoor.com/Location/All-Lenovo-Campinas-Office-Locations-EI_IE8034.4,10_IL.11,19_IC2490130.htm","https://www.glassdoor.com/Reviews/Google-Campinas-Reviews-EI_IE9079.0,6_IL.7,15_IC2490130.htm",resolved,,pool-location-id,2026-06-28T12:59:04.855480+00:00
Google,"Indaiatuba, SP",indaiatuba sp,office-location,"Indaiatuba, SP","https://www.glassdoor.com/Location/All-Lenovo-Indaiatuba-Office-Locations-EI_IE8034.4,10_IL.11,21_IC2480058.htm","https://www.glassdoor.com/Reviews/Google-Indaiatuba-Reviews-EI_IE9079.0,6_IL.7,17_IC2480058.htm",resolved,,pool-location-id,2026-06-28T12:59:15.578470+00:00
Google,"Itu, SP",itu sp,office-location,"Itu, SP","https://www.glassdoor.com/Location/All-Lenovo-Itu-Office-Locations-EI_IE8034.4,10_IL.11,14_IC2490672.htm","https://www.glassdoor.com/Reviews/Google-Itu-Reviews-EI_IE9079.0,6_IL.7,10_IC2490672.htm",validation_failed,gap_probe_failed: missing_target_metrics,pool-location-id,2026-06-28T12:59:22.238159+00:00
Google,"Martínez, B",mart nez b,office-location,"Martínez, B","https://www.glassdoor.com/Location/All-Lenovo-Martínez-Office-Locations-EI_IE8034.4,10_IL.11,19_IC2207815.htm","https://www.glassdoor.com/Reviews/Google-Mart%C3%ADnez-Reviews-EI_IE9079.0,6_IL.7,15_IC2207815.htm",validation_failed,gap_probe_failed: missing_target_metrics,pool-location-id,2026-06-28T12:59:32.335841+00:00
Google,"Sorocaba, SP",sorocaba sp,office-location,"Sorocaba, SP","https://www.glassdoor.com/Location/All-Lenovo-Sorocaba-Office-Locations-EI_IE8034.4,10_IL.11,19_IC2475809.htm","https://www.glassdoor.com/Reviews/Google-Sorocaba-Reviews-EI_IE9079.0,6_IL.7,15_IC2475809.htm",resolved,,pool-location-id,2026-06-28T12:59:38.794483+00:00
Google,"Vicente López, B",vicente l pez b,office-location,"Vicente López, B","https://www.glassdoor.com/Location/All-Lenovo-Vicente-López-Office-Locations-EI_IE8034.4,10_IL.11,24_IC2211608.htm","https://www.glassdoor.com/Reviews/Google-Vicente-L%C3%B3pez-Reviews-EI_IE9079.0,6_IL.7,20_IC2211608.htm",validation_failed,gap_probe_failed: missing_target_metrics,pool-location-id,2026-06-28T12:59:48.956441+00:00
Google,Global,global,manual-seed,,,https://www.glassdoor.com/Reviews/Google-Reviews-E9079.htm,resolved,,review-url-hint,2026-06-28T15:39:55.669053+08:00
Google,Hsinchu,hsinchu,manual-seed,"Hsinchu, TXG","https://www.glassdoor.com/Location/All-NVIDIA-Hsinchu-Office-Locations-EI_IE7633.4,10_IL.11,18_IC4915323.htm","https://www.glassdoor.com/Reviews/Google-Hsinchu-Reviews-EI_IE9079.0,6_IL.7,14_IC4915323.htm",validation_failed,gap_probe_failed: missing_target_metrics,pool-location-id,2026-06-28T08:17:34.819987+00:00
Google,Taoyuan,taoyuan,manual-seed,,,,no_result,pool_location_id_not_found,pool-location-id,2026-06-28T08:17:34.897408+00:00
Google,Shanghai,shanghai,manual-seed,"Shanghai, 23","https://www.glassdoor.com/Location/All-NVIDIA-Shanghai-Office-Locations-EI_IE7633.4,10_IL.11,19_IC2416009.htm","https://www.glassdoor.com/Reviews/Google-Shanghai-Reviews-EI_IE9079.0,6_IL.7,15_IC2416009.htm",resolved,,pool-location-id,2026-06-28T08:17:42.083500+00:00
Google,Shenzhen,shenzhen,manual-seed,"Shenzhenzhen, 02","https://www.glassdoor.com/Location/All-Lenovo-Shenzhenzhen-Office-Locations-EI_IE8034.4,10_IL.11,23_IC2441398.htm","https://www.glassdoor.com/Reviews/Google-Shenzhenzhen-Reviews-EI_IE9079.0,6_IL.7,19_IC2441398.htm",validation_failed,gap_probe_failed: missing_target_metrics,pool-location-id,2026-06-28T08:17:48.792032+00:00
Google,Tokyo,tokyo,manual-seed,"Tokyo, 40","https://www.glassdoor.com/Location/All-ASUS-Tokyo-Office-Locations-EI_IE40093.4,8_IL.9,14_IC2851580.htm","https://www.glassdoor.com/Reviews/Google-Tokyo-Reviews-EI_IE9079.0,6_IL.7,12_IC2851580.htm",resolved,,pool-location-id,2026-06-28T08:17:57.300981+00:00
Google,Seoul,seoul,manual-seed,"Seoul, 11","https://www.glassdoor.com/Location/All-ASUS-Seoul-Office-Locations-EI_IE40093.4,8_IL.9,14_IC3021489.htm","https://www.glassdoor.com/Reviews/Google-Seoul-Reviews-EI_IE9079.0,6_IL.7,12_IC3021489.htm",resolved,,pool-location-id,2026-06-28T08:18:06.184670+00:00
Google,Austin,austin,manual-seed,"Austin, TX","https://www.glassdoor.com/Location/All-NVIDIA-Austin-Office-Locations-EI_IE7633.4,10_IL.11,17_IC1139761.htm","https://www.glassdoor.com/Reviews/Google-Austin-Reviews-EI_IE9079.0,6_IL.7,13_IC1139761.htm",resolved,,pool-location-id,2026-06-28T08:18:14.429407+00:00
Google,Seattle,seattle,manual-seed,,,,no_result,pool_location_id_not_found,pool-location-id,2026-06-28T08:18:14.505421+00:00
Google,London,london,manual-seed,"London, ENG","https://www.glassdoor.com/Location/All-Trend-Micro-Inc-London-Office-Locations-EI_IE8983.4,19_IL.20,26_IC2671300.htm","https://www.glassdoor.com/Reviews/Google-London-Reviews-EI_IE9079.0,6_IL.7,13_IC2671300.htm",resolved,,pool-location-id,2026-06-28T08:18:24.899456+00:00
Google,Dublin,dublin,manual-seed,,,,no_result,pool_location_id_not_found,pool-location-id,2026-06-28T08:18:24.980901+00:00
Google,Munich,munich,manual-seed,"Munich, BY","https://www.glassdoor.com/Location/All-NVIDIA-Munich-Office-Locations-EI_IE7633.4,10_IL.11,17_IC4990924.htm","https://www.glassdoor.com/Reviews/Google-Munich-Reviews-EI_IE9079.0,6_IL.7,13_IC4990924.htm",resolved,,pool-location-id,2026-06-28T08:18:33.492068+00:00
