company,requested_region,resolved_region,country,review_url,overall,recommend,ceo_approval,total_reviews,diversity_inclusion,work_life_balance,compensation_benefits,culture_values,career_opportunities,senior_management,header_text,scraped_at,company_input_source,region_source,validation_status
Google,Taipei,Taipei,Taiwan,"https://www.glassdoor.com/Reviews/Google-Taipei-Reviews-EI_IE9079.0,6_IL.7,13_IC3271041.htm",4.4,94%,82%,148,4.6,4.3,4.6,4.3,4.1,3.9,Google Taipei reviews,2026-06-28T14:15:40.751634+00:00,seed,manual-seed,validated
ASUS,"Fremont, CA",Fremont,United States,"https://www.glassdoor.com/Reviews/ASUS-Fremont-Reviews-EI_IE40093.0,4_IL.5,12_IC1147355.htm",3.7,51%,97%,79,3.4,3,2.3,2.7,2.5,3,ASUS Fremont reviews,2026-06-28T14:15:57.379562+00:00,seed,office-location,validated
ASUS,"Markham, ON",Markham,Canada,"https://www.glassdoor.com/Reviews/ASUS-Markham-Reviews-EI_IE40093.0,4_IL.5,12_IC2280736.htm",2,0%,0%,14,1.1,1.6,2.1,1.1,1.3,1.3,ASUS Markham reviews,2026-06-28T14:16:07.295976+00:00,seed,office-location,validated
ASUS,"Barcelona, CT",Barcelona,Spain,"https://www.glassdoor.com/Reviews/ASUS-Barcelona-Reviews-EI_IE40093.0,4_IL.5,14_IC2547194.htm",2.4,33%,0%,5,1.7,2.4,2.3,1.7,2.3,1.7,ASUS Barcelona reviews,2026-06-28T14:16:15.312956+00:00,seed,office-location,validated
ASUS,"Emmen, DR",Emmen,Netherlands,"https://www.glassdoor.com/Reviews/ASUS-Emmen-Reviews-EI_IE40093.0,4_IL.5,10_IC3060162.htm",4.9,99%,99%,5,5,4.8,2.9,4.9,3,4,ASUS Emmen reviews,2026-06-28T14:16:31.440520+00:00,seed,office-location,validated
ASUS,"Hemel Hempstead, ENG",Hemel Hempstead,United Kingdom,"https://www.glassdoor.com/Reviews/ASUS-Hemel-Hempstead-Reviews-EI_IE40093.0,4_IL.5,20_IC2669775.htm",3.9,99%,100%,18,4.7,3,3.3,4.2,3.4,3,ASUS Hemel Hempstead reviews,2026-06-28T14:16:40.749807+00:00,seed,office-location,validated
ASUS,"Milan, LOM",Milan,Italy,"https://www.glassdoor.com/Reviews/ASUS-Milan-Reviews-EI_IE40093.0,4_IL.5,10_IC2802090.htm",3.3,100%,100%,1,3.3,2.4,1.5,2.4,3.3,3.3,ASUS Milan reviews,2026-06-28T14:16:48.289810+00:00,seed,office-location,validated
ASUS,"Noisy-le-Grand, A8",Noisy-le-Grand,France,"https://www.glassdoor.com/Reviews/ASUS-Noisy-le-Grand-Reviews-EI_IE40093.0,4_IL.5,19_IC3100822.htm",2.4,22%,23%,4,2.8,2.2,2.1,2.5,2.1,2.3,ASUS Noisy-le-Grand reviews,2026-06-28T14:16:56.626947+00:00,seed,office-location,validated
ASUS,"Ratingen, NW",Ratingen,Germany,"https://www.glassdoor.com/Reviews/ASUS-Ratingen-Reviews-EI_IE40093.0,4_IL.5,13_IC2584004.htm",4,97%,100%,1,1.4,3,1.6,3,2.3,2.5,ASUS Ratingen reviews,2026-06-28T14:17:09.575054+00:00,seed,office-location,validated
ASUS,"Bangkok, 10",Bangkok,Thailand,"https://www.glassdoor.com/Reviews/ASUS-Bangkok-Reviews-EI_IE40093.0,4_IL.5,12_IC3179725.htm",3.9,79%,100%,8,4.5,3.5,4,3.7,3.1,3.4,ASUS Bangkok reviews,2026-06-28T14:17:17.577816+00:00,seed,office-location,validated
ASUS,"Dubai, DU",Dubai,United Arab Emirates,"https://www.glassdoor.com/Reviews/ASUS-Dubai-Reviews-EI_IE40093.0,4_IL.5,10_IC2204498.htm",2.6,3%,100%,19,2.3,1.9,1.7,2.2,2.3,2.2,ASUS Dubai reviews,2026-06-28T14:17:25.923326+00:00,seed,office-location,validated
ASUS,"Jakarta, JK",Jakarta,Indonesia,"https://www.glassdoor.com/Reviews/ASUS-Jakarta-Reviews-EI_IE40093.0,4_IL.5,12_IC2709872.htm",4,99%,100%,15,4.6,3.6,4.3,4.2,3.8,4,ASUS Jakarta reviews,2026-06-28T14:17:35.706755+00:00,seed,office-location,validated
ASUS,"Kuala Lumpur, 14",Kuala Lumpur,Malaysia,"https://www.glassdoor.com/Reviews/ASUS-Kuala-Lumpur-Reviews-EI_IE40093.0,4_IL.5,17_IC2986682.htm",5,99%,,6,4.9,4.9,5,4.9,5,4.8,ASUS Kuala Lumpur reviews,2026-06-28T14:17:44.573928+00:00,seed,office-location,validated
ASUS,"Manila, D9",Manila,Philippines,"https://www.glassdoor.com/Reviews/ASUS-Manila-Reviews-EI_IE40093.0,4_IL.5,11_IC2363570.htm",4.1,87%,,11,3.9,1.7,4.8,3.9,3.5,3.9,ASUS Manila reviews,2026-06-28T14:17:52.727586+00:00,seed,office-location,validated
ASUS,"Mumbai, MH",Mumbai,India,"https://www.glassdoor.com/Reviews/ASUS-Mumbai-Reviews-EI_IE40093.0,4_IL.5,11_IC2851180.htm",3.3,99%,99%,28,3.4,3.7,3,3.1,3.4,3,ASUS Mumbai reviews,2026-06-28T14:18:00.851744+00:00,seed,office-location,validated
ASUS,"Seoul, 11",Seoul,South Korea,"https://www.glassdoor.com/Reviews/ASUS-Seoul-Reviews-EI_IE40093.0,4_IL.5,10_IC3021489.htm",3,100%,,1,3,4,2,3,4,3,ASUS Seoul reviews,2026-06-28T14:18:10.155583+00:00,seed,office-location,validated
ASUS,Singapore,Singapore,Singapore,"https://www.glassdoor.com/Reviews/ASUS-Singapore-Reviews-EI_IE40093.0,4_IL.5,14_IC3235921.htm",2.8,37%,44%,50,3.1,2.7,2.7,2.6,2.6,2.3,ASUS Singapore reviews,2026-06-28T14:18:17.305484+00:00,seed,office-location,validated
ASUS,"Taipei, TPQ",Taipei,Taiwan,"https://www.glassdoor.com/Reviews/ASUS-Taipei-Reviews-EI_IE40093.0,4_IL.5,11_IC3271041.htm",3.8,67%,98%,530,3.3,3.8,3.3,3.1,3.5,2.8,ASUS Taipei reviews,2026-06-28T14:18:25.499958+00:00,seed,office-location,validated
ASUS,"Tokyo, 40",Tokyo,Japan,"https://www.glassdoor.com/Reviews/ASUS-Tokyo-Reviews-EI_IE40093.0,4_IL.5,10_IC2851580.htm",1,0%,,2,1,1,2,1,1,3,ASUS Tokyo reviews,2026-06-28T14:18:34.354785+00:00,seed,office-location,validated
ASUS,"Santiago, RM",Santiago,Chile,"https://www.glassdoor.com/Reviews/ASUS-Santiago-Reviews-EI_IE40093.0,4_IL.5,13_IC2434030.htm",5,100%,,1,5,3,3,4,5,4,ASUS Santiago reviews,2026-06-28T14:18:42.685016+00:00,seed,office-location,validated
ASUS,"São Paulo, SP",São Paulo,Brazil,"https://www.glassdoor.com/Reviews/ASUS-S%C3%A3o-Paulo-Reviews-EI_IE40093.0,4_IL.5,14_IC2479061.htm",3.1,53%,100%,3,3,2.3,3.7,2.3,1.6,2.1,ASUS São Paulo reviews,2026-06-28T14:18:51.958030+00:00,seed,office-location,validated
ASUS,"Sydney, NSW",Sydney,Australia,"https://www.glassdoor.com/Reviews/ASUS-Sydney-Reviews-EI_IE40093.0,4_IL.5,11_IC2235932.htm",1.2,1%,53%,22,1,1,1,1,1,1,ASUS Sydney reviews,2026-06-28T14:18:59.797369+00:00,seed,office-location,validated
ASUS,"Bellevue, WA",Bellevue,United States,"https://www.glassdoor.com/Reviews/ASUS-Bellevue-Reviews-EI_IE40093.0,4_IL.5,13_IC1150442.htm",4,100%,,1,,2,3,4,3,4,ASUS Bellevue reviews,2026-06-28T14:19:08.957976+00:00,seed,office-location,validated
ASUS,"San Jose, CA",San Jose,United States,"https://www.glassdoor.com/Reviews/ASUS-San-Jose-Reviews-EI_IE40093.0,4_IL.5,13_IC1147436.htm",3,0%,0%,4,2.5,3.5,4,3,3.5,3,ASUS San Jose reviews,2026-06-28T14:19:22.233534+00:00,seed,office-location,validated
ASUS,"Toronto, ON",Toronto,Canada,"https://www.glassdoor.com/Reviews/ASUS-Toronto-Reviews-EI_IE40093.0,4_IL.5,12_IC2281069.htm",4,,,3,4,2.4,3.8,3.2,3.8,4.2,ASUS Toronto reviews,2026-06-28T14:19:31.213948+00:00,seed,office-location,validated
ASUS,"Moscow, 48",Moscow,Russia,"https://www.glassdoor.com/Reviews/ASUS-Moscow-Reviews-EI_IE40093.0,4_IL.5,11_IC3348306.htm",5,100%,,1,5,3,3,5,3,5,ASUS Moscow reviews,2026-06-28T14:19:38.007114+00:00,seed,office-location,validated
ASUS,"Munich, BY",Munich,Germany,"https://www.glassdoor.com/Reviews/ASUS-Munich-Reviews-EI_IE40093.0,4_IL.5,11_IC4990924.htm",5,,,1,,,,,,,ASUS Munich reviews,2026-06-28T14:19:47.421024+00:00,seed,office-location,validated
ASUS,"Zürich, ZH",Zürich,Switzerland,"https://www.glassdoor.com/Reviews/ASUS-Z%C3%BCrich-Reviews-EI_IE40093.0,4_IL.5,11_IC3297851.htm",3,,,1,,,,,,,ASUS Zürich reviews,2026-06-28T14:19:55.037228+00:00,seed,office-location,validated
ASUS,"Bengaluru, KA",Bengaluru,India,"https://www.glassdoor.com/Reviews/ASUS-Bengaluru-Reviews-EI_IE40093.0,4_IL.5,14_IC2940587.htm",4.6,0%,100%,7,4,4,4,5,3,3,ASUS Bengaluru reviews,2026-06-28T14:20:02.945807+00:00,seed,office-location,validated
ASUS,"Hsinchu, TXG",Hsinchu,Taiwan,"https://www.glassdoor.com/Reviews/ASUS-Hsinchu-Reviews-EI_IE40093.0,4_IL.5,12_IC4915323.htm",4,100%,,2,,4,3.9,3.9,3.9,3.9,ASUS Hsinchu reviews,2026-06-28T14:20:14.809137+00:00,seed,office-location,validated
ASUS,"Pune, MH",Pune,India,"https://www.glassdoor.com/Reviews/ASUS-Pune-Reviews-EI_IE40093.0,4_IL.5,9_IC2856202.htm",4,89%,100%,4,4.8,4.7,4.7,4.7,4.8,4.7,ASUS Pune reviews,2026-06-28T14:20:22.086201+00:00,seed,office-location,validated
ASUS,"Shanghai, 23",Shanghai,China,"https://www.glassdoor.com/Reviews/ASUS-Shanghai-Reviews-EI_IE40093.0,4_IL.5,13_IC2416009.htm",3.6,97%,0%,11,4.6,3,4.2,4.6,4.2,4.2,ASUS Shanghai reviews,2026-06-28T14:20:32.635037+00:00,seed,office-location,validated
ASUS,"San Jose, MP",San Jose,Costa Rica,"https://www.glassdoor.com/Reviews/ASUS-San-Jose-Reviews-EI_IE40093.0,4_IL.5,13_IC1147436.htm",3,0%,0%,4,2.5,3.5,4,3,3.5,3,ASUS San Jose reviews,2026-06-28T14:20:32.753945+00:00,seed,office-location,validated
ASUS,"Portland, OR",Portland,United States,"https://www.glassdoor.com/Reviews/ASUS-Portland-Reviews-EI_IE40093.0,4_IL.5,13_IC1151614.htm",2.8,0%,0%,2,1,1.9,4,2.8,1.9,2.8,ASUS Portland reviews,2026-06-28T14:20:41.371201+00:00,seed,office-location,validated
ASUS,"Paris, A8",Paris,France,"https://www.glassdoor.com/Reviews/ASUS-Paris-Reviews-EI_IE40093.0,4_IL.5,10_IC2881970.htm",3.1,99%,100%,2,3.9,4.8,1.4,3.8,2.2,1.4,ASUS Paris reviews,2026-06-28T14:20:50.110087+00:00,seed,office-location,validated
ASUS,"Jeffersonville, IN",Jeffersonville,United States,"https://www.glassdoor.com/Reviews/ASUS-Jeffersonville-Reviews-EI_IE40093.0,4_IL.5,19_IC1145141.htm",2,0%,,1,,1.5,3,,2,1,ASUS Jeffersonville reviews,2026-06-28T14:20:58.943122+00:00,seed,office-location,validated
ASUS,"London, ENG",London,United Kingdom,"https://www.glassdoor.com/Reviews/ASUS-London-Reviews-EI_IE40093.0,4_IL.5,11_IC2671300.htm",3.9,100%,100%,10,4.2,4.6,4,4.1,4.1,4.1,ASUS London reviews,2026-06-28T14:21:07.114965+00:00,seed,office-location,validated
ASUS,"Chicago, IL",Chicago,United States,"https://www.glassdoor.com/Reviews/ASUS-Chicago-Reviews-EI_IE40093.0,4_IL.5,12_IC1128808.htm",2,,,1,,,,,3,,ASUS Chicago reviews,2026-06-28T14:21:16.387775+00:00,seed,office-location,validated
ASUS,"Beijing, 22",Beijing,China,"https://www.glassdoor.com/Reviews/ASUS-Beijing-Reviews-EI_IE40093.0,4_IL.5,12_IC2398510.htm",3,0%,0%,1,,2,1,1,2,3,ASUS Beijing reviews,2026-06-28T14:21:23.979179+00:00,seed,office-location,validated
ASUS,Hong Kong,Hong Kong,Hong Kong,"https://www.glassdoor.com/Reviews/ASUS-Hong-Kong-Reviews-EI_IE40093.0,4_IL.5,14_IC2308631.htm",4.5,100%,100%,5,5,3,4,5,4,5,ASUS Hong Kong reviews,2026-06-28T14:21:33.351031+00:00,seed,office-location,validated
ASUS,"Buenos Aires, C",Buenos Aires,Argentina,"https://www.glassdoor.com/Reviews/ASUS-Buenos-Aires-Reviews-EI_IE40093.0,4_IL.5,17_IC2242084.htm",2,0%,0%,0,1,1,2,1,3,1,ASUS Buenos Aires reviews,2026-06-28T14:21:41.116386+00:00,seed,office-location,validated
ASUS,Global,Global,Global,https://www.glassdoor.com/Reviews/ASUS-Reviews-E40093.htm,3.6,58%,75%,1502,3.3,3.2,3.3,3.2,3.1,2.9,ASUS reviews,2026-06-28T14:21:54.546185+00:00,seed,manual-seed,validated
ASUS,Taipei,Taipei,Taiwan,"https://www.glassdoor.com/Reviews/ASUS-Taipei-Reviews-EI_IE40093.0,4_IL.5,11_IC3271041.htm",3.8,67%,98%,530,3.3,3.8,3.3,3.1,3.5,2.8,ASUS Taipei reviews,2026-06-28T14:21:54.678715+00:00,seed,manual-seed,validated
ASUS,Hsinchu,Hsinchu,Taiwan,"https://www.glassdoor.com/Reviews/ASUS-Hsinchu-Reviews-EI_IE40093.0,4_IL.5,12_IC4915323.htm",4,100%,,2,,4,3.9,3.9,3.9,3.9,ASUS Hsinchu reviews,2026-06-28T14:21:54.867670+00:00,seed,manual-seed,validated
ASUS,Shanghai,Shanghai,China,"https://www.glassdoor.com/Reviews/ASUS-Shanghai-Reviews-EI_IE40093.0,4_IL.5,13_IC2416009.htm",3.6,97%,0%,11,4.6,3,4.2,4.6,4.2,4.2,ASUS Shanghai reviews,2026-06-28T14:21:55.072926+00:00,seed,manual-seed,validated
ASUS,Tokyo,Tokyo,Japan,"https://www.glassdoor.com/Reviews/ASUS-Tokyo-Reviews-EI_IE40093.0,4_IL.5,10_IC2851580.htm",1,0%,,2,1,1,2,1,1,3,ASUS Tokyo reviews,2026-06-28T14:21:55.424875+00:00,seed,manual-seed,validated
ASUS,Seoul,Seoul,South Korea,"https://www.glassdoor.com/Reviews/ASUS-Seoul-Reviews-EI_IE40093.0,4_IL.5,10_IC3021489.htm",3,100%,,1,3,4,2,3,4,3,ASUS Seoul reviews,2026-06-28T14:21:55.597792+00:00,seed,manual-seed,validated
ASUS,London,London,United Kingdom,"https://www.glassdoor.com/Reviews/ASUS-London-Reviews-EI_IE40093.0,4_IL.5,11_IC2671300.htm",3.9,100%,100%,10,4.2,4.6,4,4.1,4.1,4.1,ASUS London reviews,2026-06-28T14:21:55.734877+00:00,seed,manual-seed,validated
ASUS,Munich,Munich,Germany,"https://www.glassdoor.com/Reviews/ASUS-Munich-Reviews-EI_IE40093.0,4_IL.5,11_IC4990924.htm",5,,,1,,,,,,,ASUS Munich reviews,2026-06-28T14:21:56.107993+00:00,seed,manual-seed,validated
NVIDIA,"Fremont, CA",Fremont,United States,"https://www.glassdoor.com/Reviews/NVIDIA-Fremont-Reviews-EI_IE7633.0,6_IL.7,14_IC1147355.htm",5,100%,100%,2,5,5,5,5,5,2,NVIDIA Fremont reviews,2026-06-28T14:22:04.325693+00:00,seed,office-location,validated
NVIDIA,"Budapest, BU",Budapest,Hungary,"https://www.glassdoor.com/Reviews/NVIDIA-Budapest-Reviews-EI_IE7633.0,6_IL.7,15_IC3125126.htm",5,100%,100%,1,5,5,4,5,5,5,NVIDIA Budapest reviews,2026-06-28T14:22:12.427443+00:00,seed,office-location,validated
NVIDIA,"Milan, LOM",Milan,Italy,"https://www.glassdoor.com/Reviews/NVIDIA-Milan-Reviews-EI_IE7633.0,6_IL.7,12_IC2802090.htm",4,100%,100%,0,,2,4,4,3,3,NVIDIA Milan reviews,2026-06-28T14:22:20.399723+00:00,seed,office-location,validated
NVIDIA,"Warsaw, MZ",Warsaw,Poland,"https://www.glassdoor.com/Reviews/NVIDIA-Warsaw-Reviews-EI_IE7633.0,6_IL.7,13_IC3094484.htm",4.9,100%,100%,6,4.9,4.7,4.9,4.9,5,4.9,NVIDIA Warsaw reviews,2026-06-28T14:22:29.306726+00:00,seed,office-location,validated
NVIDIA,"Mumbai, MH",Mumbai,India,"https://www.glassdoor.com/Reviews/NVIDIA-Mumbai-Reviews-EI_IE7633.0,6_IL.7,13_IC2851180.htm",4.1,99%,100%,14,4,4,4,4,4,4,NVIDIA Mumbai reviews,2026-06-28T14:22:36.376488+00:00,seed,office-location,validated
NVIDIA,"Seoul, 11",Seoul,South Korea,"https://www.glassdoor.com/Reviews/NVIDIA-Seoul-Reviews-EI_IE7633.0,6_IL.7,12_IC3021489.htm",3,100%,100%,3,3,3,3.8,3.2,3.8,3.7,NVIDIA Seoul reviews,2026-06-28T14:22:46.101441+00:00,seed,office-location,validated
NVIDIA,Singapore,Singapore,Singapore,"https://www.glassdoor.com/Reviews/NVIDIA-Singapore-Reviews-EI_IE7633.0,6_IL.7,16_IC3235921.htm",5,100%,100%,7,5,3,5,5,5,5,NVIDIA Singapore reviews,2026-06-28T14:22:54.469742+00:00,seed,office-location,validated
NVIDIA,"Taipei, TPQ",Taipei,Taiwan,"https://www.glassdoor.com/Reviews/NVIDIA-Taipei-Reviews-EI_IE7633.0,6_IL.7,13_IC3271041.htm",4.2,87%,100%,48,4.1,3.1,4.9,4.4,4.5,4,NVIDIA Taipei reviews,2026-06-28T14:23:11.504622+00:00,seed,office-location,validated
NVIDIA,"Tokyo, 40",Tokyo,Japan,"https://www.glassdoor.com/Reviews/NVIDIA-Tokyo-Reviews-EI_IE7633.0,6_IL.7,12_IC2851580.htm",4.9,82%,92%,5,2.6,2.6,3.6,3.7,3.7,2.6,NVIDIA Tokyo reviews,2026-06-28T14:23:19.491883+00:00,seed,office-location,validated
NVIDIA,"São Paulo, SP",São Paulo,Brazil,"https://www.glassdoor.com/Reviews/NVIDIA-S%C3%A3o-Paulo-Reviews-EI_IE7633.0,6_IL.7,16_IC2479061.htm",5,100%,100%,0,4,5,4.3,5,4,4.3,NVIDIA São Paulo reviews,2026-06-28T14:23:26.690940+00:00,seed,office-location,validated
NVIDIA,"Austin, TX",Austin,United States,"https://www.glassdoor.com/Reviews/NVIDIA-Austin-Reviews-EI_IE7633.0,6_IL.7,13_IC1139761.htm",4.2,93%,91%,80,4.4,4.5,4.8,4.4,4.4,4.5,NVIDIA Austin reviews,2026-06-28T14:23:34.637564+00:00,seed,office-location,validated
NVIDIA,"Beaverton, OR",Beaverton,United States,"https://www.glassdoor.com/Reviews/NVIDIA-Beaverton-Reviews-EI_IE7633.0,6_IL.7,16_IC1151576.htm",2,0%,100%,7,4,2,4,4,2,3,NVIDIA Beaverton reviews,2026-06-28T14:23:42.848935+00:00,seed,office-location,validated
NVIDIA,"Bellevue, WA",Bellevue,United States,"https://www.glassdoor.com/Reviews/NVIDIA-Bellevue-Reviews-EI_IE7633.0,6_IL.7,15_IC1150442.htm",2,0%,,1,,3.5,4,,3,2,NVIDIA Bellevue reviews,2026-06-28T14:23:51.035798+00:00,seed,office-location,validated
NVIDIA,"Durham, NC",Durham,United States,"https://www.glassdoor.com/Reviews/NVIDIA-Durham-Reviews-EI_IE7633.0,6_IL.7,13_IC1138697.htm",4.9,100%,100%,15,3.8,3.9,5,4.6,4.8,4.6,NVIDIA Durham reviews,2026-06-28T14:23:59.400207+00:00,seed,office-location,validated
NVIDIA,"Hillsboro, OR",Hillsboro,United States,"https://www.glassdoor.com/Reviews/NVIDIA-Hillsboro-Reviews-EI_IE7633.0,6_IL.7,16_IC1151603.htm",4.9,99%,100%,16,4.8,3,5,4.1,4.9,4.2,NVIDIA Hillsboro reviews,2026-06-28T14:24:07.099425+00:00,seed,office-location,validated
NVIDIA,"Redmond, WA",Redmond,United States,"https://www.glassdoor.com/Reviews/NVIDIA-Redmond-Reviews-EI_IE7633.0,6_IL.7,14_IC1150499.htm",4.9,96%,96%,20,4.6,4.9,4.9,4.9,4.7,4.9,NVIDIA Redmond reviews,2026-06-28T14:24:14.948977+00:00,seed,office-location,validated
NVIDIA,"Saint Louis, MO",Saint Louis,United States,"https://www.glassdoor.com/Reviews/NVIDIA-Saint-Louis-Reviews-EI_IE7633.0,6_IL.7,18_IC1131270.htm",4,100%,100%,2,,3.9,3.9,5,2.1,4.9,NVIDIA Saint Louis reviews,2026-06-28T14:24:22.784963+00:00,seed,office-location,validated
NVIDIA,"San Francisco, CA",San Francisco,United States,"https://www.glassdoor.com/Reviews/NVIDIA-San-Francisco-Reviews-EI_IE7633.0,6_IL.7,20_IC1147401.htm",4.5,99%,99%,31,4.7,4.8,4.8,5,4.7,4.6,NVIDIA San Francisco reviews,2026-06-28T14:24:30.560020+00:00,seed,office-location,validated
NVIDIA,"San Jose, CA",San Jose,United States,"https://www.glassdoor.com/Reviews/NVIDIA-San-Jose-Reviews-EI_IE7633.0,6_IL.7,15_IC1147436.htm",4.9,99%,100%,83,4.7,3.9,4.5,4.6,4.3,4.3,NVIDIA San Jose reviews,2026-06-28T14:24:37.544820+00:00,seed,office-location,validated
NVIDIA,"Santa Clara, CA",Santa Clara,United States,"https://www.glassdoor.com/Reviews/NVIDIA-Santa-Clara-Reviews-EI_IE7633.0,6_IL.7,18_IC1147439.htm",4.6,94%,99%,1381,4.5,4.1,4.5,4.5,4.4,4.4,NVIDIA Santa Clara reviews,2026-06-28T14:24:45.515638+00:00,seed,office-location,validated
NVIDIA,"Toronto, ON",Toronto,Canada,"https://www.glassdoor.com/Reviews/NVIDIA-Toronto-Reviews-EI_IE7633.0,6_IL.7,14_IC2281069.htm",4.9,88%,100%,23,4.8,4.5,5,4.8,4.6,4.8,NVIDIA Toronto reviews,2026-06-28T14:24:53.035247+00:00,seed,office-location,validated
NVIDIA,"Westford, MA",Westford,United States,"https://www.glassdoor.com/Reviews/NVIDIA-Westford-Reviews-EI_IE7633.0,6_IL.7,15_IC1154720.htm",4.9,100%,100%,16,4.5,4.5,4.7,4.7,4.8,4.7,NVIDIA Westford reviews,2026-06-28T14:25:01.958530+00:00,seed,office-location,validated
NVIDIA,"Moscow, 48",Moscow,Russia,"https://www.glassdoor.com/Reviews/NVIDIA-Moscow-Reviews-EI_IE7633.0,6_IL.7,13_IC3348306.htm",5,99%,99%,23,5,4.9,4.9,5,4.9,4.6,NVIDIA Moscow reviews,2026-06-28T14:25:08.609261+00:00,seed,office-location,validated
NVIDIA,"Munich, BY",Munich,Germany,"https://www.glassdoor.com/Reviews/NVIDIA-Munich-Reviews-EI_IE7633.0,6_IL.7,13_IC4990924.htm",5,100%,100%,19,4.8,3.9,5,4.9,4.6,4.9,NVIDIA Munich reviews,2026-06-28T14:25:16.142060+00:00,seed,office-location,validated
NVIDIA,"Zürich, ZH",Zürich,Switzerland,"https://www.glassdoor.com/Reviews/NVIDIA-Z%C3%BCrich-Reviews-EI_IE7633.0,6_IL.7,13_IC3297851.htm",4.7,99%,99%,11,4.2,4.8,3.9,4.5,4.4,4.4,NVIDIA Zürich reviews,2026-06-28T14:25:23.218394+00:00,seed,office-location,validated
NVIDIA,"Bengaluru, KA",Bengaluru,India,"https://www.glassdoor.com/Reviews/NVIDIA-Bengaluru-Reviews-EI_IE7633.0,6_IL.7,16_IC2940587.htm",4.5,95%,99%,566,4.6,4.2,4.5,4.5,4.5,4.2,NVIDIA Bengaluru reviews,2026-06-28T14:25:30.434196+00:00,seed,office-location,validated
NVIDIA,"Hsinchu, TXG",Hsinchu,Taiwan,"https://www.glassdoor.com/Reviews/NVIDIA-Hsinchu-Reviews-EI_IE7633.0,6_IL.7,14_IC4915323.htm",4.1,100%,100%,9,4,3.1,4.1,4.1,4.9,4,NVIDIA Hsinchu reviews,2026-06-28T14:25:37.035194+00:00,seed,office-location,validated
NVIDIA,"Pudong, 23",Pudong,China,"https://www.glassdoor.com/Reviews/NVIDIA-Pudong-Reviews-EI_IE7633.0,6_IL.7,13_IC2415109.htm",4.8,100%,100%,8,5,4.8,4.8,5,3.8,4.2,NVIDIA Pudong reviews,2026-06-28T14:25:46.841914+00:00,seed,office-location,validated
NVIDIA,"Pune, MH",Pune,India,"https://www.glassdoor.com/Reviews/NVIDIA-Pune-Reviews-EI_IE7633.0,6_IL.7,11_IC2856202.htm",4.3,87%,93%,543,4.2,4,4.1,4.3,4.1,3.9,NVIDIA Pune reviews,2026-06-28T14:25:53.809996+00:00,seed,office-location,validated
NVIDIA,"Shanghai, 23",Shanghai,China,"https://www.glassdoor.com/Reviews/NVIDIA-Shanghai-Reviews-EI_IE7633.0,6_IL.7,15_IC2416009.htm",4.4,83%,83%,47,4.3,4.8,4.3,4.2,4.2,4.1,NVIDIA Shanghai reviews,2026-06-28T14:26:01.576145+00:00,seed,office-location,validated
NVIDIA,"San Jose, MP",San Jose,Costa Rica,"https://www.glassdoor.com/Reviews/NVIDIA-San-Jose-Reviews-EI_IE7633.0,6_IL.7,15_IC1147436.htm",4.9,99%,100%,83,4.7,3.9,4.5,4.6,4.3,4.3,NVIDIA San Jose reviews,2026-06-28T14:26:01.649485+00:00,seed,office-location,validated
NVIDIA,"Houston, TX",Houston,United States,"https://www.glassdoor.com/Reviews/NVIDIA-Houston-Reviews-EI_IE7633.0,6_IL.7,14_IC1140171.htm",5,100%,100%,4,5,5,5,5,5,5,NVIDIA Houston reviews,2026-06-28T14:26:09.383708+00:00,seed,office-location,validated
NVIDIA,"Palo Alto, CA",Palo Alto,United States,"https://www.glassdoor.com/Reviews/NVIDIA-Palo-Alto-Reviews-EI_IE7633.0,6_IL.7,16_IC1147434.htm",4.8,100%,100%,3,5,5,5,5,5,5,NVIDIA Palo Alto reviews,2026-06-28T14:26:18.886454+00:00,seed,office-location,validated
NVIDIA,"Portland, OR",Portland,United States,"https://www.glassdoor.com/Reviews/NVIDIA-Portland-Reviews-EI_IE7633.0,6_IL.7,15_IC1151614.htm",4.5,100%,100%,9,4.5,3.9,5,4.5,5,5,NVIDIA Portland reviews,2026-06-28T14:26:32.857759+00:00,seed,office-location,validated
NVIDIA,"San Diego, CA",San Diego,United States,"https://www.glassdoor.com/Reviews/NVIDIA-San-Diego-Reviews-EI_IE7633.0,6_IL.7,16_IC1147311.htm",5,99%,99%,11,5,5,4.6,5,5,5,NVIDIA San Diego reviews,2026-06-28T14:26:41.510455+00:00,seed,office-location,validated
NVIDIA,"Sunnyvale, CA",Sunnyvale,United States,"https://www.glassdoor.com/Reviews/NVIDIA-Sunnyvale-Reviews-EI_IE7633.0,6_IL.7,16_IC1147442.htm",5,100%,100%,6,5,5,5,5,4.9,4,NVIDIA Sunnyvale reviews,2026-06-28T14:26:49.655504+00:00,seed,office-location,validated
NVIDIA,"Cambridge, ENG",Cambridge,United Kingdom,"https://www.glassdoor.com/Reviews/NVIDIA-Cambridge-Reviews-EI_IE7633.0,6_IL.7,16_IC2662516.htm",4.2,100%,100%,7,4.1,4.2,4.2,4.2,4.2,4.2,NVIDIA Cambridge reviews,2026-06-28T14:26:57.545478+00:00,seed,office-location,validated
NVIDIA,"Paris, A8",Paris,France,"https://www.glassdoor.com/Reviews/NVIDIA-Paris-Reviews-EI_IE7633.0,6_IL.7,12_IC2881970.htm",3.9,100%,100%,4,5,3.1,3.5,4.4,3.8,3.8,NVIDIA Paris reviews,2026-06-28T14:27:07.531135+00:00,seed,office-location,validated
NVIDIA,"London, ENG",London,United Kingdom,"https://www.glassdoor.com/Reviews/NVIDIA-London-Reviews-EI_IE7633.0,6_IL.7,13_IC2671300.htm",4.9,87%,100%,22,4.5,4.6,4.8,4.5,4.6,4.4,NVIDIA London reviews,2026-06-28T14:27:15.996915+00:00,seed,office-location,validated
NVIDIA,"Bedford, MA",Bedford,United States,"https://www.glassdoor.com/Reviews/NVIDIA-Bedford-Reviews-EI_IE7633.0,6_IL.7,14_IC1154527.htm",4,100%,100%,1,,3,4,4,3,4,NVIDIA Bedford reviews,2026-06-28T14:27:25.239007+00:00,seed,office-location,validated
NVIDIA,"Boston, MA",Boston,United States,"https://www.glassdoor.com/Reviews/NVIDIA-Boston-Reviews-EI_IE7633.0,6_IL.7,13_IC1154532.htm",4.6,100%,100%,13,4.5,4.5,4.5,4.6,4.6,4.6,NVIDIA Boston reviews,2026-06-28T14:27:34.949374+00:00,seed,office-location,validated
NVIDIA,"India, TX",India,United States,"https://www.glassdoor.com/Reviews/NVIDIA-India-Reviews-EI_IE7633.0,6_IL.7,12_IC3759223.htm",5,100%,100%,1,,,,,,,NVIDIA India reviews,2026-06-28T14:27:43.535153+00:00,seed,office-location,validated
NVIDIA,"Chicago, IL",Chicago,United States,"https://www.glassdoor.com/Reviews/NVIDIA-Chicago-Reviews-EI_IE7633.0,6_IL.7,14_IC1128808.htm",5,100%,100%,3,4.8,4.8,5,5,4.8,4.8,NVIDIA Chicago reviews,2026-06-28T14:27:50.415952+00:00,seed,office-location,validated
NVIDIA,"Stuttgart, BW",Stuttgart,Germany,"https://www.glassdoor.com/Reviews/NVIDIA-Stuttgart-Reviews-EI_IE7633.0,6_IL.7,16_IC2507190.htm",5,,,1,,,,,,,NVIDIA Stuttgart reviews,2026-06-28T14:27:59.272111+00:00,seed,office-location,validated
NVIDIA,"Beijing, 22",Beijing,China,"https://www.glassdoor.com/Reviews/NVIDIA-Beijing-Reviews-EI_IE7633.0,6_IL.7,14_IC2398510.htm",4,100%,0%,4,5,5,5,3,3,4,NVIDIA Beijing reviews,2026-06-28T14:28:08.288523+00:00,seed,office-location,validated
NVIDIA,Hong Kong,Hong Kong,Hong Kong,"https://www.glassdoor.com/Reviews/NVIDIA-Hong-Kong-Reviews-EI_IE7633.0,6_IL.7,16_IC2308631.htm",5,98%,98%,7,4,4.9,4.1,4.1,4.1,5,NVIDIA Hong Kong reviews,2026-06-28T14:28:17.391741+00:00,seed,office-location,validated
NVIDIA,Global,Global,Global,https://www.glassdoor.com/Reviews/NVIDIA-Reviews-E7633.htm,4.5,91%,98%,5501,4.4,4,4.5,4.4,4.3,4.2,NVIDIA reviews,2026-06-28T14:28:31.941829+00:00,seed,manual-seed,validated
NVIDIA,Taipei,Taipei,Taiwan,"https://www.glassdoor.com/Reviews/NVIDIA-Taipei-Reviews-EI_IE7633.0,6_IL.7,13_IC3271041.htm",4.2,87%,100%,48,4.1,3.1,4.9,4.4,4.5,4,NVIDIA Taipei reviews,2026-06-28T14:28:32.021709+00:00,seed,manual-seed,validated
NVIDIA,Hsinchu,Hsinchu,Taiwan,"https://www.glassdoor.com/Reviews/NVIDIA-Hsinchu-Reviews-EI_IE7633.0,6_IL.7,14_IC4915323.htm",4.1,100%,100%,9,4,3.1,4.1,4.1,4.9,4,NVIDIA Hsinchu reviews,2026-06-28T14:28:32.097178+00:00,seed,manual-seed,validated
NVIDIA,Shanghai,Shanghai,China,"https://www.glassdoor.com/Reviews/NVIDIA-Shanghai-Reviews-EI_IE7633.0,6_IL.7,15_IC2416009.htm",4.4,83%,83%,47,4.3,4.8,4.3,4.2,4.2,4.1,NVIDIA Shanghai reviews,2026-06-28T14:28:32.171727+00:00,seed,manual-seed,validated
NVIDIA,Tokyo,Tokyo,Japan,"https://www.glassdoor.com/Reviews/NVIDIA-Tokyo-Reviews-EI_IE7633.0,6_IL.7,12_IC2851580.htm",4.9,82%,92%,5,2.6,2.6,3.6,3.7,3.7,2.6,NVIDIA Tokyo reviews,2026-06-28T14:28:32.245330+00:00,seed,manual-seed,validated
NVIDIA,Seoul,Seoul,South Korea,"https://www.glassdoor.com/Reviews/NVIDIA-Seoul-Reviews-EI_IE7633.0,6_IL.7,12_IC3021489.htm",3,100%,100%,3,3,3,3.8,3.2,3.8,3.7,NVIDIA Seoul reviews,2026-06-28T14:28:32.313556+00:00,seed,manual-seed,validated
NVIDIA,Austin,Austin,United States,"https://www.glassdoor.com/Reviews/NVIDIA-Austin-Reviews-EI_IE7633.0,6_IL.7,13_IC1139761.htm",4.2,93%,91%,80,4.4,4.5,4.8,4.4,4.4,4.5,NVIDIA Austin reviews,2026-06-28T14:28:32.391945+00:00,seed,manual-seed,validated
NVIDIA,London,London,United Kingdom,"https://www.glassdoor.com/Reviews/NVIDIA-London-Reviews-EI_IE7633.0,6_IL.7,13_IC2671300.htm",4.9,87%,100%,22,4.5,4.6,4.8,4.5,4.6,4.4,NVIDIA London reviews,2026-06-28T14:28:32.466887+00:00,seed,manual-seed,validated
NVIDIA,Munich,Munich,Germany,"https://www.glassdoor.com/Reviews/NVIDIA-Munich-Reviews-EI_IE7633.0,6_IL.7,13_IC4990924.htm",5,100%,100%,19,4.8,3.9,5,4.9,4.6,4.9,NVIDIA Munich reviews,2026-06-28T14:28:32.550640+00:00,seed,manual-seed,validated
TSMC,"Milan, LOM",Milan,Italy,"https://www.glassdoor.com/Reviews/TSMC-Milan-Reviews-EI_IE4130.0,4_IL.5,10_IC2802090.htm",4,,,0,,,,,,,TSMC Milan reviews,2026-06-28T14:28:41.854374+00:00,seed,office-location,validated
TSMC,"Kuala Lumpur, 14",Kuala Lumpur,Malaysia,"https://www.glassdoor.com/Reviews/TSMC-Kuala-Lumpur-Reviews-EI_IE4130.0,4_IL.5,17_IC2986682.htm",4,0%,,1,5,2,5,5,5,3,TSMC Kuala Lumpur reviews,2026-06-28T14:28:48.393857+00:00,seed,office-location,validated
TSMC,Singapore,Singapore,Singapore,"https://www.glassdoor.com/Reviews/TSMC-Singapore-Reviews-EI_IE4130.0,4_IL.5,14_IC3235921.htm",3,100%,100%,2,3,3,3,3,3,4,TSMC Singapore reviews,2026-06-28T14:28:57.352176+00:00,seed,office-location,validated
TSMC,"Taipei, TPQ",Taipei,Taiwan,"https://www.glassdoor.com/Reviews/TSMC-Taipei-Reviews-EI_IE4130.0,4_IL.5,11_IC3271041.htm",3.7,70%,88%,129,3.3,2.2,4.4,3.2,3.9,3.2,TSMC Taipei reviews,2026-06-28T14:29:06.294119+00:00,seed,office-location,validated
TSMC,"Austin, TX",Austin,United States,"https://www.glassdoor.com/Reviews/TSMC-Austin-Reviews-EI_IE4130.0,4_IL.5,11_IC1139761.htm",4.2,0%,,5,3,1,3,1,4.5,2,TSMC Austin reviews,2026-06-28T14:29:14.292084+00:00,seed,office-location,validated
TSMC,"Hsinchu, TXG",Hsinchu,Taiwan,"https://www.glassdoor.com/Reviews/TSMC-Hsinchu-Reviews-EI_IE4130.0,4_IL.5,12_IC4915323.htm",3.5,52%,81%,614,2.9,2.5,4,2.9,3.7,3,TSMC Hsinchu reviews,2026-06-28T14:29:23.388570+00:00,seed,office-location,validated
TSMC,"Shanghai, 23",Shanghai,China,"https://www.glassdoor.com/Reviews/TSMC-Shanghai-Reviews-EI_IE4130.0,4_IL.5,13_IC2416009.htm",4.9,99%,,5,5,5,4,5,5,5,TSMC Shanghai reviews,2026-06-28T14:29:31.685791+00:00,seed,office-location,validated
TSMC,"San Diego, CA",San Diego,United States,"https://www.glassdoor.com/Reviews/TSMC-San-Diego-Reviews-EI_IE4130.0,4_IL.5,14_IC1147311.htm",5,,,1,,,,,,,TSMC San Diego reviews,2026-06-28T14:29:40.383528+00:00,seed,office-location,validated
TSMC,"Sunnyvale, CA",Sunnyvale,United States,"https://www.glassdoor.com/Reviews/TSMC-Sunnyvale-Reviews-EI_IE4130.0,4_IL.5,14_IC1147442.htm",5,100%,,1,4,3,5,5,5,5,TSMC Sunnyvale reviews,2026-06-28T14:29:48.897110+00:00,seed,office-location,validated
TSMC,"Vancouver, WA",Vancouver,United States,"https://www.glassdoor.com/Reviews/TSMC-Vancouver-Reviews-EI_IE4130.0,4_IL.5,14_IC1150413.htm",4,100%,,1,3,4,4,2,4,3,TSMC Vancouver reviews,2026-06-28T14:29:56.662000+00:00,seed,office-location,validated
TSMC,"Kanata, ON",Kanata,Canada,"https://www.glassdoor.com/Reviews/TSMC-Kanata-Reviews-EI_IE4130.0,4_IL.5,11_IC2282818.htm",5,100%,100%,1,5,5,5,5,5,5,TSMC Kanata reviews,2026-06-28T14:30:04.489003+00:00,seed,office-location,validated
TSMC,Global,Global,Global,https://www.glassdoor.com/Reviews/TSMC-Reviews-E4130.htm,3.3,47%,74%,2148,2.8,2.3,3.8,2.7,3.6,2.7,TSMC reviews,2026-06-28T14:30:18.024865+00:00,seed,manual-seed,validated
TSMC,Taipei,Taipei,Taiwan,"https://www.glassdoor.com/Reviews/TSMC-Taipei-Reviews-EI_IE4130.0,4_IL.5,11_IC3271041.htm",3.7,70%,88%,129,3.3,2.2,4.4,3.2,3.9,3.2,TSMC Taipei reviews,2026-06-28T14:30:18.150387+00:00,seed,manual-seed,validated
TSMC,Hsinchu,Hsinchu,Taiwan,"https://www.glassdoor.com/Reviews/TSMC-Hsinchu-Reviews-EI_IE4130.0,4_IL.5,12_IC4915323.htm",3.5,52%,81%,614,2.9,2.5,4,2.9,3.7,3,TSMC Hsinchu reviews,2026-06-28T14:30:18.306243+00:00,seed,manual-seed,validated
TSMC,Shanghai,Shanghai,China,"https://www.glassdoor.com/Reviews/TSMC-Shanghai-Reviews-EI_IE4130.0,4_IL.5,13_IC2416009.htm",4.9,99%,,5,5,5,4,5,5,5,TSMC Shanghai reviews,2026-06-28T14:30:18.460757+00:00,seed,manual-seed,validated
TSMC,Austin,Austin,United States,"https://www.glassdoor.com/Reviews/TSMC-Austin-Reviews-EI_IE4130.0,4_IL.5,11_IC1139761.htm",4.2,0%,,5,3,1,3,1,4.5,2,TSMC Austin reviews,2026-06-28T14:30:18.613351+00:00,seed,manual-seed,validated
Micro-Star International,"Barcelona, CT",Barcelona,Spain,"https://www.glassdoor.com/Reviews/Micro-Star-International-Barcelona-Reviews-EI_IE41141.0,24_IL.25,34_IC2547194.htm",4.1,100%,100%,3,3.1,4.6,3,4,4,4.5,Micro-Star International Barcelona reviews,2026-06-28T14:30:27.876668+00:00,seed,office-location,validated
Micro-Star International,"Milan, LOM",Milan,Italy,"https://www.glassdoor.com/Reviews/Micro-Star-International-Milan-Reviews-EI_IE41141.0,24_IL.25,30_IC2802090.htm",2,0%,100%,1,3,3,1,2,1,1,Micro-Star International Milan reviews,2026-06-28T14:30:35.013125+00:00,seed,office-location,validated
Micro-Star International,"Jakarta, JK",Jakarta,Indonesia,"https://www.glassdoor.com/Reviews/Micro-Star-International-Jakarta-Reviews-EI_IE41141.0,24_IL.25,32_IC2709872.htm",4.5,100%,100%,5,4.1,4.5,4.5,4.6,3.7,4.2,Micro-Star International Jakarta reviews,2026-06-28T14:30:42.201637+00:00,seed,office-location,validated
Micro-Star International,"Kuala Lumpur, 14",Kuala Lumpur,Malaysia,"https://www.glassdoor.com/Reviews/Micro-Star-International-Kuala-Lumpur-Reviews-EI_IE41141.0,24_IL.25,37_IC2986682.htm",5,100%,,2,5,5,4.5,5,4.5,5,Micro-Star International Kuala Lumpur reviews,2026-06-28T14:30:51.608663+00:00,seed,office-location,validated
Micro-Star International,"Mumbai, MH",Mumbai,India,"https://www.glassdoor.com/Reviews/Micro-Star-International-Mumbai-Reviews-EI_IE41141.0,24_IL.25,31_IC2851180.htm",3.9,100%,,2,5,5,1,3,2,2,Micro-Star International Mumbai reviews,2026-06-28T14:30:59.562084+00:00,seed,office-location,validated
Micro-Star International,"Taipei, TPQ",Taipei,Taiwan,"https://www.glassdoor.com/Reviews/Micro-Star-International-Taipei-Reviews-EI_IE41141.0,24_IL.25,31_IC3271041.htm",3.9,77%,93%,29,3.1,3.7,4.4,3.3,3.9,3.3,Micro-Star International Taipei reviews,2026-06-28T14:31:08.202266+00:00,seed,office-location,validated
Micro-Star International,"Tokyo, 40",Tokyo,Japan,"https://www.glassdoor.com/Reviews/Micro-Star-International-Tokyo-Reviews-EI_IE41141.0,24_IL.25,30_IC2851580.htm",4,0%,,1,4,2,3,3,4,2,Micro-Star International Tokyo reviews,2026-06-28T14:31:17.704240+00:00,seed,office-location,validated
Micro-Star International,"Pudong, 23",Pudong,China,"https://www.glassdoor.com/Reviews/Micro-Star-International-Pudong-Reviews-EI_IE41141.0,24_IL.25,31_IC2415109.htm",5,,,1,,,,,,,Micro-Star International Pudong reviews,2026-06-28T14:31:25.933961+00:00,seed,office-location,validated
Micro-Star International,"Shanghai, 23",Shanghai,China,"https://www.glassdoor.com/Reviews/Micro-Star-International-Shanghai-Reviews-EI_IE41141.0,24_IL.25,33_IC2416009.htm",5,100%,,1,5,5,5,5,5,5,Micro-Star International Shanghai reviews,2026-06-28T14:31:34.465507+00:00,seed,office-location,validated
Micro-Star International,"London, ENG",London,United Kingdom,"https://www.glassdoor.com/Reviews/Micro-Star-International-London-Reviews-EI_IE41141.0,24_IL.25,31_IC2671300.htm",2.1,28%,,5,1.4,2.5,2.8,2.1,2.8,2.5,Micro-Star International London reviews,2026-06-28T14:32:02.766623+00:00,seed,office-location,validated
Micro-Star International,Global,Global,Global,https://www.glassdoor.com/Reviews/Micro-Star-International-Reviews-E41141.htm,3.5,45%,49%,97,3.2,3.2,3.2,3.1,2.9,2.9,Micro-Star International reviews,2026-06-28T14:32:19.387861+00:00,seed,manual-seed,validated
HP Inc.,"Ciudad de Mexico, MEX",Ciudad de Mexico,Mexico,"https://www.glassdoor.com/Reviews/HP-Inc-Ciudad-de-Mexico-Reviews-EI_IE1093161.0,6_IL.7,23_IC5017436.htm",3.7,98%,100%,9,4.2,3.9,4,4.1,3.6,3.5,HP Inc. Ciudad de Mexico reviews,2026-06-28T14:32:34.797338+00:00,seed,office-location,validated
HP Inc.,"Fremont, CA",Fremont,United States,"https://www.glassdoor.com/Reviews/HP-Inc-Fremont-Reviews-EI_IE1093161.0,6_IL.7,14_IC1147355.htm",4,100%,,1,5,5,5,5,5,5,HP Inc. Fremont reviews,2026-06-28T14:32:43.253529+00:00,seed,office-location,validated
HP Inc.,"Barcelona, CT",Barcelona,Spain,"https://www.glassdoor.com/Reviews/HP-Inc-Barcelona-Reviews-EI_IE1093161.0,6_IL.7,16_IC2547194.htm",4.1,95%,100%,227,4.4,4.5,3.9,4.2,3.9,3.7,HP Inc. Barcelona reviews,2026-06-28T14:32:54.065984+00:00,seed,office-location,validated
HP Inc.,"Budapest, BU",Budapest,Hungary,"https://www.glassdoor.com/Reviews/HP-Inc-Budapest-Reviews-EI_IE1093161.0,6_IL.7,15_IC3125126.htm",4,100%,,1,5,4,5,5,4,5,HP Inc. Budapest reviews,2026-06-28T14:33:01.870450+00:00,seed,office-location,validated
HP Inc.,"Milan, LOM",Milan,Italy,"https://www.glassdoor.com/Reviews/HP-Inc-Milan-Reviews-EI_IE1093161.0,6_IL.7,12_IC2802090.htm",4,99%,,9,4.1,4,2.2,5,3.9,2.2,HP Inc. Milan reviews,2026-06-28T14:33:13.193831+00:00,seed,office-location,validated
HP Inc.,"Ratingen, NW",Ratingen,Germany,"https://www.glassdoor.com/Reviews/HP-Inc-Ratingen-Reviews-EI_IE1093161.0,6_IL.7,15_IC2584004.htm",5,100%,,1,5,5,4,5,4,4,HP Inc. Ratingen reviews,2026-06-28T14:33:20.440382+00:00,seed,office-location,validated
HP Inc.,"Warsaw, MZ",Warsaw,Poland,"https://www.glassdoor.com/Reviews/HP-Inc-Warsaw-Reviews-EI_IE1093161.0,6_IL.7,13_IC3094484.htm",4.5,100%,,11,4.7,4.4,3,4.7,3.3,3.9,HP Inc. Warsaw reviews,2026-06-28T14:33:28.125219+00:00,seed,office-location,validated
HP Inc.,"Bangkok, 10",Bangkok,Thailand,"https://www.glassdoor.com/Reviews/HP-Inc-Bangkok-Reviews-EI_IE1093161.0,6_IL.7,14_IC3179725.htm",3.9,100%,,8,2.4,2.3,3.8,2.4,3.7,2.8,HP Inc. Bangkok reviews,2026-06-28T14:33:35.701470+00:00,seed,office-location,validated
HP Inc.,"Dubai, DU",Dubai,United Arab Emirates,"https://www.glassdoor.com/Reviews/HP-Inc-Dubai-Reviews-EI_IE1093161.0,6_IL.7,12_IC2204498.htm",4.3,100%,,24,4.9,4.8,2.9,5,2.8,3.9,HP Inc. Dubai reviews,2026-06-28T14:33:43.380532+00:00,seed,office-location,validated
HP Inc.,"Jakarta, JK",Jakarta,Indonesia,"https://www.glassdoor.com/Reviews/HP-Inc-Jakarta-Reviews-EI_IE1093161.0,6_IL.7,14_IC2709872.htm",4,78%,,16,5,4.2,4,3.8,4,4,HP Inc. Jakarta reviews,2026-06-28T14:33:51.854704+00:00,seed,office-location,validated
HP Inc.,"Kuala Lumpur, 14",Kuala Lumpur,Malaysia,"https://www.glassdoor.com/Reviews/HP-Inc-Kuala-Lumpur-Reviews-EI_IE1093161.0,6_IL.7,19_IC2986682.htm",3.7,51%,100%,50,3.6,3.7,3.6,3.5,3.5,3.1,HP Inc. Kuala Lumpur reviews,2026-06-28T14:34:03.064393+00:00,seed,office-location,validated
HP Inc.,"Manila, D9",Manila,Philippines,"https://www.glassdoor.com/Reviews/HP-Inc-Manila-Reviews-EI_IE1093161.0,6_IL.7,13_IC2363570.htm",4.8,100%,,18,4.7,4.8,4.7,4.8,4.1,4.7,HP Inc. Manila reviews,2026-06-28T14:34:10.509851+00:00,seed,office-location,validated
HP Inc.,"Mumbai, MH",Mumbai,India,"https://www.glassdoor.com/Reviews/HP-Inc-Mumbai-Reviews-EI_IE1093161.0,6_IL.7,13_IC2851180.htm",4.6,98%,,39,4.9,4.8,4.6,4.9,4.7,4.7,HP Inc. Mumbai reviews,2026-06-28T14:34:18.085273+00:00,seed,office-location,validated
HP Inc.,"Seoul, 11",Seoul,South Korea,"https://www.glassdoor.com/Reviews/HP-Inc-Seoul-Reviews-EI_IE1093161.0,6_IL.7,12_IC3021489.htm",2.4,12%,,21,1.5,5,2.2,2.3,1.3,2.2,HP Inc. Seoul reviews,2026-06-28T14:34:35.865945+00:00,seed,office-location,validated
HP Inc.,Singapore,Singapore,Singapore,"https://www.glassdoor.com/Reviews/HP-Inc-Singapore-Reviews-EI_IE1093161.0,6_IL.7,16_IC3235921.htm",3.9,72%,76%,555,4.3,4.1,3.2,4.2,3.4,3.4,HP Inc. Singapore reviews,2026-06-28T14:34:51.695604+00:00,seed,office-location,validated
HP Inc.,"Taipei, TPQ",Taipei,Taiwan,"https://www.glassdoor.com/Reviews/HP-Inc-Taipei-Reviews-EI_IE1093161.0,6_IL.7,13_IC3271041.htm",4.3,87%,,127,4.5,4.4,3.8,4.4,3.7,3.6,HP Inc. Taipei reviews,2026-06-28T14:35:02.343792+00:00,seed,office-location,validated
HP Inc.,"Tokyo, 40",Tokyo,Japan,"https://www.glassdoor.com/Reviews/HP-Inc-Tokyo-Reviews-EI_IE1093161.0,6_IL.7,12_IC2851580.htm",5,100%,,2,5,4,4,5,4,4,HP Inc. Tokyo reviews,2026-06-28T14:35:12.413533+00:00,seed,office-location,validated
HP Inc.,"Santiago, RM",Santiago,Chile,"https://www.glassdoor.com/Reviews/HP-Inc-Santiago-Reviews-EI_IE1093161.0,6_IL.7,15_IC2434030.htm",3.2,39%,,5,4.4,2.5,2.6,2.8,2.6,2.2,HP Inc. Santiago reviews,2026-06-28T14:35:21.334181+00:00,seed,office-location,validated
HP Inc.,"São Paulo, SP",São Paulo,Brazil,"https://www.glassdoor.com/Reviews/HP-Inc-S%C3%A3o-Paulo-Reviews-EI_IE1093161.0,6_IL.7,16_IC2479061.htm",3.8,76%,,16,4.7,3.8,3.6,4.3,3.3,3.8,HP Inc. São Paulo reviews,2026-06-28T14:35:29.679892+00:00,seed,office-location,validated
HP Inc.,"Sydney, NSW",Sydney,Australia,"https://www.glassdoor.com/Reviews/HP-Inc-Sydney-Reviews-EI_IE1093161.0,6_IL.7,13_IC2235932.htm",4.5,99%,,31,4.9,4.9,4.2,4.9,4.6,4.6,HP Inc. Sydney reviews,2026-06-28T14:35:38.267974+00:00,seed,office-location,validated
HP Inc.,"Austin, TX",Austin,United States,"https://www.glassdoor.com/Reviews/HP-Inc-Austin-Reviews-EI_IE1093161.0,6_IL.7,13_IC1139761.htm",4,43%,,48,4.3,4.6,4,4,4.2,3.2,HP Inc. Austin reviews,2026-06-28T14:35:45.026693+00:00,seed,office-location,validated
HP Inc.,"Bellevue, WA",Bellevue,United States,"https://www.glassdoor.com/Reviews/HP-Inc-Bellevue-Reviews-EI_IE1093161.0,6_IL.7,15_IC1150442.htm",5,100%,,1,4,4,4,4,4,4,HP Inc. Bellevue reviews,2026-06-28T14:35:53.615369+00:00,seed,office-location,validated
HP Inc.,"Durham, NC",Durham,United States,"https://www.glassdoor.com/Reviews/HP-Inc-Durham-Reviews-EI_IE1093161.0,6_IL.7,13_IC1138697.htm",5,100%,,1,5,4,5,5,5,5,HP Inc. Durham reviews,2026-06-28T14:36:01.030128+00:00,seed,office-location,validated
HP Inc.,"Saint Louis, MO",Saint Louis,United States,"https://www.glassdoor.com/Reviews/HP-Inc-Saint-Louis-Reviews-EI_IE1093161.0,6_IL.7,18_IC1131270.htm",3.5,31%,,3,3.3,3.5,3.7,3,3.2,3.2,HP Inc. Saint Louis reviews,2026-06-28T14:36:09.411119+00:00,seed,office-location,validated
HP Inc.,"San Francisco, CA",San Francisco,United States,"https://www.glassdoor.com/Reviews/HP-Inc-San-Francisco-Reviews-EI_IE1093161.0,6_IL.7,20_IC1147401.htm",3.7,27%,,25,3.8,2.9,4,2.7,3.6,1.4,HP Inc. San Francisco reviews,2026-06-28T14:36:17.183142+00:00,seed,office-location,validated
HP Inc.,"San Jose, CA",San Jose,United States,"https://www.glassdoor.com/Reviews/HP-Inc-San-Jose-Reviews-EI_IE1093161.0,6_IL.7,15_IC1147436.htm",3.5,64%,,22,2.8,2.9,3.1,2.3,2.2,2.6,HP Inc. San Jose reviews,2026-06-28T14:36:25.439001+00:00,seed,office-location,validated
HP Inc.,"Santa Clara, CA",Santa Clara,United States,"https://www.glassdoor.com/Reviews/HP-Inc-Santa-Clara-Reviews-EI_IE1093161.0,6_IL.7,18_IC1147439.htm",4,99%,,4,3,3.9,3,3.9,3.9,3.9,HP Inc. Santa Clara reviews,2026-06-28T14:36:34.659439+00:00,seed,office-location,validated
HP Inc.,"Toronto, ON",Toronto,Canada,"https://www.glassdoor.com/Reviews/HP-Inc-Toronto-Reviews-EI_IE1093161.0,6_IL.7,14_IC2281069.htm",3.9,78%,,44,4,3.8,3.9,3.9,3.5,3.5,HP Inc. Toronto reviews,2026-06-28T14:36:42.803680+00:00,seed,office-location,validated
HP Inc.,"Moscow, 48",Moscow,Russia,"https://www.glassdoor.com/Reviews/HP-Inc-Moscow-Reviews-EI_IE1093161.0,6_IL.7,13_IC3348306.htm",3.9,31%,,8,3.6,2.2,3.2,2.8,3.5,1.8,HP Inc. Moscow reviews,2026-06-28T14:36:52.226866+00:00,seed,office-location,validated
HP Inc.,"Munich, BY",Munich,Germany,"https://www.glassdoor.com/Reviews/HP-Inc-Munich-Reviews-EI_IE1093161.0,6_IL.7,13_IC4990924.htm",5,100%,,2,5,3,5,5,5,5,HP Inc. Munich reviews,2026-06-28T14:37:00.664067+00:00,seed,office-location,validated
HP Inc.,"Reading, ENG",Reading,United Kingdom,"https://www.glassdoor.com/Reviews/HP-Inc-Reading-Reviews-EI_IE1093161.0,6_IL.7,14_IC2675152.htm",3.9,75%,,24,4.7,4.7,3.9,4.8,3.8,3.9,HP Inc. Reading reviews,2026-06-28T14:37:07.852083+00:00,seed,office-location,validated
HP Inc.,"Zürich, ZH",Zürich,Switzerland,"https://www.glassdoor.com/Reviews/HP-Inc-Z%C3%BCrich-Reviews-EI_IE1093161.0,6_IL.7,13_IC3297851.htm",4.9,89%,,2,5,4.9,4.5,4.9,4.1,4.9,HP Inc. Zürich reviews,2026-06-28T14:37:15.331112+00:00,seed,office-location,validated
HP Inc.,"Bengaluru, KA",Bengaluru,India,"https://www.glassdoor.com/Reviews/HP-Inc-Bengaluru-Reviews-EI_IE1093161.0,6_IL.7,16_IC2940587.htm",4,79%,99%,1355,4.3,4.1,3.3,4.1,3.6,3.5,HP Inc. Bengaluru reviews,2026-06-28T14:37:23.610212+00:00,seed,office-location,validated
HP Inc.,"Hsinchu, TXG",Hsinchu,Taiwan,"https://www.glassdoor.com/Reviews/HP-Inc-Hsinchu-Reviews-EI_IE1093161.0,6_IL.7,14_IC4915323.htm",4,100%,,1,5,4,3,5,3,4,HP Inc. Hsinchu reviews,2026-06-28T14:37:31.202812+00:00,seed,office-location,validated
HP Inc.,"Pudong, 23",Pudong,China,"https://www.glassdoor.com/Reviews/HP-Inc-Pudong-Reviews-EI_IE1093161.0,6_IL.7,13_IC2415109.htm",5,100%,,1,,5,5,5,5,5,HP Inc. Pudong reviews,2026-06-28T14:37:38.657445+00:00,seed,office-location,validated
HP Inc.,"Pune, MH",Pune,India,"https://www.glassdoor.com/Reviews/HP-Inc-Pune-Reviews-EI_IE1093161.0,6_IL.7,11_IC2856202.htm",4,97%,,58,4.2,4,3.6,4.3,4,3.8,HP Inc. Pune reviews,2026-06-28T14:37:49.399247+00:00,seed,office-location,validated
HP Inc.,"Shanghai, 23",Shanghai,China,"https://www.glassdoor.com/Reviews/HP-Inc-Shanghai-Reviews-EI_IE1093161.0,6_IL.7,15_IC2416009.htm",4.5,98%,0%,24,4.9,4.9,4.1,5,4,4.4,HP Inc. Shanghai reviews,2026-06-28T14:37:58.268534+00:00,seed,office-location,validated
HP Inc.,"San Jose, MP",San Jose,Costa Rica,"https://www.glassdoor.com/Reviews/HP-Inc-San-Jose-Reviews-EI_IE1093161.0,6_IL.7,15_IC1147436.htm",3.5,64%,,22,2.8,2.9,3.1,2.3,2.2,2.6,HP Inc. San Jose reviews,2026-06-28T14:37:58.394338+00:00,seed,office-location,validated
HP Inc.,"Frankfurt am Main, HE",Frankfurt am Main,Germany,"https://www.glassdoor.com/Reviews/HP-Inc-Frankfurt-am-Main-Reviews-EI_IE1093161.0,6_IL.7,24_IC2632180.htm",5,100%,,0,5,5,5,5,4,4,HP Inc. Frankfurt am Main reviews,2026-06-28T14:38:06.831645+00:00,seed,office-location,validated
HP Inc.,"Boise, ID",Boise,United States,"https://www.glassdoor.com/Reviews/HP-Inc-Boise-Reviews-EI_IE1093161.0,6_IL.7,12_IC1127927.htm",3.4,53%,,181,4.2,3.9,3.4,3.6,3.3,2.7,HP Inc. Boise reviews,2026-06-28T14:38:19.346026+00:00,seed,office-location,validated
HP Inc.,"Corvallis, OR",Corvallis,United States,"https://www.glassdoor.com/Reviews/HP-Inc-Corvallis-Reviews-EI_IE1093161.0,6_IL.7,16_IC1151455.htm",3.8,75%,,97,4,4.7,3.7,4.4,2.9,2.8,HP Inc. Corvallis reviews,2026-06-28T14:38:27.897147+00:00,seed,office-location,validated
HP Inc.,"Fort Collins, CO",Fort Collins,United States,"https://www.glassdoor.com/Reviews/HP-Inc-Fort-Collins-Reviews-EI_IE1093161.0,6_IL.7,19_IC1148233.htm",2.9,38%,,50,4,2.7,3,3,2.7,2,HP Inc. Fort Collins reviews,2026-06-28T14:38:36.134295+00:00,seed,office-location,validated
HP Inc.,"Guadalajara, JAL",Guadalajara,Mexico,"https://www.glassdoor.com/Reviews/HP-Inc-Guadalajara-Reviews-EI_IE1093161.0,6_IL.7,18_IC3486357.htm",4.1,97%,,136,4.8,4.5,3.7,4.8,4,4.1,HP Inc. Guadalajara reviews,2026-06-28T14:38:43.920132+00:00,seed,office-location,validated
HP Inc.,"Houston, TX",Houston,United States,"https://www.glassdoor.com/Reviews/HP-Inc-Houston-Reviews-EI_IE1093161.0,6_IL.7,14_IC1140171.htm",3.5,54%,100%,291,4,3.8,3.5,3.8,3.3,2.8,HP Inc. Houston reviews,2026-06-28T14:38:51.884504+00:00,seed,office-location,validated
HP Inc.,"Palo Alto, CA",Palo Alto,United States,"https://www.glassdoor.com/Reviews/HP-Inc-Palo-Alto-Reviews-EI_IE1093161.0,6_IL.7,16_IC1147434.htm",3.3,43%,,280,3.9,4.3,3,3.8,3,2.7,HP Inc. Palo Alto reviews,2026-06-28T14:38:59.144927+00:00,seed,office-location,validated
HP Inc.,"Portland, OR",Portland,United States,"https://www.glassdoor.com/Reviews/HP-Inc-Portland-Reviews-EI_IE1093161.0,6_IL.7,15_IC1151614.htm",4.2,92%,,19,4.9,4.6,2.8,3.8,3.8,3.8,HP Inc. Portland reviews,2026-06-28T14:39:07.323541+00:00,seed,office-location,validated
HP Inc.,"San Diego, CA",San Diego,United States,"https://www.glassdoor.com/Reviews/HP-Inc-San-Diego-Reviews-EI_IE1093161.0,6_IL.7,16_IC1147311.htm",3.1,41%,0%,165,3.8,3.6,3,3.4,2.7,2.6,HP Inc. San Diego reviews,2026-06-28T14:39:15.014633+00:00,seed,office-location,validated
HP Inc.,"Spring, TX",Spring,United States,"https://www.glassdoor.com/Reviews/HP-Inc-Spring-Reviews-EI_IE1093161.0,6_IL.7,13_IC1140222.htm",3.9,74%,49%,118,4.1,4.2,3.6,3.9,3.3,3.2,HP Inc. Spring reviews,2026-06-28T14:39:22.852553+00:00,seed,office-location,validated
HP Inc.,"Sunnyvale, CA",Sunnyvale,United States,"https://www.glassdoor.com/Reviews/HP-Inc-Sunnyvale-Reviews-EI_IE1093161.0,6_IL.7,16_IC1147442.htm",3.4,97%,,9,4.1,4,3.2,3.7,3.4,3.9,HP Inc. Sunnyvale reviews,2026-06-28T14:39:31.595797+00:00,seed,office-location,validated
HP Inc.,"Tlaquepaque, JAL",Tlaquepaque,Mexico,"https://www.glassdoor.com/Reviews/HP-Inc-Tlaquepaque-Reviews-EI_IE1093161.0,6_IL.7,18_IC3486348.htm",4.1,84%,0%,6,4.9,4.5,3.8,4.7,3.7,4.4,HP Inc. Tlaquepaque reviews,2026-06-28T14:39:39.961915+00:00,seed,office-location,validated
HP Inc.,"Vancouver, WA",Vancouver,United States,"https://www.glassdoor.com/Reviews/HP-Inc-Vancouver-Reviews-EI_IE1093161.0,6_IL.7,16_IC1150413.htm",3.7,48%,,203,4.2,3.8,3.5,4,3.1,2.8,HP Inc. Vancouver reviews,2026-06-28T14:39:48.058421+00:00,seed,office-location,validated
HP Inc.,"Zapopan, JAL",Zapopan,Mexico,"https://www.glassdoor.com/Reviews/HP-Inc-Zapopan-Reviews-EI_IE1093161.0,6_IL.7,14_IC3487018.htm",4.1,71%,,4,3.3,3.8,3.2,3.6,3.5,3.5,HP Inc. Zapopan reviews,2026-06-28T14:39:56.491869+00:00,seed,office-location,validated
HP Inc.,"Boulogne-Billancourt, A8",Boulogne-Billancourt,France,"https://www.glassdoor.com/Reviews/HP-Inc-Boulogne-Billancourt-Reviews-EI_IE1093161.0,6_IL.7,27_IC3040032.htm",4.5,100%,,0,4,3.2,3.2,3.4,3.4,3.2,HP Inc. Boulogne-Billancourt reviews,2026-06-28T14:40:04.623456+00:00,seed,office-location,validated
HP Inc.,"Bucharest, B",Bucharest,Romania,"https://www.glassdoor.com/Reviews/HP-Inc-Bucharest-Reviews-EI_IE1093161.0,6_IL.7,16_IC3184907.htm",3.8,77%,100%,236,4.5,4.4,3.3,4.1,3.8,3.6,HP Inc. Bucharest reviews,2026-06-28T14:40:11.545467+00:00,seed,office-location,validated
HP Inc.,"Cambridge, ENG",Cambridge,United Kingdom,"https://www.glassdoor.com/Reviews/HP-Inc-Cambridge-Reviews-EI_IE1093161.0,6_IL.7,16_IC2662516.htm",4.2,21%,,5,5,3.4,3.4,3.4,2.6,2.6,HP Inc. Cambridge reviews,2026-06-28T14:40:19.408367+00:00,seed,office-location,validated
HP Inc.,"Meudon, A8",Meudon,France,"https://www.glassdoor.com/Reviews/HP-Inc-Meudon-Reviews-EI_IE1093161.0,6_IL.7,13_IC3019026.htm",3.9,87%,,1,4.2,4.1,4.2,3.8,3.5,3.1,HP Inc. Meudon reviews,2026-06-28T14:40:26.320048+00:00,seed,office-location,validated
HP Inc.,"Paris, A8",Paris,France,"https://www.glassdoor.com/Reviews/HP-Inc-Paris-Reviews-EI_IE1093161.0,6_IL.7,12_IC2881970.htm",4.7,87%,,5,4.5,4.6,4.1,4.6,4.6,4.6,HP Inc. Paris reviews,2026-06-28T14:40:33.495429+00:00,seed,office-location,validated
HP Inc.,"Sant Cugat del Vallès, CT",Sant Cugat del Vallès,Spain,"https://www.glassdoor.com/Reviews/HP-Inc-Sant-Cugat-del-Vall%C3%A8s-Reviews-EI_IE1093161.0,6_IL.7,28_IC4843928.htm",3.9,82%,0%,76,4.5,4.2,3.8,4.6,3.5,3.7,HP Inc. Sant Cugat del Vallès reviews,2026-06-28T14:40:41.157918+00:00,seed,office-location,validated
HP Inc.,"Tuas, W",Tuas,Singapore,"https://www.glassdoor.com/Reviews/HP-Inc-Tuas-Reviews-EI_IE1093161.0,6_IL.7,11_IC3235538.htm",3.9,41%,,12,3.7,3.2,2.9,3.6,2.8,3,HP Inc. Tuas reviews,2026-06-28T14:40:48.491930+00:00,seed,office-location,validated
HP Inc.,"Whitefield, KA",Whitefield,India,"https://www.glassdoor.com/Reviews/HP-Inc-Whitefield-Reviews-EI_IE1093161.0,6_IL.7,17_IC2941717.htm",2.9,0%,,4,2,3,2,1.9,2.9,1.9,HP Inc. Whitefield reviews,2026-06-28T14:40:56.250752+00:00,seed,office-location,validated
HP Inc.,"Jersey City, NJ",Jersey City,United States,"https://www.glassdoor.com/Reviews/HP-Inc-Jersey-City-Reviews-EI_IE1093161.0,6_IL.7,18_IC1126819.htm",5,0%,,2,1,1,1,1,1,1,HP Inc. Jersey City reviews,2026-06-28T14:41:03.910242+00:00,seed,office-location,validated
HP Inc.,"Cork, M",Cork,Ireland,"https://www.glassdoor.com/Reviews/HP-Inc-Cork-Reviews-EI_IE1093161.0,6_IL.7,11_IC4325638.htm",5,100%,,0,5,5,4,5,5,5,HP Inc. Cork reviews,2026-06-28T14:41:11.521055+00:00,seed,office-location,validated
HP Inc.,"London, ENG",London,United Kingdom,"https://www.glassdoor.com/Reviews/HP-Inc-London-Reviews-EI_IE1093161.0,6_IL.7,13_IC2671300.htm",3,35%,0%,89,3.1,3.2,2.8,2.8,2.5,2.6,HP Inc. London reviews,2026-06-28T14:41:20.628115+00:00,seed,office-location,validated
HP Inc.,"Boston, MA",Boston,United States,"https://www.glassdoor.com/Reviews/HP-Inc-Boston-Reviews-EI_IE1093161.0,6_IL.7,13_IC1154532.htm",2.8,16%,,7,4.8,4,4,4.8,3.2,3.2,HP Inc. Boston reviews,2026-06-28T14:41:28.588207+00:00,seed,office-location,validated
HP Inc.,"Georgetown, TX",Georgetown,United States,"https://www.glassdoor.com/Reviews/HP-Inc-Georgetown-Reviews-EI_IE1093161.0,6_IL.7,17_IC1139774.htm",3,,,1,,,,,,,HP Inc. Georgetown reviews,2026-06-28T14:41:41.730285+00:00,seed,office-location,validated
HP Inc.,"Round Rock, TX",Round Rock,United States,"https://www.glassdoor.com/Reviews/HP-Inc-Round-Rock-Reviews-EI_IE1093161.0,6_IL.7,17_IC1139794.htm",5,100%,,1,5,4,5,5,4,4,HP Inc. Round Rock reviews,2026-06-28T14:41:50.507084+00:00,seed,office-location,validated
HP Inc.,"Chicago, IL",Chicago,United States,"https://www.glassdoor.com/Reviews/HP-Inc-Chicago-Reviews-EI_IE1093161.0,6_IL.7,14_IC1128808.htm",3.3,16%,,15,3.4,2.5,4,3.3,2.8,1.7,HP Inc. Chicago reviews,2026-06-28T14:41:58.045741+00:00,seed,office-location,validated
HP Inc.,"Bratislava, 02",Bratislava,Slovakia,"https://www.glassdoor.com/Reviews/HP-Inc-Bratislava-Reviews-EI_IE1093161.0,6_IL.7,17_IC2907054.htm",5,100%,,2,5,4,5,5,4.5,5,HP Inc. Bratislava reviews,2026-06-28T14:42:05.312027+00:00,seed,office-location,validated
HP Inc.,"Stuttgart, BW",Stuttgart,Germany,"https://www.glassdoor.com/Reviews/HP-Inc-Stuttgart-Reviews-EI_IE1093161.0,6_IL.7,16_IC2507190.htm",4.9,100%,,4,,4,4,5,3.8,3.8,HP Inc. Stuttgart reviews,2026-06-28T14:42:12.976598+00:00,seed,office-location,validated
HP Inc.,"Beijing, 22",Beijing,China,"https://www.glassdoor.com/Reviews/HP-Inc-Beijing-Reviews-EI_IE1093161.0,6_IL.7,14_IC2398510.htm",4.4,100%,,6,5,5,5,5,4.4,4.5,HP Inc. Beijing reviews,2026-06-28T14:42:21.010273+00:00,seed,office-location,validated
HP Inc.,Hong Kong,Hong Kong,Hong Kong,"https://www.glassdoor.com/Reviews/HP-Inc-Hong-Kong-Reviews-EI_IE1093161.0,6_IL.7,16_IC2308631.htm",4.6,95%,,21,4.4,3.9,4.3,4.1,4.5,4.3,HP Inc. Hong Kong reviews,2026-06-28T14:42:29.734573+00:00,seed,office-location,validated
HP Inc.,"Buenos Aires, C",Buenos Aires,Argentina,"https://www.glassdoor.com/Reviews/HP-Inc-Buenos-Aires-Reviews-EI_IE1093161.0,6_IL.7,19_IC2242084.htm",3.6,17%,,3,3.8,2.9,2.1,3,2.1,2.9,HP Inc. Buenos Aires reviews,2026-06-28T14:42:36.916652+00:00,seed,office-location,validated
HP Inc.,"Campinas, SP",Campinas,Brazil,"https://www.glassdoor.com/Reviews/HP-Inc-Campinas-Reviews-EI_IE1093161.0,6_IL.7,15_IC2490130.htm",4.9,98%,,0,,4.9,4.8,4.9,4.8,5,HP Inc. Campinas reviews,2026-06-28T14:42:44.123218+00:00,seed,office-location,validated
HP Inc.,"Sorocaba, SP",Sorocaba,Brazil,"https://www.glassdoor.com/Reviews/HP-Inc-Sorocaba-Reviews-EI_IE1093161.0,6_IL.7,15_IC2475809.htm",1,0%,,0,,1,1,1,1,,HP Inc. Sorocaba reviews,2026-06-28T14:42:52.710358+00:00,seed,office-location,validated
HP Inc.,Global,Global,Global,https://www.glassdoor.com/Reviews/HP-Inc-Reviews-E1093161.htm,3.9,74%,64%,9499,4.2,4.1,3.5,4,3.5,3.4,HP Inc. reviews,2026-06-28T14:43:01.995947+00:00,seed,manual-seed,validated
HP Inc.,Taipei,Taipei,Taiwan,"https://www.glassdoor.com/Reviews/HP-Inc-Taipei-Reviews-EI_IE1093161.0,6_IL.7,13_IC3271041.htm",4.3,87%,,127,4.5,4.4,3.8,4.4,3.7,3.6,HP Inc. Taipei reviews,2026-06-28T14:43:02.105223+00:00,seed,manual-seed,validated
Quanta Computer,"Fremont, CA",Fremont,United States,"https://www.glassdoor.com/Reviews/Quanta-Computer-Fremont-Reviews-EI_IE11939.0,15_IL.16,23_IC1147355.htm",2.9,28%,0%,61,2.7,2.8,2.3,2.5,2.1,2.6,Quanta Computer Fremont reviews,2026-06-28T14:43:08.931986+00:00,seed,office-location,validated
Quanta Computer,"Taipei, TPQ",Taipei,Taiwan,"https://www.glassdoor.com/Reviews/Quanta-Computer-Taipei-Reviews-EI_IE11939.0,15_IL.16,22_IC3271041.htm",3.4,88%,98%,115,3,2.2,3.2,3.1,3.9,3.1,Quanta Computer Taipei reviews,2026-06-28T14:43:17.884130+00:00,seed,office-location,validated
Quanta Computer,"São Paulo, SP",São Paulo,Brazil,"https://www.glassdoor.com/Reviews/Quanta-Computer-S%C3%A3o-Paulo-Reviews-EI_IE11939.0,15_IL.16,25_IC2479061.htm",4,0%,,0,,,,,,,Quanta Computer São Paulo reviews,2026-06-28T14:43:25.414974+00:00,seed,office-location,validated
Quanta Computer,"Santa Clara, CA",Santa Clara,United States,"https://www.glassdoor.com/Reviews/Quanta-Computer-Santa-Clara-Reviews-EI_IE11939.0,15_IL.16,27_IC1147439.htm",3.9,100%,,2,3,1,2,2,3,2,Quanta Computer Santa Clara reviews,2026-06-28T14:43:34.304422+00:00,seed,office-location,validated
Quanta Computer,"Shanghai, 23",Shanghai,China,"https://www.glassdoor.com/Reviews/Quanta-Computer-Shanghai-Reviews-EI_IE11939.0,15_IL.16,24_IC2416009.htm",2.3,7%,14%,10,3.1,1.3,2.2,2.1,1.4,2.2,Quanta Computer Shanghai reviews,2026-06-28T14:43:42.594361+00:00,seed,office-location,validated
Quanta Computer,"San Jose, MP",San Jose,Costa Rica,"https://www.glassdoor.com/Reviews/Quanta-Computer-San-Jose-Reviews-EI_IE11939.0,15_IL.16,24_IC1147436.htm",2,2%,99%,7,3,3,2,2,2,1,Quanta Computer San Jose reviews,2026-06-28T14:43:51.524671+00:00,seed,office-location,validated
Quanta Computer,Global,Global,Global,https://www.glassdoor.com/Reviews/Quanta-Computer-Reviews-E11939.htm,3,54%,54%,573,3.2,2.6,2.9,2.6,3,2.7,Quanta Computer reviews,2026-06-28T14:43:59.475598+00:00,seed,manual-seed,validated
Wistron,"Ciudad de Mexico, MEX",Ciudad de Mexico,Mexico,"https://www.glassdoor.com/Reviews/Wistron-Ciudad-de-Mexico-Reviews-EI_IE15218.0,7_IL.8,24_IC5017436.htm",2,,,1,3,2,2,3,4,2,Wistron Ciudad de Mexico reviews,2026-06-28T14:44:07.863369+00:00,seed,office-location,validated
Wistron,"Fremont, CA",Fremont,United States,"https://www.glassdoor.com/Reviews/Wistron-Fremont-Reviews-EI_IE15218.0,7_IL.8,15_IC1147355.htm",4,100%,100%,1,4,5,2,4,4,4,Wistron Fremont reviews,2026-06-28T14:44:15.118261+00:00,seed,office-location,validated
Wistron,"Kuala Lumpur, 14",Kuala Lumpur,Malaysia,"https://www.glassdoor.com/Reviews/Wistron-Kuala-Lumpur-Reviews-EI_IE15218.0,7_IL.8,20_IC2986682.htm",1,,,1,1,4,1,1,1,1,Wistron Kuala Lumpur reviews,2026-06-28T14:44:22.586939+00:00,seed,office-location,validated
Wistron,"Manila, D9",Manila,Philippines,"https://www.glassdoor.com/Reviews/Wistron-Manila-Reviews-EI_IE15218.0,7_IL.8,14_IC2363570.htm",2.4,100%,100%,3,1.7,1.7,1.7,1.7,1.7,1.7,Wistron Manila reviews,2026-06-28T14:44:30.722964+00:00,seed,office-location,validated
Wistron,Singapore,Singapore,Singapore,"https://www.glassdoor.com/Reviews/Wistron-Singapore-Reviews-EI_IE15218.0,7_IL.8,17_IC3235921.htm",4,100%,100%,1,4,4,4,4,4,4,Wistron Singapore reviews,2026-06-28T14:44:37.507353+00:00,seed,office-location,validated
Wistron,"Taipei, TPQ",Taipei,Taiwan,"https://www.glassdoor.com/Reviews/Wistron-Taipei-Reviews-EI_IE15218.0,7_IL.8,14_IC3271041.htm",3.3,55%,95%,219,3,3.4,2.7,3,3.1,2.6,Wistron Taipei reviews,2026-06-28T14:44:44.466642+00:00,seed,office-location,validated
Wistron,"San Francisco, CA",San Francisco,United States,"https://www.glassdoor.com/Reviews/Wistron-San-Francisco-Reviews-EI_IE15218.0,7_IL.8,21_IC1147401.htm",4,100%,,1,3,3,3,4,4,4,Wistron San Francisco reviews,2026-06-28T14:44:51.390136+00:00,seed,office-location,validated
Wistron,"San Jose, CA",San Jose,United States,"https://www.glassdoor.com/Reviews/Wistron-San-Jose-Reviews-EI_IE15218.0,7_IL.8,16_IC1147436.htm",5,100%,100%,1,5,5,5,5,5,5,Wistron San Jose reviews,2026-06-28T14:45:03.142776+00:00,seed,office-location,validated
Wistron,"Toronto, ON",Toronto,Canada,"https://www.glassdoor.com/Reviews/Wistron-Toronto-Reviews-EI_IE15218.0,7_IL.8,15_IC2281069.htm",5,100%,100%,1,5,3,4,4,3,5,Wistron Toronto reviews,2026-06-28T14:45:11.170041+00:00,seed,office-location,validated
Wistron,"Bengaluru, KA",Bengaluru,India,"https://www.glassdoor.com/Reviews/Wistron-Bengaluru-Reviews-EI_IE15218.0,7_IL.8,17_IC2940587.htm",3.8,69%,91%,46,3.2,3.1,2.7,3.3,3.4,2.9,Wistron Bengaluru reviews,2026-06-28T14:45:19.567491+00:00,seed,office-location,validated
Wistron,"Hsinchu, TXG",Hsinchu,Taiwan,"https://www.glassdoor.com/Reviews/Wistron-Hsinchu-Reviews-EI_IE15218.0,7_IL.8,15_IC4915323.htm",4.2,98%,100%,14,3,2.8,3,2.9,3.4,2.3,Wistron Hsinchu reviews,2026-06-28T14:45:26.247563+00:00,seed,office-location,validated
Wistron,"Pudong, 23",Pudong,China,"https://www.glassdoor.com/Reviews/Wistron-Pudong-Reviews-EI_IE15218.0,7_IL.8,14_IC2415109.htm",4,,,1,4,4,3,3,3,4,Wistron Pudong reviews,2026-06-28T14:45:34.990900+00:00,seed,office-location,validated
Wistron,"San Jose, MP",San Jose,Costa Rica,"https://www.glassdoor.com/Reviews/Wistron-San-Jose-Reviews-EI_IE15218.0,7_IL.8,16_IC1147436.htm",5,100%,100%,1,5,5,5,5,5,5,Wistron San Jose reviews,2026-06-28T14:45:35.195315+00:00,seed,office-location,validated
Wistron,"Rolling Meadows, IL",Rolling Meadows,United States,"https://www.glassdoor.com/Reviews/Wistron-Rolling-Meadows-Reviews-EI_IE15218.0,7_IL.8,23_IC1128962.htm",3.8,68%,100%,7,,3.9,3.7,3.6,3,3.9,Wistron Rolling Meadows reviews,2026-06-28T14:45:42.186859+00:00,seed,office-location,validated
Wistron,"Wuhan, 12",Wuhan,China,"https://www.glassdoor.com/Reviews/Wistron-Wuhan-Reviews-EI_IE15218.0,7_IL.8,13_IC2478891.htm",4,100%,,1,,3,3,4,3,3,Wistron Wuhan reviews,2026-06-28T14:45:49.595517+00:00,seed,office-location,validated
Wistron,"Chicago, IL",Chicago,United States,"https://www.glassdoor.com/Reviews/Wistron-Chicago-Reviews-EI_IE15218.0,7_IL.8,15_IC1128808.htm",3,0%,,1,4,4,4,4,3,3,Wistron Chicago reviews,2026-06-28T14:45:58.334561+00:00,seed,office-location,validated
Wistron,Hong Kong,Hong Kong,Hong Kong,"https://www.glassdoor.com/Reviews/Wistron-Hong-Kong-Reviews-EI_IE15218.0,7_IL.8,17_IC2308631.htm",3.9,0%,,8,4,4,3,4,2,2.9,Wistron Hong Kong reviews,2026-06-28T14:46:06.794566+00:00,seed,office-location,validated
Wistron,Global,Global,Global,https://www.glassdoor.com/Reviews/Wistron-Reviews-E15218.htm,3.4,48%,83%,717,3,3.1,2.8,3,3.1,2.8,Wistron reviews,2026-06-28T14:46:15.312568+00:00,seed,manual-seed,validated
Wistron,Taipei,Taipei,Taiwan,"https://www.glassdoor.com/Reviews/Wistron-Taipei-Reviews-EI_IE15218.0,7_IL.8,14_IC3271041.htm",3.3,55%,95%,219,3,3.4,2.7,3,3.1,2.6,Wistron Taipei reviews,2026-06-28T14:46:15.405874+00:00,seed,manual-seed,validated
Wistron,Hsinchu,Hsinchu,Taiwan,"https://www.glassdoor.com/Reviews/Wistron-Hsinchu-Reviews-EI_IE15218.0,7_IL.8,15_IC4915323.htm",4.2,98%,100%,14,3,2.8,3,2.9,3.4,2.3,Wistron Hsinchu reviews,2026-06-28T14:46:15.500562+00:00,seed,manual-seed,validated
Compal Electronics,"Taipei, TPQ",Taipei,Taiwan,"https://www.glassdoor.com/Reviews/Compal-Electronics-Taipei-Reviews-EI_IE13464.0,18_IL.19,25_IC3271041.htm",3.6,58%,74%,159,3.2,3.1,3.2,3.2,3.4,3.1,Compal Electronics Taipei reviews,2026-06-28T14:46:23.754009+00:00,seed,office-location,validated
Compal Electronics,"São Paulo, SP",São Paulo,Brazil,"https://www.glassdoor.com/Reviews/Compal-Electronics-S%C3%A3o-Paulo-Reviews-EI_IE13464.0,18_IL.19,28_IC2479061.htm",4,100%,,0,4,4,4,4,3,4,Compal Electronics São Paulo reviews,2026-06-28T14:46:31.781739+00:00,seed,office-location,validated
Compal Electronics,"Shanghai, 23",Shanghai,China,"https://www.glassdoor.com/Reviews/Compal-Electronics-Shanghai-Reviews-EI_IE13464.0,18_IL.19,27_IC2416009.htm",3,,,3,,2.5,3,,4,2,Compal Electronics Shanghai reviews,2026-06-28T14:46:39.984926+00:00,seed,office-location,validated
Compal Electronics,"San Jose, MP",San Jose,Costa Rica,"https://www.glassdoor.com/Reviews/Compal-Electronics-San-Jose-Reviews-EI_IE13464.0,18_IL.19,27_IC1147436.htm",3,100%,100%,1,3,3,3,3,3,3,Compal Electronics San Jose reviews,2026-06-28T14:46:48.420280+00:00,seed,office-location,validated
Compal Electronics,Global,Global,Global,https://www.glassdoor.com/Reviews/Compal-Electronics-Reviews-E13464.htm,3.7,60%,60%,252,3.3,3.3,3.2,3.2,3.4,3.1,Compal Electronics reviews,2026-06-28T14:46:55.570074+00:00,seed,manual-seed,validated
Wiwynn,"Taipei, TPQ",Taipei,Taiwan,"https://www.glassdoor.com/Reviews/Wiwynn-Taipei-Reviews-EI_IE1161475.0,6_IL.7,13_IC3271041.htm",3.9,75%,,43,3.8,3.5,3.8,3.6,4,3.5,Wiwynn Taipei reviews,2026-06-28T14:47:02.885976+00:00,seed,office-location,validated
Wiwynn,Global,Global,Global,https://www.glassdoor.com/Reviews/Wiwynn-Reviews-E1161475.htm,3.5,57%,,89,3.5,3.1,3.5,3.2,3.6,3,Wiwynn reviews,2026-06-28T14:47:11.372673+00:00,seed,manual-seed,validated
Delta Electronics,"Ciudad de Mexico, MEX",Ciudad de Mexico,Mexico,"https://www.glassdoor.com/Reviews/Delta-Electronics-Ciudad-de-Mexico-Reviews-EI_IE41146.0,17_IL.18,34_IC5017436.htm",5,100%,100%,1,5,4,5,5,3,4,Delta Electronics Ciudad de Mexico reviews,2026-06-28T14:47:20.149414+00:00,seed,office-location,validated
Delta Electronics,"Fremont, CA",Fremont,United States,"https://www.glassdoor.com/Reviews/Delta-Electronics-Fremont-Reviews-EI_IE41146.0,17_IL.18,25_IC1147355.htm",3.1,17%,16%,30,2.5,2.9,3.4,2.6,2.6,2.1,Delta Electronics Fremont reviews,2026-06-28T14:47:27.462028+00:00,seed,office-location,validated
Delta Electronics,"Milan, LOM",Milan,Italy,"https://www.glassdoor.com/Reviews/Delta-Electronics-Milan-Reviews-EI_IE41146.0,17_IL.18,23_IC2802090.htm",3,0%,100%,0,4,4,4,4,3,3,Delta Electronics Milan reviews,2026-06-28T14:47:34.945662+00:00,seed,office-location,validated
Delta Electronics,"Warsaw, MZ",Warsaw,Poland,"https://www.glassdoor.com/Reviews/Delta-Electronics-Warsaw-Reviews-EI_IE41146.0,17_IL.18,24_IC3094484.htm",4,100%,,1,3,3,4,4,3,5,Delta Electronics Warsaw reviews,2026-06-28T14:47:42.868798+00:00,seed,office-location,validated
Delta Electronics,"Bangkok, 10",Bangkok,Thailand,"https://www.glassdoor.com/Reviews/Delta-Electronics-Bangkok-Reviews-EI_IE41146.0,17_IL.18,25_IC3179725.htm",2.6,42%,63%,8,2.3,2.2,2.8,2.5,2.6,2.6,Delta Electronics Bangkok reviews,2026-06-28T14:47:51.240529+00:00,seed,office-location,validated
Delta Electronics,"Manila, D9",Manila,Philippines,"https://www.glassdoor.com/Reviews/Delta-Electronics-Manila-Reviews-EI_IE41146.0,17_IL.18,24_IC2363570.htm",5,,,1,,,,,,,Delta Electronics Manila reviews,2026-06-28T14:47:58.120611+00:00,seed,office-location,validated
Delta Electronics,"Mumbai, MH",Mumbai,India,"https://www.glassdoor.com/Reviews/Delta-Electronics-Mumbai-Reviews-EI_IE41146.0,17_IL.18,24_IC2851180.htm",2,0%,,1,,4,1,2,2,3,Delta Electronics Mumbai reviews,2026-06-28T14:48:06.230344+00:00,seed,office-location,validated
Delta Electronics,"Seoul, 11",Seoul,South Korea,"https://www.glassdoor.com/Reviews/Delta-Electronics-Seoul-Reviews-EI_IE41146.0,17_IL.18,23_IC3021489.htm",2,0%,0%,1,1,4,1,1,3,1,Delta Electronics Seoul reviews,2026-06-28T14:48:14.571835+00:00,seed,office-location,validated
Delta Electronics,Singapore,Singapore,Singapore,"https://www.glassdoor.com/Reviews/Delta-Electronics-Singapore-Reviews-EI_IE41146.0,17_IL.18,27_IC3235921.htm",2.5,30%,86%,32,2.6,3.3,2.6,2.6,2.3,2.2,Delta Electronics Singapore reviews,2026-06-28T14:48:27.820010+00:00,seed,office-location,validated
Delta Electronics,"Taipei, TPQ",Taipei,Taiwan,"https://www.glassdoor.com/Reviews/Delta-Electronics-Taipei-Reviews-EI_IE41146.0,17_IL.18,24_IC3271041.htm",4,93%,90%,119,3.5,4.2,3.9,3.2,3.9,3.4,Delta Electronics Taipei reviews,2026-06-28T14:48:34.878958+00:00,seed,office-location,validated
Delta Electronics,"Tokyo, 40",Tokyo,Japan,"https://www.glassdoor.com/Reviews/Delta-Electronics-Tokyo-Reviews-EI_IE41146.0,17_IL.18,23_IC2851580.htm",4,100%,100%,2,4,5,3,4,3,4,Delta Electronics Tokyo reviews,2026-06-28T14:48:43.030014+00:00,seed,office-location,validated
Delta Electronics,"São Paulo, SP",São Paulo,Brazil,"https://www.glassdoor.com/Reviews/Delta-Electronics-S%C3%A3o-Paulo-Reviews-EI_IE41146.0,17_IL.18,27_IC2479061.htm",3,88%,,1,3.4,3.4,2.8,2.5,3.4,3.4,Delta Electronics São Paulo reviews,2026-06-28T14:48:50.008522+00:00,seed,office-location,validated
Delta Electronics,"Sydney, NSW",Sydney,Australia,"https://www.glassdoor.com/Reviews/Delta-Electronics-Sydney-Reviews-EI_IE41146.0,17_IL.18,24_IC2235932.htm",2.3,26%,100%,2,3.3,1.8,2.3,2.3,2.3,3.3,Delta Electronics Sydney reviews,2026-06-28T14:48:56.965912+00:00,seed,office-location,validated
Delta Electronics,"Austin, TX",Austin,United States,"https://www.glassdoor.com/Reviews/Delta-Electronics-Austin-Reviews-EI_IE41146.0,17_IL.18,24_IC1139761.htm",4,100%,100%,3,4,4,4,4,4,4,Delta Electronics Austin reviews,2026-06-28T14:49:04.401148+00:00,seed,office-location,validated
Delta Electronics,"Durham, NC",Durham,United States,"https://www.glassdoor.com/Reviews/Delta-Electronics-Durham-Reviews-EI_IE41146.0,17_IL.18,24_IC1138697.htm",3.2,74%,100%,3,3,2.3,3.7,2.8,3.8,3.3,Delta Electronics Durham reviews,2026-06-28T14:49:12.239314+00:00,seed,office-location,validated
Delta Electronics,"San Francisco, CA",San Francisco,United States,"https://www.glassdoor.com/Reviews/Delta-Electronics-San-Francisco-Reviews-EI_IE41146.0,17_IL.18,31_IC1147401.htm",3.1,100%,0%,2,3,5,3,3,4,3,Delta Electronics San Francisco reviews,2026-06-28T14:49:19.825048+00:00,seed,office-location,validated
Delta Electronics,"San Jose, CA",San Jose,United States,"https://www.glassdoor.com/Reviews/Delta-Electronics-San-Jose-Reviews-EI_IE41146.0,17_IL.18,26_IC1147436.htm",1.7,0%,0%,2,1,1,1,1,1,1,Delta Electronics San Jose reviews,2026-06-28T14:49:28.813156+00:00,seed,office-location,validated
Delta Electronics,"Toronto, ON",Toronto,Canada,"https://www.glassdoor.com/Reviews/Delta-Electronics-Toronto-Reviews-EI_IE41146.0,17_IL.18,25_IC2281069.htm",1,100%,100%,2,1,1,1,1,1,1,Delta Electronics Toronto reviews,2026-06-28T14:49:36.544502+00:00,seed,office-location,validated
Delta Electronics,"Bengaluru, KA",Bengaluru,India,"https://www.glassdoor.com/Reviews/Delta-Electronics-Bengaluru-Reviews-EI_IE41146.0,17_IL.18,27_IC2940587.htm",4.2,81%,88%,69,4,4.3,3.9,4.1,4.2,3.9,Delta Electronics Bengaluru reviews,2026-06-28T14:49:43.513073+00:00,seed,office-location,validated
Delta Electronics,"Hsinchu, TXG",Hsinchu,Taiwan,"https://www.glassdoor.com/Reviews/Delta-Electronics-Hsinchu-Reviews-EI_IE41146.0,17_IL.18,25_IC4915323.htm",4,,,1,4,4,4,3,3,3,Delta Electronics Hsinchu reviews,2026-06-28T14:49:52.576378+00:00,seed,office-location,validated
Delta Electronics,"Pune, MH",Pune,India,"https://www.glassdoor.com/Reviews/Delta-Electronics-Pune-Reviews-EI_IE41146.0,17_IL.18,22_IC2856202.htm",3,100%,100%,2,5,4,2,5,3,3,Delta Electronics Pune reviews,2026-06-28T14:50:00.323507+00:00,seed,office-location,validated
Delta Electronics,"Shanghai, 23",Shanghai,China,"https://www.glassdoor.com/Reviews/Delta-Electronics-Shanghai-Reviews-EI_IE41146.0,17_IL.18,26_IC2416009.htm",4,100%,100%,3,3,5,3,4,3,3,Delta Electronics Shanghai reviews,2026-06-28T14:50:07.554394+00:00,seed,office-location,validated
Delta Electronics,"San Jose, MP",San Jose,Costa Rica,"https://www.glassdoor.com/Reviews/Delta-Electronics-San-Jose-Reviews-EI_IE41146.0,17_IL.18,26_IC1147436.htm",1.7,0%,0%,2,1,1,1,1,1,1,Delta Electronics San Jose reviews,2026-06-28T14:50:07.663486+00:00,seed,office-location,validated
Delta Electronics,"Houston, TX",Houston,United States,"https://www.glassdoor.com/Reviews/Delta-Electronics-Houston-Reviews-EI_IE41146.0,17_IL.18,25_IC1140171.htm",2,0%,,1,3,2,3,3,3,1,Delta Electronics Houston reviews,2026-06-28T14:50:15.529990+00:00,seed,office-location,validated
Delta Electronics,"Bucharest, B",Bucharest,Romania,"https://www.glassdoor.com/Reviews/Delta-Electronics-Bucharest-Reviews-EI_IE41146.0,17_IL.18,27_IC3184907.htm",3,100%,,1,,3,1,2,4,1,Delta Electronics Bucharest reviews,2026-06-28T14:50:22.734279+00:00,seed,office-location,validated
Delta Electronics,"Hoofddorp, NH",Hoofddorp,Netherlands,"https://www.glassdoor.com/Reviews/Delta-Electronics-Hoofddorp-Reviews-EI_IE41146.0,17_IL.18,27_IC3063772.htm",3.3,53%,99%,18,3.6,3.3,3.6,3.1,2.3,2.6,Delta Electronics Hoofddorp reviews,2026-06-28T14:50:30.709897+00:00,seed,office-location,validated
Delta Electronics,"London, ENG",London,United Kingdom,"https://www.glassdoor.com/Reviews/Delta-Electronics-London-Reviews-EI_IE41146.0,17_IL.18,24_IC2671300.htm",5,100%,100%,2,4,5,5,5,4,5,Delta Electronics London reviews,2026-06-28T14:50:38.349498+00:00,seed,office-location,validated
Delta Electronics,Hong Kong,Hong Kong,Hong Kong,"https://www.glassdoor.com/Reviews/Delta-Electronics-Hong-Kong-Reviews-EI_IE41146.0,17_IL.18,27_IC2308631.htm",2,0%,,1,,3,2,2,2,2,Delta Electronics Hong Kong reviews,2026-06-28T14:50:46.343133+00:00,seed,office-location,validated
Delta Electronics,"Campinas, SP",Campinas,Brazil,"https://www.glassdoor.com/Reviews/Delta-Electronics-Campinas-Reviews-EI_IE41146.0,17_IL.18,26_IC2490130.htm",4,0%,,0,5,1,2,1,2,2,Delta Electronics Campinas reviews,2026-06-28T14:50:54.484468+00:00,seed,office-location,validated
Delta Electronics,Global,Global,Global,https://www.glassdoor.com/Reviews/Delta-Electronics-Reviews-E41146.htm,3.6,67%,79%,761,3.5,3.4,3.7,3.4,3.5,3.2,Delta Electronics reviews,2026-06-28T14:51:01.815477+00:00,seed,manual-seed,validated
Delta Electronics,Taipei,Taipei,Taiwan,"https://www.glassdoor.com/Reviews/Delta-Electronics-Taipei-Reviews-EI_IE41146.0,17_IL.18,24_IC3271041.htm",4,93%,90%,119,3.5,4.2,3.9,3.2,3.9,3.4,Delta Electronics Taipei reviews,2026-06-28T14:51:01.903688+00:00,seed,manual-seed,validated
Delta Electronics,Hsinchu,Hsinchu,Taiwan,"https://www.glassdoor.com/Reviews/Delta-Electronics-Hsinchu-Reviews-EI_IE41146.0,17_IL.18,25_IC4915323.htm",4,,,1,4,4,4,3,3,3,Delta Electronics Hsinchu reviews,2026-06-28T14:51:02.052734+00:00,seed,manual-seed,validated
Delta Electronics,Shanghai,Shanghai,China,"https://www.glassdoor.com/Reviews/Delta-Electronics-Shanghai-Reviews-EI_IE41146.0,17_IL.18,26_IC2416009.htm",4,100%,100%,3,3,5,3,4,3,3,Delta Electronics Shanghai reviews,2026-06-28T14:51:02.130805+00:00,seed,manual-seed,validated
Delta Electronics,Tokyo,Tokyo,Japan,"https://www.glassdoor.com/Reviews/Delta-Electronics-Tokyo-Reviews-EI_IE41146.0,17_IL.18,23_IC2851580.htm",4,100%,100%,2,4,5,3,4,3,4,Delta Electronics Tokyo reviews,2026-06-28T14:51:02.209115+00:00,seed,manual-seed,validated
Delta Electronics,Seoul,Seoul,South Korea,"https://www.glassdoor.com/Reviews/Delta-Electronics-Seoul-Reviews-EI_IE41146.0,17_IL.18,23_IC3021489.htm",2,0%,0%,1,1,4,1,1,3,1,Delta Electronics Seoul reviews,2026-06-28T14:51:02.308143+00:00,seed,manual-seed,validated
Inventec,"Taipei, TPQ",Taipei,Taiwan,"https://www.glassdoor.com/Reviews/Inventec-Taipei-Reviews-EI_IE13485.0,8_IL.9,15_IC3271041.htm",3.5,54%,76%,53,3.5,3.9,3.1,3.5,3.7,3.3,Inventec Taipei reviews,2026-06-28T14:51:10.123384+00:00,seed,office-location,validated
Inventec,"São Paulo, SP",São Paulo,Brazil,"https://www.glassdoor.com/Reviews/Inventec-S%C3%A3o-Paulo-Reviews-EI_IE13485.0,8_IL.9,18_IC2479061.htm",4,100%,,0,,3,4,4,4,4,Inventec São Paulo reviews,2026-06-28T14:51:17.955432+00:00,seed,office-location,validated
Inventec,"Santa Clara, CA",Santa Clara,United States,"https://www.glassdoor.com/Reviews/Inventec-Santa-Clara-Reviews-EI_IE13485.0,8_IL.9,20_IC1147439.htm",3.8,90%,97%,4,4,3.8,2.9,3.8,3.8,3.8,Inventec Santa Clara reviews,2026-06-28T14:51:24.768399+00:00,seed,office-location,validated
Inventec,"Hsinchu, TXG",Hsinchu,Taiwan,"https://www.glassdoor.com/Reviews/Inventec-Hsinchu-Reviews-EI_IE13485.0,8_IL.9,16_IC4915323.htm",4,0%,,1,5,3,3,3,5,4,Inventec Hsinchu reviews,2026-06-28T14:51:32.898671+00:00,seed,office-location,validated
Inventec,"Pudong, 23",Pudong,China,"https://www.glassdoor.com/Reviews/Inventec-Pudong-Reviews-EI_IE13485.0,8_IL.9,15_IC2415109.htm",4,100%,,1,,3,4,3,4,3,Inventec Pudong reviews,2026-06-28T14:51:46.076833+00:00,seed,office-location,validated
Inventec,"Shanghai, 23",Shanghai,China,"https://www.glassdoor.com/Reviews/Inventec-Shanghai-Reviews-EI_IE13485.0,8_IL.9,17_IC2416009.htm",2.9,0%,0%,3,1,1,2.1,1.9,2.9,2.1,Inventec Shanghai reviews,2026-06-28T14:51:53.527773+00:00,seed,office-location,validated
Inventec,"Houston, TX",Houston,United States,"https://www.glassdoor.com/Reviews/Inventec-Houston-Reviews-EI_IE13485.0,8_IL.9,16_IC1140171.htm",4,100%,100%,5,4,4,3,4,3,3,Inventec Houston reviews,2026-06-28T14:52:00.739207+00:00,seed,office-location,validated
Inventec,Global,Global,Global,https://www.glassdoor.com/Reviews/Inventec-Reviews-E13485.htm,3.5,55%,77%,163,3.6,3.5,3.1,3.2,3.3,3.1,Inventec reviews,2026-06-28T14:52:09.470539+00:00,seed,manual-seed,validated
Pegatron,"Fremont, CA",Fremont,United States,"https://www.glassdoor.com/Reviews/Pegatron-Fremont-Reviews-EI_IE337948.0,8_IL.9,16_IC1147355.htm",4,,,1,,,,,,,Pegatron Fremont reviews,2026-06-28T14:52:16.222850+00:00,seed,office-location,validated
Pegatron,"Jakarta, JK",Jakarta,Indonesia,"https://www.glassdoor.com/Reviews/Pegatron-Jakarta-Reviews-EI_IE337948.0,8_IL.9,16_IC2709872.htm",3,100%,,1,4,3,3,3,3,3,Pegatron Jakarta reviews,2026-06-28T14:52:23.905586+00:00,seed,office-location,validated
Pegatron,"Taipei, TPQ",Taipei,Taiwan,"https://www.glassdoor.com/Reviews/Pegatron-Taipei-Reviews-EI_IE337948.0,8_IL.9,15_IC3271041.htm",3.9,73%,98%,210,3.8,4.1,3.6,3.7,3.9,3.9,Pegatron Taipei reviews,2026-06-28T14:52:31.185881+00:00,seed,office-location,validated
Pegatron,"Tokyo, 40",Tokyo,Japan,"https://www.glassdoor.com/Reviews/Pegatron-Tokyo-Reviews-EI_IE337948.0,8_IL.9,14_IC2851580.htm",1.7,0%,100%,2,2,1,2.4,1,2.4,1.4,Pegatron Tokyo reviews,2026-06-28T14:52:38.923548+00:00,seed,office-location,validated
Pegatron,"Sydney, NSW",Sydney,Australia,"https://www.glassdoor.com/Reviews/Pegatron-Sydney-Reviews-EI_IE337948.0,8_IL.9,15_IC2235932.htm",3.6,0%,0%,3,1.9,3,1.9,1.9,2.9,3.8,Pegatron Sydney reviews,2026-06-28T14:52:47.858471+00:00,seed,office-location,validated
Pegatron,"Pudong, 23",Pudong,China,"https://www.glassdoor.com/Reviews/Pegatron-Pudong-Reviews-EI_IE337948.0,8_IL.9,15_IC2415109.htm",3,0%,0%,1,3,2,3,3,4,3,Pegatron Pudong reviews,2026-06-28T14:52:55.570562+00:00,seed,office-location,validated
Pegatron,"Shanghai, 23",Shanghai,China,"https://www.glassdoor.com/Reviews/Pegatron-Shanghai-Reviews-EI_IE337948.0,8_IL.9,17_IC2416009.htm",3.1,62%,100%,15,3,2.1,3.1,4,4.9,3,Pegatron Shanghai reviews,2026-06-28T14:53:03.413821+00:00,seed,office-location,validated
Pegatron,"Jeffersonville, IN",Jeffersonville,United States,"https://www.glassdoor.com/Reviews/Pegatron-Jeffersonville-Reviews-EI_IE337948.0,8_IL.9,23_IC1145141.htm",3.5,4%,0%,35,3.2,2.5,2.3,2.4,2,2,Pegatron Jeffersonville reviews,2026-06-28T14:53:10.654098+00:00,seed,office-location,validated
Pegatron,Hong Kong,Hong Kong,Hong Kong,"https://www.glassdoor.com/Reviews/Pegatron-Hong-Kong-Reviews-EI_IE337948.0,8_IL.9,18_IC2308631.htm",5,100%,100%,1,,4,4,4,4,4,Pegatron Hong Kong reviews,2026-06-28T14:53:18.652561+00:00,seed,office-location,validated
Pegatron,Global,Global,Global,https://www.glassdoor.com/Reviews/Pegatron-Reviews-E337948.htm,3.4,39%,60%,508,3.2,3.2,3,3.1,3.1,2.9,Pegatron reviews,2026-06-28T14:53:26.357430+00:00,seed,manual-seed,validated
AU Optronics,Singapore,Singapore,Singapore,"https://www.glassdoor.com/Reviews/AU-Optronics-Singapore-Reviews-EI_IE16126.0,12_IL.13,22_IC3235921.htm",3.1,53%,88%,76,3.5,3.5,3.1,3.4,3.2,3.3,AU Optronics Singapore reviews,2026-06-28T14:53:33.692028+00:00,seed,office-location,validated
AU Optronics,"Taipei, TPQ",Taipei,Taiwan,"https://www.glassdoor.com/Reviews/AU-Optronics-Taipei-Reviews-EI_IE16126.0,12_IL.13,19_IC3271041.htm",4,84%,74%,19,3.6,4.6,3.3,3.5,3.9,3.2,AU Optronics Taipei reviews,2026-06-28T14:53:40.469459+00:00,seed,office-location,validated
AU Optronics,"Hsinchu, TXG",Hsinchu,Taiwan,"https://www.glassdoor.com/Reviews/AU-Optronics-Hsinchu-Reviews-EI_IE16126.0,12_IL.13,20_IC4915323.htm",3.4,67%,99%,77,3.3,4.3,3,3.3,3.1,2.8,AU Optronics Hsinchu reviews,2026-06-28T14:53:48.918583+00:00,seed,office-location,validated
AU Optronics,"Pune, MH",Pune,India,"https://www.glassdoor.com/Reviews/AU-Optronics-Pune-Reviews-EI_IE16126.0,12_IL.13,17_IC2856202.htm",4,,,1,,,,,4,,AU Optronics Pune reviews,2026-06-28T14:53:56.948673+00:00,seed,office-location,validated
AU Optronics,"Sunnyvale, CA",Sunnyvale,United States,"https://www.glassdoor.com/Reviews/AU-Optronics-Sunnyvale-Reviews-EI_IE16126.0,12_IL.13,22_IC1147442.htm",5,100%,,1,5,5,5,5,5,5,AU Optronics Sunnyvale reviews,2026-06-28T14:54:05.067210+00:00,seed,office-location,validated
AU Optronics,Global,Global,Global,https://www.glassdoor.com/Reviews/AU-Optronics-Reviews-E16126.htm,3.5,61%,76%,400,3.3,3.7,3.1,3.3,3.4,3,AU Optronics reviews,2026-06-28T14:54:13.052642+00:00,seed,manual-seed,validated
AU Optronics,Taipei,Taipei,Taiwan,"https://www.glassdoor.com/Reviews/AU-Optronics-Taipei-Reviews-EI_IE16126.0,12_IL.13,19_IC3271041.htm",4,84%,74%,19,3.6,4.6,3.3,3.5,3.9,3.2,AU Optronics Taipei reviews,2026-06-28T14:54:13.137827+00:00,seed,manual-seed,validated
AU Optronics,Hsinchu,Hsinchu,Taiwan,"https://www.glassdoor.com/Reviews/AU-Optronics-Hsinchu-Reviews-EI_IE16126.0,12_IL.13,20_IC4915323.htm",3.4,67%,99%,77,3.3,4.3,3,3.3,3.1,2.8,AU Optronics Hsinchu reviews,2026-06-28T14:54:13.226865+00:00,seed,manual-seed,validated
Trend Micro Inc.,"Ciudad de Mexico, MEX",Ciudad de Mexico,Mexico,"https://www.glassdoor.com/Reviews/Trend-Micro-Inc-Ciudad-de-Mexico-Reviews-EI_IE8983.0,15_IL.16,32_IC5017436.htm",3.4,100%,100%,1,5,4,3.4,5,4.6,4.6,Trend Micro Inc. Ciudad de Mexico reviews,2026-06-28T14:54:22.383848+00:00,seed,office-location,validated
Trend Micro Inc.,"Warsaw, MZ",Warsaw,Poland,"https://www.glassdoor.com/Reviews/Trend-Micro-Inc-Warsaw-Reviews-EI_IE8983.0,15_IL.16,22_IC3094484.htm",5,100%,100%,1,,5,5,5,4,5,Trend Micro Inc. Warsaw reviews,2026-06-28T14:54:29.920343+00:00,seed,office-location,validated
Trend Micro Inc.,"Dubai, DU",Dubai,United Arab Emirates,"https://www.glassdoor.com/Reviews/Trend-Micro-Inc-Dubai-Reviews-EI_IE8983.0,15_IL.16,21_IC2204498.htm",4.9,99%,100%,7,5,4.7,3.9,5,4,4.7,Trend Micro Inc. Dubai reviews,2026-06-28T14:54:39.296193+00:00,seed,office-location,validated
Trend Micro Inc.,"Jakarta, JK",Jakarta,Indonesia,"https://www.glassdoor.com/Reviews/Trend-Micro-Inc-Jakarta-Reviews-EI_IE8983.0,15_IL.16,23_IC2709872.htm",4,99%,100%,2,4,4,3,4,3,4,Trend Micro Inc. Jakarta reviews,2026-06-28T14:54:54.278548+00:00,seed,office-location,validated
Trend Micro Inc.,"Manila, D9",Manila,Philippines,"https://www.glassdoor.com/Reviews/Trend-Micro-Inc-Manila-Reviews-EI_IE8983.0,15_IL.16,22_IC2363570.htm",3.8,74%,82%,204,4.2,3.8,3.2,4.5,4.2,3.8,Trend Micro Inc. Manila reviews,2026-06-28T14:55:02.991981+00:00,seed,office-location,validated
Trend Micro Inc.,"Mumbai, MH",Mumbai,India,"https://www.glassdoor.com/Reviews/Trend-Micro-Inc-Mumbai-Reviews-EI_IE8983.0,15_IL.16,22_IC2851180.htm",2.9,100%,100%,9,3,3.8,3.3,3.4,3.3,3.1,Trend Micro Inc. Mumbai reviews,2026-06-28T14:55:16.386564+00:00,seed,office-location,validated
Trend Micro Inc.,"Seoul, 11",Seoul,South Korea,"https://www.glassdoor.com/Reviews/Trend-Micro-Inc-Seoul-Reviews-EI_IE8983.0,15_IL.16,21_IC3021489.htm",3,100%,0%,1,4,4,3,4,4,1,Trend Micro Inc. Seoul reviews,2026-06-28T14:55:26.133067+00:00,seed,office-location,validated
Trend Micro Inc.,Singapore,Singapore,Singapore,"https://www.glassdoor.com/Reviews/Trend-Micro-Inc-Singapore-Reviews-EI_IE8983.0,15_IL.16,25_IC3235921.htm",3.8,99%,100%,10,5,4.2,5,5,3.4,3,Trend Micro Inc. Singapore reviews,2026-06-28T14:55:34.898821+00:00,seed,office-location,validated
Trend Micro Inc.,"Taipei, TPQ",Taipei,Taiwan,"https://www.glassdoor.com/Reviews/Trend-Micro-Inc-Taipei-Reviews-EI_IE8983.0,15_IL.16,22_IC3271041.htm",3.7,88%,67%,345,3.9,4.2,3.4,4,4.1,3.1,Trend Micro Inc. Taipei reviews,2026-06-28T14:55:42.883335+00:00,seed,office-location,validated
Trend Micro Inc.,"Tokyo, 40",Tokyo,Japan,"https://www.glassdoor.com/Reviews/Trend-Micro-Inc-Tokyo-Reviews-EI_IE8983.0,15_IL.16,21_IC2851580.htm",4.4,99%,100%,18,4.3,4.6,4,4.1,4.5,3.8,Trend Micro Inc. Tokyo reviews,2026-06-28T14:55:51.755499+00:00,seed,office-location,validated
Trend Micro Inc.,"São Paulo, SP",São Paulo,Brazil,"https://www.glassdoor.com/Reviews/Trend-Micro-Inc-S%C3%A3o-Paulo-Reviews-EI_IE8983.0,15_IL.16,25_IC2479061.htm",4.4,68%,100%,2,4.2,4.2,2.7,4.5,4,3.4,Trend Micro Inc. São Paulo reviews,2026-06-28T14:56:00.964928+00:00,seed,office-location,validated
Trend Micro Inc.,"Sydney, NSW",Sydney,Australia,"https://www.glassdoor.com/Reviews/Trend-Micro-Inc-Sydney-Reviews-EI_IE8983.0,15_IL.16,22_IC2235932.htm",4.6,99%,96%,28,3.8,4.9,3.9,4.6,3.8,4.3,Trend Micro Inc. Sydney reviews,2026-06-28T14:56:09.953949+00:00,seed,office-location,validated
Trend Micro Inc.,"Austin, TX",Austin,United States,"https://www.glassdoor.com/Reviews/Trend-Micro-Inc-Austin-Reviews-EI_IE8983.0,15_IL.16,22_IC1139761.htm",4.3,72%,68%,36,4.2,4.7,3.2,4.2,3.7,3.1,Trend Micro Inc. Austin reviews,2026-06-28T14:56:18.863903+00:00,seed,office-location,validated
Trend Micro Inc.,"Durham, NC",Durham,United States,"https://www.glassdoor.com/Reviews/Trend-Micro-Inc-Durham-Reviews-EI_IE8983.0,15_IL.16,22_IC1138697.htm",4,100%,100%,1,4,4,3,4,4,4,Trend Micro Inc. Durham reviews,2026-06-28T14:56:28.019639+00:00,seed,office-location,validated
Trend Micro Inc.,"San Francisco, CA",San Francisco,United States,"https://www.glassdoor.com/Reviews/Trend-Micro-Inc-San-Francisco-Reviews-EI_IE8983.0,15_IL.16,29_IC1147401.htm",3,0%,7%,2,3.9,3.9,3.9,2,2.9,1.1,Trend Micro Inc. San Francisco reviews,2026-06-28T14:56:36.660404+00:00,seed,office-location,validated
Trend Micro Inc.,"San Jose, CA",San Jose,United States,"https://www.glassdoor.com/Reviews/Trend-Micro-Inc-San-Jose-Reviews-EI_IE8983.0,15_IL.16,24_IC1147436.htm",3,0%,99%,8,1,4,3,3,3,2,Trend Micro Inc. San Jose reviews,2026-06-28T14:56:45.868730+00:00,seed,office-location,validated
Trend Micro Inc.,"Santa Clara, CA",Santa Clara,United States,"https://www.glassdoor.com/Reviews/Trend-Micro-Inc-Santa-Clara-Reviews-EI_IE8983.0,15_IL.16,27_IC1147439.htm",5,100%,100%,1,5,5,5,5,5,5,Trend Micro Inc. Santa Clara reviews,2026-06-28T14:56:55.264242+00:00,seed,office-location,validated
Trend Micro Inc.,"Toronto, ON",Toronto,Canada,"https://www.glassdoor.com/Reviews/Trend-Micro-Inc-Toronto-Reviews-EI_IE8983.0,15_IL.16,23_IC2281069.htm",4.1,82%,100%,6,4.3,5,4.3,4.3,4.6,3.3,Trend Micro Inc. Toronto reviews,2026-06-28T14:57:03.398432+00:00,seed,office-location,validated
Trend Micro Inc.,"Moscow, 48",Moscow,Russia,"https://www.glassdoor.com/Reviews/Trend-Micro-Inc-Moscow-Reviews-EI_IE8983.0,15_IL.16,22_IC3348306.htm",5,99%,0%,2,4,5,4,5,5,4,Trend Micro Inc. Moscow reviews,2026-06-28T14:57:11.024164+00:00,seed,office-location,validated
Trend Micro Inc.,"Munich, BY",Munich,Germany,"https://www.glassdoor.com/Reviews/Trend-Micro-Inc-Munich-Reviews-EI_IE8983.0,15_IL.16,22_IC4990924.htm",4,100%,100%,4,4.4,4,4,4,3.6,3.6,Trend Micro Inc. Munich reviews,2026-06-28T14:57:19.726908+00:00,seed,office-location,validated
Trend Micro Inc.,"Zürich, ZH",Zürich,Switzerland,"https://www.glassdoor.com/Reviews/Trend-Micro-Inc-Z%C3%BCrich-Reviews-EI_IE8983.0,15_IL.16,22_IC3297851.htm",4,100%,100%,1,4.2,3.5,3.8,5,3,3.5,Trend Micro Inc. Zürich reviews,2026-06-28T14:57:29.837884+00:00,seed,office-location,validated
Trend Micro Inc.,"Bengaluru, KA",Bengaluru,India,"https://www.glassdoor.com/Reviews/Trend-Micro-Inc-Bengaluru-Reviews-EI_IE8983.0,15_IL.16,25_IC2940587.htm",4.2,98%,99%,12,4,4.4,3,4.5,3.6,4.3,Trend Micro Inc. Bengaluru reviews,2026-06-28T14:57:39.562654+00:00,seed,office-location,validated
Trend Micro Inc.,"Hsinchu, TXG",Hsinchu,Taiwan,"https://www.glassdoor.com/Reviews/Trend-Micro-Inc-Hsinchu-Reviews-EI_IE8983.0,15_IL.16,23_IC4915323.htm",5,99%,99%,2,5,5,5,5,5,5,Trend Micro Inc. Hsinchu reviews,2026-06-28T14:57:48.266387+00:00,seed,office-location,validated
Trend Micro Inc.,"Pune, MH",Pune,India,"https://www.glassdoor.com/Reviews/Trend-Micro-Inc-Pune-Reviews-EI_IE8983.0,15_IL.16,20_IC2856202.htm",4,,,1,,,,,3,,Trend Micro Inc. Pune reviews,2026-06-28T14:57:56.783612+00:00,seed,office-location,validated
Trend Micro Inc.,"Shanghai, 23",Shanghai,China,"https://www.glassdoor.com/Reviews/Trend-Micro-Inc-Shanghai-Reviews-EI_IE8983.0,15_IL.16,24_IC2416009.htm",4,100%,100%,1,,5,3,5,3,3,Trend Micro Inc. Shanghai reviews,2026-06-28T14:58:05.074110+00:00,seed,office-location,validated
Trend Micro Inc.,"San Jose, MP",San Jose,Costa Rica,"https://www.glassdoor.com/Reviews/Trend-Micro-Inc-San-Jose-Reviews-EI_IE8983.0,15_IL.16,24_IC1147436.htm",3,0%,99%,8,1,4,3,3,3,2,Trend Micro Inc. San Jose reviews,2026-06-28T14:58:05.164397+00:00,seed,office-location,validated
Trend Micro Inc.,"Guadalajara, JAL",Guadalajara,Mexico,"https://www.glassdoor.com/Reviews/Trend-Micro-Inc-Guadalajara-Reviews-EI_IE8983.0,15_IL.16,27_IC3486357.htm",3,100%,100%,0,4,5,4,4,4,4,Trend Micro Inc. Guadalajara reviews,2026-06-28T14:58:13.962416+00:00,seed,office-location,validated
Trend Micro Inc.,"Houston, TX",Houston,United States,"https://www.glassdoor.com/Reviews/Trend-Micro-Inc-Houston-Reviews-EI_IE8983.0,15_IL.16,23_IC1140171.htm",2,100%,100%,3,5,5,4,5,4,4,Trend Micro Inc. Houston reviews,2026-06-28T14:58:23.660095+00:00,seed,office-location,validated
Trend Micro Inc.,"Paris, A8",Paris,France,"https://www.glassdoor.com/Reviews/Trend-Micro-Inc-Paris-Reviews-EI_IE8983.0,15_IL.16,21_IC2881970.htm",1.3,88%,88%,2,1.4,1.4,1.3,1.4,1.3,1.3,Trend Micro Inc. Paris reviews,2026-06-28T14:58:31.404962+00:00,seed,office-location,validated
Trend Micro Inc.,"Lake Forest, CA",Lake Forest,United States,"https://www.glassdoor.com/Reviews/Trend-Micro-Inc-Lake-Forest-Reviews-EI_IE8983.0,15_IL.16,27_IC1146811.htm",2,0%,0%,1,,4,2.5,,2,2,Trend Micro Inc. Lake Forest reviews,2026-06-28T14:58:40.242514+00:00,seed,office-location,validated
Trend Micro Inc.,"Irving, TX",Irving,United States,"https://www.glassdoor.com/Reviews/Trend-Micro-Inc-Irving-Reviews-EI_IE8983.0,15_IL.16,22_IC1140006.htm",3.4,62%,80%,60,4.1,3.9,3.4,3.7,2.9,3,Trend Micro Inc. Irving reviews,2026-06-28T14:58:49.904069+00:00,seed,office-location,validated
Trend Micro Inc.,"Jersey City, NJ",Jersey City,United States,"https://www.glassdoor.com/Reviews/Trend-Micro-Inc-Jersey-City-Reviews-EI_IE8983.0,15_IL.16,27_IC1126819.htm",4,99%,100%,2,4,4,4,4,4,4,Trend Micro Inc. Jersey City reviews,2026-06-28T14:59:03.481941+00:00,seed,office-location,validated
Trend Micro Inc.,"Kanata, ON",Kanata,Canada,"https://www.glassdoor.com/Reviews/Trend-Micro-Inc-Kanata-Reviews-EI_IE8983.0,15_IL.16,22_IC2282818.htm",3.3,100%,100%,5,4,5,3,4,4,3,Trend Micro Inc. Kanata reviews,2026-06-28T14:59:11.101060+00:00,seed,office-location,validated
Trend Micro Inc.,"Cork, M",Cork,Ireland,"https://www.glassdoor.com/Reviews/Trend-Micro-Inc-Cork-Reviews-EI_IE8983.0,15_IL.16,20_IC4325638.htm",4,73%,99%,72,4.2,4,3.3,4.1,3.2,3.9,Trend Micro Inc. Cork reviews,2026-06-28T14:59:18.370773+00:00,seed,office-location,validated
Trend Micro Inc.,"London, ENG",London,United Kingdom,"https://www.glassdoor.com/Reviews/Trend-Micro-Inc-London-Reviews-EI_IE8983.0,15_IL.16,22_IC2671300.htm",3.6,85%,99%,28,3.2,4,3.7,3.6,3.3,2.9,Trend Micro Inc. London reviews,2026-06-28T14:59:26.114694+00:00,seed,office-location,validated
Trend Micro Inc.,"Paddington, ENG",Paddington,United Kingdom,"https://www.glassdoor.com/Reviews/Trend-Micro-Inc-Paddington-Reviews-EI_IE8983.0,15_IL.16,26_IC3527325.htm",4.9,100%,100%,2,,5,4.9,5,4.9,4.9,Trend Micro Inc. Paddington reviews,2026-06-28T14:59:35.065664+00:00,seed,office-location,validated
Trend Micro Inc.,"Boston, MA",Boston,United States,"https://www.glassdoor.com/Reviews/Trend-Micro-Inc-Boston-Reviews-EI_IE8983.0,15_IL.16,22_IC1154532.htm",4,100%,100%,1,5,5,3,5,4,4,Trend Micro Inc. Boston reviews,2026-06-28T14:59:43.530096+00:00,seed,office-location,validated
Trend Micro Inc.,"India, TX",India,United States,"https://www.glassdoor.com/Reviews/Trend-Micro-Inc-India-Reviews-EI_IE8983.0,15_IL.16,21_IC3759223.htm",5,100%,100%,1,4,4,4,4,3,3,Trend Micro Inc. India reviews,2026-06-28T14:59:50.952201+00:00,seed,office-location,validated
Trend Micro Inc.,"Pflugerville, TX",Pflugerville,United States,"https://www.glassdoor.com/Reviews/Trend-Micro-Inc-Pflugerville-Reviews-EI_IE8983.0,15_IL.16,28_IC1139790.htm",4,,,1,,,,,,,Trend Micro Inc. Pflugerville reviews,2026-06-28T15:00:00.972209+00:00,seed,office-location,validated
Trend Micro Inc.,"Chicago, IL",Chicago,United States,"https://www.glassdoor.com/Reviews/Trend-Micro-Inc-Chicago-Reviews-EI_IE8983.0,15_IL.16,23_IC1128808.htm",2,0%,0%,3,3,2.2,1.6,2,1.6,1,Trend Micro Inc. Chicago reviews,2026-06-28T15:00:09.197780+00:00,seed,office-location,validated
Trend Micro Inc.,"Buenos Aires, C",Buenos Aires,Argentina,"https://www.glassdoor.com/Reviews/Trend-Micro-Inc-Buenos-Aires-Reviews-EI_IE8983.0,15_IL.16,28_IC2242084.htm",5,100%,100%,1,5,5,5,5,5,5,Trend Micro Inc. Buenos Aires reviews,2026-06-28T15:00:18.080370+00:00,seed,office-location,validated
Trend Micro Inc.,Global,Global,Global,https://www.glassdoor.com/Reviews/Trend-Micro-Inc-Reviews-E8983.htm,3.7,70%,74%,2087,4,4,3.3,4,3.6,3.3,Trend Micro Inc. reviews,2026-06-28T15:00:25.914531+00:00,seed,manual-seed,validated
Trend Micro Inc.,Taipei,Taipei,Taiwan,"https://www.glassdoor.com/Reviews/Trend-Micro-Inc-Taipei-Reviews-EI_IE8983.0,15_IL.16,22_IC3271041.htm",3.7,88%,67%,345,3.9,4.2,3.4,4,4.1,3.1,Trend Micro Inc. Taipei reviews,2026-06-28T15:00:26.006900+00:00,seed,manual-seed,validated
Trend Micro Inc.,Hsinchu,Hsinchu,Taiwan,"https://www.glassdoor.com/Reviews/Trend-Micro-Inc-Hsinchu-Reviews-EI_IE8983.0,15_IL.16,23_IC4915323.htm",5,99%,99%,2,5,5,5,5,5,5,Trend Micro Inc. Hsinchu reviews,2026-06-28T15:00:26.092612+00:00,seed,manual-seed,validated
Trend Micro Inc.,Shanghai,Shanghai,China,"https://www.glassdoor.com/Reviews/Trend-Micro-Inc-Shanghai-Reviews-EI_IE8983.0,15_IL.16,24_IC2416009.htm",4,100%,100%,1,,5,3,5,3,3,Trend Micro Inc. Shanghai reviews,2026-06-28T15:00:26.185808+00:00,seed,manual-seed,validated
Trend Micro Inc.,Tokyo,Tokyo,Japan,"https://www.glassdoor.com/Reviews/Trend-Micro-Inc-Tokyo-Reviews-EI_IE8983.0,15_IL.16,21_IC2851580.htm",4.4,99%,100%,18,4.3,4.6,4,4.1,4.5,3.8,Trend Micro Inc. Tokyo reviews,2026-06-28T15:00:26.278367+00:00,seed,manual-seed,validated
Trend Micro Inc.,Seoul,Seoul,South Korea,"https://www.glassdoor.com/Reviews/Trend-Micro-Inc-Seoul-Reviews-EI_IE8983.0,15_IL.16,21_IC3021489.htm",3,100%,0%,1,4,4,3,4,4,1,Trend Micro Inc. Seoul reviews,2026-06-28T15:00:26.365564+00:00,seed,manual-seed,validated
Trend Micro Inc.,Austin,Austin,United States,"https://www.glassdoor.com/Reviews/Trend-Micro-Inc-Austin-Reviews-EI_IE8983.0,15_IL.16,22_IC1139761.htm",4.3,72%,68%,36,4.2,4.7,3.2,4.2,3.7,3.1,Trend Micro Inc. Austin reviews,2026-06-28T15:00:26.465111+00:00,seed,manual-seed,validated
Trend Micro Inc.,London,London,United Kingdom,"https://www.glassdoor.com/Reviews/Trend-Micro-Inc-London-Reviews-EI_IE8983.0,15_IL.16,22_IC2671300.htm",3.6,85%,99%,28,3.2,4,3.7,3.6,3.3,2.9,Trend Micro Inc. London reviews,2026-06-28T15:00:26.559022+00:00,seed,manual-seed,validated
Trend Micro Inc.,Munich,Munich,Germany,"https://www.glassdoor.com/Reviews/Trend-Micro-Inc-Munich-Reviews-EI_IE8983.0,15_IL.16,22_IC4990924.htm",4,100%,100%,4,4.4,4,4,4,3.6,3.6,Trend Micro Inc. Munich reviews,2026-06-28T15:00:26.640886+00:00,seed,manual-seed,validated
Dell Technologies,"Ciudad de Mexico, MEX",Ciudad de Mexico,Mexico,"https://www.glassdoor.com/Reviews/Dell-Technologies-Ciudad-de-Mexico-Reviews-EI_IE1327.0,17_IL.18,34_IC5017436.htm",4,81%,90%,55,4.5,3.7,3.8,4.1,3.5,3.7,Dell Technologies Ciudad de Mexico reviews,2026-06-28T15:00:36.323115+00:00,seed,office-location,validated
Dell Technologies,"Fremont, CA",Fremont,United States,"https://www.glassdoor.com/Reviews/Dell-Technologies-Fremont-Reviews-EI_IE1327.0,17_IL.18,25_IC1147355.htm",4.8,93%,,2,,3.5,2,,2,3,Dell Technologies Fremont reviews,2026-06-28T15:00:43.513566+00:00,seed,office-location,validated
Dell Technologies,"Markham, ON",Markham,Canada,"https://www.glassdoor.com/Reviews/Dell-Technologies-Markham-Reviews-EI_IE1327.0,17_IL.18,25_IC2280736.htm",3,100%,100%,3,,5,4,4,4,4,Dell Technologies Markham reviews,2026-06-28T15:00:51.566548+00:00,seed,office-location,validated
Dell Technologies,"Barcelona, CT",Barcelona,Spain,"https://www.glassdoor.com/Reviews/Dell-Technologies-Barcelona-Reviews-EI_IE1327.0,17_IL.18,27_IC2547194.htm",3,2%,74%,6,4.7,3,3.7,3.9,2.8,3,Dell Technologies Barcelona reviews,2026-06-28T15:00:59.499525+00:00,seed,office-location,validated
Dell Technologies,"Budapest, BU",Budapest,Hungary,"https://www.glassdoor.com/Reviews/Dell-Technologies-Budapest-Reviews-EI_IE1327.0,17_IL.18,26_IC3125126.htm",4.5,100%,100%,3,5,5,3.9,4.5,3.5,4,Dell Technologies Budapest reviews,2026-06-28T15:01:10.206434+00:00,seed,office-location,validated
Dell Technologies,"Milan, LOM",Milan,Italy,"https://www.glassdoor.com/Reviews/Dell-Technologies-Milan-Reviews-EI_IE1327.0,17_IL.18,23_IC2802090.htm",3.5,67%,72%,47,4.7,4,4.2,3.8,2.9,3.4,Dell Technologies Milan reviews,2026-06-28T15:01:19.383345+00:00,seed,office-location,validated
Dell Technologies,"Warsaw, MZ",Warsaw,Poland,"https://www.glassdoor.com/Reviews/Dell-Technologies-Warsaw-Reviews-EI_IE1327.0,17_IL.18,24_IC3094484.htm",3.8,60%,65%,45,4.5,4.4,4,3.9,3.6,3.6,Dell Technologies Warsaw reviews,2026-06-28T15:01:28.647099+00:00,seed,office-location,validated
Dell Technologies,"Bangkok, 10",Bangkok,Thailand,"https://www.glassdoor.com/Reviews/Dell-Technologies-Bangkok-Reviews-EI_IE1327.0,17_IL.18,25_IC3179725.htm",4.5,92%,100%,14,4.6,4.7,4.3,4.6,4.6,4.5,Dell Technologies Bangkok reviews,2026-06-28T15:01:37.495717+00:00,seed,office-location,validated
Dell Technologies,"Dubai, DU",Dubai,United Arab Emirates,"https://www.glassdoor.com/Reviews/Dell-Technologies-Dubai-Reviews-EI_IE1327.0,17_IL.18,23_IC2204498.htm",3.8,67%,65%,80,3.7,3.6,3.6,3.6,3.6,3.6,Dell Technologies Dubai reviews,2026-06-28T15:01:45.786038+00:00,seed,office-location,validated
Dell Technologies,"Jakarta, JK",Jakarta,Indonesia,"https://www.glassdoor.com/Reviews/Dell-Technologies-Jakarta-Reviews-EI_IE1327.0,17_IL.18,25_IC2709872.htm",4.5,100%,100%,13,4.7,4.7,4.7,4.7,4.5,4.7,Dell Technologies Jakarta reviews,2026-06-28T15:01:55.176466+00:00,seed,office-location,validated
Dell Technologies,"Kuala Lumpur, 14",Kuala Lumpur,Malaysia,"https://www.glassdoor.com/Reviews/Dell-Technologies-Kuala-Lumpur-Reviews-EI_IE1327.0,17_IL.18,30_IC2986682.htm",3.8,72%,77%,171,4,3.6,3.7,3.8,3.7,3.1,Dell Technologies Kuala Lumpur reviews,2026-06-28T15:02:04.027006+00:00,seed,office-location,validated
Dell Technologies,"Manila, D9",Manila,Philippines,"https://www.glassdoor.com/Reviews/Dell-Technologies-Manila-Reviews-EI_IE1327.0,17_IL.18,24_IC2363570.htm",4.2,49%,99%,37,4.1,4.4,2.2,4,3.3,3.7,Dell Technologies Manila reviews,2026-06-28T15:02:13.524657+00:00,seed,office-location,validated
Dell Technologies,"Mumbai, MH",Mumbai,India,"https://www.glassdoor.com/Reviews/Dell-Technologies-Mumbai-Reviews-EI_IE1327.0,17_IL.18,24_IC2851180.htm",3.9,32%,86%,97,4.2,3.9,3.2,3.8,3.4,3.3,Dell Technologies Mumbai reviews,2026-06-28T15:02:22.386396+00:00,seed,office-location,validated
Dell Technologies,"Seoul, 11",Seoul,South Korea,"https://www.glassdoor.com/Reviews/Dell-Technologies-Seoul-Reviews-EI_IE1327.0,17_IL.18,23_IC3021489.htm",3.9,69%,78%,43,3.6,3.9,3.2,3.1,3.5,2.9,Dell Technologies Seoul reviews,2026-06-28T15:02:31.131506+00:00,seed,office-location,validated
Dell Technologies,Singapore,Singapore,Singapore,"https://www.glassdoor.com/Reviews/Dell-Technologies-Singapore-Reviews-EI_IE1327.0,17_IL.18,27_IC3235921.htm",3.6,64%,69%,348,4.4,3.8,3.7,4,3.5,3.2,Dell Technologies Singapore reviews,2026-06-28T15:02:44.317909+00:00,seed,office-location,validated
Dell Technologies,"Taipei, TPQ",Taipei,Taiwan,"https://www.glassdoor.com/Reviews/Dell-Technologies-Taipei-Reviews-EI_IE1327.0,17_IL.18,24_IC3271041.htm",3.9,75%,92%,190,4,3.9,3.4,3.7,3.7,3.1,Dell Technologies Taipei reviews,2026-06-28T15:02:52.017661+00:00,seed,office-location,validated
Dell Technologies,"Tokyo, 40",Tokyo,Japan,"https://www.glassdoor.com/Reviews/Dell-Technologies-Tokyo-Reviews-EI_IE1327.0,17_IL.18,23_IC2851580.htm",3.2,56%,68%,58,3.5,3.2,3.1,3,3.1,3.1,Dell Technologies Tokyo reviews,2026-06-28T15:03:01.546433+00:00,seed,office-location,validated
Dell Technologies,"Santiago, RM",Santiago,Chile,"https://www.glassdoor.com/Reviews/Dell-Technologies-Santiago-Reviews-EI_IE1327.0,17_IL.18,26_IC2434030.htm",4.9,100%,100%,10,5,5,4.9,5,4.4,4.7,Dell Technologies Santiago reviews,2026-06-28T15:03:10.771560+00:00,seed,office-location,validated
Dell Technologies,"São Paulo, SP",São Paulo,Brazil,"https://www.glassdoor.com/Reviews/Dell-Technologies-S%C3%A3o-Paulo-Reviews-EI_IE1327.0,17_IL.18,27_IC2479061.htm",4,71%,96%,69,4.3,3.9,3.7,4.2,3.3,3.5,Dell Technologies São Paulo reviews,2026-06-28T15:03:20.504609+00:00,seed,office-location,validated
Dell Technologies,"Sydney, NSW",Sydney,Australia,"https://www.glassdoor.com/Reviews/Dell-Technologies-Sydney-Reviews-EI_IE1327.0,17_IL.18,24_IC2235932.htm",3.9,59%,67%,250,3.9,3.5,3.6,3.7,3.3,3.4,Dell Technologies Sydney reviews,2026-06-28T15:03:29.037154+00:00,seed,office-location,validated
Dell Technologies,"Austin, TX",Austin,United States,"https://www.glassdoor.com/Reviews/Dell-Technologies-Austin-Reviews-EI_IE1327.0,17_IL.18,24_IC1139761.htm",3.5,56%,67%,2446,3.8,3.7,3.4,3.4,3.2,3.1,Dell Technologies Austin reviews,2026-06-28T15:03:39.518350+00:00,seed,office-location,validated
Dell Technologies,"Bellevue, WA",Bellevue,United States,"https://www.glassdoor.com/Reviews/Dell-Technologies-Bellevue-Reviews-EI_IE1327.0,17_IL.18,26_IC1150442.htm",4,97%,0%,3,,4.9,3,4.9,1,2,Dell Technologies Bellevue reviews,2026-06-28T15:03:47.939491+00:00,seed,office-location,validated
Dell Technologies,"Durham, NC",Durham,United States,"https://www.glassdoor.com/Reviews/Dell-Technologies-Durham-Reviews-EI_IE1327.0,17_IL.18,24_IC1138697.htm",3.9,85%,89%,40,4.2,4.2,4.1,3.9,4.2,3.4,Dell Technologies Durham reviews,2026-06-28T15:03:57.290689+00:00,seed,office-location,validated
Dell Technologies,"Redmond, WA",Redmond,United States,"https://www.glassdoor.com/Reviews/Dell-Technologies-Redmond-Reviews-EI_IE1327.0,17_IL.18,25_IC1150499.htm",4,100%,100%,2,,5,3,4.9,4,4,Dell Technologies Redmond reviews,2026-06-28T15:04:06.031320+00:00,seed,office-location,validated
Dell Technologies,"Saint Louis, MO",Saint Louis,United States,"https://www.glassdoor.com/Reviews/Dell-Technologies-Saint-Louis-Reviews-EI_IE1327.0,17_IL.18,29_IC1131270.htm",4,100%,100%,20,4.1,4.7,3.1,4.1,3.2,3.2,Dell Technologies Saint Louis reviews,2026-06-28T15:04:15.493033+00:00,seed,office-location,validated
Dell Technologies,"San Francisco, CA",San Francisco,United States,"https://www.glassdoor.com/Reviews/Dell-Technologies-San-Francisco-Reviews-EI_IE1327.0,17_IL.18,31_IC1147401.htm",3.6,89%,63%,71,3.8,4.3,3,3.4,3.7,3.2,Dell Technologies San Francisco reviews,2026-06-28T15:04:24.016103+00:00,seed,office-location,validated
Dell Technologies,"San Jose, CA",San Jose,United States,"https://www.glassdoor.com/Reviews/Dell-Technologies-San-Jose-Reviews-EI_IE1327.0,17_IL.18,26_IC1147436.htm",4.2,71%,84%,90,4.1,3,3.7,4,3.8,3.4,Dell Technologies San Jose reviews,2026-06-28T15:04:31.800988+00:00,seed,office-location,validated
Dell Technologies,"Santa Clara, CA",Santa Clara,United States,"https://www.glassdoor.com/Reviews/Dell-Technologies-Santa-Clara-Reviews-EI_IE1327.0,17_IL.18,29_IC1147439.htm",4.2,76%,74%,173,3.8,4.2,3.6,3.8,3.7,3.3,Dell Technologies Santa Clara reviews,2026-06-28T15:04:41.239991+00:00,seed,office-location,validated
Dell Technologies,"Toronto, ON",Toronto,Canada,"https://www.glassdoor.com/Reviews/Dell-Technologies-Toronto-Reviews-EI_IE1327.0,17_IL.18,25_IC2281069.htm",3.4,59%,77%,259,4.2,3.5,3.5,3.6,3.4,3.1,Dell Technologies Toronto reviews,2026-06-28T15:04:49.934278+00:00,seed,office-location,validated
Dell Technologies,"Westford, MA",Westford,United States,"https://www.glassdoor.com/Reviews/Dell-Technologies-Westford-Reviews-EI_IE1327.0,17_IL.18,26_IC1154720.htm",4,100%,100%,1,,4,4,4,3,4,Dell Technologies Westford reviews,2026-06-28T15:04:57.269615+00:00,seed,office-location,validated
Dell Technologies,"Moscow, 48",Moscow,Russia,"https://www.glassdoor.com/Reviews/Dell-Technologies-Moscow-Reviews-EI_IE1327.0,17_IL.18,24_IC3348306.htm",4.7,96%,100%,15,4.9,4.8,4.7,4.7,4.3,4.7,Dell Technologies Moscow reviews,2026-06-28T15:05:06.800714+00:00,seed,office-location,validated
Dell Technologies,"Munich, BY",Munich,Germany,"https://www.glassdoor.com/Reviews/Dell-Technologies-Munich-Reviews-EI_IE1327.0,17_IL.18,24_IC4990924.htm",3.3,45%,57%,10,3.9,4.2,3.5,2.9,3.1,2.3,Dell Technologies Munich reviews,2026-06-28T15:05:14.555249+00:00,seed,office-location,validated
Dell Technologies,"Reading, ENG",Reading,United Kingdom,"https://www.glassdoor.com/Reviews/Dell-Technologies-Reading-Reviews-EI_IE1327.0,17_IL.18,25_IC2675152.htm",4,100%,100%,1,4,4,4,4,4,4,Dell Technologies Reading reviews,2026-06-28T15:05:22.722224+00:00,seed,office-location,validated
Dell Technologies,"Zürich, ZH",Zürich,Switzerland,"https://www.glassdoor.com/Reviews/Dell-Technologies-Z%C3%BCrich-Reviews-EI_IE1327.0,17_IL.18,24_IC3297851.htm",4.7,93%,91%,23,4.7,4.7,4.2,4.5,3.1,3.9,Dell Technologies Zürich reviews,2026-06-28T15:05:30.384190+00:00,seed,office-location,validated
Dell Technologies,"Bengaluru, KA",Bengaluru,India,"https://www.glassdoor.com/Reviews/Dell-Technologies-Bengaluru-Reviews-EI_IE1327.0,17_IL.18,27_IC2940587.htm",4,71%,86%,5186,4.2,3.9,3.5,4,3.7,3.4,Dell Technologies Bengaluru reviews,2026-06-28T15:05:39.004979+00:00,seed,office-location,validated
Dell Technologies,"Pune, MH",Pune,India,"https://www.glassdoor.com/Reviews/Dell-Technologies-Pune-Reviews-EI_IE1327.0,17_IL.18,22_IC2856202.htm",3.5,48%,62%,172,3.6,3.7,3.4,3.4,3.2,2.6,Dell Technologies Pune reviews,2026-06-28T15:05:46.233402+00:00,seed,office-location,validated
Dell Technologies,"Shanghai, 23",Shanghai,China,"https://www.glassdoor.com/Reviews/Dell-Technologies-Shanghai-Reviews-EI_IE1327.0,17_IL.18,26_IC2416009.htm",3.8,53%,95%,135,4.5,4.5,4.1,4.3,3.6,3.9,Dell Technologies Shanghai reviews,2026-06-28T15:05:54.492309+00:00,seed,office-location,validated
Dell Technologies,"San Jose, MP",San Jose,Costa Rica,"https://www.glassdoor.com/Reviews/Dell-Technologies-San-Jose-Reviews-EI_IE1327.0,17_IL.18,26_IC1147436.htm",4.2,71%,84%,90,4.1,3,3.7,4,3.8,3.4,Dell Technologies San Jose reviews,2026-06-28T15:05:54.587226+00:00,seed,office-location,validated
Dell Technologies,"Frankfurt am Main, HE",Frankfurt am Main,Germany,"https://www.glassdoor.com/Reviews/Dell-Technologies-Frankfurt-am-Main-Reviews-EI_IE1327.0,17_IL.18,35_IC2632180.htm",3,9%,15%,14,2.5,3,3.5,2.4,2,2.4,Dell Technologies Frankfurt am Main reviews,2026-06-28T15:06:04.112130+00:00,seed,office-location,validated
Dell Technologies,"Boise, ID",Boise,United States,"https://www.glassdoor.com/Reviews/Dell-Technologies-Boise-Reviews-EI_IE1327.0,17_IL.18,23_IC1127927.htm",4,,,2,,4,4,,2,3,Dell Technologies Boise reviews,2026-06-28T15:06:12.951281+00:00,seed,office-location,validated
Dell Technologies,"Fort Collins, CO",Fort Collins,United States,"https://www.glassdoor.com/Reviews/Dell-Technologies-Fort-Collins-Reviews-EI_IE1327.0,17_IL.18,30_IC1148233.htm",5,100%,100%,2,,2.5,4.5,4.5,4.5,5,Dell Technologies Fort Collins reviews,2026-06-28T15:06:26.002139+00:00,seed,office-location,validated
Dell Technologies,"Guadalajara, JAL",Guadalajara,Mexico,"https://www.glassdoor.com/Reviews/Dell-Technologies-Guadalajara-Reviews-EI_IE1327.0,17_IL.18,29_IC3486357.htm",4.1,99%,99%,30,5,5,4,5,3.1,4,Dell Technologies Guadalajara reviews,2026-06-28T15:06:34.372455+00:00,seed,office-location,validated
Dell Technologies,"Houston, TX",Houston,United States,"https://www.glassdoor.com/Reviews/Dell-Technologies-Houston-Reviews-EI_IE1327.0,17_IL.18,25_IC1140171.htm",4.2,72%,75%,85,4.6,4,3.9,4,3.8,3.6,Dell Technologies Houston reviews,2026-06-28T15:06:43.671040+00:00,seed,office-location,validated
Dell Technologies,"Palo Alto, CA",Palo Alto,United States,"https://www.glassdoor.com/Reviews/Dell-Technologies-Palo-Alto-Reviews-EI_IE1327.0,17_IL.18,27_IC1147434.htm",3.8,99%,100%,7,3,3,3,3,3,3,Dell Technologies Palo Alto reviews,2026-06-28T15:06:51.411054+00:00,seed,office-location,validated
Dell Technologies,"Portland, OR",Portland,United States,"https://www.glassdoor.com/Reviews/Dell-Technologies-Portland-Reviews-EI_IE1327.0,17_IL.18,26_IC1151614.htm",3.8,89%,7%,13,4.9,4.9,2.2,4.9,3.8,4.6,Dell Technologies Portland reviews,2026-06-28T15:06:58.865767+00:00,seed,office-location,validated
Dell Technologies,"San Diego, CA",San Diego,United States,"https://www.glassdoor.com/Reviews/Dell-Technologies-San-Diego-Reviews-EI_IE1327.0,17_IL.18,27_IC1147311.htm",4.1,99%,99%,22,4.6,5,4.6,4.7,4.7,4.7,Dell Technologies San Diego reviews,2026-06-28T15:07:08.170290+00:00,seed,office-location,validated
Dell Technologies,"Sunnyvale, CA",Sunnyvale,United States,"https://www.glassdoor.com/Reviews/Dell-Technologies-Sunnyvale-Reviews-EI_IE1327.0,17_IL.18,27_IC1147442.htm",3.1,97%,99%,10,4,4,2.1,4,2,4,Dell Technologies Sunnyvale reviews,2026-06-28T15:07:16.109240+00:00,seed,office-location,validated
Dell Technologies,"Vancouver, WA",Vancouver,United States,"https://www.glassdoor.com/Reviews/Dell-Technologies-Vancouver-Reviews-EI_IE1327.0,17_IL.18,27_IC1150413.htm",3,,,1,,,,,,,Dell Technologies Vancouver reviews,2026-06-28T15:07:24.167470+00:00,seed,office-location,validated
Dell Technologies,"Zapopan, JAL",Zapopan,Mexico,"https://www.glassdoor.com/Reviews/Dell-Technologies-Zapopan-Reviews-EI_IE1327.0,17_IL.18,25_IC3487018.htm",5,100%,100%,0,5,5,5,5,5,5,Dell Technologies Zapopan reviews,2026-06-28T15:07:32.207481+00:00,seed,office-location,validated
Dell Technologies,"Bucharest, B",Bucharest,Romania,"https://www.glassdoor.com/Reviews/Dell-Technologies-Bucharest-Reviews-EI_IE1327.0,17_IL.18,27_IC3184907.htm",3.7,62%,66%,143,4.5,4,3.5,3.7,3.3,3.7,Dell Technologies Bucharest reviews,2026-06-28T15:07:41.509531+00:00,seed,office-location,validated
Dell Technologies,"Cambridge, ENG",Cambridge,United Kingdom,"https://www.glassdoor.com/Reviews/Dell-Technologies-Cambridge-Reviews-EI_IE1327.0,17_IL.18,27_IC2662516.htm",5,100%,100%,1,,5,4,5,5,5,Dell Technologies Cambridge reviews,2026-06-28T15:07:50.422535+00:00,seed,office-location,validated
Dell Technologies,"Paris, A8",Paris,France,"https://www.glassdoor.com/Reviews/Dell-Technologies-Paris-Reviews-EI_IE1327.0,17_IL.18,23_IC2881970.htm",4.3,92%,83%,28,4.2,3.9,4.6,4.2,3.6,3.5,Dell Technologies Paris reviews,2026-06-28T15:07:58.667328+00:00,seed,office-location,validated
Dell Technologies,"Whitefield, KA",Whitefield,India,"https://www.glassdoor.com/Reviews/Dell-Technologies-Whitefield-Reviews-EI_IE1327.0,17_IL.18,28_IC2941717.htm",5,100%,100%,1,,4,3,5,4,4,Dell Technologies Whitefield reviews,2026-06-28T15:08:08.244708+00:00,seed,office-location,validated
Dell Technologies,"Lake Forest, CA",Lake Forest,United States,"https://www.glassdoor.com/Reviews/Dell-Technologies-Lake-Forest-Reviews-EI_IE1327.0,17_IL.18,29_IC1146811.htm",3,0%,,1,,4,3,3,2,3,Dell Technologies Lake Forest reviews,2026-06-28T15:08:15.752701+00:00,seed,office-location,validated
Dell Technologies,"Wuhan, 12",Wuhan,China,"https://www.glassdoor.com/Reviews/Dell-Technologies-Wuhan-Reviews-EI_IE1327.0,17_IL.18,23_IC2478891.htm",4,100%,100%,1,,4,4,4,5,4,Dell Technologies Wuhan reviews,2026-06-28T15:08:28.466693+00:00,seed,office-location,validated
Dell Technologies,"Irving, TX",Irving,United States,"https://www.glassdoor.com/Reviews/Dell-Technologies-Irving-Reviews-EI_IE1327.0,17_IL.18,24_IC1140006.htm",5,100%,100%,1,,5,3,5,3,5,Dell Technologies Irving reviews,2026-06-28T15:08:35.633232+00:00,seed,office-location,validated
Dell Technologies,"Jersey City, NJ",Jersey City,United States,"https://www.glassdoor.com/Reviews/Dell-Technologies-Jersey-City-Reviews-EI_IE1327.0,17_IL.18,29_IC1126819.htm",3.9,85%,85%,5,4.4,4.7,4.7,4.6,4.8,4.6,Dell Technologies Jersey City reviews,2026-06-28T15:08:44.625427+00:00,seed,office-location,validated
Dell Technologies,"Kanata, ON",Kanata,Canada,"https://www.glassdoor.com/Reviews/Dell-Technologies-Kanata-Reviews-EI_IE1327.0,17_IL.18,24_IC2282818.htm",3.5,63%,0%,6,4,4,4.5,3,2.5,2.5,Dell Technologies Kanata reviews,2026-06-28T15:08:52.576033+00:00,seed,office-location,validated
Dell Technologies,"Cork, M",Cork,Ireland,"https://www.glassdoor.com/Reviews/Dell-Technologies-Cork-Reviews-EI_IE1327.0,17_IL.18,22_IC4325638.htm",3.6,66%,44%,391,4.2,3.7,3.9,3.6,3.1,3.3,Dell Technologies Cork reviews,2026-06-28T15:09:00.077160+00:00,seed,office-location,validated
Dell Technologies,"London, ENG",London,United Kingdom,"https://www.glassdoor.com/Reviews/Dell-Technologies-London-Reviews-EI_IE1327.0,17_IL.18,24_IC2671300.htm",4,75%,89%,357,4.1,3.8,3.8,3.9,3.6,3.7,Dell Technologies London reviews,2026-06-28T15:09:09.334241+00:00,seed,office-location,validated
Dell Technologies,"Aliso, CA",Aliso,United States,"https://www.glassdoor.com/Reviews/Dell-Technologies-Aliso-Reviews-EI_IE1327.0,17_IL.18,23_IC3789361.htm",4,99%,100%,2,,5,5,4,4,3,Dell Technologies Aliso reviews,2026-06-28T15:09:17.970228+00:00,seed,office-location,validated
Dell Technologies,"Bedford, MA",Bedford,United States,"https://www.glassdoor.com/Reviews/Dell-Technologies-Bedford-Reviews-EI_IE1327.0,17_IL.18,25_IC1154527.htm",5,100%,100%,2,4,5,4,4,4,2,Dell Technologies Bedford reviews,2026-06-28T15:09:25.536663+00:00,seed,office-location,validated
Dell Technologies,"Boston, MA",Boston,United States,"https://www.glassdoor.com/Reviews/Dell-Technologies-Boston-Reviews-EI_IE1327.0,17_IL.18,24_IC1154532.htm",3.6,52%,49%,305,3.9,3.8,3.7,3.5,3.4,3.1,Dell Technologies Boston reviews,2026-06-28T15:09:35.353763+00:00,seed,office-location,validated
Dell Technologies,"Boydton, VA",Boydton,United States,"https://www.glassdoor.com/Reviews/Dell-Technologies-Boydton-Reviews-EI_IE1327.0,17_IL.18,25_IC1129623.htm",1,0%,0%,1,,1,5,1,1,1,Dell Technologies Boydton reviews,2026-06-28T15:09:43.424154+00:00,seed,office-location,validated
Dell Technologies,"Cambridge, MA",Cambridge,United States,"https://www.glassdoor.com/Reviews/Dell-Technologies-Cambridge-Reviews-EI_IE1327.0,17_IL.18,27_IC1154545.htm",3.2,99%,100%,5,,3.4,4.1,4.4,3.4,4.4,Dell Technologies Cambridge reviews,2026-06-28T15:09:52.056712+00:00,seed,office-location,validated
Dell Technologies,"Canada, KY",Canada,United States,"https://www.glassdoor.com/Reviews/Dell-Technologies-Canada-Reviews-EI_IE1327.0,17_IL.18,24_IC1137126.htm",5,100%,100%,1,,5,5,5,5,5,Dell Technologies Canada reviews,2026-06-28T15:10:04.100884+00:00,seed,office-location,validated
Dell Technologies,"Canton, MA",Canton,United States,"https://www.glassdoor.com/Reviews/Dell-Technologies-Canton-Reviews-EI_IE1327.0,17_IL.18,24_IC1154546.htm",1.7,0%,48%,3,,1.9,3,,2.4,1,Dell Technologies Canton reviews,2026-06-28T15:10:13.330132+00:00,seed,office-location,validated
Dell Technologies,"Cedar Park, TX",Cedar Park,United States,"https://www.glassdoor.com/Reviews/Dell-Technologies-Cedar-Park-Reviews-EI_IE1327.0,17_IL.18,28_IC1139765.htm",4,100%,100%,7,,4.6,3.9,3.8,3.8,4.3,Dell Technologies Cedar Park reviews,2026-06-28T15:10:21.775196+00:00,seed,office-location,validated
Dell Technologies,"Framingham, MA",Framingham,United States,"https://www.glassdoor.com/Reviews/Dell-Technologies-Framingham-Reviews-EI_IE1327.0,17_IL.18,28_IC1154571.htm",4,100%,,3,5,4,3,5,4,4,Dell Technologies Framingham reviews,2026-06-28T15:10:30.179841+00:00,seed,office-location,validated
Dell Technologies,"Franklin, MA",Franklin,United States,"https://www.glassdoor.com/Reviews/Dell-Technologies-Franklin-Reviews-EI_IE1327.0,17_IL.18,26_IC1154572.htm",3.6,48%,71%,108,3.8,3.4,3.5,3,2.8,2.4,Dell Technologies Franklin reviews,2026-06-28T15:10:39.575220+00:00,seed,office-location,validated
Dell Technologies,"Fuquay-Varina, NC",Fuquay-Varina,United States,"https://www.glassdoor.com/Reviews/Dell-Technologies-Fuquay-Varina-Reviews-EI_IE1327.0,17_IL.18,31_IC3757296.htm",5,100%,100%,1,,5,5,5,4,5,Dell Technologies Fuquay-Varina reviews,2026-06-28T15:10:47.641751+00:00,seed,office-location,validated
Dell Technologies,"Georgetown, TX",Georgetown,United States,"https://www.glassdoor.com/Reviews/Dell-Technologies-Georgetown-Reviews-EI_IE1327.0,17_IL.18,28_IC1139774.htm",5,99%,100%,6,5,5,5,4.5,4.5,4.1,Dell Technologies Georgetown reviews,2026-06-28T15:10:55.155013+00:00,seed,office-location,validated
Dell Technologies,"Hopkinton, MA",Hopkinton,United States,"https://www.glassdoor.com/Reviews/Dell-Technologies-Hopkinton-Reviews-EI_IE1327.0,17_IL.18,27_IC1154589.htm",3.4,55%,59%,497,3.6,3.6,3.3,3.3,2.9,2.8,Dell Technologies Hopkinton reviews,2026-06-28T15:11:02.563010+00:00,seed,office-location,validated
Dell Technologies,"India, TX",India,United States,"https://www.glassdoor.com/Reviews/Dell-Technologies-India-Reviews-EI_IE1327.0,17_IL.18,23_IC3759223.htm",4.6,100%,100%,5,4.3,4.3,4.3,4.3,4.3,4.3,Dell Technologies India reviews,2026-06-28T15:11:10.863297+00:00,seed,office-location,validated
Dell Technologies,"Land O' Lakes, FL",Land O' Lakes,United States,"https://www.glassdoor.com/Reviews/Dell-Technologies-Land-O-Lakes-Reviews-EI_IE1327.0,17_IL.18,30_IC3817049.htm",4,100%,100%,1,,5,4,4,4,4,Dell Technologies Land O' Lakes reviews,2026-06-28T15:11:18.878791+00:00,seed,office-location,validated
Dell Technologies,"Leander, TX",Leander,United States,"https://www.glassdoor.com/Reviews/Dell-Technologies-Leander-Reviews-EI_IE1327.0,17_IL.18,25_IC1139779.htm",3,100%,,1,,3,3,3,4,3,Dell Technologies Leander reviews,2026-06-28T15:11:26.727140+00:00,seed,office-location,validated
Dell Technologies,"Pflugerville, TX",Pflugerville,United States,"https://www.glassdoor.com/Reviews/Dell-Technologies-Pflugerville-Reviews-EI_IE1327.0,17_IL.18,30_IC1139790.htm",4.1,99%,100%,6,5,3.1,4,5,3.1,5,Dell Technologies Pflugerville reviews,2026-06-28T15:11:34.359862+00:00,seed,office-location,validated
Dell Technologies,"Quincy, MA",Quincy,United States,"https://www.glassdoor.com/Reviews/Dell-Technologies-Quincy-Reviews-EI_IE1327.0,17_IL.18,24_IC1154667.htm",3,83%,14%,7,,4.5,2.7,2.7,2,3,Dell Technologies Quincy reviews,2026-06-28T15:11:42.339790+00:00,seed,office-location,validated
Dell Technologies,"Round Rock, TX",Round Rock,United States,"https://www.glassdoor.com/Reviews/Dell-Technologies-Round-Rock-Reviews-EI_IE1327.0,17_IL.18,28_IC1139794.htm",3.2,47%,49%,2587,3.7,3.4,3.1,3.2,3.2,2.8,Dell Technologies Round Rock reviews,2026-06-28T15:11:51.083668+00:00,seed,office-location,validated
Dell Technologies,"San Marcos, TX",San Marcos,United States,"https://www.glassdoor.com/Reviews/Dell-Technologies-San-Marcos-Reviews-EI_IE1327.0,17_IL.18,28_IC1139795.htm",4,100%,100%,1,,1,3,5,4,5,Dell Technologies San Marcos reviews,2026-06-28T15:12:01.879949+00:00,seed,office-location,validated
Dell Technologies,"Satellite Beach, FL",Satellite Beach,United States,"https://www.glassdoor.com/Reviews/Dell-Technologies-Satellite-Beach-Reviews-EI_IE1327.0,17_IL.18,33_IC1154294.htm",4,100%,100%,1,,5,4,4,4,3,Dell Technologies Satellite Beach reviews,2026-06-28T15:12:10.148856+00:00,seed,office-location,validated
Dell Technologies,"Wellesley, MA",Wellesley,United States,"https://www.glassdoor.com/Reviews/Dell-Technologies-Wellesley-Reviews-EI_IE1327.0,17_IL.18,27_IC1154708.htm",1.9,0%,0%,5,,2,2.6,2,2,2.1,Dell Technologies Wellesley reviews,2026-06-28T15:12:18.387856+00:00,seed,office-location,validated
Dell Technologies,"Domlur, KA",Domlur,India,"https://www.glassdoor.com/Reviews/Dell-Technologies-Domlur-Reviews-EI_IE1327.0,17_IL.18,24_IC4470560.htm",5,99%,100%,9,4.8,5,4.8,4.8,4.8,4.8,Dell Technologies Domlur reviews,2026-06-28T15:12:28.661142+00:00,seed,office-location,validated
Dell Technologies,"Chicago, IL",Chicago,United States,"https://www.glassdoor.com/Reviews/Dell-Technologies-Chicago-Reviews-EI_IE1327.0,17_IL.18,25_IC1128808.htm",3.9,52%,64%,102,3.5,3.6,3.4,3.1,2.9,2.7,Dell Technologies Chicago reviews,2026-06-28T15:12:38.413146+00:00,seed,office-location,validated
Dell Technologies,"Morrisville, NC",Morrisville,United States,"https://www.glassdoor.com/Reviews/Dell-Technologies-Morrisville-Reviews-EI_IE1327.0,17_IL.18,29_IC1138956.htm",5,100%,100%,1,4,3,5,5,5,3,Dell Technologies Morrisville reviews,2026-06-28T15:12:46.527291+00:00,seed,office-location,validated
Dell Technologies,"Bratislava, 02",Bratislava,Slovakia,"https://www.glassdoor.com/Reviews/Dell-Technologies-Bratislava-Reviews-EI_IE1327.0,17_IL.18,28_IC2907054.htm",4.2,84%,76%,302,4.2,4.1,3.8,4.3,4,3.9,Dell Technologies Bratislava reviews,2026-06-28T15:12:55.811183+00:00,seed,office-location,validated
Dell Technologies,"Stuttgart, BW",Stuttgart,Germany,"https://www.glassdoor.com/Reviews/Dell-Technologies-Stuttgart-Reviews-EI_IE1327.0,17_IL.18,27_IC2507190.htm",5,100%,100%,2,5,3.1,4.9,4.1,4.9,3.9,Dell Technologies Stuttgart reviews,2026-06-28T15:13:05.668156+00:00,seed,office-location,validated
Dell Technologies,"Beijing, 22",Beijing,China,"https://www.glassdoor.com/Reviews/Dell-Technologies-Beijing-Reviews-EI_IE1327.0,17_IL.18,25_IC2398510.htm",3.9,39%,64%,32,3.1,3.3,3.9,3.5,3.2,3,Dell Technologies Beijing reviews,2026-06-28T15:13:13.331368+00:00,seed,office-location,validated
Dell Technologies,Hong Kong,Hong Kong,Hong Kong,"https://www.glassdoor.com/Reviews/Dell-Technologies-Hong-Kong-Reviews-EI_IE1327.0,17_IL.18,27_IC2308631.htm",4.4,96%,100%,22,4.9,4.9,4.7,4.9,4.5,4.8,Dell Technologies Hong Kong reviews,2026-06-28T15:13:21.537546+00:00,seed,office-location,validated
Dell Technologies,"Xiamen, 07",Xiamen,China,"https://www.glassdoor.com/Reviews/Dell-Technologies-Xiamen-Reviews-EI_IE1327.0,17_IL.18,24_IC2564138.htm",4.2,96%,99%,18,4.1,3.9,4.2,4.1,3.7,4.2,Dell Technologies Xiamen reviews,2026-06-28T15:13:29.464153+00:00,seed,office-location,validated
Dell Technologies,"Buenos Aires, C",Buenos Aires,Argentina,"https://www.glassdoor.com/Reviews/Dell-Technologies-Buenos-Aires-Reviews-EI_IE1327.0,17_IL.18,30_IC2242084.htm",3.2,62%,80%,19,4.6,4,2.3,4.2,2.9,3.4,Dell Technologies Buenos Aires reviews,2026-06-28T15:13:42.909972+00:00,seed,office-location,validated
Dell Technologies,"Campinas, SP",Campinas,Brazil,"https://www.glassdoor.com/Reviews/Dell-Technologies-Campinas-Reviews-EI_IE1327.0,17_IL.18,26_IC2490130.htm",5,100%,100%,0,5,5,4.2,5,4.4,5,Dell Technologies Campinas reviews,2026-06-28T15:13:51.591251+00:00,seed,office-location,validated
Dell Technologies,"Martínez, B",Martínez,Argentina,"https://www.glassdoor.com/Reviews/Dell-Technologies-Mart%C3%ADnez-Reviews-EI_IE1327.0,17_IL.18,26_IC2207815.htm",2,0%,,0,,3,2,3,2,,Dell Technologies Martínez reviews,2026-06-28T15:13:58.998273+00:00,seed,office-location,validated
Dell Technologies,Global,Global,Global,https://www.glassdoor.com/Reviews/Dell-Technologies-Reviews-E1327.htm,3.7,63%,69%,36496,4,3.8,3.5,3.7,3.4,3.3,Dell Technologies reviews,2026-06-28T15:14:09.714943+00:00,seed,manual-seed,validated
Dell Technologies,Taipei,Taipei,Taiwan,"https://www.glassdoor.com/Reviews/Dell-Technologies-Taipei-Reviews-EI_IE1327.0,17_IL.18,24_IC3271041.htm",3.9,75%,92%,190,4,3.9,3.4,3.7,3.7,3.1,Dell Technologies Taipei reviews,2026-06-28T15:14:09.816354+00:00,seed,manual-seed,validated
Dell Technologies,Shanghai,Shanghai,China,"https://www.glassdoor.com/Reviews/Dell-Technologies-Shanghai-Reviews-EI_IE1327.0,17_IL.18,26_IC2416009.htm",3.8,53%,95%,135,4.5,4.5,4.1,4.3,3.6,3.9,Dell Technologies Shanghai reviews,2026-06-28T15:14:09.913972+00:00,seed,manual-seed,validated
Dell Technologies,Tokyo,Tokyo,Japan,"https://www.glassdoor.com/Reviews/Dell-Technologies-Tokyo-Reviews-EI_IE1327.0,17_IL.18,23_IC2851580.htm",3.2,56%,68%,58,3.5,3.2,3.1,3,3.1,3.1,Dell Technologies Tokyo reviews,2026-06-28T15:14:10.013268+00:00,seed,manual-seed,validated
Dell Technologies,Seoul,Seoul,South Korea,"https://www.glassdoor.com/Reviews/Dell-Technologies-Seoul-Reviews-EI_IE1327.0,17_IL.18,23_IC3021489.htm",3.9,69%,78%,43,3.6,3.9,3.2,3.1,3.5,2.9,Dell Technologies Seoul reviews,2026-06-28T15:14:10.108760+00:00,seed,manual-seed,validated
Dell Technologies,Austin,Austin,United States,"https://www.glassdoor.com/Reviews/Dell-Technologies-Austin-Reviews-EI_IE1327.0,17_IL.18,24_IC1139761.htm",3.5,56%,67%,2446,3.8,3.7,3.4,3.4,3.2,3.1,Dell Technologies Austin reviews,2026-06-28T15:14:10.221973+00:00,seed,manual-seed,validated
Dell Technologies,London,London,United Kingdom,"https://www.glassdoor.com/Reviews/Dell-Technologies-London-Reviews-EI_IE1327.0,17_IL.18,24_IC2671300.htm",4,75%,89%,357,4.1,3.8,3.8,3.9,3.6,3.7,Dell Technologies London reviews,2026-06-28T15:14:10.335063+00:00,seed,manual-seed,validated
Dell Technologies,Munich,Munich,Germany,"https://www.glassdoor.com/Reviews/Dell-Technologies-Munich-Reviews-EI_IE1327.0,17_IL.18,24_IC4990924.htm",3.3,45%,57%,10,3.9,4.2,3.5,2.9,3.1,2.3,Dell Technologies Munich reviews,2026-06-28T15:14:10.423368+00:00,seed,manual-seed,validated
Acer Group,"Barcelona, CT",Barcelona,Spain,"https://www.glassdoor.com/Reviews/Acer-Group-Barcelona-Reviews-EI_IE3802.0,10_IL.11,20_IC2547194.htm",2.5,0%,,2,,2,4.5,2,2.5,1.5,Acer Group Barcelona reviews,2026-06-28T15:14:19.420507+00:00,seed,office-location,validated
Acer Group,"Milan, LOM",Milan,Italy,"https://www.glassdoor.com/Reviews/Acer-Group-Milan-Reviews-EI_IE3802.0,10_IL.11,16_IC2802090.htm",3,50%,,0,3,2,3.5,2,2.5,2.5,Acer Group Milan reviews,2026-06-28T15:14:27.114928+00:00,seed,office-location,validated
Acer Group,"Warsaw, MZ",Warsaw,Poland,"https://www.glassdoor.com/Reviews/Acer-Group-Warsaw-Reviews-EI_IE3802.0,10_IL.11,17_IC3094484.htm",4,100%,,1,,3,3,3,4,3,Acer Group Warsaw reviews,2026-06-28T15:14:35.284352+00:00,seed,office-location,validated
Acer Group,"Bangkok, 10",Bangkok,Thailand,"https://www.glassdoor.com/Reviews/Acer-Group-Bangkok-Reviews-EI_IE3802.0,10_IL.11,18_IC3179725.htm",2,0%,,1,,4,2,3,3,3,Acer Group Bangkok reviews,2026-06-28T15:14:43.920604+00:00,seed,office-location,validated
Acer Group,"Dubai, DU",Dubai,United Arab Emirates,"https://www.glassdoor.com/Reviews/Acer-Group-Dubai-Reviews-EI_IE3802.0,10_IL.11,16_IC2204498.htm",3.8,100%,100%,3,,3.4,4.5,4.5,3,4.5,Acer Group Dubai reviews,2026-06-28T15:14:54.215227+00:00,seed,office-location,validated
Acer Group,"Jakarta, JK",Jakarta,Indonesia,"https://www.glassdoor.com/Reviews/Acer-Group-Jakarta-Reviews-EI_IE3802.0,10_IL.11,18_IC2709872.htm",5,100%,,1,4,4,4,4,4,4,Acer Group Jakarta reviews,2026-06-28T15:15:01.868430+00:00,seed,office-location,validated
Acer Group,"Kuala Lumpur, 14",Kuala Lumpur,Malaysia,"https://www.glassdoor.com/Reviews/Acer-Group-Kuala-Lumpur-Reviews-EI_IE3802.0,10_IL.11,23_IC2986682.htm",4,100%,100%,1,,2,3,2,2,2,Acer Group Kuala Lumpur reviews,2026-06-28T15:15:10.382970+00:00,seed,office-location,validated
Acer Group,"Manila, D9",Manila,Philippines,"https://www.glassdoor.com/Reviews/Acer-Group-Manila-Reviews-EI_IE3802.0,10_IL.11,17_IC2363570.htm",3,0%,100%,3,2,1,1,1,2,1,Acer Group Manila reviews,2026-06-28T15:15:20.292445+00:00,seed,office-location,validated
Acer Group,"Mumbai, MH",Mumbai,India,"https://www.glassdoor.com/Reviews/Acer-Group-Mumbai-Reviews-EI_IE3802.0,10_IL.11,17_IC2851180.htm",5,100%,100%,4,5,5,3.7,5,5,5,Acer Group Mumbai reviews,2026-06-28T15:15:29.061758+00:00,seed,office-location,validated
Acer Group,Singapore,Singapore,Singapore,"https://www.glassdoor.com/Reviews/Acer-Group-Singapore-Reviews-EI_IE3802.0,10_IL.11,20_IC3235921.htm",2.9,99%,100%,6,2.1,4.8,2.1,4.9,2.2,3,Acer Group Singapore reviews,2026-06-28T15:15:37.766571+00:00,seed,office-location,validated
Acer Group,"Taipei, TPQ",Taipei,Taiwan,"https://www.glassdoor.com/Reviews/Acer-Group-Taipei-Reviews-EI_IE3802.0,10_IL.11,17_IC3271041.htm",3.5,22%,61%,124,3.1,3.7,3.5,2.8,3.1,2.4,Acer Group Taipei reviews,2026-06-28T15:15:46.756644+00:00,seed,office-location,validated
Acer Group,"Tokyo, 40",Tokyo,Japan,"https://www.glassdoor.com/Reviews/Acer-Group-Tokyo-Reviews-EI_IE3802.0,10_IL.11,16_IC2851580.htm",1,1%,0%,2,1,1,1,1,3,1,Acer Group Tokyo reviews,2026-06-28T15:15:54.892672+00:00,seed,office-location,validated
Acer Group,"São Paulo, SP",São Paulo,Brazil,"https://www.glassdoor.com/Reviews/Acer-Group-S%C3%A3o-Paulo-Reviews-EI_IE3802.0,10_IL.11,20_IC2479061.htm",5,100%,100%,1,4.4,5,4.4,5,4.4,5,Acer Group São Paulo reviews,2026-06-28T15:16:03.989959+00:00,seed,office-location,validated
Acer Group,"Sydney, NSW",Sydney,Australia,"https://www.glassdoor.com/Reviews/Acer-Group-Sydney-Reviews-EI_IE3802.0,10_IL.11,17_IC2235932.htm",4.2,99%,61%,9,4.6,4.9,3.2,3.8,4.3,3.8,Acer Group Sydney reviews,2026-06-28T15:16:12.093904+00:00,seed,office-location,validated
Acer Group,"San Jose, CA",San Jose,United States,"https://www.glassdoor.com/Reviews/Acer-Group-San-Jose-Reviews-EI_IE3802.0,10_IL.11,19_IC1147436.htm",3,34%,100%,20,3.3,4.1,2.1,2,2.4,2,Acer Group San Jose reviews,2026-06-28T15:16:20.504101+00:00,seed,office-location,validated
Acer Group,"Reading, ENG",Reading,United Kingdom,"https://www.glassdoor.com/Reviews/Acer-Group-Reading-Reviews-EI_IE3802.0,10_IL.11,18_IC2675152.htm",5,100%,100%,1,5,4,4,3,4,4,Acer Group Reading reviews,2026-06-28T15:16:30.269706+00:00,seed,office-location,validated
Acer Group,"Zürich, ZH",Zürich,Switzerland,"https://www.glassdoor.com/Reviews/Acer-Group-Z%C3%BCrich-Reviews-EI_IE3802.0,10_IL.11,17_IC3297851.htm",5,,,0,,,,,,,Acer Group Zürich reviews,2026-06-28T15:16:39.732645+00:00,seed,office-location,validated
Acer Group,"Bengaluru, KA",Bengaluru,India,"https://www.glassdoor.com/Reviews/Acer-Group-Bengaluru-Reviews-EI_IE3802.0,10_IL.11,20_IC2940587.htm",4.9,99%,100%,30,3,3.1,4.9,4.9,4.9,3.1,Acer Group Bengaluru reviews,2026-06-28T15:16:48.454962+00:00,seed,office-location,validated
Acer Group,"Hsinchu, TXG",Hsinchu,Taiwan,"https://www.glassdoor.com/Reviews/Acer-Group-Hsinchu-Reviews-EI_IE3802.0,10_IL.11,18_IC4915323.htm",4,,,1,,,,,,,Acer Group Hsinchu reviews,2026-06-28T15:16:56.689729+00:00,seed,office-location,validated
Acer Group,"Shanghai, 23",Shanghai,China,"https://www.glassdoor.com/Reviews/Acer-Group-Shanghai-Reviews-EI_IE3802.0,10_IL.11,19_IC2416009.htm",5,100%,100%,2,3,5,3,4,4,5,Acer Group Shanghai reviews,2026-06-28T15:17:05.955061+00:00,seed,office-location,validated
Acer Group,"San Jose, MP",San Jose,Costa Rica,"https://www.glassdoor.com/Reviews/Acer-Group-San-Jose-Reviews-EI_IE3802.0,10_IL.11,19_IC1147436.htm",3,34%,100%,20,3.3,4.1,2.1,2,2.4,2,Acer Group San Jose reviews,2026-06-28T15:17:06.050516+00:00,seed,office-location,validated
Acer Group,"Houston, TX",Houston,United States,"https://www.glassdoor.com/Reviews/Acer-Group-Houston-Reviews-EI_IE3802.0,10_IL.11,18_IC1140171.htm",3,,,1,,,,,,,Acer Group Houston reviews,2026-06-28T15:17:15.120491+00:00,seed,office-location,validated
Acer Group,"Sunnyvale, CA",Sunnyvale,United States,"https://www.glassdoor.com/Reviews/Acer-Group-Sunnyvale-Reviews-EI_IE3802.0,10_IL.11,20_IC1147442.htm",2,0%,,1,,4,3,1,1,1,Acer Group Sunnyvale reviews,2026-06-28T15:17:30.288579+00:00,seed,office-location,validated
Acer Group,"Paris, A8",Paris,France,"https://www.glassdoor.com/Reviews/Acer-Group-Paris-Reviews-EI_IE3802.0,10_IL.11,16_IC2881970.htm",3,100%,100%,1,4,2,2,3,2,2,Acer Group Paris reviews,2026-06-28T15:17:40.101761+00:00,seed,office-location,validated
Acer Group,"London, ENG",London,United Kingdom,"https://www.glassdoor.com/Reviews/Acer-Group-London-Reviews-EI_IE3802.0,10_IL.11,17_IC2671300.htm",4.7,100%,,7,5,5,5,5,5,5,Acer Group London reviews,2026-06-28T15:17:48.486662+00:00,seed,office-location,validated
Acer Group,"Chicago, IL",Chicago,United States,"https://www.glassdoor.com/Reviews/Acer-Group-Chicago-Reviews-EI_IE3802.0,10_IL.11,18_IC1128808.htm",5,100%,100%,1,5,5,5,5,5,5,Acer Group Chicago reviews,2026-06-28T15:17:57.217597+00:00,seed,office-location,validated
Acer Group,"Beijing, 22",Beijing,China,"https://www.glassdoor.com/Reviews/Acer-Group-Beijing-Reviews-EI_IE3802.0,10_IL.11,18_IC2398510.htm",3,,100%,1,,3,3,3,3,3,Acer Group Beijing reviews,2026-06-28T15:18:05.608851+00:00,seed,office-location,validated
Acer Group,Hong Kong,Hong Kong,Hong Kong,"https://www.glassdoor.com/Reviews/Acer-Group-Hong-Kong-Reviews-EI_IE3802.0,10_IL.11,20_IC2308631.htm",1,0%,,1,1,1,1,1,1,1,Acer Group Hong Kong reviews,2026-06-28T15:18:13.745843+00:00,seed,office-location,validated
Acer Group,Global,Global,Global,https://www.glassdoor.com/Reviews/Acer-Group-Reviews-E3802.htm,3.8,63%,73%,510,3.6,3.8,3.6,3.6,3.5,3.1,Acer Group reviews,2026-06-28T15:18:21.349268+00:00,seed,manual-seed,validated
Acer Group,Taipei,Taipei,Taiwan,"https://www.glassdoor.com/Reviews/Acer-Group-Taipei-Reviews-EI_IE3802.0,10_IL.11,17_IC3271041.htm",3.5,22%,61%,124,3.1,3.7,3.5,2.8,3.1,2.4,Acer Group Taipei reviews,2026-06-28T15:18:21.466428+00:00,seed,manual-seed,validated
Acer Group,Hsinchu,Hsinchu,Taiwan,"https://www.glassdoor.com/Reviews/Acer-Group-Hsinchu-Reviews-EI_IE3802.0,10_IL.11,18_IC4915323.htm",4,,,1,,,,,,,Acer Group Hsinchu reviews,2026-06-28T15:18:21.680157+00:00,seed,manual-seed,validated
Acer Group,Shanghai,Shanghai,China,"https://www.glassdoor.com/Reviews/Acer-Group-Shanghai-Reviews-EI_IE3802.0,10_IL.11,19_IC2416009.htm",5,100%,100%,2,3,5,3,4,4,5,Acer Group Shanghai reviews,2026-06-28T15:18:21.796998+00:00,seed,manual-seed,validated
Acer Group,Tokyo,Tokyo,Japan,"https://www.glassdoor.com/Reviews/Acer-Group-Tokyo-Reviews-EI_IE3802.0,10_IL.11,16_IC2851580.htm",1,1%,0%,2,1,1,1,1,3,1,Acer Group Tokyo reviews,2026-06-28T15:18:21.892220+00:00,seed,manual-seed,validated
Acer Group,London,London,United Kingdom,"https://www.glassdoor.com/Reviews/Acer-Group-London-Reviews-EI_IE3802.0,10_IL.11,17_IC2671300.htm",4.7,100%,,7,5,5,5,5,5,5,Acer Group London reviews,2026-06-28T15:18:22.031481+00:00,seed,manual-seed,validated
Lenovo,"Ciudad de Mexico, MEX",Ciudad de Mexico,Mexico,"https://www.glassdoor.com/Reviews/Lenovo-Ciudad-de-Mexico-Reviews-EI_IE8034.0,6_IL.7,23_IC5017436.htm",4.2,97%,99%,7,4.1,4.2,3.6,3.9,3.5,4.2,Lenovo Ciudad de Mexico reviews,2026-06-28T15:18:31.626527+00:00,seed,office-location,validated
Lenovo,"Markham, ON",Markham,Canada,"https://www.glassdoor.com/Reviews/Lenovo-Markham-Reviews-EI_IE8034.0,6_IL.7,14_IC2280736.htm",3.7,98%,10%,16,3,4.8,3.9,3.9,3,2.2,Lenovo Markham reviews,2026-06-28T15:18:40.426995+00:00,seed,office-location,validated
Lenovo,"Barcelona, CT",Barcelona,Spain,"https://www.glassdoor.com/Reviews/Lenovo-Barcelona-Reviews-EI_IE8034.0,6_IL.7,16_IC2547194.htm",4.8,97%,97%,10,4.9,4.1,4.9,4.9,4.8,4,Lenovo Barcelona reviews,2026-06-28T15:18:50.376358+00:00,seed,office-location,validated
Lenovo,"Budapest, BU",Budapest,Hungary,"https://www.glassdoor.com/Reviews/Lenovo-Budapest-Reviews-EI_IE8034.0,6_IL.7,15_IC3125126.htm",2.7,3%,4%,10,3,2.4,2.6,3.1,2.2,2.1,Lenovo Budapest reviews,2026-06-28T15:18:59.209979+00:00,seed,office-location,validated
Lenovo,"Milan, LOM",Milan,Italy,"https://www.glassdoor.com/Reviews/Lenovo-Milan-Reviews-EI_IE8034.0,6_IL.7,12_IC2802090.htm",4.1,17%,16%,1,4.1,3.3,5,4.1,4.1,4.1,Lenovo Milan reviews,2026-06-28T15:19:09.913935+00:00,seed,office-location,validated
Lenovo,"Warsaw, MZ",Warsaw,Poland,"https://www.glassdoor.com/Reviews/Lenovo-Warsaw-Reviews-EI_IE8034.0,6_IL.7,13_IC3094484.htm",5,100%,100%,2,5,5,5,5,5,5,Lenovo Warsaw reviews,2026-06-28T15:19:18.364746+00:00,seed,office-location,validated
Lenovo,"Bangkok, 10",Bangkok,Thailand,"https://www.glassdoor.com/Reviews/Lenovo-Bangkok-Reviews-EI_IE8034.0,6_IL.7,14_IC3179725.htm",5,100%,100%,1,,5,4,5,4,4,Lenovo Bangkok reviews,2026-06-28T15:19:25.249565+00:00,seed,office-location,validated
Lenovo,"Dubai, DU",Dubai,United Arab Emirates,"https://www.glassdoor.com/Reviews/Lenovo-Dubai-Reviews-EI_IE8034.0,6_IL.7,12_IC2204498.htm",4.2,80%,99%,19,4.2,4.4,4.2,4.2,4.2,4.2,Lenovo Dubai reviews,2026-06-28T15:19:34.027083+00:00,seed,office-location,validated
Lenovo,"Jakarta, JK",Jakarta,Indonesia,"https://www.glassdoor.com/Reviews/Lenovo-Jakarta-Reviews-EI_IE8034.0,6_IL.7,14_IC2709872.htm",3.9,85%,100%,2,,3.9,3.9,3.7,3.1,2.7,Lenovo Jakarta reviews,2026-06-28T15:19:41.129005+00:00,seed,office-location,validated
Lenovo,"Kuala Lumpur, 14",Kuala Lumpur,Malaysia,"https://www.glassdoor.com/Reviews/Lenovo-Kuala-Lumpur-Reviews-EI_IE8034.0,6_IL.7,19_IC2986682.htm",2.5,26%,76%,42,2.2,2.6,2.3,2,2.1,1.9,Lenovo Kuala Lumpur reviews,2026-06-28T15:19:50.229308+00:00,seed,office-location,validated
Lenovo,"Manila, D9",Manila,Philippines,"https://www.glassdoor.com/Reviews/Lenovo-Manila-Reviews-EI_IE8034.0,6_IL.7,13_IC2363570.htm",3.1,0%,,2,,,,,,,Lenovo Manila reviews,2026-06-28T15:19:59.467324+00:00,seed,office-location,validated
Lenovo,"Mumbai, MH",Mumbai,India,"https://www.glassdoor.com/Reviews/Lenovo-Mumbai-Reviews-EI_IE8034.0,6_IL.7,13_IC2851180.htm",3.1,4%,100%,15,3.1,3,4,3.1,4,2.1,Lenovo Mumbai reviews,2026-06-28T15:20:08.116429+00:00,seed,office-location,validated
Lenovo,"Seoul, 11",Seoul,South Korea,"https://www.glassdoor.com/Reviews/Lenovo-Seoul-Reviews-EI_IE8034.0,6_IL.7,12_IC3021489.htm",4.4,98%,99%,9,4,3.5,3.6,3.6,4,3.6,Lenovo Seoul reviews,2026-06-28T15:20:16.685286+00:00,seed,office-location,validated
Lenovo,Singapore,Singapore,Singapore,"https://www.glassdoor.com/Reviews/Lenovo-Singapore-Reviews-EI_IE8034.0,6_IL.7,16_IC3235921.htm",3.3,83%,87%,50,2.9,3.4,3.6,3.4,3.5,3,Lenovo Singapore reviews,2026-06-28T15:20:25.085878+00:00,seed,office-location,validated
Lenovo,"Taipei, TPQ",Taipei,Taiwan,"https://www.glassdoor.com/Reviews/Lenovo-Taipei-Reviews-EI_IE8034.0,6_IL.7,13_IC3271041.htm",3.9,63%,92%,56,4.1,4.1,3.9,3.7,3.7,3.6,Lenovo Taipei reviews,2026-06-28T15:20:33.976368+00:00,seed,office-location,validated
Lenovo,"Tokyo, 40",Tokyo,Japan,"https://www.glassdoor.com/Reviews/Lenovo-Tokyo-Reviews-EI_IE8034.0,6_IL.7,12_IC2851580.htm",3.2,33%,76%,18,4.5,3.4,3.1,4.4,3.4,2.9,Lenovo Tokyo reviews,2026-06-28T15:20:43.413740+00:00,seed,office-location,validated
Lenovo,"Santiago, RM",Santiago,Chile,"https://www.glassdoor.com/Reviews/Lenovo-Santiago-Reviews-EI_IE8034.0,6_IL.7,15_IC2434030.htm",4,100%,,1,5,5,3,4,3,4,Lenovo Santiago reviews,2026-06-28T15:20:52.454733+00:00,seed,office-location,validated
Lenovo,"São Paulo, SP",São Paulo,Brazil,"https://www.glassdoor.com/Reviews/Lenovo-S%C3%A3o-Paulo-Reviews-EI_IE8034.0,6_IL.7,16_IC2479061.htm",4.2,88%,95%,18,4.7,4,4,4.3,3.6,3.6,Lenovo São Paulo reviews,2026-06-28T15:21:00.504467+00:00,seed,office-location,validated
Lenovo,"Sydney, NSW",Sydney,Australia,"https://www.glassdoor.com/Reviews/Lenovo-Sydney-Reviews-EI_IE8034.0,6_IL.7,13_IC2235932.htm",2.9,53%,59%,42,2.9,2.3,2.8,2.5,2.5,2.6,Lenovo Sydney reviews,2026-06-28T15:21:14.033474+00:00,seed,office-location,validated
Lenovo,"Austin, TX",Austin,United States,"https://www.glassdoor.com/Reviews/Lenovo-Austin-Reviews-EI_IE8034.0,6_IL.7,13_IC1139761.htm",4,100%,36%,6,4.4,4.3,3.9,4.1,3.7,3.1,Lenovo Austin reviews,2026-06-28T15:21:22.985209+00:00,seed,office-location,validated
Lenovo,"Bellevue, WA",Bellevue,United States,"https://www.glassdoor.com/Reviews/Lenovo-Bellevue-Reviews-EI_IE8034.0,6_IL.7,15_IC1150442.htm",5,100%,100%,1,5,5,5,5,5,5,Lenovo Bellevue reviews,2026-06-28T15:21:31.584387+00:00,seed,office-location,validated
Lenovo,"Durham, NC",Durham,United States,"https://www.glassdoor.com/Reviews/Lenovo-Durham-Reviews-EI_IE8034.0,6_IL.7,13_IC1138697.htm",4,93%,97%,14,4,3.9,4.9,3.9,3,3,Lenovo Durham reviews,2026-06-28T15:21:40.809456+00:00,seed,office-location,validated
Lenovo,"Redmond, WA",Redmond,United States,"https://www.glassdoor.com/Reviews/Lenovo-Redmond-Reviews-EI_IE8034.0,6_IL.7,14_IC1150499.htm",4,100%,84%,2,,5,4,4.8,4,3.8,Lenovo Redmond reviews,2026-06-28T15:21:49.912301+00:00,seed,office-location,validated
Lenovo,"Saint Louis, MO",Saint Louis,United States,"https://www.glassdoor.com/Reviews/Lenovo-Saint-Louis-Reviews-EI_IE8034.0,6_IL.7,18_IC1131270.htm",5,100%,,1,,5,5,5,5,5,Lenovo Saint Louis reviews,2026-06-28T15:21:58.053666+00:00,seed,office-location,validated
Lenovo,"San Francisco, CA",San Francisco,United States,"https://www.glassdoor.com/Reviews/Lenovo-San-Francisco-Reviews-EI_IE8034.0,6_IL.7,20_IC1147401.htm",5,50%,100%,4,,3.5,3.5,2.5,3.5,2.5,Lenovo San Francisco reviews,2026-06-28T15:22:05.862065+00:00,seed,office-location,validated
Lenovo,"San Jose, CA",San Jose,United States,"https://www.glassdoor.com/Reviews/Lenovo-San-Jose-Reviews-EI_IE8034.0,6_IL.7,15_IC1147436.htm",4.3,99%,85%,13,4.4,4.4,4.7,4.3,3.6,4.2,Lenovo San Jose reviews,2026-06-28T15:22:14.438310+00:00,seed,office-location,validated
Lenovo,"Santa Clara, CA",Santa Clara,United States,"https://www.glassdoor.com/Reviews/Lenovo-Santa-Clara-Reviews-EI_IE8034.0,6_IL.7,18_IC1147439.htm",4.5,87%,95%,12,4.7,4.5,4.5,4.4,4.3,4.3,Lenovo Santa Clara reviews,2026-06-28T15:22:22.839269+00:00,seed,office-location,validated
Lenovo,"Toronto, ON",Toronto,Canada,"https://www.glassdoor.com/Reviews/Lenovo-Toronto-Reviews-EI_IE8034.0,6_IL.7,14_IC2281069.htm",4,99%,98%,32,4.9,3,3.9,4.1,3.9,4,Lenovo Toronto reviews,2026-06-28T15:22:33.058414+00:00,seed,office-location,validated
Lenovo,"Moscow, 48",Moscow,Russia,"https://www.glassdoor.com/Reviews/Lenovo-Moscow-Reviews-EI_IE8034.0,6_IL.7,13_IC3348306.htm",4.8,78%,100%,4,5,4.8,4,4.8,4,4.6,Lenovo Moscow reviews,2026-06-28T15:22:41.723050+00:00,seed,office-location,validated
Lenovo,"Munich, BY",Munich,Germany,"https://www.glassdoor.com/Reviews/Lenovo-Munich-Reviews-EI_IE8034.0,6_IL.7,13_IC4990924.htm",1.1,100%,,2,3,3.2,4.8,4,3.8,3.2,Lenovo Munich reviews,2026-06-28T15:22:50.849603+00:00,seed,office-location,validated
Lenovo,"Reading, ENG",Reading,United Kingdom,"https://www.glassdoor.com/Reviews/Lenovo-Reading-Reviews-EI_IE8034.0,6_IL.7,14_IC2675152.htm",4.4,100%,100%,2,5,5,3,5,5,4,Lenovo Reading reviews,2026-06-28T15:23:00.477215+00:00,seed,office-location,validated
Lenovo,"Zürich, ZH",Zürich,Switzerland,"https://www.glassdoor.com/Reviews/Lenovo-Z%C3%BCrich-Reviews-EI_IE8034.0,6_IL.7,13_IC3297851.htm",3.3,47%,100%,4,4.4,3.3,3,3.5,3,2.3,Lenovo Zürich reviews,2026-06-28T15:23:12.575065+00:00,seed,office-location,validated
Lenovo,"Bengaluru, KA",Bengaluru,India,"https://www.glassdoor.com/Reviews/Lenovo-Bengaluru-Reviews-EI_IE8034.0,6_IL.7,16_IC2940587.htm",3.9,67%,96%,194,3.7,3.5,3.9,3.6,3.3,3.1,Lenovo Bengaluru reviews,2026-06-28T15:23:22.088052+00:00,seed,office-location,validated
Lenovo,"Pune, MH",Pune,India,"https://www.glassdoor.com/Reviews/Lenovo-Pune-Reviews-EI_IE8034.0,6_IL.7,11_IC2856202.htm",2,0%,,1,,1,4,1,1,1,Lenovo Pune reviews,2026-06-28T15:23:29.649651+00:00,seed,office-location,validated
Lenovo,"Shanghai, 23",Shanghai,China,"https://www.glassdoor.com/Reviews/Lenovo-Shanghai-Reviews-EI_IE8034.0,6_IL.7,15_IC2416009.htm",4.4,99%,99%,22,4.1,3.9,4.1,4,3.7,4,Lenovo Shanghai reviews,2026-06-28T15:23:38.000573+00:00,seed,office-location,validated
Lenovo,"San Jose, MP",San Jose,Costa Rica,"https://www.glassdoor.com/Reviews/Lenovo-San-Jose-Reviews-EI_IE8034.0,6_IL.7,15_IC1147436.htm",4.3,99%,85%,13,4.4,4.4,4.7,4.3,3.6,4.2,Lenovo San Jose reviews,2026-06-28T15:23:38.093350+00:00,seed,office-location,validated
Lenovo,"Guadalajara, JAL",Guadalajara,Mexico,"https://www.glassdoor.com/Reviews/Lenovo-Guadalajara-Reviews-EI_IE8034.0,6_IL.7,18_IC3486357.htm",4,100%,100%,3,5,4,3,4,3,3,Lenovo Guadalajara reviews,2026-06-28T15:23:45.982369+00:00,seed,office-location,validated
Lenovo,"Houston, TX",Houston,United States,"https://www.glassdoor.com/Reviews/Lenovo-Houston-Reviews-EI_IE8034.0,6_IL.7,14_IC1140171.htm",5,100%,100%,2,5,5,5,5,5,5,Lenovo Houston reviews,2026-06-28T15:23:53.766491+00:00,seed,office-location,validated
Lenovo,"Portland, OR",Portland,United States,"https://www.glassdoor.com/Reviews/Lenovo-Portland-Reviews-EI_IE8034.0,6_IL.7,15_IC1151614.htm",5,,,1,,5,,,,,Lenovo Portland reviews,2026-06-28T15:24:02.728816+00:00,seed,office-location,validated
Lenovo,"Zapopan, JAL",Zapopan,Mexico,"https://www.glassdoor.com/Reviews/Lenovo-Zapopan-Reviews-EI_IE8034.0,6_IL.7,14_IC3487018.htm",5,100%,,1,,5,5,5,4,5,Lenovo Zapopan reviews,2026-06-28T15:24:12.107899+00:00,seed,office-location,validated
Lenovo,"Bucharest, B",Bucharest,Romania,"https://www.glassdoor.com/Reviews/Lenovo-Bucharest-Reviews-EI_IE8034.0,6_IL.7,16_IC3184907.htm",3.7,70%,98%,31,3.7,3.8,3.7,3.5,3.2,3.1,Lenovo Bucharest reviews,2026-06-28T15:24:19.747887+00:00,seed,office-location,validated
Lenovo,"Paris, A8",Paris,France,"https://www.glassdoor.com/Reviews/Lenovo-Paris-Reviews-EI_IE8034.0,6_IL.7,12_IC2881970.htm",3.3,0%,36%,6,3,3.2,3,2.5,2.2,2.1,Lenovo Paris reviews,2026-06-28T15:24:27.495556+00:00,seed,office-location,validated
Lenovo,"Jersey City, NJ",Jersey City,United States,"https://www.glassdoor.com/Reviews/Lenovo-Jersey-City-Reviews-EI_IE8034.0,6_IL.7,18_IC1126819.htm",1,0%,0%,1,1,1,5,1,1,1,Lenovo Jersey City reviews,2026-06-28T15:24:36.061029+00:00,seed,office-location,validated
Lenovo,"London, ENG",London,United Kingdom,"https://www.glassdoor.com/Reviews/Lenovo-London-Reviews-EI_IE8034.0,6_IL.7,13_IC2671300.htm",4.2,44%,97%,22,4.2,3.5,3.2,3.6,3.3,3.1,Lenovo London reviews,2026-06-28T15:24:44.436242+00:00,seed,office-location,validated
Lenovo,"Boston, MA",Boston,United States,"https://www.glassdoor.com/Reviews/Lenovo-Boston-Reviews-EI_IE8034.0,6_IL.7,13_IC1154532.htm",4,0%,100%,3,4,2,4,4,4,2,Lenovo Boston reviews,2026-06-28T15:24:57.340307+00:00,seed,office-location,validated
Lenovo,"Canada, KY",Canada,United States,"https://www.glassdoor.com/Reviews/Lenovo-Canada-Reviews-EI_IE8034.0,6_IL.7,13_IC1137126.htm",3,0%,100%,1,4,4,3,3,3,3,Lenovo Canada reviews,2026-06-28T15:25:05.484506+00:00,seed,office-location,validated
Lenovo,"Round Rock, TX",Round Rock,United States,"https://www.glassdoor.com/Reviews/Lenovo-Round-Rock-Reviews-EI_IE8034.0,6_IL.7,17_IC1139794.htm",3,100%,,1,,2,4,3,4,3,Lenovo Round Rock reviews,2026-06-28T15:25:14.486033+00:00,seed,office-location,validated
Lenovo,"Chicago, IL",Chicago,United States,"https://www.glassdoor.com/Reviews/Lenovo-Chicago-Reviews-EI_IE8034.0,6_IL.7,14_IC1128808.htm",2,11%,74%,45,2.2,1.3,2.7,1.7,2.3,1.3,Lenovo Chicago reviews,2026-06-28T15:25:23.264734+00:00,seed,office-location,validated
Lenovo,"Morrisville, NC",Morrisville,United States,"https://www.glassdoor.com/Reviews/Lenovo-Morrisville-Reviews-EI_IE8034.0,6_IL.7,18_IC1138956.htm",3.8,71%,82%,481,3.8,3.4,3.7,3.6,3.4,3,Lenovo Morrisville reviews,2026-06-28T15:25:31.847821+00:00,seed,office-location,validated
Lenovo,"Bratislava, 02",Bratislava,Slovakia,"https://www.glassdoor.com/Reviews/Lenovo-Bratislava-Reviews-EI_IE8034.0,6_IL.7,17_IC2907054.htm",3.7,97%,96%,52,4.6,3.8,4,4.3,3.4,3.5,Lenovo Bratislava reviews,2026-06-28T15:25:40.105190+00:00,seed,office-location,validated
Lenovo,"Stuttgart, BW",Stuttgart,Germany,"https://www.glassdoor.com/Reviews/Lenovo-Stuttgart-Reviews-EI_IE8034.0,6_IL.7,16_IC2507190.htm",5,99%,100%,1,4.6,3.5,4,4.6,3.4,3.1,Lenovo Stuttgart reviews,2026-06-28T15:25:49.568722+00:00,seed,office-location,validated
Lenovo,"Beijing, 22",Beijing,China,"https://www.glassdoor.com/Reviews/Lenovo-Beijing-Reviews-EI_IE8034.0,6_IL.7,14_IC2398510.htm",4.3,87%,98%,185,4.1,4.4,3.9,4,4.2,3.7,Lenovo Beijing reviews,2026-06-28T15:25:57.375446+00:00,seed,office-location,validated
Lenovo,"Changping, 22",Changping,China,"https://www.glassdoor.com/Reviews/Lenovo-Changping-Reviews-EI_IE8034.0,6_IL.7,16_IC2405661.htm",3.4,100%,100%,3,,2.9,3.2,5,4.4,3.2,Lenovo Changping reviews,2026-06-28T15:26:05.580449+00:00,seed,office-location,validated
Lenovo,"Haidian, 22",Haidian,China,"https://www.glassdoor.com/Reviews/Lenovo-Haidian-Reviews-EI_IE8034.0,6_IL.7,14_IC2405685.htm",4,,,1,,3,4,3,5,4,Lenovo Haidian reviews,2026-06-28T15:26:14.954243+00:00,seed,office-location,validated
Lenovo,Hong Kong,Hong Kong,Hong Kong,"https://www.glassdoor.com/Reviews/Lenovo-Hong-Kong-Reviews-EI_IE8034.0,6_IL.7,16_IC2308631.htm",2.6,21%,39%,45,2.8,2.2,4.2,2.7,3,2.5,Lenovo Hong Kong reviews,2026-06-28T15:26:24.120242+00:00,seed,office-location,validated
Lenovo,"Shenzhenzhen, 02",Shenzhenzhen,China,"https://www.glassdoor.com/Reviews/Lenovo-Shenzhenzhen-Reviews-EI_IE8034.0,6_IL.7,19_IC2441398.htm",5,100%,100%,1,,4.5,4,,4.5,4,Lenovo Shenzhenzhen reviews,2026-06-28T15:26:32.306463+00:00,seed,office-location,validated
Lenovo,"Xiamen, 07",Xiamen,China,"https://www.glassdoor.com/Reviews/Lenovo-Xiamen-Reviews-EI_IE8034.0,6_IL.7,13_IC2564138.htm",5,100%,100%,2,5,5,5,5,5,5,Lenovo Xiamen reviews,2026-06-28T15:26:41.872188+00:00,seed,office-location,validated
Lenovo,"Buenos Aires, C",Buenos Aires,Argentina,"https://www.glassdoor.com/Reviews/Lenovo-Buenos-Aires-Reviews-EI_IE8034.0,6_IL.7,19_IC2242084.htm",3.9,83%,91%,17,4.4,3.9,3.7,4.1,3.6,3.5,Lenovo Buenos Aires reviews,2026-06-28T15:26:49.872565+00:00,seed,office-location,validated
Lenovo,"Campinas, SP",Campinas,Brazil,"https://www.glassdoor.com/Reviews/Lenovo-Campinas-Reviews-EI_IE8034.0,6_IL.7,15_IC2490130.htm",2.1,36%,100%,2,1.5,1.9,2.3,2.1,1.9,1.9,Lenovo Campinas reviews,2026-06-28T15:26:58.787974+00:00,seed,office-location,validated
Lenovo,"Indaiatuba, SP",Indaiatuba,Brazil,"https://www.glassdoor.com/Reviews/Lenovo-Indaiatuba-Reviews-EI_IE8034.0,6_IL.7,17_IC2480058.htm",3.9,73%,100%,3,4.4,3.5,3.5,3.5,3.1,3.4,Lenovo Indaiatuba reviews,2026-06-28T15:27:07.518530+00:00,seed,office-location,validated
Lenovo,"Itu, SP",Itu,Brazil,"https://www.glassdoor.com/Reviews/Lenovo-Itu-Reviews-EI_IE8034.0,6_IL.7,10_IC2490672.htm",5,99%,100%,1,4,4,5,4,4,3,Lenovo Itu reviews,2026-06-28T15:27:16.637523+00:00,seed,office-location,validated
Lenovo,"Martínez, B",Martínez,Argentina,"https://www.glassdoor.com/Reviews/Lenovo-Mart%C3%ADnez-Reviews-EI_IE8034.0,6_IL.7,15_IC2207815.htm",4.2,84%,100%,3,3.5,4.2,3.9,4.2,3.5,3.5,Lenovo Martínez reviews,2026-06-28T15:27:24.989816+00:00,seed,office-location,validated
Lenovo,Global,Global,Global,https://www.glassdoor.com/Reviews/Lenovo-Reviews-E8034.htm,3.9,77%,87%,3549,4.1,3.7,3.8,3.8,3.5,3.4,Lenovo reviews,2026-06-28T15:27:33.320699+00:00,seed,manual-seed,validated
Lenovo,Taipei,Taipei,Taiwan,"https://www.glassdoor.com/Reviews/Lenovo-Taipei-Reviews-EI_IE8034.0,6_IL.7,13_IC3271041.htm",3.9,63%,92%,56,4.1,4.1,3.9,3.7,3.7,3.6,Lenovo Taipei reviews,2026-06-28T15:27:33.418543+00:00,seed,manual-seed,validated
Lenovo,Shanghai,Shanghai,China,"https://www.glassdoor.com/Reviews/Lenovo-Shanghai-Reviews-EI_IE8034.0,6_IL.7,15_IC2416009.htm",4.4,99%,99%,22,4.1,3.9,4.1,4,3.7,4,Lenovo Shanghai reviews,2026-06-28T15:27:33.512697+00:00,seed,manual-seed,validated
Lenovo,Shenzhen,Shenzhenzhen,China,"https://www.glassdoor.com/Reviews/Lenovo-Shenzhenzhen-Reviews-EI_IE8034.0,6_IL.7,19_IC2441398.htm",5,100%,100%,1,,4.5,4,,4.5,4,Lenovo Shenzhenzhen reviews,2026-06-28T15:27:33.624876+00:00,seed,manual-seed,validated
Lenovo,Tokyo,Tokyo,Japan,"https://www.glassdoor.com/Reviews/Lenovo-Tokyo-Reviews-EI_IE8034.0,6_IL.7,12_IC2851580.htm",3.2,33%,76%,18,4.5,3.4,3.1,4.4,3.4,2.9,Lenovo Tokyo reviews,2026-06-28T15:27:33.720165+00:00,seed,manual-seed,validated
Lenovo,Seoul,Seoul,South Korea,"https://www.glassdoor.com/Reviews/Lenovo-Seoul-Reviews-EI_IE8034.0,6_IL.7,12_IC3021489.htm",4.4,98%,99%,9,4,3.5,3.6,3.6,4,3.6,Lenovo Seoul reviews,2026-06-28T15:27:33.811051+00:00,seed,manual-seed,validated
Lenovo,Austin,Austin,United States,"https://www.glassdoor.com/Reviews/Lenovo-Austin-Reviews-EI_IE8034.0,6_IL.7,13_IC1139761.htm",4,100%,36%,6,4.4,4.3,3.9,4.1,3.7,3.1,Lenovo Austin reviews,2026-06-28T15:27:33.907899+00:00,seed,manual-seed,validated
Lenovo,London,London,United Kingdom,"https://www.glassdoor.com/Reviews/Lenovo-London-Reviews-EI_IE8034.0,6_IL.7,13_IC2671300.htm",4.2,44%,97%,22,4.2,3.5,3.2,3.6,3.3,3.1,Lenovo London reviews,2026-06-28T15:27:34.023400+00:00,seed,manual-seed,validated
Lenovo,Munich,Munich,Germany,"https://www.glassdoor.com/Reviews/Lenovo-Munich-Reviews-EI_IE8034.0,6_IL.7,13_IC4990924.htm",1.1,100%,,2,3,3.2,4.8,4,3.8,3.2,Lenovo Munich reviews,2026-06-28T15:27:34.128071+00:00,seed,manual-seed,validated
Google,"Ciudad de Mexico, MEX",Ciudad de Mexico,Mexico,"https://www.glassdoor.com/Reviews/Google-Ciudad-de-Mexico-Reviews-EI_IE9079.0,6_IL.7,23_IC5017436.htm",4.5,94%,98%,42,4.4,4,4.4,4.3,3.9,3.9,Google Ciudad de Mexico reviews,2026-06-28T15:27:41.884919+00:00,seed,office-location,validated
Google,"Fremont, CA",Fremont,United States,"https://www.glassdoor.com/Reviews/Google-Fremont-Reviews-EI_IE9079.0,6_IL.7,14_IC1147355.htm",4,99%,99%,8,4,4,4,3,4,4,Google Fremont reviews,2026-06-28T15:27:50.207241+00:00,seed,office-location,validated
Google,"Barcelona, CT",Barcelona,Spain,"https://www.glassdoor.com/Reviews/Google-Barcelona-Reviews-EI_IE9079.0,6_IL.7,16_IC2547194.htm",4,97%,97%,20,4.7,4.4,4.6,4.6,4.6,4.3,Google Barcelona reviews,2026-06-28T15:27:59.227765+00:00,seed,office-location,validated
Google,"Budapest, BU",Budapest,Hungary,"https://www.glassdoor.com/Reviews/Google-Budapest-Reviews-EI_IE9079.0,6_IL.7,15_IC3125126.htm",4.6,100%,3%,15,2.6,4.1,3.6,2.9,2.5,2.1,Google Budapest reviews,2026-06-28T15:28:06.618355+00:00,seed,office-location,validated
Google,"Milan, LOM",Milan,Italy,"https://www.glassdoor.com/Reviews/Google-Milan-Reviews-EI_IE9079.0,6_IL.7,12_IC2802090.htm",4.6,98%,93%,23,4.8,4.8,5,4.5,4.6,4.6,Google Milan reviews,2026-06-28T15:28:14.983714+00:00,seed,office-location,validated
Google,"Warsaw, MZ",Warsaw,Poland,"https://www.glassdoor.com/Reviews/Google-Warsaw-Reviews-EI_IE9079.0,6_IL.7,13_IC3094484.htm",4.3,75%,73%,167,4.5,4.2,4.4,3.9,4.1,3.6,Google Warsaw reviews,2026-06-28T15:28:28.514463+00:00,seed,office-location,validated
Google,"Bangkok, 10",Bangkok,Thailand,"https://www.glassdoor.com/Reviews/Google-Bangkok-Reviews-EI_IE9079.0,6_IL.7,14_IC3179725.htm",3.8,100%,100%,24,4.7,4.5,4.8,4.6,2.6,2.7,Google Bangkok reviews,2026-06-28T15:28:45.143993+00:00,seed,office-location,validated
Google,"Dubai, DU",Dubai,United Arab Emirates,"https://www.glassdoor.com/Reviews/Google-Dubai-Reviews-EI_IE9079.0,6_IL.7,12_IC2204498.htm",4.8,94%,96%,85,4.4,4.7,4.5,4.5,4.7,4.4,Google Dubai reviews,2026-06-28T15:28:54.408528+00:00,seed,office-location,validated
Google,"Jakarta, JK",Jakarta,Indonesia,"https://www.glassdoor.com/Reviews/Google-Jakarta-Reviews-EI_IE9079.0,6_IL.7,14_IC2709872.htm",4.2,73%,100%,43,4.2,4.2,4.2,4.1,3.8,3.7,Google Jakarta reviews,2026-06-28T15:29:01.610351+00:00,seed,office-location,validated
Google,"Kuala Lumpur, 14",Kuala Lumpur,Malaysia,"https://www.glassdoor.com/Reviews/Google-Kuala-Lumpur-Reviews-EI_IE9079.0,6_IL.7,19_IC2986682.htm",4.5,99%,99%,53,4.2,4,4.2,4,4.2,4.2,Google Kuala Lumpur reviews,2026-06-28T15:29:10.492134+00:00,seed,office-location,validated
Google,"Manila, D9",Manila,Philippines,"https://www.glassdoor.com/Reviews/Google-Manila-Reviews-EI_IE9079.0,6_IL.7,13_IC2363570.htm",4.5,99%,100%,52,4.5,3.9,4.4,4.5,4.3,4.1,Google Manila reviews,2026-06-28T15:29:18.302828+00:00,seed,office-location,validated
Google,"Mumbai, MH",Mumbai,India,"https://www.glassdoor.com/Reviews/Google-Mumbai-Reviews-EI_IE9079.0,6_IL.7,13_IC2851180.htm",4.5,91%,97%,328,4.5,4.3,4.5,4.5,4.5,4.4,Google Mumbai reviews,2026-06-28T15:29:26.282312+00:00,seed,office-location,validated
Google,"Seoul, 11",Seoul,South Korea,"https://www.glassdoor.com/Reviews/Google-Seoul-Reviews-EI_IE9079.0,6_IL.7,12_IC3021489.htm",4.3,96%,96%,65,4.6,4.4,4.7,4.4,4,3.4,Google Seoul reviews,2026-06-28T15:29:33.976037+00:00,seed,office-location,validated
Google,Singapore,Singapore,Singapore,"https://www.glassdoor.com/Reviews/Google-Singapore-Reviews-EI_IE9079.0,6_IL.7,16_IC3235921.htm",4.5,92%,84%,669,4.4,4.3,4.6,4.2,4,3.8,Google Singapore reviews,2026-06-28T15:29:41.399600+00:00,seed,office-location,validated
Google,"Taipei, TPQ",Taipei,Taiwan,"https://www.glassdoor.com/Reviews/Google-Taipei-Reviews-EI_IE9079.0,6_IL.7,13_IC3271041.htm",4.4,94%,82%,148,4.6,4.3,4.6,4.3,4.1,3.9,Google Taipei reviews,2026-06-28T15:29:41.504378+00:00,seed,office-location,validated
Google,"Tokyo, 40",Tokyo,Japan,"https://www.glassdoor.com/Reviews/Google-Tokyo-Reviews-EI_IE9079.0,6_IL.7,12_IC2851580.htm",4.4,75%,83%,154,4.2,4.3,4.8,4.2,3.9,3.7,Google Tokyo reviews,2026-06-28T15:29:50.535971+00:00,seed,office-location,validated
Google,"Santiago, RM",Santiago,Chile,"https://www.glassdoor.com/Reviews/Google-Santiago-Reviews-EI_IE9079.0,6_IL.7,15_IC2434030.htm",4.8,96%,98%,10,4.9,4.8,5,4.9,4.6,4.8,Google Santiago reviews,2026-06-28T15:29:58.673963+00:00,seed,office-location,validated
Google,"São Paulo, SP",São Paulo,Brazil,"https://www.glassdoor.com/Reviews/Google-S%C3%A3o-Paulo-Reviews-EI_IE9079.0,6_IL.7,16_IC2479061.htm",4.7,98%,91%,62,4.6,4.6,4.8,4.6,4.6,4.4,Google São Paulo reviews,2026-06-28T15:30:07.532714+00:00,seed,office-location,validated
Google,"Sydney, NSW",Sydney,Australia,"https://www.glassdoor.com/Reviews/Google-Sydney-Reviews-EI_IE9079.0,6_IL.7,13_IC2235932.htm",4.4,95%,83%,393,4.6,4.4,4.6,4.4,4.3,4.1,Google Sydney reviews,2026-06-28T15:30:16.523875+00:00,seed,office-location,validated
Google,"Austin, TX",Austin,United States,"https://www.glassdoor.com/Reviews/Google-Austin-Reviews-EI_IE9079.0,6_IL.7,13_IC1139761.htm",4.1,68%,60%,365,4.1,3.9,4.4,3.8,3.8,3.5,Google Austin reviews,2026-06-28T15:30:25.199435+00:00,seed,office-location,validated
Google,"Bellevue, WA",Bellevue,United States,"https://www.glassdoor.com/Reviews/Google-Bellevue-Reviews-EI_IE9079.0,6_IL.7,15_IC1150442.htm",5,99%,100%,11,5,4.2,5,5,5,5,Google Bellevue reviews,2026-06-28T15:30:34.036016+00:00,seed,office-location,validated
Google,"Durham, NC",Durham,United States,"https://www.glassdoor.com/Reviews/Google-Durham-Reviews-EI_IE9079.0,6_IL.7,13_IC1138697.htm",3.9,58%,5%,20,4.1,3.2,4.4,3.5,4.3,2.9,Google Durham reviews,2026-06-28T15:30:42.942778+00:00,seed,office-location,validated
Google,"Redmond, WA",Redmond,United States,"https://www.glassdoor.com/Reviews/Google-Redmond-Reviews-EI_IE9079.0,6_IL.7,14_IC1150499.htm",4.7,99%,99%,10,5,5,3.1,5,2.3,5,Google Redmond reviews,2026-06-28T15:30:51.595035+00:00,seed,office-location,validated
Google,"Saint Louis, MO",Saint Louis,United States,"https://www.glassdoor.com/Reviews/Google-Saint-Louis-Reviews-EI_IE9079.0,6_IL.7,18_IC1131270.htm",5,100%,100%,5,5,5,5,5,5,5,Google Saint Louis reviews,2026-06-28T15:30:59.352469+00:00,seed,office-location,validated
Google,"San Francisco, CA",San Francisco,United States,"https://www.glassdoor.com/Reviews/Google-San-Francisco-Reviews-EI_IE9079.0,6_IL.7,20_IC1147401.htm",4.4,87%,79%,1984,4.2,4.2,4.5,4.2,4.2,3.9,Google San Francisco reviews,2026-06-28T15:31:06.914558+00:00,seed,office-location,validated
Google,"San Jose, CA",San Jose,United States,"https://www.glassdoor.com/Reviews/Google-San-Jose-Reviews-EI_IE9079.0,6_IL.7,15_IC1147436.htm",4.2,78%,74%,465,4,4.2,4.2,4.1,4,3.7,Google San Jose reviews,2026-06-28T15:31:15.309344+00:00,seed,office-location,validated
Google,"Santa Clara, CA",Santa Clara,United States,"https://www.glassdoor.com/Reviews/Google-Santa-Clara-Reviews-EI_IE9079.0,6_IL.7,18_IC1147439.htm",4.8,74%,99%,49,4.3,4.2,4.4,4.1,4.3,4.1,Google Santa Clara reviews,2026-06-28T15:31:22.979239+00:00,seed,office-location,validated
Google,"Toronto, ON",Toronto,Canada,"https://www.glassdoor.com/Reviews/Google-Toronto-Reviews-EI_IE9079.0,6_IL.7,14_IC2281069.htm",4.5,88%,89%,437,4.5,4.3,4.5,4.5,4.5,4.2,Google Toronto reviews,2026-06-28T15:31:32.449510+00:00,seed,office-location,validated
Google,"Moscow, 48",Moscow,Russia,"https://www.glassdoor.com/Reviews/Google-Moscow-Reviews-EI_IE9079.0,6_IL.7,13_IC3348306.htm",4.8,100%,100%,25,2.6,5,1.8,4.9,1.7,5,Google Moscow reviews,2026-06-28T15:31:41.179838+00:00,seed,office-location,validated
Google,"Munich, BY",Munich,Germany,"https://www.glassdoor.com/Reviews/Google-Munich-Reviews-EI_IE9079.0,6_IL.7,13_IC4990924.htm",4.5,95%,50%,137,4.5,4.3,4.5,4.2,4.1,3.6,Google Munich reviews,2026-06-28T15:31:49.204100+00:00,seed,office-location,validated
Google,"Reading, ENG",Reading,United Kingdom,"https://www.glassdoor.com/Reviews/Google-Reading-Reviews-EI_IE9079.0,6_IL.7,14_IC2675152.htm",5,,,1,,,,,,,Google Reading reviews,2026-06-28T15:31:58.970504+00:00,seed,office-location,validated
Google,"Zürich, ZH",Zürich,Switzerland,"https://www.glassdoor.com/Reviews/Google-Z%C3%BCrich-Reviews-EI_IE9079.0,6_IL.7,13_IC3297851.htm",4.2,86%,30%,323,4.2,4,4.6,3.9,4,3.4,Google Zürich reviews,2026-06-28T15:32:12.548974+00:00,seed,office-location,validated
Google,"Bengaluru, KA",Bengaluru,India,"https://www.glassdoor.com/Reviews/Google-Bengaluru-Reviews-EI_IE9079.0,6_IL.7,16_IC2940587.htm",4.4,93%,91%,2047,4.6,4.3,4.5,4.5,4.4,4.1,Google Bengaluru reviews,2026-06-28T15:32:26.750238+00:00,seed,office-location,validated
Google,"Pudong, 23",Pudong,China,"https://www.glassdoor.com/Reviews/Google-Pudong-Reviews-EI_IE9079.0,6_IL.7,13_IC2415109.htm",3,,,1,4,3,4,3,4,3,Google Pudong reviews,2026-06-28T15:32:36.489109+00:00,seed,office-location,validated
Google,"Pune, MH",Pune,India,"https://www.glassdoor.com/Reviews/Google-Pune-Reviews-EI_IE9079.0,6_IL.7,11_IC2856202.htm",4.6,91%,97%,154,4.5,4.4,4.5,4.6,4.4,3.8,Google Pune reviews,2026-06-28T15:32:45.379954+00:00,seed,office-location,validated
Google,"Shanghai, 23",Shanghai,China,"https://www.glassdoor.com/Reviews/Google-Shanghai-Reviews-EI_IE9079.0,6_IL.7,15_IC2416009.htm",4.5,100%,75%,71,4.3,4.5,4.5,4.2,3.9,3.9,Google Shanghai reviews,2026-06-28T15:32:55.425210+00:00,seed,office-location,validated
Google,"San Jose, MP",San Jose,Costa Rica,"https://www.glassdoor.com/Reviews/Google-San-Jose-Reviews-EI_IE9079.0,6_IL.7,15_IC1147436.htm",4.2,78%,74%,465,4,4.2,4.2,4.1,4,3.7,Google San Jose reviews,2026-06-28T15:32:55.549630+00:00,seed,office-location,validated
Google,"Frankfurt am Main, HE",Frankfurt am Main,Germany,"https://www.glassdoor.com/Reviews/Google-Frankfurt-am-Main-Reviews-EI_IE9079.0,6_IL.7,24_IC2632180.htm",3.7,100%,100%,6,4.5,4.5,4.5,4.5,4.4,4.3,Google Frankfurt am Main reviews,2026-06-28T15:33:10.626997+00:00,seed,office-location,validated
Google,"Boise, ID",Boise,United States,"https://www.glassdoor.com/Reviews/Google-Boise-Reviews-EI_IE9079.0,6_IL.7,12_IC1127927.htm",5,100%,,3,4,4,4,4,4,4,Google Boise reviews,2026-06-28T15:33:20.792853+00:00,seed,office-location,validated
Google,"Fort Collins, CO",Fort Collins,United States,"https://www.glassdoor.com/Reviews/Google-Fort-Collins-Reviews-EI_IE9079.0,6_IL.7,19_IC1148233.htm",5,100%,,2,,5,5,5,5,5,Google Fort Collins reviews,2026-06-28T15:33:29.897640+00:00,seed,office-location,validated
Google,"Guadalajara, JAL",Guadalajara,Mexico,"https://www.glassdoor.com/Reviews/Google-Guadalajara-Reviews-EI_IE9079.0,6_IL.7,18_IC3486357.htm",1,0%,100%,2,1,1,1,1,1,1,Google Guadalajara reviews,2026-06-28T15:33:38.843235+00:00,seed,office-location,validated
Google,"Houston, TX",Houston,United States,"https://www.glassdoor.com/Reviews/Google-Houston-Reviews-EI_IE9079.0,6_IL.7,14_IC1140171.htm",4.4,97%,94%,59,4.4,4.5,4.8,4.4,4.5,4.4,Google Houston reviews,2026-06-28T15:33:47.792075+00:00,seed,office-location,validated
Google,"Palo Alto, CA",Palo Alto,United States,"https://www.glassdoor.com/Reviews/Google-Palo-Alto-Reviews-EI_IE9079.0,6_IL.7,16_IC1147434.htm",4.4,92%,90%,188,4.6,4.2,4.3,4.4,4,4.1,Google Palo Alto reviews,2026-06-28T15:33:55.238780+00:00,seed,office-location,validated
Google,"Portland, OR",Portland,United States,"https://www.glassdoor.com/Reviews/Google-Portland-Reviews-EI_IE9079.0,6_IL.7,15_IC1151614.htm",3.5,82%,88%,28,4.5,4.6,3.3,4.3,4.1,3.6,Google Portland reviews,2026-06-28T15:34:04.082384+00:00,seed,office-location,validated
Google,"San Diego, CA",San Diego,United States,"https://www.glassdoor.com/Reviews/Google-San-Diego-Reviews-EI_IE9079.0,6_IL.7,16_IC1147311.htm",4.4,98%,94%,168,4.4,4.2,4.5,4.2,4.2,4.2,Google San Diego reviews,2026-06-28T15:34:12.237748+00:00,seed,office-location,validated
Google,"Sunnyvale, CA",Sunnyvale,United States,"https://www.glassdoor.com/Reviews/Google-Sunnyvale-Reviews-EI_IE9079.0,6_IL.7,16_IC1147442.htm",4.3,81%,61%,789,4.2,4,4.4,4,3.9,3.3,Google Sunnyvale reviews,2026-06-28T15:34:20.842085+00:00,seed,office-location,validated
Google,"Vancouver, WA",Vancouver,United States,"https://www.glassdoor.com/Reviews/Google-Vancouver-Reviews-EI_IE9079.0,6_IL.7,16_IC1150413.htm",4.9,100%,100%,2,4,5,5,4,5,4,Google Vancouver reviews,2026-06-28T15:34:29.229931+00:00,seed,office-location,validated
Google,"Bucharest, B",Bucharest,Romania,"https://www.glassdoor.com/Reviews/Google-Bucharest-Reviews-EI_IE9079.0,6_IL.7,16_IC3184907.htm",4.5,90%,82%,45,4.7,4,4.7,4.3,4.9,4,Google Bucharest reviews,2026-06-28T15:34:38.397094+00:00,seed,office-location,validated
Google,"Cambridge, ENG",Cambridge,United Kingdom,"https://www.glassdoor.com/Reviews/Google-Cambridge-Reviews-EI_IE9079.0,6_IL.7,16_IC2662516.htm",4.5,,,2,,,,,,,Google Cambridge reviews,2026-06-28T15:34:48.037312+00:00,seed,office-location,validated
Google,"Paris, A8",Paris,France,"https://www.glassdoor.com/Reviews/Google-Paris-Reviews-EI_IE9079.0,6_IL.7,12_IC2881970.htm",4.4,91%,87%,118,4.4,4.1,4.5,4.3,4.2,4,Google Paris reviews,2026-06-28T15:34:57.853153+00:00,seed,office-location,validated
Google,"Whitefield, KA",Whitefield,India,"https://www.glassdoor.com/Reviews/Google-Whitefield-Reviews-EI_IE9079.0,6_IL.7,17_IC2941717.htm",5,100%,100%,1,5,5,5,5,5,5,Google Whitefield reviews,2026-06-28T15:35:07.392263+00:00,seed,office-location,validated
Google,"Irving, TX",Irving,United States,"https://www.glassdoor.com/Reviews/Google-Irving-Reviews-EI_IE9079.0,6_IL.7,13_IC1140006.htm",3.9,,,3,,,,,,,Google Irving reviews,2026-06-28T15:35:15.281270+00:00,seed,office-location,validated
Google,"Jersey City, NJ",Jersey City,United States,"https://www.glassdoor.com/Reviews/Google-Jersey-City-Reviews-EI_IE9079.0,6_IL.7,18_IC1126819.htm",4.2,100%,100%,5,4.8,4.8,4.8,4.8,4.8,4.8,Google Jersey City reviews,2026-06-28T15:35:24.305427+00:00,seed,office-location,validated
Google,"Kanata, ON",Kanata,Canada,"https://www.glassdoor.com/Reviews/Google-Kanata-Reviews-EI_IE9079.0,6_IL.7,13_IC2282818.htm",3,0%,0%,1,2,1,2,2,2,1,Google Kanata reviews,2026-06-28T15:35:31.626854+00:00,seed,office-location,validated
Google,"Cork, M",Cork,Ireland,"https://www.glassdoor.com/Reviews/Google-Cork-Reviews-EI_IE9079.0,6_IL.7,11_IC4325638.htm",4.7,100%,100%,6,4,3.4,4.4,4.4,3.4,3.6,Google Cork reviews,2026-06-28T15:35:41.267601+00:00,seed,office-location,validated
Google,"London, ENG",London,United Kingdom,"https://www.glassdoor.com/Reviews/Google-London-Reviews-EI_IE9079.0,6_IL.7,13_IC2671300.htm",4.4,87%,86%,2079,4.3,4.2,4.5,4.3,4.1,3.9,Google London reviews,2026-06-28T15:35:51.120034+00:00,seed,office-location,validated
Google,"Boston, MA",Boston,United States,"https://www.glassdoor.com/Reviews/Google-Boston-Reviews-EI_IE9079.0,6_IL.7,13_IC1154532.htm",4.5,91%,96%,154,4.2,4,4.7,4.3,4.6,4.3,Google Boston reviews,2026-06-28T15:35:58.937848+00:00,seed,office-location,validated
Google,"Cambridge, MA",Cambridge,United States,"https://www.glassdoor.com/Reviews/Google-Cambridge-Reviews-EI_IE9079.0,6_IL.7,16_IC1154545.htm",4,76%,49%,109,4.3,3.6,4.7,3.7,3.6,2.6,Google Cambridge reviews,2026-06-28T15:36:08.770137+00:00,seed,office-location,validated
Google,"Canada, KY",Canada,United States,"https://www.glassdoor.com/Reviews/Google-Canada-Reviews-EI_IE9079.0,6_IL.7,13_IC1137126.htm",4.1,100%,100%,4,4.2,3.8,4.6,5,4.5,4.3,Google Canada reviews,2026-06-28T15:36:21.768703+00:00,seed,office-location,validated
Google,"Georgetown, TX",Georgetown,United States,"https://www.glassdoor.com/Reviews/Google-Georgetown-Reviews-EI_IE9079.0,6_IL.7,17_IC1139774.htm",5,,,1,,,,,,,Google Georgetown reviews,2026-06-28T15:36:30.541703+00:00,seed,office-location,validated
Google,"India, TX",India,United States,"https://www.glassdoor.com/Reviews/Google-India-Reviews-EI_IE9079.0,6_IL.7,12_IC3759223.htm",4.8,99%,99%,11,4.4,4.4,4.4,4.4,5,4.4,Google India reviews,2026-06-28T15:36:39.231829+00:00,seed,office-location,validated
Google,"Quincy, MA",Quincy,United States,"https://www.glassdoor.com/Reviews/Google-Quincy-Reviews-EI_IE9079.0,6_IL.7,13_IC1154667.htm",4.8,,,2,,,,,,,Google Quincy reviews,2026-06-28T15:36:47.342127+00:00,seed,office-location,validated
Google,"Round Rock, TX",Round Rock,United States,"https://www.glassdoor.com/Reviews/Google-Round-Rock-Reviews-EI_IE9079.0,6_IL.7,17_IC1139794.htm",4,100%,100%,2,,5,4,5,4,5,Google Round Rock reviews,2026-06-28T15:36:56.160883+00:00,seed,office-location,validated
Google,"Chicago, IL",Chicago,United States,"https://www.glassdoor.com/Reviews/Google-Chicago-Reviews-EI_IE9079.0,6_IL.7,14_IC1128808.htm",4.3,86%,82%,341,4.1,4.4,4.6,4.1,4.1,3.9,Google Chicago reviews,2026-06-28T15:37:03.897661+00:00,seed,office-location,validated
Google,"Morrisville, NC",Morrisville,United States,"https://www.glassdoor.com/Reviews/Google-Morrisville-Reviews-EI_IE9079.0,6_IL.7,18_IC1138956.htm",5,,,1,,,,,,,Google Morrisville reviews,2026-06-28T15:37:12.722759+00:00,seed,office-location,validated
Google,"Bratislava, 02",Bratislava,Slovakia,"https://www.glassdoor.com/Reviews/Google-Bratislava-Reviews-EI_IE9079.0,6_IL.7,17_IC2907054.htm",5,100%,100%,5,4.5,5,5,5,3.5,5,Google Bratislava reviews,2026-06-28T15:37:20.152126+00:00,seed,office-location,validated
Google,"Stuttgart, BW",Stuttgart,Germany,"https://www.glassdoor.com/Reviews/Google-Stuttgart-Reviews-EI_IE9079.0,6_IL.7,16_IC2507190.htm",4.4,,,2,,,,,,,Google Stuttgart reviews,2026-06-28T15:37:28.566993+00:00,seed,office-location,validated
Google,"Beijing, 22",Beijing,China,"https://www.glassdoor.com/Reviews/Google-Beijing-Reviews-EI_IE9079.0,6_IL.7,14_IC2398510.htm",4.8,79%,78%,43,4.7,4.6,4.4,4.6,4.4,4,Google Beijing reviews,2026-06-28T15:37:37.618308+00:00,seed,office-location,validated
Google,Hong Kong,Hong Kong,Hong Kong,"https://www.glassdoor.com/Reviews/Google-Hong-Kong-Reviews-EI_IE9079.0,6_IL.7,16_IC2308631.htm",4,94%,86%,81,4.1,3.7,4.2,4.1,3.7,3.7,Google Hong Kong reviews,2026-06-28T15:37:46.954428+00:00,seed,office-location,validated
Google,"Xiamen, 07",Xiamen,China,"https://www.glassdoor.com/Reviews/Google-Xiamen-Reviews-EI_IE9079.0,6_IL.7,13_IC2564138.htm",3,,,1,,,,,,,Google Xiamen reviews,2026-06-28T15:37:54.129970+00:00,seed,office-location,validated
Google,"Buenos Aires, C",Buenos Aires,Argentina,"https://www.glassdoor.com/Reviews/Google-Buenos-Aires-Reviews-EI_IE9079.0,6_IL.7,19_IC2242084.htm",4.4,89%,98%,23,4.4,4.1,4.2,4.3,4.2,4,Google Buenos Aires reviews,2026-06-28T15:38:01.995710+00:00,seed,office-location,validated
Google,"Campinas, SP",Campinas,Brazil,"https://www.glassdoor.com/Reviews/Google-Campinas-Reviews-EI_IE9079.0,6_IL.7,15_IC2490130.htm",4.8,100%,100%,0,5,5,5,5,5,5,Google Campinas reviews,2026-06-28T15:38:10.838566+00:00,seed,office-location,validated
Google,"Indaiatuba, SP",Indaiatuba,Brazil,"https://www.glassdoor.com/Reviews/Google-Indaiatuba-Reviews-EI_IE9079.0,6_IL.7,17_IC2480058.htm",5,100%,,0,5,5,5,5,5,5,Google Indaiatuba reviews,2026-06-28T15:38:19.938030+00:00,seed,office-location,validated
Google,"Sorocaba, SP",Sorocaba,Brazil,"https://www.glassdoor.com/Reviews/Google-Sorocaba-Reviews-EI_IE9079.0,6_IL.7,15_IC2475809.htm",3,,,0,,,,,,,Google Sorocaba reviews,2026-06-28T15:38:29.291913+00:00,seed,office-location,validated
Google,Global,Global,Global,https://www.glassdoor.com/Reviews/Google-Reviews-E9079.htm,4.4,87%,83%,48471,4.4,4.2,4.5,4.3,4.2,3.9,Google reviews,2026-06-28T15:38:39.147183+00:00,seed,manual-seed,validated
Google,Shanghai,Shanghai,China,"https://www.glassdoor.com/Reviews/Google-Shanghai-Reviews-EI_IE9079.0,6_IL.7,15_IC2416009.htm",4.5,100%,75%,71,4.3,4.5,4.5,4.2,3.9,3.9,Google Shanghai reviews,2026-06-28T15:38:39.248565+00:00,seed,manual-seed,validated
Google,Tokyo,Tokyo,Japan,"https://www.glassdoor.com/Reviews/Google-Tokyo-Reviews-EI_IE9079.0,6_IL.7,12_IC2851580.htm",4.4,75%,83%,154,4.2,4.3,4.8,4.2,3.9,3.7,Google Tokyo reviews,2026-06-28T15:38:39.362695+00:00,seed,manual-seed,validated
Google,Seoul,Seoul,South Korea,"https://www.glassdoor.com/Reviews/Google-Seoul-Reviews-EI_IE9079.0,6_IL.7,12_IC3021489.htm",4.3,96%,96%,65,4.6,4.4,4.7,4.4,4,3.4,Google Seoul reviews,2026-06-28T15:38:39.472841+00:00,seed,manual-seed,validated
Google,Austin,Austin,United States,"https://www.glassdoor.com/Reviews/Google-Austin-Reviews-EI_IE9079.0,6_IL.7,13_IC1139761.htm",4.1,68%,60%,365,4.1,3.9,4.4,3.8,3.8,3.5,Google Austin reviews,2026-06-28T15:38:39.574415+00:00,seed,manual-seed,validated
Google,London,London,United Kingdom,"https://www.glassdoor.com/Reviews/Google-London-Reviews-EI_IE9079.0,6_IL.7,13_IC2671300.htm",4.4,87%,86%,2079,4.3,4.2,4.5,4.3,4.1,3.9,Google London reviews,2026-06-28T15:38:39.680026+00:00,seed,manual-seed,validated
Google,Munich,Munich,Germany,"https://www.glassdoor.com/Reviews/Google-Munich-Reviews-EI_IE9079.0,6_IL.7,13_IC4990924.htm",4.5,95%,50%,137,4.5,4.3,4.5,4.2,4.1,3.6,Google Munich reviews,2026-06-28T15:38:39.777907+00:00,seed,manual-seed,validated
