company,requested_region,candidate_url,final_url,status,failure_reason,header_text,observed_region,missing_fields,missing_field_reasons,timestamp
Google,Taipei,"https://www.glassdoor.com/Reviews/Google-Taipei-Reviews-EI_IE9079.0,6_IL.7,13_IC3271041.htm","https://www.glassdoor.com/Reviews/Google-Taipei-Reviews-EI_IE9079.0,6_IL.7,13_IC3271041.htm",success,,Google Taipei reviews,Taipei,,,2026-06-28T14:15:40.751634+00:00
ASUS,"Ciudad de Mexico, MEX",https://www.glassdoor.com/Reviews/index.htm,https://www.glassdoor.com/Reviews/index.htm,validation_failed,company_mismatch,Explore companies,,"recommend,ceo_approval,total_reviews","ceo_approval:page_missing,recommend:selector_failure,total_reviews:page_missing",2026-06-28T14:15:47.934113+00:00
ASUS,"Fremont, CA","https://www.glassdoor.com/Reviews/ASUS-Fremont-Reviews-EI_IE40093.0,4_IL.5,12_IC1147355.htm","https://www.glassdoor.com/Reviews/ASUS-Fremont-Reviews-EI_IE40093.0,4_IL.5,12_IC1147355.htm",success,,ASUS Fremont reviews,Fremont,,,2026-06-28T14:15:57.379562+00:00
ASUS,"Markham, ON","https://www.glassdoor.com/Reviews/ASUS-Markham-Reviews-EI_IE40093.0,4_IL.5,12_IC2280736.htm","https://www.glassdoor.com/Reviews/ASUS-Markham-Reviews-EI_IE40093.0,4_IL.5,12_IC2280736.htm",success,,ASUS Markham reviews,Markham,,,2026-06-28T14:16:07.295976+00:00
ASUS,"Barcelona, CT","https://www.glassdoor.com/Reviews/ASUS-Barcelona-Reviews-EI_IE40093.0,4_IL.5,14_IC2547194.htm","https://www.glassdoor.com/Reviews/ASUS-Barcelona-Reviews-EI_IE40093.0,4_IL.5,14_IC2547194.htm",success,,ASUS Barcelona reviews,Barcelona,,,2026-06-28T14:16:15.312956+00:00
ASUS,"Budapest, BU","https://www.glassdoor.com/Reviews/ASUS-Budapest-Reviews-EI_IE40093.0,4_IL.5,13_IC3125126.htm","https://www.glassdoor.com/Reviews/ASUS-Budapest-Reviews-EI_IE40093.0,4_IL.5,13_IC3125126.htm",validation_failed,missing_target_metrics,ASUS Budapest reviews,Budapest,"overall,recommend,ceo_approval,diversity_inclusion,work_life_balance,compensation_benefits,culture_values,career_opportunities,senior_management","career_opportunities:selector_failure,ceo_approval:selector_failure,compensation_benefits:selector_failure,culture_values:page_missing,diversity_inclusion:page_missing,overall:selector_failure,recommend:selector_failure,senior_management:selector_failure,work_life_balance:selector_failure",2026-06-28T14:16:23.220646+00:00
ASUS,"Emmen, DR","https://www.glassdoor.com/Reviews/ASUS-Emmen-Reviews-EI_IE40093.0,4_IL.5,10_IC3060162.htm","https://www.glassdoor.com/Reviews/ASUS-Emmen-Reviews-EI_IE40093.0,4_IL.5,10_IC3060162.htm",success,,ASUS Emmen reviews,Emmen,,,2026-06-28T14:16:31.440520+00:00
ASUS,"Hemel Hempstead, ENG","https://www.glassdoor.com/Reviews/ASUS-Hemel-Hempstead-Reviews-EI_IE40093.0,4_IL.5,20_IC2669775.htm","https://www.glassdoor.com/Reviews/ASUS-Hemel-Hempstead-Reviews-EI_IE40093.0,4_IL.5,20_IC2669775.htm",success,,ASUS Hemel Hempstead reviews,Hemel Hempstead,,,2026-06-28T14:16:40.749807+00:00
ASUS,"Milan, LOM","https://www.glassdoor.com/Reviews/ASUS-Milan-Reviews-EI_IE40093.0,4_IL.5,10_IC2802090.htm","https://www.glassdoor.com/Reviews/ASUS-Milan-Reviews-EI_IE40093.0,4_IL.5,10_IC2802090.htm",success,,ASUS Milan reviews,Milan,,,2026-06-28T14:16:48.289810+00:00
ASUS,"Moravská Ostrava, MO",https://www.glassdoor.com/Reviews/index.htm,https://www.glassdoor.com/Reviews/index.htm,validation_failed,company_mismatch,Explore companies,,"recommend,ceo_approval,total_reviews","ceo_approval:page_missing,recommend:selector_failure,total_reviews:page_missing",2026-06-28T14:16:48.417607+00:00
ASUS,"Noisy-le-Grand, A8","https://www.glassdoor.com/Reviews/ASUS-Noisy-le-Grand-Reviews-EI_IE40093.0,4_IL.5,19_IC3100822.htm","https://www.glassdoor.com/Reviews/ASUS-Noisy-le-Grand-Reviews-EI_IE40093.0,4_IL.5,19_IC3100822.htm",success,,ASUS Noisy-le-Grand reviews,Noisy-le-Grand,,,2026-06-28T14:16:56.626947+00:00
ASUS,"Ratingen, NW","https://www.glassdoor.com/Reviews/ASUS-Ratingen-Reviews-EI_IE40093.0,4_IL.5,13_IC2584004.htm","https://www.glassdoor.com/Reviews/ASUS-Ratingen-Reviews-EI_IE40093.0,4_IL.5,13_IC2584004.htm",success,,ASUS Ratingen reviews,Ratingen,,,2026-06-28T14:17:09.575054+00:00
ASUS,"Üsküdar, T34",https://www.glassdoor.com/Reviews/index.htm,https://www.glassdoor.com/Reviews/index.htm,validation_failed,company_mismatch,Explore companies,,"recommend,ceo_approval,total_reviews","ceo_approval:page_missing,recommend:selector_failure,total_reviews:page_missing",2026-06-28T14:17:09.688227+00:00
ASUS,"Warsaw, MZ",https://www.glassdoor.com/Reviews/index.htm,https://www.glassdoor.com/Reviews/index.htm,validation_failed,company_mismatch,Explore companies,,"recommend,ceo_approval,total_reviews","ceo_approval:page_missing,recommend:selector_failure,total_reviews:page_missing",2026-06-28T14:17:09.815556+00:00
ASUS,"Bangkok, 10","https://www.glassdoor.com/Reviews/ASUS-Bangkok-Reviews-EI_IE40093.0,4_IL.5,12_IC3179725.htm","https://www.glassdoor.com/Reviews/ASUS-Bangkok-Reviews-EI_IE40093.0,4_IL.5,12_IC3179725.htm",success,,ASUS Bangkok reviews,Bangkok,,,2026-06-28T14:17:17.577816+00:00
ASUS,"Dubai, DU","https://www.glassdoor.com/Reviews/ASUS-Dubai-Reviews-EI_IE40093.0,4_IL.5,10_IC2204498.htm","https://www.glassdoor.com/Reviews/ASUS-Dubai-Reviews-EI_IE40093.0,4_IL.5,10_IC2204498.htm",success,,ASUS Dubai reviews,Dubai,,,2026-06-28T14:17:25.923326+00:00
ASUS,"Jakarta, JK","https://www.glassdoor.com/Reviews/ASUS-Jakarta-Reviews-EI_IE40093.0,4_IL.5,12_IC2709872.htm","https://www.glassdoor.com/Reviews/ASUS-Jakarta-Reviews-EI_IE40093.0,4_IL.5,12_IC2709872.htm",success,,ASUS Jakarta reviews,Jakarta,,,2026-06-28T14:17:35.706755+00:00
ASUS,"Kuala Lumpur, 14","https://www.glassdoor.com/Reviews/ASUS-Kuala-Lumpur-Reviews-EI_IE40093.0,4_IL.5,17_IC2986682.htm","https://www.glassdoor.com/Reviews/ASUS-Kuala-Lumpur-Reviews-EI_IE40093.0,4_IL.5,17_IC2986682.htm",success,,ASUS Kuala Lumpur reviews,Kuala Lumpur,ceo_approval,ceo_approval:selector_failure,2026-06-28T14:17:44.573928+00:00
ASUS,"Manila, D9","https://www.glassdoor.com/Reviews/ASUS-Manila-Reviews-EI_IE40093.0,4_IL.5,11_IC2363570.htm","https://www.glassdoor.com/Reviews/ASUS-Manila-Reviews-EI_IE40093.0,4_IL.5,11_IC2363570.htm",success,,ASUS Manila reviews,Manila,ceo_approval,ceo_approval:selector_failure,2026-06-28T14:17:52.727586+00:00
ASUS,"Mumbai, MH","https://www.glassdoor.com/Reviews/ASUS-Mumbai-Reviews-EI_IE40093.0,4_IL.5,11_IC2851180.htm","https://www.glassdoor.com/Reviews/ASUS-Mumbai-Reviews-EI_IE40093.0,4_IL.5,11_IC2851180.htm",success,,ASUS Mumbai reviews,Mumbai,,,2026-06-28T14:18:00.851744+00:00
ASUS,"Seoul, 11","https://www.glassdoor.com/Reviews/ASUS-Seoul-Reviews-EI_IE40093.0,4_IL.5,10_IC3021489.htm","https://www.glassdoor.com/Reviews/ASUS-Seoul-Reviews-EI_IE40093.0,4_IL.5,10_IC3021489.htm",success,,ASUS Seoul reviews,Seoul,ceo_approval,ceo_approval:selector_failure,2026-06-28T14:18:10.155583+00:00
ASUS,Singapore,"https://www.glassdoor.com/Reviews/ASUS-Singapore-Reviews-EI_IE40093.0,4_IL.5,14_IC3235921.htm","https://www.glassdoor.com/Reviews/ASUS-Singapore-Reviews-EI_IE40093.0,4_IL.5,14_IC3235921.htm",success,,ASUS Singapore reviews,Singapore,,,2026-06-28T14:18:17.305484+00:00
ASUS,"Taipei, TPQ","https://www.glassdoor.com/Reviews/ASUS-Taipei-Reviews-EI_IE40093.0,4_IL.5,11_IC3271041.htm","https://www.glassdoor.com/Reviews/ASUS-Taipei-Reviews-EI_IE40093.0,4_IL.5,11_IC3271041.htm",success,,ASUS Taipei reviews,Taipei,,,2026-06-28T14:18:25.499958+00:00
ASUS,"Tokyo, 40","https://www.glassdoor.com/Reviews/ASUS-Tokyo-Reviews-EI_IE40093.0,4_IL.5,10_IC2851580.htm","https://www.glassdoor.com/Reviews/ASUS-Tokyo-Reviews-EI_IE40093.0,4_IL.5,10_IC2851580.htm",success,,ASUS Tokyo reviews,Tokyo,ceo_approval,ceo_approval:selector_failure,2026-06-28T14:18:34.354785+00:00
ASUS,"San Isidro, HUC",https://www.glassdoor.com/Reviews/index.htm,https://www.glassdoor.com/Reviews/index.htm,validation_failed,company_mismatch,Explore companies,,"recommend,ceo_approval,total_reviews","ceo_approval:page_missing,recommend:selector_failure,total_reviews:page_missing",2026-06-28T14:18:34.525895+00:00
ASUS,"Santiago, RM","https://www.glassdoor.com/Reviews/ASUS-Santiago-Reviews-EI_IE40093.0,4_IL.5,13_IC2434030.htm","https://www.glassdoor.com/Reviews/ASUS-Santiago-Reviews-EI_IE40093.0,4_IL.5,13_IC2434030.htm",success,,ASUS Santiago reviews,Santiago,ceo_approval,ceo_approval:selector_failure,2026-06-28T14:18:42.685016+00:00
ASUS,"São Paulo, SP","https://www.glassdoor.com/Reviews/ASUS-São-Paulo-Reviews-EI_IE40093.0,4_IL.5,14_IC2479061.htm","https://www.glassdoor.com/Reviews/ASUS-S%C3%A3o-Paulo-Reviews-EI_IE40093.0,4_IL.5,14_IC2479061.htm",success,,ASUS São Paulo reviews,São Paulo,,,2026-06-28T14:18:51.958030+00:00
ASUS,"Sydney, NSW","https://www.glassdoor.com/Reviews/ASUS-Sydney-Reviews-EI_IE40093.0,4_IL.5,11_IC2235932.htm","https://www.glassdoor.com/Reviews/ASUS-Sydney-Reviews-EI_IE40093.0,4_IL.5,11_IC2235932.htm",success,,ASUS Sydney reviews,Sydney,,,2026-06-28T14:18:59.797369+00:00
ASUS,"Bellevue, WA","https://www.glassdoor.com/Reviews/ASUS-Bellevue-Reviews-EI_IE40093.0,4_IL.5,13_IC1150442.htm","https://www.glassdoor.com/Reviews/ASUS-Bellevue-Reviews-EI_IE40093.0,4_IL.5,13_IC1150442.htm",success,,ASUS Bellevue reviews,Bellevue,"ceo_approval,diversity_inclusion","ceo_approval:selector_failure,diversity_inclusion:page_missing",2026-06-28T14:19:08.957976+00:00
ASUS,"San Jose, CA","https://www.glassdoor.com/Reviews/ASUS-San-Jose-Reviews-EI_IE40093.0,4_IL.5,13_IC1147436.htm","https://www.glassdoor.com/Reviews/ASUS-San-Jose-Reviews-EI_IE40093.0,4_IL.5,13_IC1147436.htm",success,,ASUS San Jose reviews,San Jose,,,2026-06-28T14:19:22.233534+00:00
ASUS,"Toronto, ON","https://www.glassdoor.com/Reviews/ASUS-Toronto-Reviews-EI_IE40093.0,4_IL.5,12_IC2281069.htm","https://www.glassdoor.com/Reviews/ASUS-Toronto-Reviews-EI_IE40093.0,4_IL.5,12_IC2281069.htm",success,,ASUS Toronto reviews,Toronto,"recommend,ceo_approval","ceo_approval:selector_failure,recommend:selector_failure",2026-06-28T14:19:31.213948+00:00
ASUS,"Moscow, 48","https://www.glassdoor.com/Reviews/ASUS-Moscow-Reviews-EI_IE40093.0,4_IL.5,11_IC3348306.htm","https://www.glassdoor.com/Reviews/ASUS-Moscow-Reviews-EI_IE40093.0,4_IL.5,11_IC3348306.htm",success,,ASUS Moscow reviews,Moscow,ceo_approval,ceo_approval:selector_failure,2026-06-28T14:19:38.006786+00:00
ASUS,"Munich, BY","https://www.glassdoor.com/Reviews/ASUS-Munich-Reviews-EI_IE40093.0,4_IL.5,11_IC4990924.htm","https://www.glassdoor.com/Reviews/ASUS-Munich-Reviews-EI_IE40093.0,4_IL.5,11_IC4990924.htm",success,,ASUS Munich reviews,Munich,"recommend,ceo_approval,diversity_inclusion,work_life_balance,compensation_benefits,culture_values,career_opportunities,senior_management","career_opportunities:selector_failure,ceo_approval:selector_failure,compensation_benefits:selector_failure,culture_values:page_missing,diversity_inclusion:page_missing,recommend:selector_failure,senior_management:selector_failure,work_life_balance:selector_failure",2026-06-28T14:19:47.421024+00:00
ASUS,"Zürich, ZH","https://www.glassdoor.com/Reviews/ASUS-Z%C3%BCrich-Reviews-EI_IE40093.0,4_IL.5,11_IC3297851.htm","https://www.glassdoor.com/Reviews/ASUS-Z%C3%BCrich-Reviews-EI_IE40093.0,4_IL.5,11_IC3297851.htm",success,,ASUS Zürich reviews,Zürich,"recommend,ceo_approval,diversity_inclusion,work_life_balance,compensation_benefits,culture_values,career_opportunities,senior_management","career_opportunities:selector_failure,ceo_approval:selector_failure,compensation_benefits:selector_failure,culture_values:page_missing,diversity_inclusion:page_missing,recommend:selector_failure,senior_management:selector_failure,work_life_balance:selector_failure",2026-06-28T14:19:55.037228+00:00
ASUS,"Bengaluru, KA","https://www.glassdoor.com/Reviews/ASUS-Bengaluru-Reviews-EI_IE40093.0,4_IL.5,14_IC2940587.htm","https://www.glassdoor.com/Reviews/ASUS-Bengaluru-Reviews-EI_IE40093.0,4_IL.5,14_IC2940587.htm",success,,ASUS Bengaluru reviews,Bengaluru,,,2026-06-28T14:20:02.945807+00:00
ASUS,"Hsinchu, TXG","https://www.glassdoor.com/Reviews/ASUS-Hsinchu-Reviews-EI_IE40093.0,4_IL.5,12_IC4915323.htm","https://www.glassdoor.com/Reviews/ASUS-Hsinchu-Reviews-EI_IE40093.0,4_IL.5,12_IC4915323.htm",success,,ASUS Hsinchu reviews,Hsinchu,"ceo_approval,diversity_inclusion","ceo_approval:selector_failure,diversity_inclusion:page_missing",2026-06-28T14:20:14.809137+00:00
ASUS,"Pune, MH","https://www.glassdoor.com/Reviews/ASUS-Pune-Reviews-EI_IE40093.0,4_IL.5,9_IC2856202.htm","https://www.glassdoor.com/Reviews/ASUS-Pune-Reviews-EI_IE40093.0,4_IL.5,9_IC2856202.htm",success,,ASUS Pune reviews,Pune,,,2026-06-28T14:20:22.086201+00:00
ASUS,"Shanghai, 23","https://www.glassdoor.com/Reviews/ASUS-Shanghai-Reviews-EI_IE40093.0,4_IL.5,13_IC2416009.htm","https://www.glassdoor.com/Reviews/ASUS-Shanghai-Reviews-EI_IE40093.0,4_IL.5,13_IC2416009.htm",success,,ASUS Shanghai reviews,Shanghai,,,2026-06-28T14:20:32.635037+00:00
ASUS,"San Jose, MP","https://www.glassdoor.com/Reviews/ASUS-San-Jose-Reviews-EI_IE40093.0,4_IL.5,13_IC1147436.htm","https://www.glassdoor.com/Reviews/ASUS-San-Jose-Reviews-EI_IE40093.0,4_IL.5,13_IC1147436.htm",success,,ASUS San Jose reviews,San Jose,,,2026-06-28T14:20:32.753945+00:00
ASUS,"Portland, OR","https://www.glassdoor.com/Reviews/ASUS-Portland-Reviews-EI_IE40093.0,4_IL.5,13_IC1151614.htm","https://www.glassdoor.com/Reviews/ASUS-Portland-Reviews-EI_IE40093.0,4_IL.5,13_IC1151614.htm",success,,ASUS Portland reviews,Portland,,,2026-06-28T14:20:41.371201+00:00
ASUS,"Paris, A8","https://www.glassdoor.com/Reviews/ASUS-Paris-Reviews-EI_IE40093.0,4_IL.5,10_IC2881970.htm","https://www.glassdoor.com/Reviews/ASUS-Paris-Reviews-EI_IE40093.0,4_IL.5,10_IC2881970.htm",success,,ASUS Paris reviews,Paris,,,2026-06-28T14:20:50.110087+00:00
ASUS,"Jeffersonville, IN","https://www.glassdoor.com/Reviews/ASUS-Jeffersonville-Reviews-EI_IE40093.0,4_IL.5,19_IC1145141.htm","https://www.glassdoor.com/Reviews/ASUS-Jeffersonville-Reviews-EI_IE40093.0,4_IL.5,19_IC1145141.htm",success,,ASUS Jeffersonville reviews,Jeffersonville,"ceo_approval,diversity_inclusion,culture_values","ceo_approval:selector_failure,culture_values:page_missing,diversity_inclusion:page_missing",2026-06-28T14:20:58.943122+00:00
ASUS,"London, ENG","https://www.glassdoor.com/Reviews/ASUS-London-Reviews-EI_IE40093.0,4_IL.5,11_IC2671300.htm","https://www.glassdoor.com/Reviews/ASUS-London-Reviews-EI_IE40093.0,4_IL.5,11_IC2671300.htm",success,,ASUS London reviews,London,,,2026-06-28T14:21:07.114965+00:00
ASUS,"Chicago, IL","https://www.glassdoor.com/Reviews/ASUS-Chicago-Reviews-EI_IE40093.0,4_IL.5,12_IC1128808.htm","https://www.glassdoor.com/Reviews/ASUS-Chicago-Reviews-EI_IE40093.0,4_IL.5,12_IC1128808.htm",success,,ASUS Chicago reviews,Chicago,"recommend,ceo_approval,diversity_inclusion,work_life_balance,compensation_benefits,culture_values,senior_management","ceo_approval:selector_failure,compensation_benefits:selector_failure,culture_values:page_missing,diversity_inclusion:page_missing,recommend:selector_failure,senior_management:selector_failure,work_life_balance:selector_failure",2026-06-28T14:21:16.387775+00:00
ASUS,"Beijing, 22","https://www.glassdoor.com/Reviews/ASUS-Beijing-Reviews-EI_IE40093.0,4_IL.5,12_IC2398510.htm","https://www.glassdoor.com/Reviews/ASUS-Beijing-Reviews-EI_IE40093.0,4_IL.5,12_IC2398510.htm",success,,ASUS Beijing reviews,Beijing,diversity_inclusion,diversity_inclusion:page_missing,2026-06-28T14:21:23.979179+00:00
ASUS,Hong Kong,"https://www.glassdoor.com/Reviews/ASUS-Hong-Kong-Reviews-EI_IE40093.0,4_IL.5,14_IC2308631.htm","https://www.glassdoor.com/Reviews/ASUS-Hong-Kong-Reviews-EI_IE40093.0,4_IL.5,14_IC2308631.htm",success,,ASUS Hong Kong reviews,Hong Kong,,,2026-06-28T14:21:33.351031+00:00
ASUS,"Buenos Aires, C","https://www.glassdoor.com/Reviews/ASUS-Buenos-Aires-Reviews-EI_IE40093.0,4_IL.5,17_IC2242084.htm","https://www.glassdoor.com/Reviews/ASUS-Buenos-Aires-Reviews-EI_IE40093.0,4_IL.5,17_IC2242084.htm",success,,ASUS Buenos Aires reviews,Buenos Aires,,,2026-06-28T14:21:41.116386+00:00
ASUS,Global,https://www.glassdoor.com/Reviews/ASUS-Reviews-E40093.htm,https://www.glassdoor.com/Reviews/ASUS-Reviews-E40093.htm,success,,ASUS reviews,Global,,,2026-06-28T14:21:54.546185+00:00
ASUS,Taipei,"https://www.glassdoor.com/Reviews/ASUS-Taipei-Reviews-EI_IE40093.0,4_IL.5,11_IC3271041.htm","https://www.glassdoor.com/Reviews/ASUS-Taipei-Reviews-EI_IE40093.0,4_IL.5,11_IC3271041.htm",success,,ASUS Taipei reviews,Taipei,,,2026-06-28T14:21:54.678715+00:00
ASUS,Hsinchu,"https://www.glassdoor.com/Reviews/ASUS-Hsinchu-Reviews-EI_IE40093.0,4_IL.5,12_IC4915323.htm","https://www.glassdoor.com/Reviews/ASUS-Hsinchu-Reviews-EI_IE40093.0,4_IL.5,12_IC4915323.htm",success,,ASUS Hsinchu reviews,Hsinchu,"ceo_approval,diversity_inclusion","ceo_approval:selector_failure,diversity_inclusion:page_missing",2026-06-28T14:21:54.867670+00:00
ASUS,Shanghai,"https://www.glassdoor.com/Reviews/ASUS-Shanghai-Reviews-EI_IE40093.0,4_IL.5,13_IC2416009.htm","https://www.glassdoor.com/Reviews/ASUS-Shanghai-Reviews-EI_IE40093.0,4_IL.5,13_IC2416009.htm",success,,ASUS Shanghai reviews,Shanghai,,,2026-06-28T14:21:55.072926+00:00
ASUS,Tokyo,"https://www.glassdoor.com/Reviews/ASUS-Tokyo-Reviews-EI_IE40093.0,4_IL.5,10_IC2851580.htm","https://www.glassdoor.com/Reviews/ASUS-Tokyo-Reviews-EI_IE40093.0,4_IL.5,10_IC2851580.htm",success,,ASUS Tokyo reviews,Tokyo,ceo_approval,ceo_approval:selector_failure,2026-06-28T14:21:55.424875+00:00
ASUS,Seoul,"https://www.glassdoor.com/Reviews/ASUS-Seoul-Reviews-EI_IE40093.0,4_IL.5,10_IC3021489.htm","https://www.glassdoor.com/Reviews/ASUS-Seoul-Reviews-EI_IE40093.0,4_IL.5,10_IC3021489.htm",success,,ASUS Seoul reviews,Seoul,ceo_approval,ceo_approval:selector_failure,2026-06-28T14:21:55.597792+00:00
ASUS,London,"https://www.glassdoor.com/Reviews/ASUS-London-Reviews-EI_IE40093.0,4_IL.5,11_IC2671300.htm","https://www.glassdoor.com/Reviews/ASUS-London-Reviews-EI_IE40093.0,4_IL.5,11_IC2671300.htm",success,,ASUS London reviews,London,,,2026-06-28T14:21:55.734877+00:00
ASUS,Munich,"https://www.glassdoor.com/Reviews/ASUS-Munich-Reviews-EI_IE40093.0,4_IL.5,11_IC4990924.htm","https://www.glassdoor.com/Reviews/ASUS-Munich-Reviews-EI_IE40093.0,4_IL.5,11_IC4990924.htm",success,,ASUS Munich reviews,Munich,"recommend,ceo_approval,diversity_inclusion,work_life_balance,compensation_benefits,culture_values,career_opportunities,senior_management","career_opportunities:selector_failure,ceo_approval:selector_failure,compensation_benefits:selector_failure,culture_values:page_missing,diversity_inclusion:page_missing,recommend:selector_failure,senior_management:selector_failure,work_life_balance:selector_failure",2026-06-28T14:21:56.107993+00:00
NVIDIA,"Fremont, CA","https://www.glassdoor.com/Reviews/NVIDIA-Fremont-Reviews-EI_IE7633.0,6_IL.7,14_IC1147355.htm","https://www.glassdoor.com/Reviews/NVIDIA-Fremont-Reviews-EI_IE7633.0,6_IL.7,14_IC1147355.htm",success,,NVIDIA Fremont reviews,Fremont,,,2026-06-28T14:22:04.325693+00:00
NVIDIA,"Budapest, BU","https://www.glassdoor.com/Reviews/NVIDIA-Budapest-Reviews-EI_IE7633.0,6_IL.7,15_IC3125126.htm","https://www.glassdoor.com/Reviews/NVIDIA-Budapest-Reviews-EI_IE7633.0,6_IL.7,15_IC3125126.htm",success,,NVIDIA Budapest reviews,Budapest,,,2026-06-28T14:22:12.427443+00:00
NVIDIA,"Milan, LOM","https://www.glassdoor.com/Reviews/NVIDIA-Milan-Reviews-EI_IE7633.0,6_IL.7,12_IC2802090.htm","https://www.glassdoor.com/Reviews/NVIDIA-Milan-Reviews-EI_IE7633.0,6_IL.7,12_IC2802090.htm",success,,NVIDIA Milan reviews,Milan,diversity_inclusion,diversity_inclusion:page_missing,2026-06-28T14:22:20.399723+00:00
NVIDIA,"Warsaw, MZ","https://www.glassdoor.com/Reviews/NVIDIA-Warsaw-Reviews-EI_IE7633.0,6_IL.7,13_IC3094484.htm","https://www.glassdoor.com/Reviews/NVIDIA-Warsaw-Reviews-EI_IE7633.0,6_IL.7,13_IC3094484.htm",success,,NVIDIA Warsaw reviews,Warsaw,,,2026-06-28T14:22:29.306726+00:00
NVIDIA,"Mumbai, MH","https://www.glassdoor.com/Reviews/NVIDIA-Mumbai-Reviews-EI_IE7633.0,6_IL.7,13_IC2851180.htm","https://www.glassdoor.com/Reviews/NVIDIA-Mumbai-Reviews-EI_IE7633.0,6_IL.7,13_IC2851180.htm",success,,NVIDIA Mumbai reviews,Mumbai,,,2026-06-28T14:22:36.376488+00:00
NVIDIA,"Seoul, 11","https://www.glassdoor.com/Reviews/NVIDIA-Seoul-Reviews-EI_IE7633.0,6_IL.7,12_IC3021489.htm","https://www.glassdoor.com/Reviews/NVIDIA-Seoul-Reviews-EI_IE7633.0,6_IL.7,12_IC3021489.htm",success,,NVIDIA Seoul reviews,Seoul,,,2026-06-28T14:22:46.101441+00:00
NVIDIA,Singapore,"https://www.glassdoor.com/Reviews/NVIDIA-Singapore-Reviews-EI_IE7633.0,6_IL.7,16_IC3235921.htm","https://www.glassdoor.com/Reviews/NVIDIA-Singapore-Reviews-EI_IE7633.0,6_IL.7,16_IC3235921.htm",success,,NVIDIA Singapore reviews,Singapore,,,2026-06-28T14:22:54.469742+00:00
NVIDIA,"Taipei, TPQ","https://www.glassdoor.com/Reviews/NVIDIA-Taipei-Reviews-EI_IE7633.0,6_IL.7,13_IC3271041.htm","https://www.glassdoor.com/Reviews/NVIDIA-Taipei-Reviews-EI_IE7633.0,6_IL.7,13_IC3271041.htm",success,,NVIDIA Taipei reviews,Taipei,,,2026-06-28T14:23:11.504622+00:00
NVIDIA,"Tokyo, 40","https://www.glassdoor.com/Reviews/NVIDIA-Tokyo-Reviews-EI_IE7633.0,6_IL.7,12_IC2851580.htm","https://www.glassdoor.com/Reviews/NVIDIA-Tokyo-Reviews-EI_IE7633.0,6_IL.7,12_IC2851580.htm",success,,NVIDIA Tokyo reviews,Tokyo,,,2026-06-28T14:23:19.491883+00:00
NVIDIA,"São Paulo, SP","https://www.glassdoor.com/Reviews/NVIDIA-S%C3%A3o-Paulo-Reviews-EI_IE7633.0,6_IL.7,16_IC2479061.htm","https://www.glassdoor.com/Reviews/NVIDIA-S%C3%A3o-Paulo-Reviews-EI_IE7633.0,6_IL.7,16_IC2479061.htm",success,,NVIDIA São Paulo reviews,São Paulo,,,2026-06-28T14:23:26.690940+00:00
NVIDIA,"Austin, TX","https://www.glassdoor.com/Reviews/NVIDIA-Austin-Reviews-EI_IE7633.0,6_IL.7,13_IC1139761.htm","https://www.glassdoor.com/Reviews/NVIDIA-Austin-Reviews-EI_IE7633.0,6_IL.7,13_IC1139761.htm",success,,NVIDIA Austin reviews,Austin,,,2026-06-28T14:23:34.637564+00:00
NVIDIA,"Beaverton, OR","https://www.glassdoor.com/Reviews/NVIDIA-Beaverton-Reviews-EI_IE7633.0,6_IL.7,16_IC1151576.htm","https://www.glassdoor.com/Reviews/NVIDIA-Beaverton-Reviews-EI_IE7633.0,6_IL.7,16_IC1151576.htm",success,,NVIDIA Beaverton reviews,Beaverton,,,2026-06-28T14:23:42.848935+00:00
NVIDIA,"Bellevue, WA","https://www.glassdoor.com/Reviews/NVIDIA-Bellevue-Reviews-EI_IE7633.0,6_IL.7,15_IC1150442.htm","https://www.glassdoor.com/Reviews/NVIDIA-Bellevue-Reviews-EI_IE7633.0,6_IL.7,15_IC1150442.htm",success,,NVIDIA Bellevue reviews,Bellevue,"ceo_approval,diversity_inclusion,culture_values","ceo_approval:selector_failure,culture_values:page_missing,diversity_inclusion:page_missing",2026-06-28T14:23:51.035798+00:00
NVIDIA,"Durham, NC","https://www.glassdoor.com/Reviews/NVIDIA-Durham-Reviews-EI_IE7633.0,6_IL.7,13_IC1138697.htm","https://www.glassdoor.com/Reviews/NVIDIA-Durham-Reviews-EI_IE7633.0,6_IL.7,13_IC1138697.htm",success,,NVIDIA Durham reviews,Durham,,,2026-06-28T14:23:59.400207+00:00
NVIDIA,"Hillsboro, OR","https://www.glassdoor.com/Reviews/NVIDIA-Hillsboro-Reviews-EI_IE7633.0,6_IL.7,16_IC1151603.htm","https://www.glassdoor.com/Reviews/NVIDIA-Hillsboro-Reviews-EI_IE7633.0,6_IL.7,16_IC1151603.htm",success,,NVIDIA Hillsboro reviews,Hillsboro,,,2026-06-28T14:24:07.099425+00:00
NVIDIA,"Redmond, WA","https://www.glassdoor.com/Reviews/NVIDIA-Redmond-Reviews-EI_IE7633.0,6_IL.7,14_IC1150499.htm","https://www.glassdoor.com/Reviews/NVIDIA-Redmond-Reviews-EI_IE7633.0,6_IL.7,14_IC1150499.htm",success,,NVIDIA Redmond reviews,Redmond,,,2026-06-28T14:24:14.948977+00:00
NVIDIA,"Saint Louis, MO","https://www.glassdoor.com/Reviews/NVIDIA-Saint-Louis-Reviews-EI_IE7633.0,6_IL.7,18_IC1131270.htm","https://www.glassdoor.com/Reviews/NVIDIA-Saint-Louis-Reviews-EI_IE7633.0,6_IL.7,18_IC1131270.htm",success,,NVIDIA Saint Louis reviews,Saint Louis,diversity_inclusion,diversity_inclusion:page_missing,2026-06-28T14:24:22.784963+00:00
NVIDIA,"San Francisco, CA","https://www.glassdoor.com/Reviews/NVIDIA-San-Francisco-Reviews-EI_IE7633.0,6_IL.7,20_IC1147401.htm","https://www.glassdoor.com/Reviews/NVIDIA-San-Francisco-Reviews-EI_IE7633.0,6_IL.7,20_IC1147401.htm",success,,NVIDIA San Francisco reviews,San Francisco,,,2026-06-28T14:24:30.560020+00:00
NVIDIA,"San Jose, CA","https://www.glassdoor.com/Reviews/NVIDIA-San-Jose-Reviews-EI_IE7633.0,6_IL.7,15_IC1147436.htm","https://www.glassdoor.com/Reviews/NVIDIA-San-Jose-Reviews-EI_IE7633.0,6_IL.7,15_IC1147436.htm",success,,NVIDIA San Jose reviews,San Jose,,,2026-06-28T14:24:37.544820+00:00
NVIDIA,"Santa Clara, CA","https://www.glassdoor.com/Reviews/NVIDIA-Santa-Clara-Reviews-EI_IE7633.0,6_IL.7,18_IC1147439.htm","https://www.glassdoor.com/Reviews/NVIDIA-Santa-Clara-Reviews-EI_IE7633.0,6_IL.7,18_IC1147439.htm",success,,NVIDIA Santa Clara reviews,Santa Clara,,,2026-06-28T14:24:45.515638+00:00
NVIDIA,"Toronto, ON","https://www.glassdoor.com/Reviews/NVIDIA-Toronto-Reviews-EI_IE7633.0,6_IL.7,14_IC2281069.htm","https://www.glassdoor.com/Reviews/NVIDIA-Toronto-Reviews-EI_IE7633.0,6_IL.7,14_IC2281069.htm",success,,NVIDIA Toronto reviews,Toronto,,,2026-06-28T14:24:53.035247+00:00
NVIDIA,"Westford, MA","https://www.glassdoor.com/Reviews/NVIDIA-Westford-Reviews-EI_IE7633.0,6_IL.7,15_IC1154720.htm","https://www.glassdoor.com/Reviews/NVIDIA-Westford-Reviews-EI_IE7633.0,6_IL.7,15_IC1154720.htm",success,,NVIDIA Westford reviews,Westford,,,2026-06-28T14:25:01.958530+00:00
NVIDIA,"Moscow, 48","https://www.glassdoor.com/Reviews/NVIDIA-Moscow-Reviews-EI_IE7633.0,6_IL.7,13_IC3348306.htm","https://www.glassdoor.com/Reviews/NVIDIA-Moscow-Reviews-EI_IE7633.0,6_IL.7,13_IC3348306.htm",success,,NVIDIA Moscow reviews,Moscow,,,2026-06-28T14:25:08.609261+00:00
NVIDIA,"Munich, BY","https://www.glassdoor.com/Reviews/NVIDIA-Munich-Reviews-EI_IE7633.0,6_IL.7,13_IC4990924.htm","https://www.glassdoor.com/Reviews/NVIDIA-Munich-Reviews-EI_IE7633.0,6_IL.7,13_IC4990924.htm",success,,NVIDIA Munich reviews,Munich,,,2026-06-28T14:25:16.142060+00:00
NVIDIA,"Reading, ENG",https://www.glassdoor.com/Reviews/index.htm,https://www.glassdoor.com/Reviews/index.htm,validation_failed,company_mismatch,Explore companies,,"recommend,ceo_approval,total_reviews","ceo_approval:page_missing,recommend:selector_failure,total_reviews:page_missing",2026-06-28T14:25:16.263630+00:00
NVIDIA,"Zürich, ZH","https://www.glassdoor.com/Reviews/NVIDIA-Zürich-Reviews-EI_IE7633.0,6_IL.7,13_IC3297851.htm","https://www.glassdoor.com/Reviews/NVIDIA-Z%C3%BCrich-Reviews-EI_IE7633.0,6_IL.7,13_IC3297851.htm",success,,NVIDIA Zürich reviews,Zürich,,,2026-06-28T14:25:23.218394+00:00
NVIDIA,"Bengaluru, KA","https://www.glassdoor.com/Reviews/NVIDIA-Bengaluru-Reviews-EI_IE7633.0,6_IL.7,16_IC2940587.htm","https://www.glassdoor.com/Reviews/NVIDIA-Bengaluru-Reviews-EI_IE7633.0,6_IL.7,16_IC2940587.htm",success,,NVIDIA Bengaluru reviews,Bengaluru,,,2026-06-28T14:25:30.434196+00:00
NVIDIA,"Hsinchu, TXG","https://www.glassdoor.com/Reviews/NVIDIA-Hsinchu-Reviews-EI_IE7633.0,6_IL.7,14_IC4915323.htm","https://www.glassdoor.com/Reviews/NVIDIA-Hsinchu-Reviews-EI_IE7633.0,6_IL.7,14_IC4915323.htm",success,,NVIDIA Hsinchu reviews,Hsinchu,,,2026-06-28T14:25:37.035194+00:00
NVIDIA,"Pudong, 23","https://www.glassdoor.com/Reviews/NVIDIA-Pudong-Reviews-EI_IE7633.0,6_IL.7,13_IC2415109.htm","https://www.glassdoor.com/Reviews/NVIDIA-Pudong-Reviews-EI_IE7633.0,6_IL.7,13_IC2415109.htm",success,,NVIDIA Pudong reviews,Pudong,,,2026-06-28T14:25:46.841914+00:00
NVIDIA,"Pune, MH","https://www.glassdoor.com/Reviews/NVIDIA-Pune-Reviews-EI_IE7633.0,6_IL.7,11_IC2856202.htm","https://www.glassdoor.com/Reviews/NVIDIA-Pune-Reviews-EI_IE7633.0,6_IL.7,11_IC2856202.htm",success,,NVIDIA Pune reviews,Pune,,,2026-06-28T14:25:53.809996+00:00
NVIDIA,"Shanghai, 23","https://www.glassdoor.com/Reviews/NVIDIA-Shanghai-Reviews-EI_IE7633.0,6_IL.7,15_IC2416009.htm","https://www.glassdoor.com/Reviews/NVIDIA-Shanghai-Reviews-EI_IE7633.0,6_IL.7,15_IC2416009.htm",success,,NVIDIA Shanghai reviews,Shanghai,,,2026-06-28T14:26:01.576145+00:00
NVIDIA,"San Jose, MP","https://www.glassdoor.com/Reviews/NVIDIA-San-Jose-Reviews-EI_IE7633.0,6_IL.7,15_IC1147436.htm","https://www.glassdoor.com/Reviews/NVIDIA-San-Jose-Reviews-EI_IE7633.0,6_IL.7,15_IC1147436.htm",success,,NVIDIA San Jose reviews,San Jose,,,2026-06-28T14:26:01.649485+00:00
NVIDIA,"Houston, TX","https://www.glassdoor.com/Reviews/NVIDIA-Houston-Reviews-EI_IE7633.0,6_IL.7,14_IC1140171.htm","https://www.glassdoor.com/Reviews/NVIDIA-Houston-Reviews-EI_IE7633.0,6_IL.7,14_IC1140171.htm",success,,NVIDIA Houston reviews,Houston,,,2026-06-28T14:26:09.383708+00:00
NVIDIA,"Palo Alto, CA","https://www.glassdoor.com/Reviews/NVIDIA-Palo-Alto-Reviews-EI_IE7633.0,6_IL.7,16_IC1147434.htm","https://www.glassdoor.com/Reviews/NVIDIA-Palo-Alto-Reviews-EI_IE7633.0,6_IL.7,16_IC1147434.htm",success,,NVIDIA Palo Alto reviews,Palo Alto,,,2026-06-28T14:26:18.886454+00:00
NVIDIA,"Portland, OR","https://www.glassdoor.com/Reviews/NVIDIA-Portland-Reviews-EI_IE7633.0,6_IL.7,15_IC1151614.htm","https://www.glassdoor.com/Reviews/NVIDIA-Portland-Reviews-EI_IE7633.0,6_IL.7,15_IC1151614.htm",success,,NVIDIA Portland reviews,Portland,,,2026-06-28T14:26:32.857759+00:00
NVIDIA,"San Diego, CA","https://www.glassdoor.com/Reviews/NVIDIA-San-Diego-Reviews-EI_IE7633.0,6_IL.7,16_IC1147311.htm","https://www.glassdoor.com/Reviews/NVIDIA-San-Diego-Reviews-EI_IE7633.0,6_IL.7,16_IC1147311.htm",success,,NVIDIA San Diego reviews,San Diego,,,2026-06-28T14:26:41.510455+00:00
NVIDIA,"Sunnyvale, CA","https://www.glassdoor.com/Reviews/NVIDIA-Sunnyvale-Reviews-EI_IE7633.0,6_IL.7,16_IC1147442.htm","https://www.glassdoor.com/Reviews/NVIDIA-Sunnyvale-Reviews-EI_IE7633.0,6_IL.7,16_IC1147442.htm",success,,NVIDIA Sunnyvale reviews,Sunnyvale,,,2026-06-28T14:26:49.655504+00:00
NVIDIA,"Cambridge, ENG","https://www.glassdoor.com/Reviews/NVIDIA-Cambridge-Reviews-EI_IE7633.0,6_IL.7,16_IC2662516.htm","https://www.glassdoor.com/Reviews/NVIDIA-Cambridge-Reviews-EI_IE7633.0,6_IL.7,16_IC2662516.htm",success,,NVIDIA Cambridge reviews,Cambridge,,,2026-06-28T14:26:57.545478+00:00
NVIDIA,"Paris, A8","https://www.glassdoor.com/Reviews/NVIDIA-Paris-Reviews-EI_IE7633.0,6_IL.7,12_IC2881970.htm","https://www.glassdoor.com/Reviews/NVIDIA-Paris-Reviews-EI_IE7633.0,6_IL.7,12_IC2881970.htm",success,,NVIDIA Paris reviews,Paris,,,2026-06-28T14:27:07.531135+00:00
NVIDIA,"London, ENG","https://www.glassdoor.com/Reviews/NVIDIA-London-Reviews-EI_IE7633.0,6_IL.7,13_IC2671300.htm","https://www.glassdoor.com/Reviews/NVIDIA-London-Reviews-EI_IE7633.0,6_IL.7,13_IC2671300.htm",success,,NVIDIA London reviews,London,,,2026-06-28T14:27:15.995881+00:00
NVIDIA,"Bedford, MA","https://www.glassdoor.com/Reviews/NVIDIA-Bedford-Reviews-EI_IE7633.0,6_IL.7,14_IC1154527.htm","https://www.glassdoor.com/Reviews/NVIDIA-Bedford-Reviews-EI_IE7633.0,6_IL.7,14_IC1154527.htm",success,,NVIDIA Bedford reviews,Bedford,diversity_inclusion,diversity_inclusion:page_missing,2026-06-28T14:27:25.239007+00:00
NVIDIA,"Boston, MA","https://www.glassdoor.com/Reviews/NVIDIA-Boston-Reviews-EI_IE7633.0,6_IL.7,13_IC1154532.htm","https://www.glassdoor.com/Reviews/NVIDIA-Boston-Reviews-EI_IE7633.0,6_IL.7,13_IC1154532.htm",success,,NVIDIA Boston reviews,Boston,,,2026-06-28T14:27:34.949374+00:00
NVIDIA,"India, TX","https://www.glassdoor.com/Reviews/NVIDIA-India-Reviews-EI_IE7633.0,6_IL.7,12_IC3759223.htm","https://www.glassdoor.com/Reviews/NVIDIA-India-Reviews-EI_IE7633.0,6_IL.7,12_IC3759223.htm",success,,NVIDIA India reviews,India,"diversity_inclusion,work_life_balance,compensation_benefits,culture_values,career_opportunities,senior_management","career_opportunities:selector_failure,compensation_benefits:selector_failure,culture_values:page_missing,diversity_inclusion:page_missing,senior_management:selector_failure,work_life_balance:selector_failure",2026-06-28T14:27:43.535153+00:00
NVIDIA,"Chicago, IL","https://www.glassdoor.com/Reviews/NVIDIA-Chicago-Reviews-EI_IE7633.0,6_IL.7,14_IC1128808.htm","https://www.glassdoor.com/Reviews/NVIDIA-Chicago-Reviews-EI_IE7633.0,6_IL.7,14_IC1128808.htm",success,,NVIDIA Chicago reviews,Chicago,,,2026-06-28T14:27:50.415952+00:00
NVIDIA,"Stuttgart, BW","https://www.glassdoor.com/Reviews/NVIDIA-Stuttgart-Reviews-EI_IE7633.0,6_IL.7,16_IC2507190.htm","https://www.glassdoor.com/Reviews/NVIDIA-Stuttgart-Reviews-EI_IE7633.0,6_IL.7,16_IC2507190.htm",success,,NVIDIA Stuttgart reviews,Stuttgart,"recommend,ceo_approval,diversity_inclusion,work_life_balance,compensation_benefits,culture_values,career_opportunities,senior_management","career_opportunities:selector_failure,ceo_approval:selector_failure,compensation_benefits:selector_failure,culture_values:page_missing,diversity_inclusion:page_missing,recommend:selector_failure,senior_management:selector_failure,work_life_balance:selector_failure",2026-06-28T14:27:59.272111+00:00
NVIDIA,"Beijing, 22","https://www.glassdoor.com/Reviews/NVIDIA-Beijing-Reviews-EI_IE7633.0,6_IL.7,14_IC2398510.htm","https://www.glassdoor.com/Reviews/NVIDIA-Beijing-Reviews-EI_IE7633.0,6_IL.7,14_IC2398510.htm",success,,NVIDIA Beijing reviews,Beijing,,,2026-06-28T14:28:08.288523+00:00
NVIDIA,Hong Kong,"https://www.glassdoor.com/Reviews/NVIDIA-Hong-Kong-Reviews-EI_IE7633.0,6_IL.7,16_IC2308631.htm","https://www.glassdoor.com/Reviews/NVIDIA-Hong-Kong-Reviews-EI_IE7633.0,6_IL.7,16_IC2308631.htm",success,,NVIDIA Hong Kong reviews,Hong Kong,,,2026-06-28T14:28:17.391741+00:00
NVIDIA,Global,https://www.glassdoor.com/Reviews/NVIDIA-Reviews-E7633.htm,https://www.glassdoor.com/Reviews/NVIDIA-Reviews-E7633.htm,success,,NVIDIA reviews,Global,,,2026-06-28T14:28:31.941829+00:00
NVIDIA,Taipei,"https://www.glassdoor.com/Reviews/NVIDIA-Taipei-Reviews-EI_IE7633.0,6_IL.7,13_IC3271041.htm","https://www.glassdoor.com/Reviews/NVIDIA-Taipei-Reviews-EI_IE7633.0,6_IL.7,13_IC3271041.htm",success,,NVIDIA Taipei reviews,Taipei,,,2026-06-28T14:28:32.021709+00:00
NVIDIA,Hsinchu,"https://www.glassdoor.com/Reviews/NVIDIA-Hsinchu-Reviews-EI_IE7633.0,6_IL.7,14_IC4915323.htm","https://www.glassdoor.com/Reviews/NVIDIA-Hsinchu-Reviews-EI_IE7633.0,6_IL.7,14_IC4915323.htm",success,,NVIDIA Hsinchu reviews,Hsinchu,,,2026-06-28T14:28:32.097178+00:00
NVIDIA,Shanghai,"https://www.glassdoor.com/Reviews/NVIDIA-Shanghai-Reviews-EI_IE7633.0,6_IL.7,15_IC2416009.htm","https://www.glassdoor.com/Reviews/NVIDIA-Shanghai-Reviews-EI_IE7633.0,6_IL.7,15_IC2416009.htm",success,,NVIDIA Shanghai reviews,Shanghai,,,2026-06-28T14:28:32.171727+00:00
NVIDIA,Tokyo,"https://www.glassdoor.com/Reviews/NVIDIA-Tokyo-Reviews-EI_IE7633.0,6_IL.7,12_IC2851580.htm","https://www.glassdoor.com/Reviews/NVIDIA-Tokyo-Reviews-EI_IE7633.0,6_IL.7,12_IC2851580.htm",success,,NVIDIA Tokyo reviews,Tokyo,,,2026-06-28T14:28:32.245330+00:00
NVIDIA,Seoul,"https://www.glassdoor.com/Reviews/NVIDIA-Seoul-Reviews-EI_IE7633.0,6_IL.7,12_IC3021489.htm","https://www.glassdoor.com/Reviews/NVIDIA-Seoul-Reviews-EI_IE7633.0,6_IL.7,12_IC3021489.htm",success,,NVIDIA Seoul reviews,Seoul,,,2026-06-28T14:28:32.313556+00:00
NVIDIA,Austin,"https://www.glassdoor.com/Reviews/NVIDIA-Austin-Reviews-EI_IE7633.0,6_IL.7,13_IC1139761.htm","https://www.glassdoor.com/Reviews/NVIDIA-Austin-Reviews-EI_IE7633.0,6_IL.7,13_IC1139761.htm",success,,NVIDIA Austin reviews,Austin,,,2026-06-28T14:28:32.391945+00:00
NVIDIA,London,"https://www.glassdoor.com/Reviews/NVIDIA-London-Reviews-EI_IE7633.0,6_IL.7,13_IC2671300.htm","https://www.glassdoor.com/Reviews/NVIDIA-London-Reviews-EI_IE7633.0,6_IL.7,13_IC2671300.htm",success,,NVIDIA London reviews,London,,,2026-06-28T14:28:32.466887+00:00
NVIDIA,Munich,"https://www.glassdoor.com/Reviews/NVIDIA-Munich-Reviews-EI_IE7633.0,6_IL.7,13_IC4990924.htm","https://www.glassdoor.com/Reviews/NVIDIA-Munich-Reviews-EI_IE7633.0,6_IL.7,13_IC4990924.htm",success,,NVIDIA Munich reviews,Munich,,,2026-06-28T14:28:32.550640+00:00
TSMC,"Milan, LOM","https://www.glassdoor.com/Reviews/TSMC-Milan-Reviews-EI_IE4130.0,4_IL.5,10_IC2802090.htm","https://www.glassdoor.com/Reviews/TSMC-Milan-Reviews-EI_IE4130.0,4_IL.5,10_IC2802090.htm",success,,TSMC Milan reviews,Milan,"recommend,ceo_approval,diversity_inclusion,work_life_balance,compensation_benefits,culture_values,career_opportunities,senior_management","career_opportunities:selector_failure,ceo_approval:selector_failure,compensation_benefits:selector_failure,culture_values:page_missing,diversity_inclusion:page_missing,recommend:selector_failure,senior_management:selector_failure,work_life_balance:selector_failure",2026-06-28T14:28:41.854374+00:00
TSMC,"Kuala Lumpur, 14","https://www.glassdoor.com/Reviews/TSMC-Kuala-Lumpur-Reviews-EI_IE4130.0,4_IL.5,17_IC2986682.htm","https://www.glassdoor.com/Reviews/TSMC-Kuala-Lumpur-Reviews-EI_IE4130.0,4_IL.5,17_IC2986682.htm",success,,TSMC Kuala Lumpur reviews,Kuala Lumpur,ceo_approval,ceo_approval:selector_failure,2026-06-28T14:28:48.393857+00:00
TSMC,Singapore,"https://www.glassdoor.com/Reviews/TSMC-Singapore-Reviews-EI_IE4130.0,4_IL.5,14_IC3235921.htm","https://www.glassdoor.com/Reviews/TSMC-Singapore-Reviews-EI_IE4130.0,4_IL.5,14_IC3235921.htm",success,,TSMC Singapore reviews,Singapore,,,2026-06-28T14:28:57.352176+00:00
TSMC,"Taipei, TPQ","https://www.glassdoor.com/Reviews/TSMC-Taipei-Reviews-EI_IE4130.0,4_IL.5,11_IC3271041.htm","https://www.glassdoor.com/Reviews/TSMC-Taipei-Reviews-EI_IE4130.0,4_IL.5,11_IC3271041.htm",success,,TSMC Taipei reviews,Taipei,,,2026-06-28T14:29:06.294119+00:00
TSMC,"Austin, TX","https://www.glassdoor.com/Reviews/TSMC-Austin-Reviews-EI_IE4130.0,4_IL.5,11_IC1139761.htm","https://www.glassdoor.com/Reviews/TSMC-Austin-Reviews-EI_IE4130.0,4_IL.5,11_IC1139761.htm",success,,TSMC Austin reviews,Austin,ceo_approval,ceo_approval:selector_failure,2026-06-28T14:29:14.292084+00:00
TSMC,"San Jose, CA",https://www.glassdoor.com/Reviews/index.htm,https://www.glassdoor.com/Reviews/index.htm,validation_failed,company_mismatch,Explore companies,,"recommend,ceo_approval,total_reviews","ceo_approval:page_missing,recommend:selector_failure,total_reviews:page_missing",2026-06-28T14:29:14.474995+00:00
TSMC,"Hsinchu, TXG","https://www.glassdoor.com/Reviews/TSMC-Hsinchu-Reviews-EI_IE4130.0,4_IL.5,12_IC4915323.htm","https://www.glassdoor.com/Reviews/TSMC-Hsinchu-Reviews-EI_IE4130.0,4_IL.5,12_IC4915323.htm",success,,TSMC Hsinchu reviews,Hsinchu,,,2026-06-28T14:29:23.388570+00:00
TSMC,"Shanghai, 23","https://www.glassdoor.com/Reviews/TSMC-Shanghai-Reviews-EI_IE4130.0,4_IL.5,13_IC2416009.htm","https://www.glassdoor.com/Reviews/TSMC-Shanghai-Reviews-EI_IE4130.0,4_IL.5,13_IC2416009.htm",success,,TSMC Shanghai reviews,Shanghai,ceo_approval,ceo_approval:selector_failure,2026-06-28T14:29:31.685791+00:00
TSMC,"San Jose, MP",https://www.glassdoor.com/Reviews/index.htm,https://www.glassdoor.com/Reviews/index.htm,validation_failed,company_mismatch,Explore companies,,"recommend,ceo_approval,total_reviews","ceo_approval:page_missing,recommend:selector_failure,total_reviews:page_missing",2026-06-28T14:29:31.857598+00:00
TSMC,"San Diego, CA","https://www.glassdoor.com/Reviews/TSMC-San-Diego-Reviews-EI_IE4130.0,4_IL.5,14_IC1147311.htm","https://www.glassdoor.com/Reviews/TSMC-San-Diego-Reviews-EI_IE4130.0,4_IL.5,14_IC1147311.htm",success,,TSMC San Diego reviews,San Diego,"recommend,ceo_approval,diversity_inclusion,work_life_balance,compensation_benefits,culture_values,career_opportunities,senior_management","career_opportunities:selector_failure,ceo_approval:selector_failure,compensation_benefits:selector_failure,culture_values:page_missing,diversity_inclusion:page_missing,recommend:selector_failure,senior_management:selector_failure,work_life_balance:selector_failure",2026-06-28T14:29:40.383528+00:00
TSMC,"Sunnyvale, CA","https://www.glassdoor.com/Reviews/TSMC-Sunnyvale-Reviews-EI_IE4130.0,4_IL.5,14_IC1147442.htm","https://www.glassdoor.com/Reviews/TSMC-Sunnyvale-Reviews-EI_IE4130.0,4_IL.5,14_IC1147442.htm",success,,TSMC Sunnyvale reviews,Sunnyvale,ceo_approval,ceo_approval:selector_failure,2026-06-28T14:29:48.897110+00:00
TSMC,"Vancouver, WA","https://www.glassdoor.com/Reviews/TSMC-Vancouver-Reviews-EI_IE4130.0,4_IL.5,14_IC1150413.htm","https://www.glassdoor.com/Reviews/TSMC-Vancouver-Reviews-EI_IE4130.0,4_IL.5,14_IC1150413.htm",success,,TSMC Vancouver reviews,Vancouver,ceo_approval,ceo_approval:selector_failure,2026-06-28T14:29:56.662000+00:00
TSMC,"Kanata, ON","https://www.glassdoor.com/Reviews/TSMC-Kanata-Reviews-EI_IE4130.0,4_IL.5,11_IC2282818.htm","https://www.glassdoor.com/Reviews/TSMC-Kanata-Reviews-EI_IE4130.0,4_IL.5,11_IC2282818.htm",success,,TSMC Kanata reviews,Kanata,,,2026-06-28T14:30:04.489003+00:00
TSMC,Global,https://www.glassdoor.com/Reviews/TSMC-Reviews-E4130.htm,https://www.glassdoor.com/Reviews/TSMC-Reviews-E4130.htm,success,,TSMC reviews,Global,,,2026-06-28T14:30:18.024865+00:00
TSMC,Taipei,"https://www.glassdoor.com/Reviews/TSMC-Taipei-Reviews-EI_IE4130.0,4_IL.5,11_IC3271041.htm","https://www.glassdoor.com/Reviews/TSMC-Taipei-Reviews-EI_IE4130.0,4_IL.5,11_IC3271041.htm",success,,TSMC Taipei reviews,Taipei,,,2026-06-28T14:30:18.150387+00:00
TSMC,Hsinchu,"https://www.glassdoor.com/Reviews/TSMC-Hsinchu-Reviews-EI_IE4130.0,4_IL.5,12_IC4915323.htm","https://www.glassdoor.com/Reviews/TSMC-Hsinchu-Reviews-EI_IE4130.0,4_IL.5,12_IC4915323.htm",success,,TSMC Hsinchu reviews,Hsinchu,,,2026-06-28T14:30:18.306243+00:00
TSMC,Shanghai,"https://www.glassdoor.com/Reviews/TSMC-Shanghai-Reviews-EI_IE4130.0,4_IL.5,13_IC2416009.htm","https://www.glassdoor.com/Reviews/TSMC-Shanghai-Reviews-EI_IE4130.0,4_IL.5,13_IC2416009.htm",success,,TSMC Shanghai reviews,Shanghai,ceo_approval,ceo_approval:selector_failure,2026-06-28T14:30:18.460757+00:00
TSMC,Austin,"https://www.glassdoor.com/Reviews/TSMC-Austin-Reviews-EI_IE4130.0,4_IL.5,11_IC1139761.htm","https://www.glassdoor.com/Reviews/TSMC-Austin-Reviews-EI_IE4130.0,4_IL.5,11_IC1139761.htm",success,,TSMC Austin reviews,Austin,ceo_approval,ceo_approval:selector_failure,2026-06-28T14:30:18.613351+00:00
Micro-Star International,"Barcelona, CT","https://www.glassdoor.com/Reviews/Micro-Star-International-Barcelona-Reviews-EI_IE41141.0,24_IL.25,34_IC2547194.htm","https://www.glassdoor.com/Reviews/Micro-Star-International-Barcelona-Reviews-EI_IE41141.0,24_IL.25,34_IC2547194.htm",success,,Micro-Star International Barcelona reviews,Barcelona,,,2026-06-28T14:30:27.876668+00:00
Micro-Star International,"Milan, LOM","https://www.glassdoor.com/Reviews/Micro-Star-International-Milan-Reviews-EI_IE41141.0,24_IL.25,30_IC2802090.htm","https://www.glassdoor.com/Reviews/Micro-Star-International-Milan-Reviews-EI_IE41141.0,24_IL.25,30_IC2802090.htm",success,,Micro-Star International Milan reviews,Milan,,,2026-06-28T14:30:35.013125+00:00
Micro-Star International,"Jakarta, JK","https://www.glassdoor.com/Reviews/Micro-Star-International-Jakarta-Reviews-EI_IE41141.0,24_IL.25,32_IC2709872.htm","https://www.glassdoor.com/Reviews/Micro-Star-International-Jakarta-Reviews-EI_IE41141.0,24_IL.25,32_IC2709872.htm",success,,Micro-Star International Jakarta reviews,Jakarta,,,2026-06-28T14:30:42.201637+00:00
Micro-Star International,"Kuala Lumpur, 14","https://www.glassdoor.com/Reviews/Micro-Star-International-Kuala-Lumpur-Reviews-EI_IE41141.0,24_IL.25,37_IC2986682.htm","https://www.glassdoor.com/Reviews/Micro-Star-International-Kuala-Lumpur-Reviews-EI_IE41141.0,24_IL.25,37_IC2986682.htm",success,,Micro-Star International Kuala Lumpur reviews,Kuala Lumpur,ceo_approval,ceo_approval:selector_failure,2026-06-28T14:30:51.608663+00:00
Micro-Star International,"Mumbai, MH","https://www.glassdoor.com/Reviews/Micro-Star-International-Mumbai-Reviews-EI_IE41141.0,24_IL.25,31_IC2851180.htm","https://www.glassdoor.com/Reviews/Micro-Star-International-Mumbai-Reviews-EI_IE41141.0,24_IL.25,31_IC2851180.htm",success,,Micro-Star International Mumbai reviews,Mumbai,ceo_approval,ceo_approval:selector_failure,2026-06-28T14:30:59.562084+00:00
Micro-Star International,"Taipei, TPQ","https://www.glassdoor.com/Reviews/Micro-Star-International-Taipei-Reviews-EI_IE41141.0,24_IL.25,31_IC3271041.htm","https://www.glassdoor.com/Reviews/Micro-Star-International-Taipei-Reviews-EI_IE41141.0,24_IL.25,31_IC3271041.htm",success,,Micro-Star International Taipei reviews,Taipei,,,2026-06-28T14:31:08.202266+00:00
Micro-Star International,"Tokyo, 40","https://www.glassdoor.com/Reviews/Micro-Star-International-Tokyo-Reviews-EI_IE41141.0,24_IL.25,30_IC2851580.htm","https://www.glassdoor.com/Reviews/Micro-Star-International-Tokyo-Reviews-EI_IE41141.0,24_IL.25,30_IC2851580.htm",success,,Micro-Star International Tokyo reviews,Tokyo,ceo_approval,ceo_approval:selector_failure,2026-06-28T14:31:17.704240+00:00
Micro-Star International,"Pudong, 23","https://www.glassdoor.com/Reviews/Micro-Star-International-Pudong-Reviews-EI_IE41141.0,24_IL.25,31_IC2415109.htm","https://www.glassdoor.com/Reviews/Micro-Star-International-Pudong-Reviews-EI_IE41141.0,24_IL.25,31_IC2415109.htm",success,,Micro-Star International Pudong reviews,Pudong,"recommend,ceo_approval,diversity_inclusion,work_life_balance,compensation_benefits,culture_values,career_opportunities,senior_management","career_opportunities:selector_failure,ceo_approval:selector_failure,compensation_benefits:selector_failure,culture_values:page_missing,diversity_inclusion:page_missing,recommend:selector_failure,senior_management:selector_failure,work_life_balance:selector_failure",2026-06-28T14:31:25.933961+00:00
Micro-Star International,"Shanghai, 23","https://www.glassdoor.com/Reviews/Micro-Star-International-Shanghai-Reviews-EI_IE41141.0,24_IL.25,33_IC2416009.htm","https://www.glassdoor.com/Reviews/Micro-Star-International-Shanghai-Reviews-EI_IE41141.0,24_IL.25,33_IC2416009.htm",success,,Micro-Star International Shanghai reviews,Shanghai,ceo_approval,ceo_approval:selector_failure,2026-06-28T14:31:34.465507+00:00
Micro-Star International,"Frankfurt am Main, HE",https://www.glassdoor.com/Reviews/index.htm,https://www.glassdoor.com/Reviews/index.htm,validation_failed,company_mismatch,Explore companies,,"recommend,ceo_approval,total_reviews","ceo_approval:page_missing,recommend:selector_failure,total_reviews:page_missing",2026-06-28T14:31:34.683661+00:00
Micro-Star International,"London, ENG","https://www.glassdoor.com/Reviews/Micro-Star-International-London-Reviews-EI_IE41141.0,24_IL.25,31_IC2671300.htm","https://www.glassdoor.com/Reviews/Micro-Star-International-London-Reviews-EI_IE41141.0,24_IL.25,31_IC2671300.htm",success,,Micro-Star International London reviews,London,ceo_approval,ceo_approval:selector_failure,2026-06-28T14:32:02.766623+00:00
Micro-Star International,Global,https://www.glassdoor.com/Reviews/Micro-Star-International-Reviews-E41141.htm,https://www.glassdoor.com/Reviews/Micro-Star-International-Reviews-E41141.htm,success,,Micro-Star International reviews,Global,,,2026-06-28T14:32:19.386862+00:00
HP Inc.,"Ciudad de Mexico, MEX","https://www.glassdoor.com/Reviews/HP-Inc-Ciudad-de-Mexico-Reviews-EI_IE1093161.0,6_IL.7,23_IC5017436.htm","https://www.glassdoor.com/Reviews/HP-Inc-Ciudad-de-Mexico-Reviews-EI_IE1093161.0,6_IL.7,23_IC5017436.htm",success,,HP Inc. Ciudad de Mexico reviews,Ciudad de Mexico,,,2026-06-28T14:32:34.797338+00:00
HP Inc.,"Fremont, CA","https://www.glassdoor.com/Reviews/HP-Inc-Fremont-Reviews-EI_IE1093161.0,6_IL.7,14_IC1147355.htm","https://www.glassdoor.com/Reviews/HP-Inc-Fremont-Reviews-EI_IE1093161.0,6_IL.7,14_IC1147355.htm",success,,HP Inc. Fremont reviews,Fremont,ceo_approval,ceo_approval:selector_failure,2026-06-28T14:32:43.253529+00:00
HP Inc.,"Barcelona, CT","https://www.glassdoor.com/Reviews/HP-Inc-Barcelona-Reviews-EI_IE1093161.0,6_IL.7,16_IC2547194.htm","https://www.glassdoor.com/Reviews/HP-Inc-Barcelona-Reviews-EI_IE1093161.0,6_IL.7,16_IC2547194.htm",success,,HP Inc. Barcelona reviews,Barcelona,,,2026-06-28T14:32:54.065984+00:00
HP Inc.,"Budapest, BU","https://www.glassdoor.com/Reviews/HP-Inc-Budapest-Reviews-EI_IE1093161.0,6_IL.7,15_IC3125126.htm","https://www.glassdoor.com/Reviews/HP-Inc-Budapest-Reviews-EI_IE1093161.0,6_IL.7,15_IC3125126.htm",success,,HP Inc. Budapest reviews,Budapest,ceo_approval,ceo_approval:selector_failure,2026-06-28T14:33:01.870450+00:00
HP Inc.,"Milan, LOM","https://www.glassdoor.com/Reviews/HP-Inc-Milan-Reviews-EI_IE1093161.0,6_IL.7,12_IC2802090.htm","https://www.glassdoor.com/Reviews/HP-Inc-Milan-Reviews-EI_IE1093161.0,6_IL.7,12_IC2802090.htm",success,,HP Inc. Milan reviews,Milan,ceo_approval,ceo_approval:selector_failure,2026-06-28T14:33:13.193831+00:00
HP Inc.,"Ratingen, NW","https://www.glassdoor.com/Reviews/HP-Inc-Ratingen-Reviews-EI_IE1093161.0,6_IL.7,15_IC2584004.htm","https://www.glassdoor.com/Reviews/HP-Inc-Ratingen-Reviews-EI_IE1093161.0,6_IL.7,15_IC2584004.htm",success,,HP Inc. Ratingen reviews,Ratingen,ceo_approval,ceo_approval:selector_failure,2026-06-28T14:33:20.440382+00:00
HP Inc.,"Warsaw, MZ","https://www.glassdoor.com/Reviews/HP-Inc-Warsaw-Reviews-EI_IE1093161.0,6_IL.7,13_IC3094484.htm","https://www.glassdoor.com/Reviews/HP-Inc-Warsaw-Reviews-EI_IE1093161.0,6_IL.7,13_IC3094484.htm",success,,HP Inc. Warsaw reviews,Warsaw,ceo_approval,ceo_approval:selector_failure,2026-06-28T14:33:28.125219+00:00
HP Inc.,"Bangkok, 10","https://www.glassdoor.com/Reviews/HP-Inc-Bangkok-Reviews-EI_IE1093161.0,6_IL.7,14_IC3179725.htm","https://www.glassdoor.com/Reviews/HP-Inc-Bangkok-Reviews-EI_IE1093161.0,6_IL.7,14_IC3179725.htm",success,,HP Inc. Bangkok reviews,Bangkok,ceo_approval,ceo_approval:selector_failure,2026-06-28T14:33:35.701470+00:00
HP Inc.,"Dubai, DU","https://www.glassdoor.com/Reviews/HP-Inc-Dubai-Reviews-EI_IE1093161.0,6_IL.7,12_IC2204498.htm","https://www.glassdoor.com/Reviews/HP-Inc-Dubai-Reviews-EI_IE1093161.0,6_IL.7,12_IC2204498.htm",success,,HP Inc. Dubai reviews,Dubai,ceo_approval,ceo_approval:selector_failure,2026-06-28T14:33:43.380532+00:00
HP Inc.,"Jakarta, JK","https://www.glassdoor.com/Reviews/HP-Inc-Jakarta-Reviews-EI_IE1093161.0,6_IL.7,14_IC2709872.htm","https://www.glassdoor.com/Reviews/HP-Inc-Jakarta-Reviews-EI_IE1093161.0,6_IL.7,14_IC2709872.htm",success,,HP Inc. Jakarta reviews,Jakarta,ceo_approval,ceo_approval:selector_failure,2026-06-28T14:33:51.854704+00:00
HP Inc.,"Kuala Lumpur, 14","https://www.glassdoor.com/Reviews/HP-Inc-Kuala-Lumpur-Reviews-EI_IE1093161.0,6_IL.7,19_IC2986682.htm","https://www.glassdoor.com/Reviews/HP-Inc-Kuala-Lumpur-Reviews-EI_IE1093161.0,6_IL.7,19_IC2986682.htm",success,,HP Inc. Kuala Lumpur reviews,Kuala Lumpur,,,2026-06-28T14:34:03.064393+00:00
HP Inc.,"Manila, D9","https://www.glassdoor.com/Reviews/HP-Inc-Manila-Reviews-EI_IE1093161.0,6_IL.7,13_IC2363570.htm","https://www.glassdoor.com/Reviews/HP-Inc-Manila-Reviews-EI_IE1093161.0,6_IL.7,13_IC2363570.htm",success,,HP Inc. Manila reviews,Manila,ceo_approval,ceo_approval:selector_failure,2026-06-28T14:34:10.509851+00:00
HP Inc.,"Mumbai, MH","https://www.glassdoor.com/Reviews/HP-Inc-Mumbai-Reviews-EI_IE1093161.0,6_IL.7,13_IC2851180.htm","https://www.glassdoor.com/Reviews/HP-Inc-Mumbai-Reviews-EI_IE1093161.0,6_IL.7,13_IC2851180.htm",success,,HP Inc. Mumbai reviews,Mumbai,ceo_approval,ceo_approval:selector_failure,2026-06-28T14:34:18.085273+00:00
HP Inc.,"Seoul, 11","https://www.glassdoor.com/Reviews/HP-Inc-Seoul-Reviews-EI_IE1093161.0,6_IL.7,12_IC3021489.htm","https://www.glassdoor.com/Reviews/HP-Inc-Seoul-Reviews-EI_IE1093161.0,6_IL.7,12_IC3021489.htm",success,,HP Inc. Seoul reviews,Seoul,ceo_approval,ceo_approval:selector_failure,2026-06-28T14:34:35.865945+00:00
HP Inc.,Singapore,"https://www.glassdoor.com/Reviews/HP-Inc-Singapore-Reviews-EI_IE1093161.0,6_IL.7,16_IC3235921.htm","https://www.glassdoor.com/Reviews/HP-Inc-Singapore-Reviews-EI_IE1093161.0,6_IL.7,16_IC3235921.htm",success,,HP Inc. Singapore reviews,Singapore,,,2026-06-28T14:34:51.695604+00:00
HP Inc.,"Taipei, TPQ","https://www.glassdoor.com/Reviews/HP-Inc-Taipei-Reviews-EI_IE1093161.0,6_IL.7,13_IC3271041.htm","https://www.glassdoor.com/Reviews/HP-Inc-Taipei-Reviews-EI_IE1093161.0,6_IL.7,13_IC3271041.htm",success,,HP Inc. Taipei reviews,Taipei,ceo_approval,ceo_approval:selector_failure,2026-06-28T14:35:02.343792+00:00
HP Inc.,"Tokyo, 40","https://www.glassdoor.com/Reviews/HP-Inc-Tokyo-Reviews-EI_IE1093161.0,6_IL.7,12_IC2851580.htm","https://www.glassdoor.com/Reviews/HP-Inc-Tokyo-Reviews-EI_IE1093161.0,6_IL.7,12_IC2851580.htm",success,,HP Inc. Tokyo reviews,Tokyo,ceo_approval,ceo_approval:selector_failure,2026-06-28T14:35:12.413533+00:00
HP Inc.,"Santiago, RM","https://www.glassdoor.com/Reviews/HP-Inc-Santiago-Reviews-EI_IE1093161.0,6_IL.7,15_IC2434030.htm","https://www.glassdoor.com/Reviews/HP-Inc-Santiago-Reviews-EI_IE1093161.0,6_IL.7,15_IC2434030.htm",success,,HP Inc. Santiago reviews,Santiago,ceo_approval,ceo_approval:selector_failure,2026-06-28T14:35:21.334181+00:00
HP Inc.,"São Paulo, SP","https://www.glassdoor.com/Reviews/HP-Inc-S%C3%A3o-Paulo-Reviews-EI_IE1093161.0,6_IL.7,16_IC2479061.htm","https://www.glassdoor.com/Reviews/HP-Inc-S%C3%A3o-Paulo-Reviews-EI_IE1093161.0,6_IL.7,16_IC2479061.htm",success,,HP Inc. São Paulo reviews,São Paulo,ceo_approval,ceo_approval:selector_failure,2026-06-28T14:35:29.679892+00:00
HP Inc.,"Sydney, NSW","https://www.glassdoor.com/Reviews/HP-Inc-Sydney-Reviews-EI_IE1093161.0,6_IL.7,13_IC2235932.htm","https://www.glassdoor.com/Reviews/HP-Inc-Sydney-Reviews-EI_IE1093161.0,6_IL.7,13_IC2235932.htm",success,,HP Inc. Sydney reviews,Sydney,ceo_approval,ceo_approval:selector_failure,2026-06-28T14:35:38.267974+00:00
HP Inc.,"Austin, TX","https://www.glassdoor.com/Reviews/HP-Inc-Austin-Reviews-EI_IE1093161.0,6_IL.7,13_IC1139761.htm","https://www.glassdoor.com/Reviews/HP-Inc-Austin-Reviews-EI_IE1093161.0,6_IL.7,13_IC1139761.htm",success,,HP Inc. Austin reviews,Austin,ceo_approval,ceo_approval:selector_failure,2026-06-28T14:35:45.026693+00:00
HP Inc.,"Bellevue, WA","https://www.glassdoor.com/Reviews/HP-Inc-Bellevue-Reviews-EI_IE1093161.0,6_IL.7,15_IC1150442.htm","https://www.glassdoor.com/Reviews/HP-Inc-Bellevue-Reviews-EI_IE1093161.0,6_IL.7,15_IC1150442.htm",success,,HP Inc. Bellevue reviews,Bellevue,ceo_approval,ceo_approval:selector_failure,2026-06-28T14:35:53.615369+00:00
HP Inc.,"Durham, NC","https://www.glassdoor.com/Reviews/HP-Inc-Durham-Reviews-EI_IE1093161.0,6_IL.7,13_IC1138697.htm","https://www.glassdoor.com/Reviews/HP-Inc-Durham-Reviews-EI_IE1093161.0,6_IL.7,13_IC1138697.htm",success,,HP Inc. Durham reviews,Durham,ceo_approval,ceo_approval:selector_failure,2026-06-28T14:36:01.030128+00:00
HP Inc.,"Saint Louis, MO","https://www.glassdoor.com/Reviews/HP-Inc-Saint-Louis-Reviews-EI_IE1093161.0,6_IL.7,18_IC1131270.htm","https://www.glassdoor.com/Reviews/HP-Inc-Saint-Louis-Reviews-EI_IE1093161.0,6_IL.7,18_IC1131270.htm",success,,HP Inc. Saint Louis reviews,Saint Louis,ceo_approval,ceo_approval:selector_failure,2026-06-28T14:36:09.410118+00:00
HP Inc.,"San Francisco, CA","https://www.glassdoor.com/Reviews/HP-Inc-San-Francisco-Reviews-EI_IE1093161.0,6_IL.7,20_IC1147401.htm","https://www.glassdoor.com/Reviews/HP-Inc-San-Francisco-Reviews-EI_IE1093161.0,6_IL.7,20_IC1147401.htm",success,,HP Inc. San Francisco reviews,San Francisco,ceo_approval,ceo_approval:selector_failure,2026-06-28T14:36:17.183142+00:00
HP Inc.,"San Jose, CA","https://www.glassdoor.com/Reviews/HP-Inc-San-Jose-Reviews-EI_IE1093161.0,6_IL.7,15_IC1147436.htm","https://www.glassdoor.com/Reviews/HP-Inc-San-Jose-Reviews-EI_IE1093161.0,6_IL.7,15_IC1147436.htm",success,,HP Inc. San Jose reviews,San Jose,ceo_approval,ceo_approval:selector_failure,2026-06-28T14:36:25.439001+00:00
HP Inc.,"Santa Clara, CA","https://www.glassdoor.com/Reviews/HP-Inc-Santa-Clara-Reviews-EI_IE1093161.0,6_IL.7,18_IC1147439.htm","https://www.glassdoor.com/Reviews/HP-Inc-Santa-Clara-Reviews-EI_IE1093161.0,6_IL.7,18_IC1147439.htm",success,,HP Inc. Santa Clara reviews,Santa Clara,ceo_approval,ceo_approval:selector_failure,2026-06-28T14:36:34.659439+00:00
HP Inc.,"Toronto, ON","https://www.glassdoor.com/Reviews/HP-Inc-Toronto-Reviews-EI_IE1093161.0,6_IL.7,14_IC2281069.htm","https://www.glassdoor.com/Reviews/HP-Inc-Toronto-Reviews-EI_IE1093161.0,6_IL.7,14_IC2281069.htm",success,,HP Inc. Toronto reviews,Toronto,ceo_approval,ceo_approval:selector_failure,2026-06-28T14:36:42.803680+00:00
HP Inc.,"Moscow, 48","https://www.glassdoor.com/Reviews/HP-Inc-Moscow-Reviews-EI_IE1093161.0,6_IL.7,13_IC3348306.htm","https://www.glassdoor.com/Reviews/HP-Inc-Moscow-Reviews-EI_IE1093161.0,6_IL.7,13_IC3348306.htm",success,,HP Inc. Moscow reviews,Moscow,ceo_approval,ceo_approval:selector_failure,2026-06-28T14:36:52.226866+00:00
HP Inc.,"Munich, BY","https://www.glassdoor.com/Reviews/HP-Inc-Munich-Reviews-EI_IE1093161.0,6_IL.7,13_IC4990924.htm","https://www.glassdoor.com/Reviews/HP-Inc-Munich-Reviews-EI_IE1093161.0,6_IL.7,13_IC4990924.htm",success,,HP Inc. Munich reviews,Munich,ceo_approval,ceo_approval:selector_failure,2026-06-28T14:37:00.664067+00:00
HP Inc.,"Reading, ENG","https://www.glassdoor.com/Reviews/HP-Inc-Reading-Reviews-EI_IE1093161.0,6_IL.7,14_IC2675152.htm","https://www.glassdoor.com/Reviews/HP-Inc-Reading-Reviews-EI_IE1093161.0,6_IL.7,14_IC2675152.htm",success,,HP Inc. Reading reviews,Reading,ceo_approval,ceo_approval:selector_failure,2026-06-28T14:37:07.852083+00:00
HP Inc.,"Zürich, ZH","https://www.glassdoor.com/Reviews/HP-Inc-Z%C3%BCrich-Reviews-EI_IE1093161.0,6_IL.7,13_IC3297851.htm","https://www.glassdoor.com/Reviews/HP-Inc-Z%C3%BCrich-Reviews-EI_IE1093161.0,6_IL.7,13_IC3297851.htm",success,,HP Inc. Zürich reviews,Zürich,ceo_approval,ceo_approval:selector_failure,2026-06-28T14:37:15.331112+00:00
HP Inc.,"Bengaluru, KA","https://www.glassdoor.com/Reviews/HP-Inc-Bengaluru-Reviews-EI_IE1093161.0,6_IL.7,16_IC2940587.htm","https://www.glassdoor.com/Reviews/HP-Inc-Bengaluru-Reviews-EI_IE1093161.0,6_IL.7,16_IC2940587.htm",success,,HP Inc. Bengaluru reviews,Bengaluru,,,2026-06-28T14:37:23.610212+00:00
HP Inc.,"Hsinchu, TXG","https://www.glassdoor.com/Reviews/HP-Inc-Hsinchu-Reviews-EI_IE1093161.0,6_IL.7,14_IC4915323.htm","https://www.glassdoor.com/Reviews/HP-Inc-Hsinchu-Reviews-EI_IE1093161.0,6_IL.7,14_IC4915323.htm",success,,HP Inc. Hsinchu reviews,Hsinchu,ceo_approval,ceo_approval:selector_failure,2026-06-28T14:37:31.202812+00:00
HP Inc.,"Pudong, 23","https://www.glassdoor.com/Reviews/HP-Inc-Pudong-Reviews-EI_IE1093161.0,6_IL.7,13_IC2415109.htm","https://www.glassdoor.com/Reviews/HP-Inc-Pudong-Reviews-EI_IE1093161.0,6_IL.7,13_IC2415109.htm",success,,HP Inc. Pudong reviews,Pudong,"ceo_approval,diversity_inclusion","ceo_approval:selector_failure,diversity_inclusion:page_missing",2026-06-28T14:37:38.657445+00:00
HP Inc.,"Pune, MH","https://www.glassdoor.com/Reviews/HP-Inc-Pune-Reviews-EI_IE1093161.0,6_IL.7,11_IC2856202.htm","https://www.glassdoor.com/Reviews/HP-Inc-Pune-Reviews-EI_IE1093161.0,6_IL.7,11_IC2856202.htm",success,,HP Inc. Pune reviews,Pune,ceo_approval,ceo_approval:selector_failure,2026-06-28T14:37:49.399247+00:00
HP Inc.,"Shanghai, 23","https://www.glassdoor.com/Reviews/HP-Inc-Shanghai-Reviews-EI_IE1093161.0,6_IL.7,15_IC2416009.htm","https://www.glassdoor.com/Reviews/HP-Inc-Shanghai-Reviews-EI_IE1093161.0,6_IL.7,15_IC2416009.htm",success,,HP Inc. Shanghai reviews,Shanghai,,,2026-06-28T14:37:58.268534+00:00
HP Inc.,"San Jose, MP","https://www.glassdoor.com/Reviews/HP-Inc-San-Jose-Reviews-EI_IE1093161.0,6_IL.7,15_IC1147436.htm","https://www.glassdoor.com/Reviews/HP-Inc-San-Jose-Reviews-EI_IE1093161.0,6_IL.7,15_IC1147436.htm",success,,HP Inc. San Jose reviews,San Jose,ceo_approval,ceo_approval:selector_failure,2026-06-28T14:37:58.394338+00:00
HP Inc.,"Frankfurt am Main, HE","https://www.glassdoor.com/Reviews/HP-Inc-Frankfurt-am-Main-Reviews-EI_IE1093161.0,6_IL.7,24_IC2632180.htm","https://www.glassdoor.com/Reviews/HP-Inc-Frankfurt-am-Main-Reviews-EI_IE1093161.0,6_IL.7,24_IC2632180.htm",success,,HP Inc. Frankfurt am Main reviews,Frankfurt am Main,ceo_approval,ceo_approval:selector_failure,2026-06-28T14:38:06.831645+00:00
HP Inc.,"Boise, ID","https://www.glassdoor.com/Reviews/HP-Inc-Boise-Reviews-EI_IE1093161.0,6_IL.7,12_IC1127927.htm","https://www.glassdoor.com/Reviews/HP-Inc-Boise-Reviews-EI_IE1093161.0,6_IL.7,12_IC1127927.htm",success,,HP Inc. Boise reviews,Boise,ceo_approval,ceo_approval:selector_failure,2026-06-28T14:38:19.346026+00:00
HP Inc.,"Corvallis, OR","https://www.glassdoor.com/Reviews/HP-Inc-Corvallis-Reviews-EI_IE1093161.0,6_IL.7,16_IC1151455.htm","https://www.glassdoor.com/Reviews/HP-Inc-Corvallis-Reviews-EI_IE1093161.0,6_IL.7,16_IC1151455.htm",success,,HP Inc. Corvallis reviews,Corvallis,ceo_approval,ceo_approval:selector_failure,2026-06-28T14:38:27.897147+00:00
HP Inc.,"Fort Collins, CO","https://www.glassdoor.com/Reviews/HP-Inc-Fort-Collins-Reviews-EI_IE1093161.0,6_IL.7,19_IC1148233.htm","https://www.glassdoor.com/Reviews/HP-Inc-Fort-Collins-Reviews-EI_IE1093161.0,6_IL.7,19_IC1148233.htm",success,,HP Inc. Fort Collins reviews,Fort Collins,ceo_approval,ceo_approval:selector_failure,2026-06-28T14:38:36.134295+00:00
HP Inc.,"Guadalajara, JAL","https://www.glassdoor.com/Reviews/HP-Inc-Guadalajara-Reviews-EI_IE1093161.0,6_IL.7,18_IC3486357.htm","https://www.glassdoor.com/Reviews/HP-Inc-Guadalajara-Reviews-EI_IE1093161.0,6_IL.7,18_IC3486357.htm",success,,HP Inc. Guadalajara reviews,Guadalajara,ceo_approval,ceo_approval:selector_failure,2026-06-28T14:38:43.920132+00:00
HP Inc.,"Houston, TX","https://www.glassdoor.com/Reviews/HP-Inc-Houston-Reviews-EI_IE1093161.0,6_IL.7,14_IC1140171.htm","https://www.glassdoor.com/Reviews/HP-Inc-Houston-Reviews-EI_IE1093161.0,6_IL.7,14_IC1140171.htm",success,,HP Inc. Houston reviews,Houston,,,2026-06-28T14:38:51.884504+00:00
HP Inc.,"Palo Alto, CA","https://www.glassdoor.com/Reviews/HP-Inc-Palo-Alto-Reviews-EI_IE1093161.0,6_IL.7,16_IC1147434.htm","https://www.glassdoor.com/Reviews/HP-Inc-Palo-Alto-Reviews-EI_IE1093161.0,6_IL.7,16_IC1147434.htm",success,,HP Inc. Palo Alto reviews,Palo Alto,ceo_approval,ceo_approval:selector_failure,2026-06-28T14:38:59.144927+00:00
HP Inc.,"Portland, OR","https://www.glassdoor.com/Reviews/HP-Inc-Portland-Reviews-EI_IE1093161.0,6_IL.7,15_IC1151614.htm","https://www.glassdoor.com/Reviews/HP-Inc-Portland-Reviews-EI_IE1093161.0,6_IL.7,15_IC1151614.htm",success,,HP Inc. Portland reviews,Portland,ceo_approval,ceo_approval:selector_failure,2026-06-28T14:39:07.323541+00:00
HP Inc.,"San Diego, CA","https://www.glassdoor.com/Reviews/HP-Inc-San-Diego-Reviews-EI_IE1093161.0,6_IL.7,16_IC1147311.htm","https://www.glassdoor.com/Reviews/HP-Inc-San-Diego-Reviews-EI_IE1093161.0,6_IL.7,16_IC1147311.htm",success,,HP Inc. San Diego reviews,San Diego,,,2026-06-28T14:39:15.014633+00:00
HP Inc.,"Spring, TX","https://www.glassdoor.com/Reviews/HP-Inc-Spring-Reviews-EI_IE1093161.0,6_IL.7,13_IC1140222.htm","https://www.glassdoor.com/Reviews/HP-Inc-Spring-Reviews-EI_IE1093161.0,6_IL.7,13_IC1140222.htm",success,,HP Inc. Spring reviews,Spring,,,2026-06-28T14:39:22.852553+00:00
HP Inc.,"Sunnyvale, CA","https://www.glassdoor.com/Reviews/HP-Inc-Sunnyvale-Reviews-EI_IE1093161.0,6_IL.7,16_IC1147442.htm","https://www.glassdoor.com/Reviews/HP-Inc-Sunnyvale-Reviews-EI_IE1093161.0,6_IL.7,16_IC1147442.htm",success,,HP Inc. Sunnyvale reviews,Sunnyvale,ceo_approval,ceo_approval:selector_failure,2026-06-28T14:39:31.595797+00:00
HP Inc.,"Tlaquepaque, JAL","https://www.glassdoor.com/Reviews/HP-Inc-Tlaquepaque-Reviews-EI_IE1093161.0,6_IL.7,18_IC3486348.htm","https://www.glassdoor.com/Reviews/HP-Inc-Tlaquepaque-Reviews-EI_IE1093161.0,6_IL.7,18_IC3486348.htm",success,,HP Inc. Tlaquepaque reviews,Tlaquepaque,,,2026-06-28T14:39:39.961915+00:00
HP Inc.,"Vancouver, WA","https://www.glassdoor.com/Reviews/HP-Inc-Vancouver-Reviews-EI_IE1093161.0,6_IL.7,16_IC1150413.htm","https://www.glassdoor.com/Reviews/HP-Inc-Vancouver-Reviews-EI_IE1093161.0,6_IL.7,16_IC1150413.htm",success,,HP Inc. Vancouver reviews,Vancouver,ceo_approval,ceo_approval:selector_failure,2026-06-28T14:39:48.058421+00:00
HP Inc.,"Zapopan, JAL","https://www.glassdoor.com/Reviews/HP-Inc-Zapopan-Reviews-EI_IE1093161.0,6_IL.7,14_IC3487018.htm","https://www.glassdoor.com/Reviews/HP-Inc-Zapopan-Reviews-EI_IE1093161.0,6_IL.7,14_IC3487018.htm",success,,HP Inc. Zapopan reviews,Zapopan,ceo_approval,ceo_approval:selector_failure,2026-06-28T14:39:56.491869+00:00
HP Inc.,"Boulogne-Billancourt, A8","https://www.glassdoor.com/Reviews/HP-Inc-Boulogne-Billancourt-Reviews-EI_IE1093161.0,6_IL.7,27_IC3040032.htm","https://www.glassdoor.com/Reviews/HP-Inc-Boulogne-Billancourt-Reviews-EI_IE1093161.0,6_IL.7,27_IC3040032.htm",success,,HP Inc. Boulogne-Billancourt reviews,Boulogne-Billancourt,ceo_approval,ceo_approval:selector_failure,2026-06-28T14:40:04.623456+00:00
HP Inc.,"Bucharest, B","https://www.glassdoor.com/Reviews/HP-Inc-Bucharest-Reviews-EI_IE1093161.0,6_IL.7,16_IC3184907.htm","https://www.glassdoor.com/Reviews/HP-Inc-Bucharest-Reviews-EI_IE1093161.0,6_IL.7,16_IC3184907.htm",success,,HP Inc. Bucharest reviews,Bucharest,,,2026-06-28T14:40:11.545467+00:00
HP Inc.,"Cambridge, ENG","https://www.glassdoor.com/Reviews/HP-Inc-Cambridge-Reviews-EI_IE1093161.0,6_IL.7,16_IC2662516.htm","https://www.glassdoor.com/Reviews/HP-Inc-Cambridge-Reviews-EI_IE1093161.0,6_IL.7,16_IC2662516.htm",success,,HP Inc. Cambridge reviews,Cambridge,ceo_approval,ceo_approval:selector_failure,2026-06-28T14:40:19.408367+00:00
HP Inc.,"Meudon, A8","https://www.glassdoor.com/Reviews/HP-Inc-Meudon-Reviews-EI_IE1093161.0,6_IL.7,13_IC3019026.htm","https://www.glassdoor.com/Reviews/HP-Inc-Meudon-Reviews-EI_IE1093161.0,6_IL.7,13_IC3019026.htm",success,,HP Inc. Meudon reviews,Meudon,ceo_approval,ceo_approval:selector_failure,2026-06-28T14:40:26.320048+00:00
HP Inc.,"Paris, A8","https://www.glassdoor.com/Reviews/HP-Inc-Paris-Reviews-EI_IE1093161.0,6_IL.7,12_IC2881970.htm","https://www.glassdoor.com/Reviews/HP-Inc-Paris-Reviews-EI_IE1093161.0,6_IL.7,12_IC2881970.htm",success,,HP Inc. Paris reviews,Paris,ceo_approval,ceo_approval:selector_failure,2026-06-28T14:40:33.495429+00:00
HP Inc.,"Sant Cugat del Vallès, CT","https://www.glassdoor.com/Reviews/HP-Inc-Sant-Cugat-del-Vallès-Reviews-EI_IE1093161.0,6_IL.7,28_IC4843928.htm","https://www.glassdoor.com/Reviews/HP-Inc-Sant-Cugat-del-Vall%C3%A8s-Reviews-EI_IE1093161.0,6_IL.7,28_IC4843928.htm",success,,HP Inc. Sant Cugat del Vallès reviews,Sant Cugat del Vallès,,,2026-06-28T14:40:41.157403+00:00
HP Inc.,"Tuas, W","https://www.glassdoor.com/Reviews/HP-Inc-Tuas-Reviews-EI_IE1093161.0,6_IL.7,11_IC3235538.htm","https://www.glassdoor.com/Reviews/HP-Inc-Tuas-Reviews-EI_IE1093161.0,6_IL.7,11_IC3235538.htm",success,,HP Inc. Tuas reviews,Tuas,ceo_approval,ceo_approval:selector_failure,2026-06-28T14:40:48.491930+00:00
HP Inc.,"Whitefield, KA","https://www.glassdoor.com/Reviews/HP-Inc-Whitefield-Reviews-EI_IE1093161.0,6_IL.7,17_IC2941717.htm","https://www.glassdoor.com/Reviews/HP-Inc-Whitefield-Reviews-EI_IE1093161.0,6_IL.7,17_IC2941717.htm",success,,HP Inc. Whitefield reviews,Whitefield,ceo_approval,ceo_approval:selector_failure,2026-06-28T14:40:56.250752+00:00
HP Inc.,"Jersey City, NJ","https://www.glassdoor.com/Reviews/HP-Inc-Jersey-City-Reviews-EI_IE1093161.0,6_IL.7,18_IC1126819.htm","https://www.glassdoor.com/Reviews/HP-Inc-Jersey-City-Reviews-EI_IE1093161.0,6_IL.7,18_IC1126819.htm",success,,HP Inc. Jersey City reviews,Jersey City,ceo_approval,ceo_approval:selector_failure,2026-06-28T14:41:03.910242+00:00
HP Inc.,"Cork, M","https://www.glassdoor.com/Reviews/HP-Inc-Cork-Reviews-EI_IE1093161.0,6_IL.7,11_IC4325638.htm","https://www.glassdoor.com/Reviews/HP-Inc-Cork-Reviews-EI_IE1093161.0,6_IL.7,11_IC4325638.htm",success,,HP Inc. Cork reviews,Cork,ceo_approval,ceo_approval:selector_failure,2026-06-28T14:41:11.521055+00:00
HP Inc.,"London, ENG","https://www.glassdoor.com/Reviews/HP-Inc-London-Reviews-EI_IE1093161.0,6_IL.7,13_IC2671300.htm","https://www.glassdoor.com/Reviews/HP-Inc-London-Reviews-EI_IE1093161.0,6_IL.7,13_IC2671300.htm",success,,HP Inc. London reviews,London,,,2026-06-28T14:41:20.628115+00:00
HP Inc.,"Boston, MA","https://www.glassdoor.com/Reviews/HP-Inc-Boston-Reviews-EI_IE1093161.0,6_IL.7,13_IC1154532.htm","https://www.glassdoor.com/Reviews/HP-Inc-Boston-Reviews-EI_IE1093161.0,6_IL.7,13_IC1154532.htm",success,,HP Inc. Boston reviews,Boston,ceo_approval,ceo_approval:selector_failure,2026-06-28T14:41:28.588207+00:00
HP Inc.,"Georgetown, TX","https://www.glassdoor.com/Reviews/HP-Inc-Georgetown-Reviews-EI_IE1093161.0,6_IL.7,17_IC1139774.htm","https://www.glassdoor.com/Reviews/HP-Inc-Georgetown-Reviews-EI_IE1093161.0,6_IL.7,17_IC1139774.htm",success,,HP Inc. Georgetown reviews,Georgetown,"recommend,ceo_approval,diversity_inclusion,work_life_balance,compensation_benefits,culture_values,career_opportunities,senior_management","career_opportunities:selector_failure,ceo_approval:selector_failure,compensation_benefits:selector_failure,culture_values:page_missing,diversity_inclusion:page_missing,recommend:selector_failure,senior_management:selector_failure,work_life_balance:selector_failure",2026-06-28T14:41:41.730285+00:00
HP Inc.,"Round Rock, TX","https://www.glassdoor.com/Reviews/HP-Inc-Round-Rock-Reviews-EI_IE1093161.0,6_IL.7,17_IC1139794.htm","https://www.glassdoor.com/Reviews/HP-Inc-Round-Rock-Reviews-EI_IE1093161.0,6_IL.7,17_IC1139794.htm",success,,HP Inc. Round Rock reviews,Round Rock,ceo_approval,ceo_approval:selector_failure,2026-06-28T14:41:50.507084+00:00
HP Inc.,"Chicago, IL","https://www.glassdoor.com/Reviews/HP-Inc-Chicago-Reviews-EI_IE1093161.0,6_IL.7,14_IC1128808.htm","https://www.glassdoor.com/Reviews/HP-Inc-Chicago-Reviews-EI_IE1093161.0,6_IL.7,14_IC1128808.htm",success,,HP Inc. Chicago reviews,Chicago,ceo_approval,ceo_approval:selector_failure,2026-06-28T14:41:58.045741+00:00
HP Inc.,"Bratislava, 02","https://www.glassdoor.com/Reviews/HP-Inc-Bratislava-Reviews-EI_IE1093161.0,6_IL.7,17_IC2907054.htm","https://www.glassdoor.com/Reviews/HP-Inc-Bratislava-Reviews-EI_IE1093161.0,6_IL.7,17_IC2907054.htm",success,,HP Inc. Bratislava reviews,Bratislava,ceo_approval,ceo_approval:selector_failure,2026-06-28T14:42:05.312027+00:00
HP Inc.,"Stuttgart, BW","https://www.glassdoor.com/Reviews/HP-Inc-Stuttgart-Reviews-EI_IE1093161.0,6_IL.7,16_IC2507190.htm","https://www.glassdoor.com/Reviews/HP-Inc-Stuttgart-Reviews-EI_IE1093161.0,6_IL.7,16_IC2507190.htm",success,,HP Inc. Stuttgart reviews,Stuttgart,"ceo_approval,diversity_inclusion","ceo_approval:selector_failure,diversity_inclusion:page_missing",2026-06-28T14:42:12.976598+00:00
HP Inc.,"Beijing, 22","https://www.glassdoor.com/Reviews/HP-Inc-Beijing-Reviews-EI_IE1093161.0,6_IL.7,14_IC2398510.htm","https://www.glassdoor.com/Reviews/HP-Inc-Beijing-Reviews-EI_IE1093161.0,6_IL.7,14_IC2398510.htm",success,,HP Inc. Beijing reviews,Beijing,ceo_approval,ceo_approval:selector_failure,2026-06-28T14:42:21.010273+00:00
HP Inc.,Hong Kong,"https://www.glassdoor.com/Reviews/HP-Inc-Hong-Kong-Reviews-EI_IE1093161.0,6_IL.7,16_IC2308631.htm","https://www.glassdoor.com/Reviews/HP-Inc-Hong-Kong-Reviews-EI_IE1093161.0,6_IL.7,16_IC2308631.htm",success,,HP Inc. Hong Kong reviews,Hong Kong,ceo_approval,ceo_approval:selector_failure,2026-06-28T14:42:29.734573+00:00
HP Inc.,"Buenos Aires, C","https://www.glassdoor.com/Reviews/HP-Inc-Buenos-Aires-Reviews-EI_IE1093161.0,6_IL.7,19_IC2242084.htm","https://www.glassdoor.com/Reviews/HP-Inc-Buenos-Aires-Reviews-EI_IE1093161.0,6_IL.7,19_IC2242084.htm",success,,HP Inc. Buenos Aires reviews,Buenos Aires,ceo_approval,ceo_approval:selector_failure,2026-06-28T14:42:36.916652+00:00
HP Inc.,"Campinas, SP","https://www.glassdoor.com/Reviews/HP-Inc-Campinas-Reviews-EI_IE1093161.0,6_IL.7,15_IC2490130.htm","https://www.glassdoor.com/Reviews/HP-Inc-Campinas-Reviews-EI_IE1093161.0,6_IL.7,15_IC2490130.htm",success,,HP Inc. Campinas reviews,Campinas,"ceo_approval,diversity_inclusion","ceo_approval:selector_failure,diversity_inclusion:page_missing",2026-06-28T14:42:44.123218+00:00
HP Inc.,"Sorocaba, SP","https://www.glassdoor.com/Reviews/HP-Inc-Sorocaba-Reviews-EI_IE1093161.0,6_IL.7,15_IC2475809.htm","https://www.glassdoor.com/Reviews/HP-Inc-Sorocaba-Reviews-EI_IE1093161.0,6_IL.7,15_IC2475809.htm",success,,HP Inc. Sorocaba reviews,Sorocaba,"ceo_approval,diversity_inclusion,senior_management","ceo_approval:selector_failure,diversity_inclusion:page_missing,senior_management:selector_failure",2026-06-28T14:42:52.710358+00:00
HP Inc.,Global,https://www.glassdoor.com/Reviews/HP-Inc-Reviews-E1093161.htm,https://www.glassdoor.com/Reviews/HP-Inc-Reviews-E1093161.htm,success,,HP Inc. reviews,Global,,,2026-06-28T14:43:01.995947+00:00
HP Inc.,Taipei,"https://www.glassdoor.com/Reviews/HP-Inc-Taipei-Reviews-EI_IE1093161.0,6_IL.7,13_IC3271041.htm","https://www.glassdoor.com/Reviews/HP-Inc-Taipei-Reviews-EI_IE1093161.0,6_IL.7,13_IC3271041.htm",success,,HP Inc. Taipei reviews,Taipei,ceo_approval,ceo_approval:selector_failure,2026-06-28T14:43:02.105223+00:00
Quanta Computer,"Fremont, CA","https://www.glassdoor.com/Reviews/Quanta-Computer-Fremont-Reviews-EI_IE11939.0,15_IL.16,23_IC1147355.htm","https://www.glassdoor.com/Reviews/Quanta-Computer-Fremont-Reviews-EI_IE11939.0,15_IL.16,23_IC1147355.htm",success,,Quanta Computer Fremont reviews,Fremont,,,2026-06-28T14:43:08.931986+00:00
Quanta Computer,"Taipei, TPQ","https://www.glassdoor.com/Reviews/Quanta-Computer-Taipei-Reviews-EI_IE11939.0,15_IL.16,22_IC3271041.htm","https://www.glassdoor.com/Reviews/Quanta-Computer-Taipei-Reviews-EI_IE11939.0,15_IL.16,22_IC3271041.htm",success,,Quanta Computer Taipei reviews,Taipei,,,2026-06-28T14:43:17.884130+00:00
Quanta Computer,"São Paulo, SP","https://www.glassdoor.com/Reviews/Quanta-Computer-S%C3%A3o-Paulo-Reviews-EI_IE11939.0,15_IL.16,25_IC2479061.htm","https://www.glassdoor.com/Reviews/Quanta-Computer-S%C3%A3o-Paulo-Reviews-EI_IE11939.0,15_IL.16,25_IC2479061.htm",success,,Quanta Computer São Paulo reviews,São Paulo,"ceo_approval,diversity_inclusion,work_life_balance,compensation_benefits,culture_values,career_opportunities,senior_management","career_opportunities:selector_failure,ceo_approval:selector_failure,compensation_benefits:selector_failure,culture_values:page_missing,diversity_inclusion:page_missing,senior_management:selector_failure,work_life_balance:selector_failure",2026-06-28T14:43:25.414974+00:00
Quanta Computer,"Santa Clara, CA","https://www.glassdoor.com/Reviews/Quanta-Computer-Santa-Clara-Reviews-EI_IE11939.0,15_IL.16,27_IC1147439.htm","https://www.glassdoor.com/Reviews/Quanta-Computer-Santa-Clara-Reviews-EI_IE11939.0,15_IL.16,27_IC1147439.htm",success,,Quanta Computer Santa Clara reviews,Santa Clara,ceo_approval,ceo_approval:selector_failure,2026-06-28T14:43:34.304422+00:00
Quanta Computer,"Shanghai, 23","https://www.glassdoor.com/Reviews/Quanta-Computer-Shanghai-Reviews-EI_IE11939.0,15_IL.16,24_IC2416009.htm","https://www.glassdoor.com/Reviews/Quanta-Computer-Shanghai-Reviews-EI_IE11939.0,15_IL.16,24_IC2416009.htm",success,,Quanta Computer Shanghai reviews,Shanghai,,,2026-06-28T14:43:42.594361+00:00
Quanta Computer,"San Jose, MP","https://www.glassdoor.com/Reviews/Quanta-Computer-San-Jose-Reviews-EI_IE11939.0,15_IL.16,24_IC1147436.htm","https://www.glassdoor.com/Reviews/Quanta-Computer-San-Jose-Reviews-EI_IE11939.0,15_IL.16,24_IC1147436.htm",success,,Quanta Computer San Jose reviews,San Jose,,,2026-06-28T14:43:51.524671+00:00
Quanta Computer,Global,https://www.glassdoor.com/Reviews/Quanta-Computer-Reviews-E11939.htm,https://www.glassdoor.com/Reviews/Quanta-Computer-Reviews-E11939.htm,success,,Quanta Computer reviews,Global,,,2026-06-28T14:43:59.475598+00:00
Wistron,"Ciudad de Mexico, MEX","https://www.glassdoor.com/Reviews/Wistron-Ciudad-de-Mexico-Reviews-EI_IE15218.0,7_IL.8,24_IC5017436.htm","https://www.glassdoor.com/Reviews/Wistron-Ciudad-de-Mexico-Reviews-EI_IE15218.0,7_IL.8,24_IC5017436.htm",success,,Wistron Ciudad de Mexico reviews,Ciudad de Mexico,"recommend,ceo_approval","ceo_approval:selector_failure,recommend:selector_failure",2026-06-28T14:44:07.863369+00:00
Wistron,"Fremont, CA","https://www.glassdoor.com/Reviews/Wistron-Fremont-Reviews-EI_IE15218.0,7_IL.8,15_IC1147355.htm","https://www.glassdoor.com/Reviews/Wistron-Fremont-Reviews-EI_IE15218.0,7_IL.8,15_IC1147355.htm",success,,Wistron Fremont reviews,Fremont,,,2026-06-28T14:44:15.118261+00:00
Wistron,"Kuala Lumpur, 14","https://www.glassdoor.com/Reviews/Wistron-Kuala-Lumpur-Reviews-EI_IE15218.0,7_IL.8,20_IC2986682.htm","https://www.glassdoor.com/Reviews/Wistron-Kuala-Lumpur-Reviews-EI_IE15218.0,7_IL.8,20_IC2986682.htm",success,,Wistron Kuala Lumpur reviews,Kuala Lumpur,"recommend,ceo_approval","ceo_approval:selector_failure,recommend:selector_failure",2026-06-28T14:44:22.586939+00:00
Wistron,"Manila, D9","https://www.glassdoor.com/Reviews/Wistron-Manila-Reviews-EI_IE15218.0,7_IL.8,14_IC2363570.htm","https://www.glassdoor.com/Reviews/Wistron-Manila-Reviews-EI_IE15218.0,7_IL.8,14_IC2363570.htm",success,,Wistron Manila reviews,Manila,,,2026-06-28T14:44:30.722964+00:00
Wistron,Singapore,"https://www.glassdoor.com/Reviews/Wistron-Singapore-Reviews-EI_IE15218.0,7_IL.8,17_IC3235921.htm","https://www.glassdoor.com/Reviews/Wistron-Singapore-Reviews-EI_IE15218.0,7_IL.8,17_IC3235921.htm",success,,Wistron Singapore reviews,Singapore,,,2026-06-28T14:44:37.507353+00:00
Wistron,"Taipei, TPQ","https://www.glassdoor.com/Reviews/Wistron-Taipei-Reviews-EI_IE15218.0,7_IL.8,14_IC3271041.htm","https://www.glassdoor.com/Reviews/Wistron-Taipei-Reviews-EI_IE15218.0,7_IL.8,14_IC3271041.htm",success,,Wistron Taipei reviews,Taipei,,,2026-06-28T14:44:44.466642+00:00
Wistron,"San Francisco, CA","https://www.glassdoor.com/Reviews/Wistron-San-Francisco-Reviews-EI_IE15218.0,7_IL.8,21_IC1147401.htm","https://www.glassdoor.com/Reviews/Wistron-San-Francisco-Reviews-EI_IE15218.0,7_IL.8,21_IC1147401.htm",success,,Wistron San Francisco reviews,San Francisco,ceo_approval,ceo_approval:selector_failure,2026-06-28T14:44:51.390136+00:00
Wistron,"San Jose, CA","https://www.glassdoor.com/Reviews/Wistron-San-Jose-Reviews-EI_IE15218.0,7_IL.8,16_IC1147436.htm","https://www.glassdoor.com/Reviews/Wistron-San-Jose-Reviews-EI_IE15218.0,7_IL.8,16_IC1147436.htm",success,,Wistron San Jose reviews,San Jose,,,2026-06-28T14:45:03.142776+00:00
Wistron,"Toronto, ON","https://www.glassdoor.com/Reviews/Wistron-Toronto-Reviews-EI_IE15218.0,7_IL.8,15_IC2281069.htm","https://www.glassdoor.com/Reviews/Wistron-Toronto-Reviews-EI_IE15218.0,7_IL.8,15_IC2281069.htm",success,,Wistron Toronto reviews,Toronto,,,2026-06-28T14:45:11.170041+00:00
Wistron,"Bengaluru, KA","https://www.glassdoor.com/Reviews/Wistron-Bengaluru-Reviews-EI_IE15218.0,7_IL.8,17_IC2940587.htm","https://www.glassdoor.com/Reviews/Wistron-Bengaluru-Reviews-EI_IE15218.0,7_IL.8,17_IC2940587.htm",success,,Wistron Bengaluru reviews,Bengaluru,,,2026-06-28T14:45:19.567491+00:00
Wistron,"Hsinchu, TXG","https://www.glassdoor.com/Reviews/Wistron-Hsinchu-Reviews-EI_IE15218.0,7_IL.8,15_IC4915323.htm","https://www.glassdoor.com/Reviews/Wistron-Hsinchu-Reviews-EI_IE15218.0,7_IL.8,15_IC4915323.htm",success,,Wistron Hsinchu reviews,Hsinchu,,,2026-06-28T14:45:26.247563+00:00
Wistron,"Pudong, 23","https://www.glassdoor.com/Reviews/Wistron-Pudong-Reviews-EI_IE15218.0,7_IL.8,14_IC2415109.htm","https://www.glassdoor.com/Reviews/Wistron-Pudong-Reviews-EI_IE15218.0,7_IL.8,14_IC2415109.htm",success,,Wistron Pudong reviews,Pudong,"recommend,ceo_approval","ceo_approval:selector_failure,recommend:selector_failure",2026-06-28T14:45:34.990900+00:00
Wistron,"Shanghai, 23",https://www.glassdoor.com/Reviews/index.htm,https://www.glassdoor.com/Reviews/index.htm,validation_failed,company_mismatch,Explore companies,,"recommend,ceo_approval,total_reviews","ceo_approval:page_missing,recommend:selector_failure,total_reviews:page_missing",2026-06-28T14:45:35.124067+00:00
Wistron,"San Jose, MP","https://www.glassdoor.com/Reviews/Wistron-San-Jose-Reviews-EI_IE15218.0,7_IL.8,16_IC1147436.htm","https://www.glassdoor.com/Reviews/Wistron-San-Jose-Reviews-EI_IE15218.0,7_IL.8,16_IC1147436.htm",success,,Wistron San Jose reviews,San Jose,,,2026-06-28T14:45:35.195315+00:00
Wistron,"Lake Forest, CA",https://www.glassdoor.com/Reviews/index.htm,https://www.glassdoor.com/Reviews/index.htm,validation_failed,company_mismatch,Explore companies,,"recommend,ceo_approval,total_reviews","ceo_approval:page_missing,recommend:selector_failure,total_reviews:page_missing",2026-06-28T14:45:35.326110+00:00
Wistron,"Rolling Meadows, IL","https://www.glassdoor.com/Reviews/Wistron-Rolling-Meadows-Reviews-EI_IE15218.0,7_IL.8,23_IC1128962.htm","https://www.glassdoor.com/Reviews/Wistron-Rolling-Meadows-Reviews-EI_IE15218.0,7_IL.8,23_IC1128962.htm",success,,Wistron Rolling Meadows reviews,Rolling Meadows,diversity_inclusion,diversity_inclusion:selector_failure,2026-06-28T14:45:42.186859+00:00
Wistron,"Wuhan, 12","https://www.glassdoor.com/Reviews/Wistron-Wuhan-Reviews-EI_IE15218.0,7_IL.8,13_IC2478891.htm","https://www.glassdoor.com/Reviews/Wistron-Wuhan-Reviews-EI_IE15218.0,7_IL.8,13_IC2478891.htm",success,,Wistron Wuhan reviews,Wuhan,"ceo_approval,diversity_inclusion","ceo_approval:selector_failure,diversity_inclusion:page_missing",2026-06-28T14:45:49.595517+00:00
Wistron,"Chicago, IL","https://www.glassdoor.com/Reviews/Wistron-Chicago-Reviews-EI_IE15218.0,7_IL.8,15_IC1128808.htm","https://www.glassdoor.com/Reviews/Wistron-Chicago-Reviews-EI_IE15218.0,7_IL.8,15_IC1128808.htm",success,,Wistron Chicago reviews,Chicago,ceo_approval,ceo_approval:selector_failure,2026-06-28T14:45:58.334561+00:00
Wistron,Hong Kong,"https://www.glassdoor.com/Reviews/Wistron-Hong-Kong-Reviews-EI_IE15218.0,7_IL.8,17_IC2308631.htm","https://www.glassdoor.com/Reviews/Wistron-Hong-Kong-Reviews-EI_IE15218.0,7_IL.8,17_IC2308631.htm",success,,Wistron Hong Kong reviews,Hong Kong,ceo_approval,ceo_approval:selector_failure,2026-06-28T14:46:06.794566+00:00
Wistron,Global,https://www.glassdoor.com/Reviews/Wistron-Reviews-E15218.htm,https://www.glassdoor.com/Reviews/Wistron-Reviews-E15218.htm,success,,Wistron reviews,Global,,,2026-06-28T14:46:15.312568+00:00
Wistron,Taipei,"https://www.glassdoor.com/Reviews/Wistron-Taipei-Reviews-EI_IE15218.0,7_IL.8,14_IC3271041.htm","https://www.glassdoor.com/Reviews/Wistron-Taipei-Reviews-EI_IE15218.0,7_IL.8,14_IC3271041.htm",success,,Wistron Taipei reviews,Taipei,,,2026-06-28T14:46:15.405874+00:00
Wistron,Hsinchu,"https://www.glassdoor.com/Reviews/Wistron-Hsinchu-Reviews-EI_IE15218.0,7_IL.8,15_IC4915323.htm","https://www.glassdoor.com/Reviews/Wistron-Hsinchu-Reviews-EI_IE15218.0,7_IL.8,15_IC4915323.htm",success,,Wistron Hsinchu reviews,Hsinchu,,,2026-06-28T14:46:15.500562+00:00
Wistron,Shanghai,https://www.glassdoor.com/Reviews/index.htm,https://www.glassdoor.com/Reviews/index.htm,validation_failed,company_mismatch,Explore companies,,"recommend,ceo_approval,total_reviews","ceo_approval:page_missing,recommend:selector_failure,total_reviews:page_missing",2026-06-28T14:46:15.630917+00:00
Compal Electronics,"Taipei, TPQ","https://www.glassdoor.com/Reviews/Compal-Electronics-Taipei-Reviews-EI_IE13464.0,18_IL.19,25_IC3271041.htm","https://www.glassdoor.com/Reviews/Compal-Electronics-Taipei-Reviews-EI_IE13464.0,18_IL.19,25_IC3271041.htm",success,,Compal Electronics Taipei reviews,Taipei,,,2026-06-28T14:46:23.754009+00:00
Compal Electronics,"São Paulo, SP","https://www.glassdoor.com/Reviews/Compal-Electronics-S%C3%A3o-Paulo-Reviews-EI_IE13464.0,18_IL.19,28_IC2479061.htm","https://www.glassdoor.com/Reviews/Compal-Electronics-S%C3%A3o-Paulo-Reviews-EI_IE13464.0,18_IL.19,28_IC2479061.htm",success,,Compal Electronics São Paulo reviews,São Paulo,ceo_approval,ceo_approval:selector_failure,2026-06-28T14:46:31.781739+00:00
Compal Electronics,"Shanghai, 23","https://www.glassdoor.com/Reviews/Compal-Electronics-Shanghai-Reviews-EI_IE13464.0,18_IL.19,27_IC2416009.htm","https://www.glassdoor.com/Reviews/Compal-Electronics-Shanghai-Reviews-EI_IE13464.0,18_IL.19,27_IC2416009.htm",success,,Compal Electronics Shanghai reviews,Shanghai,"recommend,ceo_approval,diversity_inclusion,culture_values","ceo_approval:selector_failure,culture_values:page_missing,diversity_inclusion:page_missing,recommend:selector_failure",2026-06-28T14:46:39.984926+00:00
Compal Electronics,"San Jose, MP","https://www.glassdoor.com/Reviews/Compal-Electronics-San-Jose-Reviews-EI_IE13464.0,18_IL.19,27_IC1147436.htm","https://www.glassdoor.com/Reviews/Compal-Electronics-San-Jose-Reviews-EI_IE13464.0,18_IL.19,27_IC1147436.htm",success,,Compal Electronics San Jose reviews,San Jose,,,2026-06-28T14:46:48.419693+00:00
Compal Electronics,Global,https://www.glassdoor.com/Reviews/Compal-Electronics-Reviews-E13464.htm,https://www.glassdoor.com/Reviews/Compal-Electronics-Reviews-E13464.htm,success,,Compal Electronics reviews,Global,,,2026-06-28T14:46:55.570074+00:00
Wiwynn,"Taipei, TPQ","https://www.glassdoor.com/Reviews/Wiwynn-Taipei-Reviews-EI_IE1161475.0,6_IL.7,13_IC3271041.htm","https://www.glassdoor.com/Reviews/Wiwynn-Taipei-Reviews-EI_IE1161475.0,6_IL.7,13_IC3271041.htm",success,,Wiwynn Taipei reviews,Taipei,ceo_approval,ceo_approval:selector_failure,2026-06-28T14:47:02.885976+00:00
Wiwynn,Global,https://www.glassdoor.com/Reviews/Wiwynn-Reviews-E1161475.htm,https://www.glassdoor.com/Reviews/Wiwynn-Reviews-E1161475.htm,success,,Wiwynn reviews,Global,ceo_approval,ceo_approval:selector_failure,2026-06-28T14:47:11.372673+00:00
Delta Electronics,"Ciudad de Mexico, MEX","https://www.glassdoor.com/Reviews/Delta-Electronics-Ciudad-de-Mexico-Reviews-EI_IE41146.0,17_IL.18,34_IC5017436.htm","https://www.glassdoor.com/Reviews/Delta-Electronics-Ciudad-de-Mexico-Reviews-EI_IE41146.0,17_IL.18,34_IC5017436.htm",success,,Delta Electronics Ciudad de Mexico reviews,Ciudad de Mexico,,,2026-06-28T14:47:20.149414+00:00
Delta Electronics,"Fremont, CA","https://www.glassdoor.com/Reviews/Delta-Electronics-Fremont-Reviews-EI_IE41146.0,17_IL.18,25_IC1147355.htm","https://www.glassdoor.com/Reviews/Delta-Electronics-Fremont-Reviews-EI_IE41146.0,17_IL.18,25_IC1147355.htm",success,,Delta Electronics Fremont reviews,Fremont,,,2026-06-28T14:47:27.462028+00:00
Delta Electronics,"Milan, LOM","https://www.glassdoor.com/Reviews/Delta-Electronics-Milan-Reviews-EI_IE41146.0,17_IL.18,23_IC2802090.htm","https://www.glassdoor.com/Reviews/Delta-Electronics-Milan-Reviews-EI_IE41146.0,17_IL.18,23_IC2802090.htm",success,,Delta Electronics Milan reviews,Milan,,,2026-06-28T14:47:34.945662+00:00
Delta Electronics,"Warsaw, MZ","https://www.glassdoor.com/Reviews/Delta-Electronics-Warsaw-Reviews-EI_IE41146.0,17_IL.18,24_IC3094484.htm","https://www.glassdoor.com/Reviews/Delta-Electronics-Warsaw-Reviews-EI_IE41146.0,17_IL.18,24_IC3094484.htm",success,,Delta Electronics Warsaw reviews,Warsaw,ceo_approval,ceo_approval:selector_failure,2026-06-28T14:47:42.868798+00:00
Delta Electronics,"Bangkok, 10","https://www.glassdoor.com/Reviews/Delta-Electronics-Bangkok-Reviews-EI_IE41146.0,17_IL.18,25_IC3179725.htm","https://www.glassdoor.com/Reviews/Delta-Electronics-Bangkok-Reviews-EI_IE41146.0,17_IL.18,25_IC3179725.htm",success,,Delta Electronics Bangkok reviews,Bangkok,,,2026-06-28T14:47:51.240529+00:00
Delta Electronics,"Manila, D9","https://www.glassdoor.com/Reviews/Delta-Electronics-Manila-Reviews-EI_IE41146.0,17_IL.18,24_IC2363570.htm","https://www.glassdoor.com/Reviews/Delta-Electronics-Manila-Reviews-EI_IE41146.0,17_IL.18,24_IC2363570.htm",success,,Delta Electronics Manila reviews,Manila,"recommend,ceo_approval,diversity_inclusion,work_life_balance,compensation_benefits,culture_values,career_opportunities,senior_management","career_opportunities:selector_failure,ceo_approval:selector_failure,compensation_benefits:selector_failure,culture_values:page_missing,diversity_inclusion:page_missing,recommend:selector_failure,senior_management:selector_failure,work_life_balance:selector_failure",2026-06-28T14:47:58.120611+00:00
Delta Electronics,"Mumbai, MH","https://www.glassdoor.com/Reviews/Delta-Electronics-Mumbai-Reviews-EI_IE41146.0,17_IL.18,24_IC2851180.htm","https://www.glassdoor.com/Reviews/Delta-Electronics-Mumbai-Reviews-EI_IE41146.0,17_IL.18,24_IC2851180.htm",success,,Delta Electronics Mumbai reviews,Mumbai,"ceo_approval,diversity_inclusion","ceo_approval:selector_failure,diversity_inclusion:page_missing",2026-06-28T14:48:06.230344+00:00
Delta Electronics,"Seoul, 11","https://www.glassdoor.com/Reviews/Delta-Electronics-Seoul-Reviews-EI_IE41146.0,17_IL.18,23_IC3021489.htm","https://www.glassdoor.com/Reviews/Delta-Electronics-Seoul-Reviews-EI_IE41146.0,17_IL.18,23_IC3021489.htm",success,,Delta Electronics Seoul reviews,Seoul,,,2026-06-28T14:48:14.571835+00:00
Delta Electronics,Singapore,"https://www.glassdoor.com/Reviews/Delta-Electronics-Singapore-Reviews-EI_IE41146.0,17_IL.18,27_IC3235921.htm","https://www.glassdoor.com/Reviews/Delta-Electronics-Singapore-Reviews-EI_IE41146.0,17_IL.18,27_IC3235921.htm",success,,Delta Electronics Singapore reviews,Singapore,,,2026-06-28T14:48:27.820010+00:00
Delta Electronics,"Taipei, TPQ","https://www.glassdoor.com/Reviews/Delta-Electronics-Taipei-Reviews-EI_IE41146.0,17_IL.18,24_IC3271041.htm","https://www.glassdoor.com/Reviews/Delta-Electronics-Taipei-Reviews-EI_IE41146.0,17_IL.18,24_IC3271041.htm",success,,Delta Electronics Taipei reviews,Taipei,,,2026-06-28T14:48:34.878958+00:00
Delta Electronics,"Tokyo, 40","https://www.glassdoor.com/Reviews/Delta-Electronics-Tokyo-Reviews-EI_IE41146.0,17_IL.18,23_IC2851580.htm","https://www.glassdoor.com/Reviews/Delta-Electronics-Tokyo-Reviews-EI_IE41146.0,17_IL.18,23_IC2851580.htm",success,,Delta Electronics Tokyo reviews,Tokyo,,,2026-06-28T14:48:43.030014+00:00
Delta Electronics,"São Paulo, SP","https://www.glassdoor.com/Reviews/Delta-Electronics-S%C3%A3o-Paulo-Reviews-EI_IE41146.0,17_IL.18,27_IC2479061.htm","https://www.glassdoor.com/Reviews/Delta-Electronics-S%C3%A3o-Paulo-Reviews-EI_IE41146.0,17_IL.18,27_IC2479061.htm",success,,Delta Electronics São Paulo reviews,São Paulo,ceo_approval,ceo_approval:selector_failure,2026-06-28T14:48:50.008522+00:00
Delta Electronics,"Sydney, NSW","https://www.glassdoor.com/Reviews/Delta-Electronics-Sydney-Reviews-EI_IE41146.0,17_IL.18,24_IC2235932.htm","https://www.glassdoor.com/Reviews/Delta-Electronics-Sydney-Reviews-EI_IE41146.0,17_IL.18,24_IC2235932.htm",success,,Delta Electronics Sydney reviews,Sydney,,,2026-06-28T14:48:56.965912+00:00
Delta Electronics,"Austin, TX","https://www.glassdoor.com/Reviews/Delta-Electronics-Austin-Reviews-EI_IE41146.0,17_IL.18,24_IC1139761.htm","https://www.glassdoor.com/Reviews/Delta-Electronics-Austin-Reviews-EI_IE41146.0,17_IL.18,24_IC1139761.htm",success,,Delta Electronics Austin reviews,Austin,,,2026-06-28T14:49:04.401148+00:00
Delta Electronics,"Durham, NC","https://www.glassdoor.com/Reviews/Delta-Electronics-Durham-Reviews-EI_IE41146.0,17_IL.18,24_IC1138697.htm","https://www.glassdoor.com/Reviews/Delta-Electronics-Durham-Reviews-EI_IE41146.0,17_IL.18,24_IC1138697.htm",success,,Delta Electronics Durham reviews,Durham,,,2026-06-28T14:49:12.239314+00:00
Delta Electronics,"San Francisco, CA","https://www.glassdoor.com/Reviews/Delta-Electronics-San-Francisco-Reviews-EI_IE41146.0,17_IL.18,31_IC1147401.htm","https://www.glassdoor.com/Reviews/Delta-Electronics-San-Francisco-Reviews-EI_IE41146.0,17_IL.18,31_IC1147401.htm",success,,Delta Electronics San Francisco reviews,San Francisco,,,2026-06-28T14:49:19.825048+00:00
Delta Electronics,"San Jose, CA","https://www.glassdoor.com/Reviews/Delta-Electronics-San-Jose-Reviews-EI_IE41146.0,17_IL.18,26_IC1147436.htm","https://www.glassdoor.com/Reviews/Delta-Electronics-San-Jose-Reviews-EI_IE41146.0,17_IL.18,26_IC1147436.htm",success,,Delta Electronics San Jose reviews,San Jose,,,2026-06-28T14:49:28.813156+00:00
Delta Electronics,"Toronto, ON","https://www.glassdoor.com/Reviews/Delta-Electronics-Toronto-Reviews-EI_IE41146.0,17_IL.18,25_IC2281069.htm","https://www.glassdoor.com/Reviews/Delta-Electronics-Toronto-Reviews-EI_IE41146.0,17_IL.18,25_IC2281069.htm",success,,Delta Electronics Toronto reviews,Toronto,,,2026-06-28T14:49:36.544502+00:00
Delta Electronics,"Bengaluru, KA","https://www.glassdoor.com/Reviews/Delta-Electronics-Bengaluru-Reviews-EI_IE41146.0,17_IL.18,27_IC2940587.htm","https://www.glassdoor.com/Reviews/Delta-Electronics-Bengaluru-Reviews-EI_IE41146.0,17_IL.18,27_IC2940587.htm",success,,Delta Electronics Bengaluru reviews,Bengaluru,,,2026-06-28T14:49:43.513073+00:00
Delta Electronics,"Hsinchu, TXG","https://www.glassdoor.com/Reviews/Delta-Electronics-Hsinchu-Reviews-EI_IE41146.0,17_IL.18,25_IC4915323.htm","https://www.glassdoor.com/Reviews/Delta-Electronics-Hsinchu-Reviews-EI_IE41146.0,17_IL.18,25_IC4915323.htm",success,,Delta Electronics Hsinchu reviews,Hsinchu,"recommend,ceo_approval","ceo_approval:selector_failure,recommend:selector_failure",2026-06-28T14:49:52.576378+00:00
Delta Electronics,"Pune, MH","https://www.glassdoor.com/Reviews/Delta-Electronics-Pune-Reviews-EI_IE41146.0,17_IL.18,22_IC2856202.htm","https://www.glassdoor.com/Reviews/Delta-Electronics-Pune-Reviews-EI_IE41146.0,17_IL.18,22_IC2856202.htm",success,,Delta Electronics Pune reviews,Pune,,,2026-06-28T14:50:00.323507+00:00
Delta Electronics,"Shanghai, 23","https://www.glassdoor.com/Reviews/Delta-Electronics-Shanghai-Reviews-EI_IE41146.0,17_IL.18,26_IC2416009.htm","https://www.glassdoor.com/Reviews/Delta-Electronics-Shanghai-Reviews-EI_IE41146.0,17_IL.18,26_IC2416009.htm",success,,Delta Electronics Shanghai reviews,Shanghai,,,2026-06-28T14:50:07.554394+00:00
Delta Electronics,"San Jose, MP","https://www.glassdoor.com/Reviews/Delta-Electronics-San-Jose-Reviews-EI_IE41146.0,17_IL.18,26_IC1147436.htm","https://www.glassdoor.com/Reviews/Delta-Electronics-San-Jose-Reviews-EI_IE41146.0,17_IL.18,26_IC1147436.htm",success,,Delta Electronics San Jose reviews,San Jose,,,2026-06-28T14:50:07.663486+00:00
Delta Electronics,"Houston, TX","https://www.glassdoor.com/Reviews/Delta-Electronics-Houston-Reviews-EI_IE41146.0,17_IL.18,25_IC1140171.htm","https://www.glassdoor.com/Reviews/Delta-Electronics-Houston-Reviews-EI_IE41146.0,17_IL.18,25_IC1140171.htm",success,,Delta Electronics Houston reviews,Houston,ceo_approval,ceo_approval:selector_failure,2026-06-28T14:50:15.529990+00:00
Delta Electronics,"Bucharest, B","https://www.glassdoor.com/Reviews/Delta-Electronics-Bucharest-Reviews-EI_IE41146.0,17_IL.18,27_IC3184907.htm","https://www.glassdoor.com/Reviews/Delta-Electronics-Bucharest-Reviews-EI_IE41146.0,17_IL.18,27_IC3184907.htm",success,,Delta Electronics Bucharest reviews,Bucharest,"ceo_approval,diversity_inclusion","ceo_approval:selector_failure,diversity_inclusion:page_missing",2026-06-28T14:50:22.734279+00:00
Delta Electronics,"Hoofddorp, NH","https://www.glassdoor.com/Reviews/Delta-Electronics-Hoofddorp-Reviews-EI_IE41146.0,17_IL.18,27_IC3063772.htm","https://www.glassdoor.com/Reviews/Delta-Electronics-Hoofddorp-Reviews-EI_IE41146.0,17_IL.18,27_IC3063772.htm",success,,Delta Electronics Hoofddorp reviews,Hoofddorp,,,2026-06-28T14:50:30.709897+00:00
Delta Electronics,"Notting Hill, VIC",https://www.glassdoor.com/Reviews/index.htm,https://www.glassdoor.com/Reviews/index.htm,validation_failed,company_mismatch,Explore companies,,"recommend,ceo_approval,total_reviews","ceo_approval:page_missing,recommend:selector_failure,total_reviews:page_missing",2026-06-28T14:50:30.838501+00:00
Delta Electronics,"London, ENG","https://www.glassdoor.com/Reviews/Delta-Electronics-London-Reviews-EI_IE41146.0,17_IL.18,24_IC2671300.htm","https://www.glassdoor.com/Reviews/Delta-Electronics-London-Reviews-EI_IE41146.0,17_IL.18,24_IC2671300.htm",success,,Delta Electronics London reviews,London,,,2026-06-28T14:50:38.349498+00:00
Delta Electronics,Hong Kong,"https://www.glassdoor.com/Reviews/Delta-Electronics-Hong-Kong-Reviews-EI_IE41146.0,17_IL.18,27_IC2308631.htm","https://www.glassdoor.com/Reviews/Delta-Electronics-Hong-Kong-Reviews-EI_IE41146.0,17_IL.18,27_IC2308631.htm",success,,Delta Electronics Hong Kong reviews,Hong Kong,"ceo_approval,diversity_inclusion","ceo_approval:selector_failure,diversity_inclusion:page_missing",2026-06-28T14:50:46.343133+00:00
Delta Electronics,"Campinas, SP","https://www.glassdoor.com/Reviews/Delta-Electronics-Campinas-Reviews-EI_IE41146.0,17_IL.18,26_IC2490130.htm","https://www.glassdoor.com/Reviews/Delta-Electronics-Campinas-Reviews-EI_IE41146.0,17_IL.18,26_IC2490130.htm",success,,Delta Electronics Campinas reviews,Campinas,ceo_approval,ceo_approval:selector_failure,2026-06-28T14:50:54.484468+00:00
Delta Electronics,Global,https://www.glassdoor.com/Reviews/Delta-Electronics-Reviews-E41146.htm,https://www.glassdoor.com/Reviews/Delta-Electronics-Reviews-E41146.htm,success,,Delta Electronics reviews,Global,,,2026-06-28T14:51:01.815477+00:00
Delta Electronics,Taipei,"https://www.glassdoor.com/Reviews/Delta-Electronics-Taipei-Reviews-EI_IE41146.0,17_IL.18,24_IC3271041.htm","https://www.glassdoor.com/Reviews/Delta-Electronics-Taipei-Reviews-EI_IE41146.0,17_IL.18,24_IC3271041.htm",success,,Delta Electronics Taipei reviews,Taipei,,,2026-06-28T14:51:01.903688+00:00
Delta Electronics,Hsinchu,"https://www.glassdoor.com/Reviews/Delta-Electronics-Hsinchu-Reviews-EI_IE41146.0,17_IL.18,25_IC4915323.htm","https://www.glassdoor.com/Reviews/Delta-Electronics-Hsinchu-Reviews-EI_IE41146.0,17_IL.18,25_IC4915323.htm",success,,Delta Electronics Hsinchu reviews,Hsinchu,"recommend,ceo_approval","ceo_approval:selector_failure,recommend:selector_failure",2026-06-28T14:51:02.052734+00:00
Delta Electronics,Shanghai,"https://www.glassdoor.com/Reviews/Delta-Electronics-Shanghai-Reviews-EI_IE41146.0,17_IL.18,26_IC2416009.htm","https://www.glassdoor.com/Reviews/Delta-Electronics-Shanghai-Reviews-EI_IE41146.0,17_IL.18,26_IC2416009.htm",success,,Delta Electronics Shanghai reviews,Shanghai,,,2026-06-28T14:51:02.130805+00:00
Delta Electronics,Tokyo,"https://www.glassdoor.com/Reviews/Delta-Electronics-Tokyo-Reviews-EI_IE41146.0,17_IL.18,23_IC2851580.htm","https://www.glassdoor.com/Reviews/Delta-Electronics-Tokyo-Reviews-EI_IE41146.0,17_IL.18,23_IC2851580.htm",success,,Delta Electronics Tokyo reviews,Tokyo,,,2026-06-28T14:51:02.209115+00:00
Delta Electronics,Seoul,"https://www.glassdoor.com/Reviews/Delta-Electronics-Seoul-Reviews-EI_IE41146.0,17_IL.18,23_IC3021489.htm","https://www.glassdoor.com/Reviews/Delta-Electronics-Seoul-Reviews-EI_IE41146.0,17_IL.18,23_IC3021489.htm",success,,Delta Electronics Seoul reviews,Seoul,,,2026-06-28T14:51:02.308143+00:00
Inventec,"Taipei, TPQ","https://www.glassdoor.com/Reviews/Inventec-Taipei-Reviews-EI_IE13485.0,8_IL.9,15_IC3271041.htm","https://www.glassdoor.com/Reviews/Inventec-Taipei-Reviews-EI_IE13485.0,8_IL.9,15_IC3271041.htm",success,,Inventec Taipei reviews,Taipei,,,2026-06-28T14:51:10.123384+00:00
Inventec,"São Paulo, SP","https://www.glassdoor.com/Reviews/Inventec-S%C3%A3o-Paulo-Reviews-EI_IE13485.0,8_IL.9,18_IC2479061.htm","https://www.glassdoor.com/Reviews/Inventec-S%C3%A3o-Paulo-Reviews-EI_IE13485.0,8_IL.9,18_IC2479061.htm",success,,Inventec São Paulo reviews,São Paulo,"ceo_approval,diversity_inclusion","ceo_approval:selector_failure,diversity_inclusion:page_missing",2026-06-28T14:51:17.955432+00:00
Inventec,"Santa Clara, CA","https://www.glassdoor.com/Reviews/Inventec-Santa-Clara-Reviews-EI_IE13485.0,8_IL.9,20_IC1147439.htm","https://www.glassdoor.com/Reviews/Inventec-Santa-Clara-Reviews-EI_IE13485.0,8_IL.9,20_IC1147439.htm",success,,Inventec Santa Clara reviews,Santa Clara,,,2026-06-28T14:51:24.768399+00:00
Inventec,"Hsinchu, TXG","https://www.glassdoor.com/Reviews/Inventec-Hsinchu-Reviews-EI_IE13485.0,8_IL.9,16_IC4915323.htm","https://www.glassdoor.com/Reviews/Inventec-Hsinchu-Reviews-EI_IE13485.0,8_IL.9,16_IC4915323.htm",success,,Inventec Hsinchu reviews,Hsinchu,ceo_approval,ceo_approval:selector_failure,2026-06-28T14:51:32.898671+00:00
Inventec,"Pudong, 23","https://www.glassdoor.com/Reviews/Inventec-Pudong-Reviews-EI_IE13485.0,8_IL.9,15_IC2415109.htm","https://www.glassdoor.com/Reviews/Inventec-Pudong-Reviews-EI_IE13485.0,8_IL.9,15_IC2415109.htm",success,,Inventec Pudong reviews,Pudong,"ceo_approval,diversity_inclusion","ceo_approval:selector_failure,diversity_inclusion:page_missing",2026-06-28T14:51:46.076833+00:00
Inventec,"Shanghai, 23","https://www.glassdoor.com/Reviews/Inventec-Shanghai-Reviews-EI_IE13485.0,8_IL.9,17_IC2416009.htm","https://www.glassdoor.com/Reviews/Inventec-Shanghai-Reviews-EI_IE13485.0,8_IL.9,17_IC2416009.htm",success,,Inventec Shanghai reviews,Shanghai,,,2026-06-28T14:51:53.527773+00:00
Inventec,"Houston, TX","https://www.glassdoor.com/Reviews/Inventec-Houston-Reviews-EI_IE13485.0,8_IL.9,16_IC1140171.htm","https://www.glassdoor.com/Reviews/Inventec-Houston-Reviews-EI_IE13485.0,8_IL.9,16_IC1140171.htm",success,,Inventec Houston reviews,Houston,,,2026-06-28T14:52:00.739207+00:00
Inventec,Global,https://www.glassdoor.com/Reviews/Inventec-Reviews-E13485.htm,https://www.glassdoor.com/Reviews/Inventec-Reviews-E13485.htm,success,,Inventec reviews,Global,,,2026-06-28T14:52:09.470539+00:00
Pegatron,"Fremont, CA","https://www.glassdoor.com/Reviews/Pegatron-Fremont-Reviews-EI_IE337948.0,8_IL.9,16_IC1147355.htm","https://www.glassdoor.com/Reviews/Pegatron-Fremont-Reviews-EI_IE337948.0,8_IL.9,16_IC1147355.htm",success,,Pegatron Fremont reviews,Fremont,"recommend,ceo_approval,diversity_inclusion,work_life_balance,compensation_benefits,culture_values,career_opportunities,senior_management","career_opportunities:selector_failure,ceo_approval:selector_failure,compensation_benefits:selector_failure,culture_values:page_missing,diversity_inclusion:page_missing,recommend:selector_failure,senior_management:selector_failure,work_life_balance:selector_failure",2026-06-28T14:52:16.222850+00:00
Pegatron,"Jakarta, JK","https://www.glassdoor.com/Reviews/Pegatron-Jakarta-Reviews-EI_IE337948.0,8_IL.9,16_IC2709872.htm","https://www.glassdoor.com/Reviews/Pegatron-Jakarta-Reviews-EI_IE337948.0,8_IL.9,16_IC2709872.htm",success,,Pegatron Jakarta reviews,Jakarta,ceo_approval,ceo_approval:selector_failure,2026-06-28T14:52:23.905586+00:00
Pegatron,"Taipei, TPQ","https://www.glassdoor.com/Reviews/Pegatron-Taipei-Reviews-EI_IE337948.0,8_IL.9,15_IC3271041.htm","https://www.glassdoor.com/Reviews/Pegatron-Taipei-Reviews-EI_IE337948.0,8_IL.9,15_IC3271041.htm",success,,Pegatron Taipei reviews,Taipei,,,2026-06-28T14:52:31.185881+00:00
Pegatron,"Tokyo, 40","https://www.glassdoor.com/Reviews/Pegatron-Tokyo-Reviews-EI_IE337948.0,8_IL.9,14_IC2851580.htm","https://www.glassdoor.com/Reviews/Pegatron-Tokyo-Reviews-EI_IE337948.0,8_IL.9,14_IC2851580.htm",success,,Pegatron Tokyo reviews,Tokyo,,,2026-06-28T14:52:38.923548+00:00
Pegatron,"Sydney, NSW","https://www.glassdoor.com/Reviews/Pegatron-Sydney-Reviews-EI_IE337948.0,8_IL.9,15_IC2235932.htm","https://www.glassdoor.com/Reviews/Pegatron-Sydney-Reviews-EI_IE337948.0,8_IL.9,15_IC2235932.htm",success,,Pegatron Sydney reviews,Sydney,,,2026-06-28T14:52:47.858471+00:00
Pegatron,"Pudong, 23","https://www.glassdoor.com/Reviews/Pegatron-Pudong-Reviews-EI_IE337948.0,8_IL.9,15_IC2415109.htm","https://www.glassdoor.com/Reviews/Pegatron-Pudong-Reviews-EI_IE337948.0,8_IL.9,15_IC2415109.htm",success,,Pegatron Pudong reviews,Pudong,,,2026-06-28T14:52:55.570562+00:00
Pegatron,"Shanghai, 23","https://www.glassdoor.com/Reviews/Pegatron-Shanghai-Reviews-EI_IE337948.0,8_IL.9,17_IC2416009.htm","https://www.glassdoor.com/Reviews/Pegatron-Shanghai-Reviews-EI_IE337948.0,8_IL.9,17_IC2416009.htm",success,,Pegatron Shanghai reviews,Shanghai,,,2026-06-28T14:53:03.413821+00:00
Pegatron,"Jeffersonville, IN","https://www.glassdoor.com/Reviews/Pegatron-Jeffersonville-Reviews-EI_IE337948.0,8_IL.9,23_IC1145141.htm","https://www.glassdoor.com/Reviews/Pegatron-Jeffersonville-Reviews-EI_IE337948.0,8_IL.9,23_IC1145141.htm",success,,Pegatron Jeffersonville reviews,Jeffersonville,,,2026-06-28T14:53:10.654098+00:00
Pegatron,Hong Kong,"https://www.glassdoor.com/Reviews/Pegatron-Hong-Kong-Reviews-EI_IE337948.0,8_IL.9,18_IC2308631.htm","https://www.glassdoor.com/Reviews/Pegatron-Hong-Kong-Reviews-EI_IE337948.0,8_IL.9,18_IC2308631.htm",success,,Pegatron Hong Kong reviews,Hong Kong,diversity_inclusion,diversity_inclusion:page_missing,2026-06-28T14:53:18.652561+00:00
Pegatron,Global,https://www.glassdoor.com/Reviews/Pegatron-Reviews-E337948.htm,https://www.glassdoor.com/Reviews/Pegatron-Reviews-E337948.htm,success,,Pegatron reviews,Global,,,2026-06-28T14:53:26.357430+00:00
AU Optronics,Singapore,"https://www.glassdoor.com/Reviews/AU-Optronics-Singapore-Reviews-EI_IE16126.0,12_IL.13,22_IC3235921.htm","https://www.glassdoor.com/Reviews/AU-Optronics-Singapore-Reviews-EI_IE16126.0,12_IL.13,22_IC3235921.htm",success,,AU Optronics Singapore reviews,Singapore,,,2026-06-28T14:53:33.692028+00:00
AU Optronics,"Taipei, TPQ","https://www.glassdoor.com/Reviews/AU-Optronics-Taipei-Reviews-EI_IE16126.0,12_IL.13,19_IC3271041.htm","https://www.glassdoor.com/Reviews/AU-Optronics-Taipei-Reviews-EI_IE16126.0,12_IL.13,19_IC3271041.htm",success,,AU Optronics Taipei reviews,Taipei,,,2026-06-28T14:53:40.469459+00:00
AU Optronics,"Hsinchu, TXG","https://www.glassdoor.com/Reviews/AU-Optronics-Hsinchu-Reviews-EI_IE16126.0,12_IL.13,20_IC4915323.htm","https://www.glassdoor.com/Reviews/AU-Optronics-Hsinchu-Reviews-EI_IE16126.0,12_IL.13,20_IC4915323.htm",success,,AU Optronics Hsinchu reviews,Hsinchu,,,2026-06-28T14:53:48.918039+00:00
AU Optronics,"Pune, MH","https://www.glassdoor.com/Reviews/AU-Optronics-Pune-Reviews-EI_IE16126.0,12_IL.13,17_IC2856202.htm","https://www.glassdoor.com/Reviews/AU-Optronics-Pune-Reviews-EI_IE16126.0,12_IL.13,17_IC2856202.htm",success,,AU Optronics Pune reviews,Pune,"recommend,ceo_approval,diversity_inclusion,work_life_balance,compensation_benefits,culture_values,senior_management","ceo_approval:selector_failure,compensation_benefits:selector_failure,culture_values:page_missing,diversity_inclusion:page_missing,recommend:selector_failure,senior_management:selector_failure,work_life_balance:selector_failure",2026-06-28T14:53:56.948673+00:00
AU Optronics,"Sunnyvale, CA","https://www.glassdoor.com/Reviews/AU-Optronics-Sunnyvale-Reviews-EI_IE16126.0,12_IL.13,22_IC1147442.htm","https://www.glassdoor.com/Reviews/AU-Optronics-Sunnyvale-Reviews-EI_IE16126.0,12_IL.13,22_IC1147442.htm",success,,AU Optronics Sunnyvale reviews,Sunnyvale,ceo_approval,ceo_approval:selector_failure,2026-06-28T14:54:05.067210+00:00
AU Optronics,Global,https://www.glassdoor.com/Reviews/AU-Optronics-Reviews-E16126.htm,https://www.glassdoor.com/Reviews/AU-Optronics-Reviews-E16126.htm,success,,AU Optronics reviews,Global,,,2026-06-28T14:54:13.052642+00:00
AU Optronics,Taipei,"https://www.glassdoor.com/Reviews/AU-Optronics-Taipei-Reviews-EI_IE16126.0,12_IL.13,19_IC3271041.htm","https://www.glassdoor.com/Reviews/AU-Optronics-Taipei-Reviews-EI_IE16126.0,12_IL.13,19_IC3271041.htm",success,,AU Optronics Taipei reviews,Taipei,,,2026-06-28T14:54:13.137827+00:00
AU Optronics,Hsinchu,"https://www.glassdoor.com/Reviews/AU-Optronics-Hsinchu-Reviews-EI_IE16126.0,12_IL.13,20_IC4915323.htm","https://www.glassdoor.com/Reviews/AU-Optronics-Hsinchu-Reviews-EI_IE16126.0,12_IL.13,20_IC4915323.htm",success,,AU Optronics Hsinchu reviews,Hsinchu,,,2026-06-28T14:54:13.226865+00:00
Trend Micro Inc.,"Ciudad de Mexico, MEX","https://www.glassdoor.com/Reviews/Trend-Micro-Inc-Ciudad-de-Mexico-Reviews-EI_IE8983.0,15_IL.16,32_IC5017436.htm","https://www.glassdoor.com/Reviews/Trend-Micro-Inc-Ciudad-de-Mexico-Reviews-EI_IE8983.0,15_IL.16,32_IC5017436.htm",success,,Trend Micro Inc. Ciudad de Mexico reviews,Ciudad de Mexico,,,2026-06-28T14:54:22.383848+00:00
Trend Micro Inc.,"Warsaw, MZ","https://www.glassdoor.com/Reviews/Trend-Micro-Inc-Warsaw-Reviews-EI_IE8983.0,15_IL.16,22_IC3094484.htm","https://www.glassdoor.com/Reviews/Trend-Micro-Inc-Warsaw-Reviews-EI_IE8983.0,15_IL.16,22_IC3094484.htm",success,,Trend Micro Inc. Warsaw reviews,Warsaw,diversity_inclusion,diversity_inclusion:page_missing,2026-06-28T14:54:29.920343+00:00
Trend Micro Inc.,"Dubai, DU","https://www.glassdoor.com/Reviews/Trend-Micro-Inc-Dubai-Reviews-EI_IE8983.0,15_IL.16,21_IC2204498.htm","https://www.glassdoor.com/Reviews/Trend-Micro-Inc-Dubai-Reviews-EI_IE8983.0,15_IL.16,21_IC2204498.htm",success,,Trend Micro Inc. Dubai reviews,Dubai,,,2026-06-28T14:54:39.296193+00:00
Trend Micro Inc.,"Jakarta, JK","https://www.glassdoor.com/Reviews/Trend-Micro-Inc-Jakarta-Reviews-EI_IE8983.0,15_IL.16,23_IC2709872.htm","https://www.glassdoor.com/Reviews/Trend-Micro-Inc-Jakarta-Reviews-EI_IE8983.0,15_IL.16,23_IC2709872.htm",success,,Trend Micro Inc. Jakarta reviews,Jakarta,,,2026-06-28T14:54:54.278548+00:00
Trend Micro Inc.,"Manila, D9","https://www.glassdoor.com/Reviews/Trend-Micro-Inc-Manila-Reviews-EI_IE8983.0,15_IL.16,22_IC2363570.htm","https://www.glassdoor.com/Reviews/Trend-Micro-Inc-Manila-Reviews-EI_IE8983.0,15_IL.16,22_IC2363570.htm",success,,Trend Micro Inc. Manila reviews,Manila,,,2026-06-28T14:55:02.991981+00:00
Trend Micro Inc.,"Mumbai, MH","https://www.glassdoor.com/Reviews/Trend-Micro-Inc-Mumbai-Reviews-EI_IE8983.0,15_IL.16,22_IC2851180.htm","https://www.glassdoor.com/Reviews/Trend-Micro-Inc-Mumbai-Reviews-EI_IE8983.0,15_IL.16,22_IC2851180.htm",success,,Trend Micro Inc. Mumbai reviews,Mumbai,,,2026-06-28T14:55:16.386564+00:00
Trend Micro Inc.,"Seoul, 11","https://www.glassdoor.com/Reviews/Trend-Micro-Inc-Seoul-Reviews-EI_IE8983.0,15_IL.16,21_IC3021489.htm","https://www.glassdoor.com/Reviews/Trend-Micro-Inc-Seoul-Reviews-EI_IE8983.0,15_IL.16,21_IC3021489.htm",success,,Trend Micro Inc. Seoul reviews,Seoul,,,2026-06-28T14:55:26.133067+00:00
Trend Micro Inc.,Singapore,"https://www.glassdoor.com/Reviews/Trend-Micro-Inc-Singapore-Reviews-EI_IE8983.0,15_IL.16,25_IC3235921.htm","https://www.glassdoor.com/Reviews/Trend-Micro-Inc-Singapore-Reviews-EI_IE8983.0,15_IL.16,25_IC3235921.htm",success,,Trend Micro Inc. Singapore reviews,Singapore,,,2026-06-28T14:55:34.898821+00:00
Trend Micro Inc.,"Taipei, TPQ","https://www.glassdoor.com/Reviews/Trend-Micro-Inc-Taipei-Reviews-EI_IE8983.0,15_IL.16,22_IC3271041.htm","https://www.glassdoor.com/Reviews/Trend-Micro-Inc-Taipei-Reviews-EI_IE8983.0,15_IL.16,22_IC3271041.htm",success,,Trend Micro Inc. Taipei reviews,Taipei,,,2026-06-28T14:55:42.883335+00:00
Trend Micro Inc.,"Tokyo, 40","https://www.glassdoor.com/Reviews/Trend-Micro-Inc-Tokyo-Reviews-EI_IE8983.0,15_IL.16,21_IC2851580.htm","https://www.glassdoor.com/Reviews/Trend-Micro-Inc-Tokyo-Reviews-EI_IE8983.0,15_IL.16,21_IC2851580.htm",success,,Trend Micro Inc. Tokyo reviews,Tokyo,,,2026-06-28T14:55:51.755499+00:00
Trend Micro Inc.,"São Paulo, SP","https://www.glassdoor.com/Reviews/Trend-Micro-Inc-S%C3%A3o-Paulo-Reviews-EI_IE8983.0,15_IL.16,25_IC2479061.htm","https://www.glassdoor.com/Reviews/Trend-Micro-Inc-S%C3%A3o-Paulo-Reviews-EI_IE8983.0,15_IL.16,25_IC2479061.htm",success,,Trend Micro Inc. São Paulo reviews,São Paulo,,,2026-06-28T14:56:00.964928+00:00
Trend Micro Inc.,"Sydney, NSW","https://www.glassdoor.com/Reviews/Trend-Micro-Inc-Sydney-Reviews-EI_IE8983.0,15_IL.16,22_IC2235932.htm","https://www.glassdoor.com/Reviews/Trend-Micro-Inc-Sydney-Reviews-EI_IE8983.0,15_IL.16,22_IC2235932.htm",success,,Trend Micro Inc. Sydney reviews,Sydney,,,2026-06-28T14:56:09.953949+00:00
Trend Micro Inc.,"Austin, TX","https://www.glassdoor.com/Reviews/Trend-Micro-Inc-Austin-Reviews-EI_IE8983.0,15_IL.16,22_IC1139761.htm","https://www.glassdoor.com/Reviews/Trend-Micro-Inc-Austin-Reviews-EI_IE8983.0,15_IL.16,22_IC1139761.htm",success,,Trend Micro Inc. Austin reviews,Austin,,,2026-06-28T14:56:18.863903+00:00
Trend Micro Inc.,"Durham, NC","https://www.glassdoor.com/Reviews/Trend-Micro-Inc-Durham-Reviews-EI_IE8983.0,15_IL.16,22_IC1138697.htm","https://www.glassdoor.com/Reviews/Trend-Micro-Inc-Durham-Reviews-EI_IE8983.0,15_IL.16,22_IC1138697.htm",success,,Trend Micro Inc. Durham reviews,Durham,,,2026-06-28T14:56:28.019639+00:00
Trend Micro Inc.,"San Francisco, CA","https://www.glassdoor.com/Reviews/Trend-Micro-Inc-San-Francisco-Reviews-EI_IE8983.0,15_IL.16,29_IC1147401.htm","https://www.glassdoor.com/Reviews/Trend-Micro-Inc-San-Francisco-Reviews-EI_IE8983.0,15_IL.16,29_IC1147401.htm",success,,Trend Micro Inc. San Francisco reviews,San Francisco,,,2026-06-28T14:56:36.660404+00:00
Trend Micro Inc.,"San Jose, CA","https://www.glassdoor.com/Reviews/Trend-Micro-Inc-San-Jose-Reviews-EI_IE8983.0,15_IL.16,24_IC1147436.htm","https://www.glassdoor.com/Reviews/Trend-Micro-Inc-San-Jose-Reviews-EI_IE8983.0,15_IL.16,24_IC1147436.htm",success,,Trend Micro Inc. San Jose reviews,San Jose,,,2026-06-28T14:56:45.868730+00:00
Trend Micro Inc.,"Santa Clara, CA","https://www.glassdoor.com/Reviews/Trend-Micro-Inc-Santa-Clara-Reviews-EI_IE8983.0,15_IL.16,27_IC1147439.htm","https://www.glassdoor.com/Reviews/Trend-Micro-Inc-Santa-Clara-Reviews-EI_IE8983.0,15_IL.16,27_IC1147439.htm",success,,Trend Micro Inc. Santa Clara reviews,Santa Clara,,,2026-06-28T14:56:55.264242+00:00
Trend Micro Inc.,"Toronto, ON","https://www.glassdoor.com/Reviews/Trend-Micro-Inc-Toronto-Reviews-EI_IE8983.0,15_IL.16,23_IC2281069.htm","https://www.glassdoor.com/Reviews/Trend-Micro-Inc-Toronto-Reviews-EI_IE8983.0,15_IL.16,23_IC2281069.htm",success,,Trend Micro Inc. Toronto reviews,Toronto,,,2026-06-28T14:57:03.398432+00:00
Trend Micro Inc.,"Moscow, 48","https://www.glassdoor.com/Reviews/Trend-Micro-Inc-Moscow-Reviews-EI_IE8983.0,15_IL.16,22_IC3348306.htm","https://www.glassdoor.com/Reviews/Trend-Micro-Inc-Moscow-Reviews-EI_IE8983.0,15_IL.16,22_IC3348306.htm",success,,Trend Micro Inc. Moscow reviews,Moscow,,,2026-06-28T14:57:11.024164+00:00
Trend Micro Inc.,"Munich, BY","https://www.glassdoor.com/Reviews/Trend-Micro-Inc-Munich-Reviews-EI_IE8983.0,15_IL.16,22_IC4990924.htm","https://www.glassdoor.com/Reviews/Trend-Micro-Inc-Munich-Reviews-EI_IE8983.0,15_IL.16,22_IC4990924.htm",success,,Trend Micro Inc. Munich reviews,Munich,,,2026-06-28T14:57:19.726908+00:00
Trend Micro Inc.,"Zürich, ZH","https://www.glassdoor.com/Reviews/Trend-Micro-Inc-Z%C3%BCrich-Reviews-EI_IE8983.0,15_IL.16,22_IC3297851.htm","https://www.glassdoor.com/Reviews/Trend-Micro-Inc-Z%C3%BCrich-Reviews-EI_IE8983.0,15_IL.16,22_IC3297851.htm",success,,Trend Micro Inc. Zürich reviews,Zürich,,,2026-06-28T14:57:29.837884+00:00
Trend Micro Inc.,"Bengaluru, KA","https://www.glassdoor.com/Reviews/Trend-Micro-Inc-Bengaluru-Reviews-EI_IE8983.0,15_IL.16,25_IC2940587.htm","https://www.glassdoor.com/Reviews/Trend-Micro-Inc-Bengaluru-Reviews-EI_IE8983.0,15_IL.16,25_IC2940587.htm",success,,Trend Micro Inc. Bengaluru reviews,Bengaluru,,,2026-06-28T14:57:39.562654+00:00
Trend Micro Inc.,"Hsinchu, TXG","https://www.glassdoor.com/Reviews/Trend-Micro-Inc-Hsinchu-Reviews-EI_IE8983.0,15_IL.16,23_IC4915323.htm","https://www.glassdoor.com/Reviews/Trend-Micro-Inc-Hsinchu-Reviews-EI_IE8983.0,15_IL.16,23_IC4915323.htm",success,,Trend Micro Inc. Hsinchu reviews,Hsinchu,,,2026-06-28T14:57:48.266387+00:00
Trend Micro Inc.,"Pune, MH","https://www.glassdoor.com/Reviews/Trend-Micro-Inc-Pune-Reviews-EI_IE8983.0,15_IL.16,20_IC2856202.htm","https://www.glassdoor.com/Reviews/Trend-Micro-Inc-Pune-Reviews-EI_IE8983.0,15_IL.16,20_IC2856202.htm",success,,Trend Micro Inc. Pune reviews,Pune,"recommend,ceo_approval,diversity_inclusion,work_life_balance,compensation_benefits,culture_values,senior_management","ceo_approval:selector_failure,compensation_benefits:selector_failure,culture_values:page_missing,diversity_inclusion:page_missing,recommend:selector_failure,senior_management:selector_failure,work_life_balance:selector_failure",2026-06-28T14:57:56.783612+00:00
Trend Micro Inc.,"Shanghai, 23","https://www.glassdoor.com/Reviews/Trend-Micro-Inc-Shanghai-Reviews-EI_IE8983.0,15_IL.16,24_IC2416009.htm","https://www.glassdoor.com/Reviews/Trend-Micro-Inc-Shanghai-Reviews-EI_IE8983.0,15_IL.16,24_IC2416009.htm",success,,Trend Micro Inc. Shanghai reviews,Shanghai,diversity_inclusion,diversity_inclusion:page_missing,2026-06-28T14:58:05.074110+00:00
Trend Micro Inc.,"San Jose, MP","https://www.glassdoor.com/Reviews/Trend-Micro-Inc-San-Jose-Reviews-EI_IE8983.0,15_IL.16,24_IC1147436.htm","https://www.glassdoor.com/Reviews/Trend-Micro-Inc-San-Jose-Reviews-EI_IE8983.0,15_IL.16,24_IC1147436.htm",success,,Trend Micro Inc. San Jose reviews,San Jose,,,2026-06-28T14:58:05.164397+00:00
Trend Micro Inc.,"Guadalajara, JAL","https://www.glassdoor.com/Reviews/Trend-Micro-Inc-Guadalajara-Reviews-EI_IE8983.0,15_IL.16,27_IC3486357.htm","https://www.glassdoor.com/Reviews/Trend-Micro-Inc-Guadalajara-Reviews-EI_IE8983.0,15_IL.16,27_IC3486357.htm",success,,Trend Micro Inc. Guadalajara reviews,Guadalajara,,,2026-06-28T14:58:13.962416+00:00
Trend Micro Inc.,"Houston, TX","https://www.glassdoor.com/Reviews/Trend-Micro-Inc-Houston-Reviews-EI_IE8983.0,15_IL.16,23_IC1140171.htm","https://www.glassdoor.com/Reviews/Trend-Micro-Inc-Houston-Reviews-EI_IE8983.0,15_IL.16,23_IC1140171.htm",success,,Trend Micro Inc. Houston reviews,Houston,,,2026-06-28T14:58:23.660095+00:00
Trend Micro Inc.,"Paris, A8","https://www.glassdoor.com/Reviews/Trend-Micro-Inc-Paris-Reviews-EI_IE8983.0,15_IL.16,21_IC2881970.htm","https://www.glassdoor.com/Reviews/Trend-Micro-Inc-Paris-Reviews-EI_IE8983.0,15_IL.16,21_IC2881970.htm",success,,Trend Micro Inc. Paris reviews,Paris,,,2026-06-28T14:58:31.404962+00:00
Trend Micro Inc.,"Lake Forest, CA","https://www.glassdoor.com/Reviews/Trend-Micro-Inc-Lake-Forest-Reviews-EI_IE8983.0,15_IL.16,27_IC1146811.htm","https://www.glassdoor.com/Reviews/Trend-Micro-Inc-Lake-Forest-Reviews-EI_IE8983.0,15_IL.16,27_IC1146811.htm",success,,Trend Micro Inc. Lake Forest reviews,Lake Forest,"diversity_inclusion,culture_values","culture_values:page_missing,diversity_inclusion:page_missing",2026-06-28T14:58:40.242514+00:00
Trend Micro Inc.,"Irving, TX","https://www.glassdoor.com/Reviews/Trend-Micro-Inc-Irving-Reviews-EI_IE8983.0,15_IL.16,22_IC1140006.htm","https://www.glassdoor.com/Reviews/Trend-Micro-Inc-Irving-Reviews-EI_IE8983.0,15_IL.16,22_IC1140006.htm",success,,Trend Micro Inc. Irving reviews,Irving,,,2026-06-28T14:58:49.904069+00:00
Trend Micro Inc.,"Jersey City, NJ","https://www.glassdoor.com/Reviews/Trend-Micro-Inc-Jersey-City-Reviews-EI_IE8983.0,15_IL.16,27_IC1126819.htm","https://www.glassdoor.com/Reviews/Trend-Micro-Inc-Jersey-City-Reviews-EI_IE8983.0,15_IL.16,27_IC1126819.htm",success,,Trend Micro Inc. Jersey City reviews,Jersey City,,,2026-06-28T14:59:03.481941+00:00
Trend Micro Inc.,"Kanata, ON","https://www.glassdoor.com/Reviews/Trend-Micro-Inc-Kanata-Reviews-EI_IE8983.0,15_IL.16,22_IC2282818.htm","https://www.glassdoor.com/Reviews/Trend-Micro-Inc-Kanata-Reviews-EI_IE8983.0,15_IL.16,22_IC2282818.htm",success,,Trend Micro Inc. Kanata reviews,Kanata,,,2026-06-28T14:59:11.101060+00:00
Trend Micro Inc.,"Cork, M","https://www.glassdoor.com/Reviews/Trend-Micro-Inc-Cork-Reviews-EI_IE8983.0,15_IL.16,20_IC4325638.htm","https://www.glassdoor.com/Reviews/Trend-Micro-Inc-Cork-Reviews-EI_IE8983.0,15_IL.16,20_IC4325638.htm",success,,Trend Micro Inc. Cork reviews,Cork,,,2026-06-28T14:59:18.370773+00:00
Trend Micro Inc.,"London, ENG","https://www.glassdoor.com/Reviews/Trend-Micro-Inc-London-Reviews-EI_IE8983.0,15_IL.16,22_IC2671300.htm","https://www.glassdoor.com/Reviews/Trend-Micro-Inc-London-Reviews-EI_IE8983.0,15_IL.16,22_IC2671300.htm",success,,Trend Micro Inc. London reviews,London,,,2026-06-28T14:59:26.114694+00:00
Trend Micro Inc.,"Paddington, ENG","https://www.glassdoor.com/Reviews/Trend-Micro-Inc-Paddington-Reviews-EI_IE8983.0,15_IL.16,26_IC3527325.htm","https://www.glassdoor.com/Reviews/Trend-Micro-Inc-Paddington-Reviews-EI_IE8983.0,15_IL.16,26_IC3527325.htm",success,,Trend Micro Inc. Paddington reviews,Paddington,diversity_inclusion,diversity_inclusion:page_missing,2026-06-28T14:59:35.065664+00:00
Trend Micro Inc.,"Boston, MA","https://www.glassdoor.com/Reviews/Trend-Micro-Inc-Boston-Reviews-EI_IE8983.0,15_IL.16,22_IC1154532.htm","https://www.glassdoor.com/Reviews/Trend-Micro-Inc-Boston-Reviews-EI_IE8983.0,15_IL.16,22_IC1154532.htm",success,,Trend Micro Inc. Boston reviews,Boston,,,2026-06-28T14:59:43.530096+00:00
Trend Micro Inc.,"India, TX","https://www.glassdoor.com/Reviews/Trend-Micro-Inc-India-Reviews-EI_IE8983.0,15_IL.16,21_IC3759223.htm","https://www.glassdoor.com/Reviews/Trend-Micro-Inc-India-Reviews-EI_IE8983.0,15_IL.16,21_IC3759223.htm",success,,Trend Micro Inc. India reviews,India,,,2026-06-28T14:59:50.952201+00:00
Trend Micro Inc.,"Pflugerville, TX","https://www.glassdoor.com/Reviews/Trend-Micro-Inc-Pflugerville-Reviews-EI_IE8983.0,15_IL.16,28_IC1139790.htm","https://www.glassdoor.com/Reviews/Trend-Micro-Inc-Pflugerville-Reviews-EI_IE8983.0,15_IL.16,28_IC1139790.htm",success,,Trend Micro Inc. Pflugerville reviews,Pflugerville,"recommend,ceo_approval,diversity_inclusion,work_life_balance,compensation_benefits,culture_values,career_opportunities,senior_management","career_opportunities:selector_failure,ceo_approval:selector_failure,compensation_benefits:selector_failure,culture_values:page_missing,diversity_inclusion:page_missing,recommend:selector_failure,senior_management:selector_failure,work_life_balance:selector_failure",2026-06-28T15:00:00.972209+00:00
Trend Micro Inc.,"Chicago, IL","https://www.glassdoor.com/Reviews/Trend-Micro-Inc-Chicago-Reviews-EI_IE8983.0,15_IL.16,23_IC1128808.htm","https://www.glassdoor.com/Reviews/Trend-Micro-Inc-Chicago-Reviews-EI_IE8983.0,15_IL.16,23_IC1128808.htm",success,,Trend Micro Inc. Chicago reviews,Chicago,,,2026-06-28T15:00:09.197780+00:00
Trend Micro Inc.,"Buenos Aires, C","https://www.glassdoor.com/Reviews/Trend-Micro-Inc-Buenos-Aires-Reviews-EI_IE8983.0,15_IL.16,28_IC2242084.htm","https://www.glassdoor.com/Reviews/Trend-Micro-Inc-Buenos-Aires-Reviews-EI_IE8983.0,15_IL.16,28_IC2242084.htm",success,,Trend Micro Inc. Buenos Aires reviews,Buenos Aires,,,2026-06-28T15:00:18.080370+00:00
Trend Micro Inc.,Global,https://www.glassdoor.com/Reviews/Trend-Micro-Inc-Reviews-E8983.htm,https://www.glassdoor.com/Reviews/Trend-Micro-Inc-Reviews-E8983.htm,success,,Trend Micro Inc. reviews,Global,,,2026-06-28T15:00:25.914531+00:00
Trend Micro Inc.,Taipei,"https://www.glassdoor.com/Reviews/Trend-Micro-Inc-Taipei-Reviews-EI_IE8983.0,15_IL.16,22_IC3271041.htm","https://www.glassdoor.com/Reviews/Trend-Micro-Inc-Taipei-Reviews-EI_IE8983.0,15_IL.16,22_IC3271041.htm",success,,Trend Micro Inc. Taipei reviews,Taipei,,,2026-06-28T15:00:26.006900+00:00
Trend Micro Inc.,Hsinchu,"https://www.glassdoor.com/Reviews/Trend-Micro-Inc-Hsinchu-Reviews-EI_IE8983.0,15_IL.16,23_IC4915323.htm","https://www.glassdoor.com/Reviews/Trend-Micro-Inc-Hsinchu-Reviews-EI_IE8983.0,15_IL.16,23_IC4915323.htm",success,,Trend Micro Inc. Hsinchu reviews,Hsinchu,,,2026-06-28T15:00:26.092612+00:00
Trend Micro Inc.,Shanghai,"https://www.glassdoor.com/Reviews/Trend-Micro-Inc-Shanghai-Reviews-EI_IE8983.0,15_IL.16,24_IC2416009.htm","https://www.glassdoor.com/Reviews/Trend-Micro-Inc-Shanghai-Reviews-EI_IE8983.0,15_IL.16,24_IC2416009.htm",success,,Trend Micro Inc. Shanghai reviews,Shanghai,diversity_inclusion,diversity_inclusion:page_missing,2026-06-28T15:00:26.185808+00:00
Trend Micro Inc.,Tokyo,"https://www.glassdoor.com/Reviews/Trend-Micro-Inc-Tokyo-Reviews-EI_IE8983.0,15_IL.16,21_IC2851580.htm","https://www.glassdoor.com/Reviews/Trend-Micro-Inc-Tokyo-Reviews-EI_IE8983.0,15_IL.16,21_IC2851580.htm",success,,Trend Micro Inc. Tokyo reviews,Tokyo,,,2026-06-28T15:00:26.277987+00:00
Trend Micro Inc.,Seoul,"https://www.glassdoor.com/Reviews/Trend-Micro-Inc-Seoul-Reviews-EI_IE8983.0,15_IL.16,21_IC3021489.htm","https://www.glassdoor.com/Reviews/Trend-Micro-Inc-Seoul-Reviews-EI_IE8983.0,15_IL.16,21_IC3021489.htm",success,,Trend Micro Inc. Seoul reviews,Seoul,,,2026-06-28T15:00:26.365564+00:00
Trend Micro Inc.,Austin,"https://www.glassdoor.com/Reviews/Trend-Micro-Inc-Austin-Reviews-EI_IE8983.0,15_IL.16,22_IC1139761.htm","https://www.glassdoor.com/Reviews/Trend-Micro-Inc-Austin-Reviews-EI_IE8983.0,15_IL.16,22_IC1139761.htm",success,,Trend Micro Inc. Austin reviews,Austin,,,2026-06-28T15:00:26.465111+00:00
Trend Micro Inc.,London,"https://www.glassdoor.com/Reviews/Trend-Micro-Inc-London-Reviews-EI_IE8983.0,15_IL.16,22_IC2671300.htm","https://www.glassdoor.com/Reviews/Trend-Micro-Inc-London-Reviews-EI_IE8983.0,15_IL.16,22_IC2671300.htm",success,,Trend Micro Inc. London reviews,London,,,2026-06-28T15:00:26.559022+00:00
Trend Micro Inc.,Munich,"https://www.glassdoor.com/Reviews/Trend-Micro-Inc-Munich-Reviews-EI_IE8983.0,15_IL.16,22_IC4990924.htm","https://www.glassdoor.com/Reviews/Trend-Micro-Inc-Munich-Reviews-EI_IE8983.0,15_IL.16,22_IC4990924.htm",success,,Trend Micro Inc. Munich reviews,Munich,,,2026-06-28T15:00:26.640117+00:00
Dell Technologies,"Ciudad de Mexico, MEX","https://www.glassdoor.com/Reviews/Dell-Technologies-Ciudad-de-Mexico-Reviews-EI_IE1327.0,17_IL.18,34_IC5017436.htm","https://www.glassdoor.com/Reviews/Dell-Technologies-Ciudad-de-Mexico-Reviews-EI_IE1327.0,17_IL.18,34_IC5017436.htm",success,,Dell Technologies Ciudad de Mexico reviews,Ciudad de Mexico,,,2026-06-28T15:00:36.323115+00:00
Dell Technologies,"Fremont, CA","https://www.glassdoor.com/Reviews/Dell-Technologies-Fremont-Reviews-EI_IE1327.0,17_IL.18,25_IC1147355.htm","https://www.glassdoor.com/Reviews/Dell-Technologies-Fremont-Reviews-EI_IE1327.0,17_IL.18,25_IC1147355.htm",success,,Dell Technologies Fremont reviews,Fremont,"ceo_approval,diversity_inclusion,culture_values","ceo_approval:selector_failure,culture_values:page_missing,diversity_inclusion:page_missing",2026-06-28T15:00:43.513566+00:00
Dell Technologies,"Markham, ON","https://www.glassdoor.com/Reviews/Dell-Technologies-Markham-Reviews-EI_IE1327.0,17_IL.18,25_IC2280736.htm","https://www.glassdoor.com/Reviews/Dell-Technologies-Markham-Reviews-EI_IE1327.0,17_IL.18,25_IC2280736.htm",success,,Dell Technologies Markham reviews,Markham,diversity_inclusion,diversity_inclusion:page_missing,2026-06-28T15:00:51.566548+00:00
Dell Technologies,"Barcelona, CT","https://www.glassdoor.com/Reviews/Dell-Technologies-Barcelona-Reviews-EI_IE1327.0,17_IL.18,27_IC2547194.htm","https://www.glassdoor.com/Reviews/Dell-Technologies-Barcelona-Reviews-EI_IE1327.0,17_IL.18,27_IC2547194.htm",success,,Dell Technologies Barcelona reviews,Barcelona,,,2026-06-28T15:00:59.499525+00:00
Dell Technologies,"Budapest, BU","https://www.glassdoor.com/Reviews/Dell-Technologies-Budapest-Reviews-EI_IE1327.0,17_IL.18,26_IC3125126.htm","https://www.glassdoor.com/Reviews/Dell-Technologies-Budapest-Reviews-EI_IE1327.0,17_IL.18,26_IC3125126.htm",success,,Dell Technologies Budapest reviews,Budapest,,,2026-06-28T15:01:10.206434+00:00
Dell Technologies,"Milan, LOM","https://www.glassdoor.com/Reviews/Dell-Technologies-Milan-Reviews-EI_IE1327.0,17_IL.18,23_IC2802090.htm","https://www.glassdoor.com/Reviews/Dell-Technologies-Milan-Reviews-EI_IE1327.0,17_IL.18,23_IC2802090.htm",success,,Dell Technologies Milan reviews,Milan,,,2026-06-28T15:01:19.383345+00:00
Dell Technologies,"Warsaw, MZ","https://www.glassdoor.com/Reviews/Dell-Technologies-Warsaw-Reviews-EI_IE1327.0,17_IL.18,24_IC3094484.htm","https://www.glassdoor.com/Reviews/Dell-Technologies-Warsaw-Reviews-EI_IE1327.0,17_IL.18,24_IC3094484.htm",success,,Dell Technologies Warsaw reviews,Warsaw,,,2026-06-28T15:01:28.647099+00:00
Dell Technologies,"Bangkok, 10","https://www.glassdoor.com/Reviews/Dell-Technologies-Bangkok-Reviews-EI_IE1327.0,17_IL.18,25_IC3179725.htm","https://www.glassdoor.com/Reviews/Dell-Technologies-Bangkok-Reviews-EI_IE1327.0,17_IL.18,25_IC3179725.htm",success,,Dell Technologies Bangkok reviews,Bangkok,,,2026-06-28T15:01:37.495717+00:00
Dell Technologies,"Dubai, DU","https://www.glassdoor.com/Reviews/Dell-Technologies-Dubai-Reviews-EI_IE1327.0,17_IL.18,23_IC2204498.htm","https://www.glassdoor.com/Reviews/Dell-Technologies-Dubai-Reviews-EI_IE1327.0,17_IL.18,23_IC2204498.htm",success,,Dell Technologies Dubai reviews,Dubai,,,2026-06-28T15:01:45.786038+00:00
Dell Technologies,"Jakarta, JK","https://www.glassdoor.com/Reviews/Dell-Technologies-Jakarta-Reviews-EI_IE1327.0,17_IL.18,25_IC2709872.htm","https://www.glassdoor.com/Reviews/Dell-Technologies-Jakarta-Reviews-EI_IE1327.0,17_IL.18,25_IC2709872.htm",success,,Dell Technologies Jakarta reviews,Jakarta,,,2026-06-28T15:01:55.176466+00:00
Dell Technologies,"Kuala Lumpur, 14","https://www.glassdoor.com/Reviews/Dell-Technologies-Kuala-Lumpur-Reviews-EI_IE1327.0,17_IL.18,30_IC2986682.htm","https://www.glassdoor.com/Reviews/Dell-Technologies-Kuala-Lumpur-Reviews-EI_IE1327.0,17_IL.18,30_IC2986682.htm",success,,Dell Technologies Kuala Lumpur reviews,Kuala Lumpur,,,2026-06-28T15:02:04.027006+00:00
Dell Technologies,"Manila, D9","https://www.glassdoor.com/Reviews/Dell-Technologies-Manila-Reviews-EI_IE1327.0,17_IL.18,24_IC2363570.htm","https://www.glassdoor.com/Reviews/Dell-Technologies-Manila-Reviews-EI_IE1327.0,17_IL.18,24_IC2363570.htm",success,,Dell Technologies Manila reviews,Manila,,,2026-06-28T15:02:13.524334+00:00
Dell Technologies,"Mumbai, MH","https://www.glassdoor.com/Reviews/Dell-Technologies-Mumbai-Reviews-EI_IE1327.0,17_IL.18,24_IC2851180.htm","https://www.glassdoor.com/Reviews/Dell-Technologies-Mumbai-Reviews-EI_IE1327.0,17_IL.18,24_IC2851180.htm",success,,Dell Technologies Mumbai reviews,Mumbai,,,2026-06-28T15:02:22.386396+00:00
Dell Technologies,"Seoul, 11","https://www.glassdoor.com/Reviews/Dell-Technologies-Seoul-Reviews-EI_IE1327.0,17_IL.18,23_IC3021489.htm","https://www.glassdoor.com/Reviews/Dell-Technologies-Seoul-Reviews-EI_IE1327.0,17_IL.18,23_IC3021489.htm",success,,Dell Technologies Seoul reviews,Seoul,,,2026-06-28T15:02:31.131506+00:00
Dell Technologies,Singapore,"https://www.glassdoor.com/Reviews/Dell-Technologies-Singapore-Reviews-EI_IE1327.0,17_IL.18,27_IC3235921.htm","https://www.glassdoor.com/Reviews/Dell-Technologies-Singapore-Reviews-EI_IE1327.0,17_IL.18,27_IC3235921.htm",success,,Dell Technologies Singapore reviews,Singapore,,,2026-06-28T15:02:44.317909+00:00
Dell Technologies,"Taipei, TPQ","https://www.glassdoor.com/Reviews/Dell-Technologies-Taipei-Reviews-EI_IE1327.0,17_IL.18,24_IC3271041.htm","https://www.glassdoor.com/Reviews/Dell-Technologies-Taipei-Reviews-EI_IE1327.0,17_IL.18,24_IC3271041.htm",success,,Dell Technologies Taipei reviews,Taipei,,,2026-06-28T15:02:52.017661+00:00
Dell Technologies,"Tokyo, 40","https://www.glassdoor.com/Reviews/Dell-Technologies-Tokyo-Reviews-EI_IE1327.0,17_IL.18,23_IC2851580.htm","https://www.glassdoor.com/Reviews/Dell-Technologies-Tokyo-Reviews-EI_IE1327.0,17_IL.18,23_IC2851580.htm",success,,Dell Technologies Tokyo reviews,Tokyo,,,2026-06-28T15:03:01.546433+00:00
Dell Technologies,"Santiago, RM","https://www.glassdoor.com/Reviews/Dell-Technologies-Santiago-Reviews-EI_IE1327.0,17_IL.18,26_IC2434030.htm","https://www.glassdoor.com/Reviews/Dell-Technologies-Santiago-Reviews-EI_IE1327.0,17_IL.18,26_IC2434030.htm",success,,Dell Technologies Santiago reviews,Santiago,,,2026-06-28T15:03:10.771560+00:00
Dell Technologies,"São Paulo, SP","https://www.glassdoor.com/Reviews/Dell-Technologies-S%C3%A3o-Paulo-Reviews-EI_IE1327.0,17_IL.18,27_IC2479061.htm","https://www.glassdoor.com/Reviews/Dell-Technologies-S%C3%A3o-Paulo-Reviews-EI_IE1327.0,17_IL.18,27_IC2479061.htm",success,,Dell Technologies São Paulo reviews,São Paulo,,,2026-06-28T15:03:20.504609+00:00
Dell Technologies,"Sydney, NSW","https://www.glassdoor.com/Reviews/Dell-Technologies-Sydney-Reviews-EI_IE1327.0,17_IL.18,24_IC2235932.htm","https://www.glassdoor.com/Reviews/Dell-Technologies-Sydney-Reviews-EI_IE1327.0,17_IL.18,24_IC2235932.htm",success,,Dell Technologies Sydney reviews,Sydney,,,2026-06-28T15:03:29.037154+00:00
Dell Technologies,"Austin, TX","https://www.glassdoor.com/Reviews/Dell-Technologies-Austin-Reviews-EI_IE1327.0,17_IL.18,24_IC1139761.htm","https://www.glassdoor.com/Reviews/Dell-Technologies-Austin-Reviews-EI_IE1327.0,17_IL.18,24_IC1139761.htm",success,,Dell Technologies Austin reviews,Austin,,,2026-06-28T15:03:39.518350+00:00
Dell Technologies,"Bellevue, WA","https://www.glassdoor.com/Reviews/Dell-Technologies-Bellevue-Reviews-EI_IE1327.0,17_IL.18,26_IC1150442.htm","https://www.glassdoor.com/Reviews/Dell-Technologies-Bellevue-Reviews-EI_IE1327.0,17_IL.18,26_IC1150442.htm",success,,Dell Technologies Bellevue reviews,Bellevue,diversity_inclusion,diversity_inclusion:page_missing,2026-06-28T15:03:47.939491+00:00
Dell Technologies,"Durham, NC","https://www.glassdoor.com/Reviews/Dell-Technologies-Durham-Reviews-EI_IE1327.0,17_IL.18,24_IC1138697.htm","https://www.glassdoor.com/Reviews/Dell-Technologies-Durham-Reviews-EI_IE1327.0,17_IL.18,24_IC1138697.htm",success,,Dell Technologies Durham reviews,Durham,,,2026-06-28T15:03:57.290689+00:00
Dell Technologies,"Redmond, WA","https://www.glassdoor.com/Reviews/Dell-Technologies-Redmond-Reviews-EI_IE1327.0,17_IL.18,25_IC1150499.htm","https://www.glassdoor.com/Reviews/Dell-Technologies-Redmond-Reviews-EI_IE1327.0,17_IL.18,25_IC1150499.htm",success,,Dell Technologies Redmond reviews,Redmond,diversity_inclusion,diversity_inclusion:page_missing,2026-06-28T15:04:06.031320+00:00
Dell Technologies,"Saint Louis, MO","https://www.glassdoor.com/Reviews/Dell-Technologies-Saint-Louis-Reviews-EI_IE1327.0,17_IL.18,29_IC1131270.htm","https://www.glassdoor.com/Reviews/Dell-Technologies-Saint-Louis-Reviews-EI_IE1327.0,17_IL.18,29_IC1131270.htm",success,,Dell Technologies Saint Louis reviews,Saint Louis,,,2026-06-28T15:04:15.493033+00:00
Dell Technologies,"San Francisco, CA","https://www.glassdoor.com/Reviews/Dell-Technologies-San-Francisco-Reviews-EI_IE1327.0,17_IL.18,31_IC1147401.htm","https://www.glassdoor.com/Reviews/Dell-Technologies-San-Francisco-Reviews-EI_IE1327.0,17_IL.18,31_IC1147401.htm",success,,Dell Technologies San Francisco reviews,San Francisco,,,2026-06-28T15:04:24.016103+00:00
Dell Technologies,"San Jose, CA","https://www.glassdoor.com/Reviews/Dell-Technologies-San-Jose-Reviews-EI_IE1327.0,17_IL.18,26_IC1147436.htm","https://www.glassdoor.com/Reviews/Dell-Technologies-San-Jose-Reviews-EI_IE1327.0,17_IL.18,26_IC1147436.htm",success,,Dell Technologies San Jose reviews,San Jose,,,2026-06-28T15:04:31.800988+00:00
Dell Technologies,"Santa Clara, CA","https://www.glassdoor.com/Reviews/Dell-Technologies-Santa-Clara-Reviews-EI_IE1327.0,17_IL.18,29_IC1147439.htm","https://www.glassdoor.com/Reviews/Dell-Technologies-Santa-Clara-Reviews-EI_IE1327.0,17_IL.18,29_IC1147439.htm",success,,Dell Technologies Santa Clara reviews,Santa Clara,,,2026-06-28T15:04:41.239991+00:00
Dell Technologies,"Toronto, ON","https://www.glassdoor.com/Reviews/Dell-Technologies-Toronto-Reviews-EI_IE1327.0,17_IL.18,25_IC2281069.htm","https://www.glassdoor.com/Reviews/Dell-Technologies-Toronto-Reviews-EI_IE1327.0,17_IL.18,25_IC2281069.htm",success,,Dell Technologies Toronto reviews,Toronto,,,2026-06-28T15:04:49.934278+00:00
Dell Technologies,"Westford, MA","https://www.glassdoor.com/Reviews/Dell-Technologies-Westford-Reviews-EI_IE1327.0,17_IL.18,26_IC1154720.htm","https://www.glassdoor.com/Reviews/Dell-Technologies-Westford-Reviews-EI_IE1327.0,17_IL.18,26_IC1154720.htm",success,,Dell Technologies Westford reviews,Westford,diversity_inclusion,diversity_inclusion:page_missing,2026-06-28T15:04:57.269615+00:00
Dell Technologies,"Moscow, 48","https://www.glassdoor.com/Reviews/Dell-Technologies-Moscow-Reviews-EI_IE1327.0,17_IL.18,24_IC3348306.htm","https://www.glassdoor.com/Reviews/Dell-Technologies-Moscow-Reviews-EI_IE1327.0,17_IL.18,24_IC3348306.htm",success,,Dell Technologies Moscow reviews,Moscow,,,2026-06-28T15:05:06.800714+00:00
Dell Technologies,"Munich, BY","https://www.glassdoor.com/Reviews/Dell-Technologies-Munich-Reviews-EI_IE1327.0,17_IL.18,24_IC4990924.htm","https://www.glassdoor.com/Reviews/Dell-Technologies-Munich-Reviews-EI_IE1327.0,17_IL.18,24_IC4990924.htm",success,,Dell Technologies Munich reviews,Munich,,,2026-06-28T15:05:14.555249+00:00
Dell Technologies,"Reading, ENG","https://www.glassdoor.com/Reviews/Dell-Technologies-Reading-Reviews-EI_IE1327.0,17_IL.18,25_IC2675152.htm","https://www.glassdoor.com/Reviews/Dell-Technologies-Reading-Reviews-EI_IE1327.0,17_IL.18,25_IC2675152.htm",success,,Dell Technologies Reading reviews,Reading,,,2026-06-28T15:05:22.722224+00:00
Dell Technologies,"Zürich, ZH","https://www.glassdoor.com/Reviews/Dell-Technologies-Z%C3%BCrich-Reviews-EI_IE1327.0,17_IL.18,24_IC3297851.htm","https://www.glassdoor.com/Reviews/Dell-Technologies-Z%C3%BCrich-Reviews-EI_IE1327.0,17_IL.18,24_IC3297851.htm",success,,Dell Technologies Zürich reviews,Zürich,,,2026-06-28T15:05:30.384190+00:00
Dell Technologies,"Bengaluru, KA","https://www.glassdoor.com/Reviews/Dell-Technologies-Bengaluru-Reviews-EI_IE1327.0,17_IL.18,27_IC2940587.htm","https://www.glassdoor.com/Reviews/Dell-Technologies-Bengaluru-Reviews-EI_IE1327.0,17_IL.18,27_IC2940587.htm",success,,Dell Technologies Bengaluru reviews,Bengaluru,,,2026-06-28T15:05:39.004979+00:00
Dell Technologies,"Pune, MH","https://www.glassdoor.com/Reviews/Dell-Technologies-Pune-Reviews-EI_IE1327.0,17_IL.18,22_IC2856202.htm","https://www.glassdoor.com/Reviews/Dell-Technologies-Pune-Reviews-EI_IE1327.0,17_IL.18,22_IC2856202.htm",success,,Dell Technologies Pune reviews,Pune,,,2026-06-28T15:05:46.233402+00:00
Dell Technologies,"Shanghai, 23","https://www.glassdoor.com/Reviews/Dell-Technologies-Shanghai-Reviews-EI_IE1327.0,17_IL.18,26_IC2416009.htm","https://www.glassdoor.com/Reviews/Dell-Technologies-Shanghai-Reviews-EI_IE1327.0,17_IL.18,26_IC2416009.htm",success,,Dell Technologies Shanghai reviews,Shanghai,,,2026-06-28T15:05:54.492309+00:00
Dell Technologies,"San Jose, MP","https://www.glassdoor.com/Reviews/Dell-Technologies-San-Jose-Reviews-EI_IE1327.0,17_IL.18,26_IC1147436.htm","https://www.glassdoor.com/Reviews/Dell-Technologies-San-Jose-Reviews-EI_IE1327.0,17_IL.18,26_IC1147436.htm",success,,Dell Technologies San Jose reviews,San Jose,,,2026-06-28T15:05:54.587226+00:00
Dell Technologies,"Frankfurt am Main, HE","https://www.glassdoor.com/Reviews/Dell-Technologies-Frankfurt-am-Main-Reviews-EI_IE1327.0,17_IL.18,35_IC2632180.htm","https://www.glassdoor.com/Reviews/Dell-Technologies-Frankfurt-am-Main-Reviews-EI_IE1327.0,17_IL.18,35_IC2632180.htm",success,,Dell Technologies Frankfurt am Main reviews,Frankfurt am Main,,,2026-06-28T15:06:04.112130+00:00
Dell Technologies,"Boise, ID","https://www.glassdoor.com/Reviews/Dell-Technologies-Boise-Reviews-EI_IE1327.0,17_IL.18,23_IC1127927.htm","https://www.glassdoor.com/Reviews/Dell-Technologies-Boise-Reviews-EI_IE1327.0,17_IL.18,23_IC1127927.htm",success,,Dell Technologies Boise reviews,Boise,"recommend,ceo_approval,diversity_inclusion,culture_values","ceo_approval:selector_failure,culture_values:page_missing,diversity_inclusion:page_missing,recommend:selector_failure",2026-06-28T15:06:12.951281+00:00
Dell Technologies,"Fort Collins, CO","https://www.glassdoor.com/Reviews/Dell-Technologies-Fort-Collins-Reviews-EI_IE1327.0,17_IL.18,30_IC1148233.htm","https://www.glassdoor.com/Reviews/Dell-Technologies-Fort-Collins-Reviews-EI_IE1327.0,17_IL.18,30_IC1148233.htm",success,,Dell Technologies Fort Collins reviews,Fort Collins,diversity_inclusion,diversity_inclusion:page_missing,2026-06-28T15:06:26.002139+00:00
Dell Technologies,"Guadalajara, JAL","https://www.glassdoor.com/Reviews/Dell-Technologies-Guadalajara-Reviews-EI_IE1327.0,17_IL.18,29_IC3486357.htm","https://www.glassdoor.com/Reviews/Dell-Technologies-Guadalajara-Reviews-EI_IE1327.0,17_IL.18,29_IC3486357.htm",success,,Dell Technologies Guadalajara reviews,Guadalajara,,,2026-06-28T15:06:34.372455+00:00
Dell Technologies,"Houston, TX","https://www.glassdoor.com/Reviews/Dell-Technologies-Houston-Reviews-EI_IE1327.0,17_IL.18,25_IC1140171.htm","https://www.glassdoor.com/Reviews/Dell-Technologies-Houston-Reviews-EI_IE1327.0,17_IL.18,25_IC1140171.htm",success,,Dell Technologies Houston reviews,Houston,,,2026-06-28T15:06:43.671040+00:00
Dell Technologies,"Palo Alto, CA","https://www.glassdoor.com/Reviews/Dell-Technologies-Palo-Alto-Reviews-EI_IE1327.0,17_IL.18,27_IC1147434.htm","https://www.glassdoor.com/Reviews/Dell-Technologies-Palo-Alto-Reviews-EI_IE1327.0,17_IL.18,27_IC1147434.htm",success,,Dell Technologies Palo Alto reviews,Palo Alto,,,2026-06-28T15:06:51.411054+00:00
Dell Technologies,"Portland, OR","https://www.glassdoor.com/Reviews/Dell-Technologies-Portland-Reviews-EI_IE1327.0,17_IL.18,26_IC1151614.htm","https://www.glassdoor.com/Reviews/Dell-Technologies-Portland-Reviews-EI_IE1327.0,17_IL.18,26_IC1151614.htm",success,,Dell Technologies Portland reviews,Portland,,,2026-06-28T15:06:58.865767+00:00
Dell Technologies,"San Diego, CA","https://www.glassdoor.com/Reviews/Dell-Technologies-San-Diego-Reviews-EI_IE1327.0,17_IL.18,27_IC1147311.htm","https://www.glassdoor.com/Reviews/Dell-Technologies-San-Diego-Reviews-EI_IE1327.0,17_IL.18,27_IC1147311.htm",success,,Dell Technologies San Diego reviews,San Diego,,,2026-06-28T15:07:08.170290+00:00
Dell Technologies,"Sunnyvale, CA","https://www.glassdoor.com/Reviews/Dell-Technologies-Sunnyvale-Reviews-EI_IE1327.0,17_IL.18,27_IC1147442.htm","https://www.glassdoor.com/Reviews/Dell-Technologies-Sunnyvale-Reviews-EI_IE1327.0,17_IL.18,27_IC1147442.htm",success,,Dell Technologies Sunnyvale reviews,Sunnyvale,,,2026-06-28T15:07:16.109240+00:00
Dell Technologies,"Vancouver, WA","https://www.glassdoor.com/Reviews/Dell-Technologies-Vancouver-Reviews-EI_IE1327.0,17_IL.18,27_IC1150413.htm","https://www.glassdoor.com/Reviews/Dell-Technologies-Vancouver-Reviews-EI_IE1327.0,17_IL.18,27_IC1150413.htm",success,,Dell Technologies Vancouver reviews,Vancouver,"recommend,ceo_approval,diversity_inclusion,work_life_balance,compensation_benefits,culture_values,career_opportunities,senior_management","career_opportunities:selector_failure,ceo_approval:selector_failure,compensation_benefits:selector_failure,culture_values:page_missing,diversity_inclusion:page_missing,recommend:selector_failure,senior_management:selector_failure,work_life_balance:selector_failure",2026-06-28T15:07:24.167470+00:00
Dell Technologies,"Zapopan, JAL","https://www.glassdoor.com/Reviews/Dell-Technologies-Zapopan-Reviews-EI_IE1327.0,17_IL.18,25_IC3487018.htm","https://www.glassdoor.com/Reviews/Dell-Technologies-Zapopan-Reviews-EI_IE1327.0,17_IL.18,25_IC3487018.htm",success,,Dell Technologies Zapopan reviews,Zapopan,,,2026-06-28T15:07:32.207481+00:00
Dell Technologies,"Bucharest, B","https://www.glassdoor.com/Reviews/Dell-Technologies-Bucharest-Reviews-EI_IE1327.0,17_IL.18,27_IC3184907.htm","https://www.glassdoor.com/Reviews/Dell-Technologies-Bucharest-Reviews-EI_IE1327.0,17_IL.18,27_IC3184907.htm",success,,Dell Technologies Bucharest reviews,Bucharest,,,2026-06-28T15:07:41.509531+00:00
Dell Technologies,"Cambridge, ENG","https://www.glassdoor.com/Reviews/Dell-Technologies-Cambridge-Reviews-EI_IE1327.0,17_IL.18,27_IC2662516.htm","https://www.glassdoor.com/Reviews/Dell-Technologies-Cambridge-Reviews-EI_IE1327.0,17_IL.18,27_IC2662516.htm",success,,Dell Technologies Cambridge reviews,Cambridge,diversity_inclusion,diversity_inclusion:page_missing,2026-06-28T15:07:50.422535+00:00
Dell Technologies,"Paris, A8","https://www.glassdoor.com/Reviews/Dell-Technologies-Paris-Reviews-EI_IE1327.0,17_IL.18,23_IC2881970.htm","https://www.glassdoor.com/Reviews/Dell-Technologies-Paris-Reviews-EI_IE1327.0,17_IL.18,23_IC2881970.htm",success,,Dell Technologies Paris reviews,Paris,,,2026-06-28T15:07:58.667328+00:00
Dell Technologies,"Whitefield, KA","https://www.glassdoor.com/Reviews/Dell-Technologies-Whitefield-Reviews-EI_IE1327.0,17_IL.18,28_IC2941717.htm","https://www.glassdoor.com/Reviews/Dell-Technologies-Whitefield-Reviews-EI_IE1327.0,17_IL.18,28_IC2941717.htm",success,,Dell Technologies Whitefield reviews,Whitefield,diversity_inclusion,diversity_inclusion:page_missing,2026-06-28T15:08:08.244708+00:00
Dell Technologies,"Lake Forest, CA","https://www.glassdoor.com/Reviews/Dell-Technologies-Lake-Forest-Reviews-EI_IE1327.0,17_IL.18,29_IC1146811.htm","https://www.glassdoor.com/Reviews/Dell-Technologies-Lake-Forest-Reviews-EI_IE1327.0,17_IL.18,29_IC1146811.htm",success,,Dell Technologies Lake Forest reviews,Lake Forest,"ceo_approval,diversity_inclusion","ceo_approval:selector_failure,diversity_inclusion:page_missing",2026-06-28T15:08:15.752701+00:00
Dell Technologies,"Wuhan, 12","https://www.glassdoor.com/Reviews/Dell-Technologies-Wuhan-Reviews-EI_IE1327.0,17_IL.18,23_IC2478891.htm","https://www.glassdoor.com/Reviews/Dell-Technologies-Wuhan-Reviews-EI_IE1327.0,17_IL.18,23_IC2478891.htm",success,,Dell Technologies Wuhan reviews,Wuhan,diversity_inclusion,diversity_inclusion:page_missing,2026-06-28T15:08:28.466693+00:00
Dell Technologies,"Irving, TX","https://www.glassdoor.com/Reviews/Dell-Technologies-Irving-Reviews-EI_IE1327.0,17_IL.18,24_IC1140006.htm","https://www.glassdoor.com/Reviews/Dell-Technologies-Irving-Reviews-EI_IE1327.0,17_IL.18,24_IC1140006.htm",success,,Dell Technologies Irving reviews,Irving,diversity_inclusion,diversity_inclusion:page_missing,2026-06-28T15:08:35.633232+00:00
Dell Technologies,"Jersey City, NJ","https://www.glassdoor.com/Reviews/Dell-Technologies-Jersey-City-Reviews-EI_IE1327.0,17_IL.18,29_IC1126819.htm","https://www.glassdoor.com/Reviews/Dell-Technologies-Jersey-City-Reviews-EI_IE1327.0,17_IL.18,29_IC1126819.htm",success,,Dell Technologies Jersey City reviews,Jersey City,,,2026-06-28T15:08:44.625427+00:00
Dell Technologies,"Kanata, ON","https://www.glassdoor.com/Reviews/Dell-Technologies-Kanata-Reviews-EI_IE1327.0,17_IL.18,24_IC2282818.htm","https://www.glassdoor.com/Reviews/Dell-Technologies-Kanata-Reviews-EI_IE1327.0,17_IL.18,24_IC2282818.htm",success,,Dell Technologies Kanata reviews,Kanata,,,2026-06-28T15:08:52.574936+00:00
Dell Technologies,"Cork, M","https://www.glassdoor.com/Reviews/Dell-Technologies-Cork-Reviews-EI_IE1327.0,17_IL.18,22_IC4325638.htm","https://www.glassdoor.com/Reviews/Dell-Technologies-Cork-Reviews-EI_IE1327.0,17_IL.18,22_IC4325638.htm",success,,Dell Technologies Cork reviews,Cork,,,2026-06-28T15:09:00.077160+00:00
Dell Technologies,"London, ENG","https://www.glassdoor.com/Reviews/Dell-Technologies-London-Reviews-EI_IE1327.0,17_IL.18,24_IC2671300.htm","https://www.glassdoor.com/Reviews/Dell-Technologies-London-Reviews-EI_IE1327.0,17_IL.18,24_IC2671300.htm",success,,Dell Technologies London reviews,London,,,2026-06-28T15:09:09.334241+00:00
Dell Technologies,"Aliso, CA","https://www.glassdoor.com/Reviews/Dell-Technologies-Aliso-Reviews-EI_IE1327.0,17_IL.18,23_IC3789361.htm","https://www.glassdoor.com/Reviews/Dell-Technologies-Aliso-Reviews-EI_IE1327.0,17_IL.18,23_IC3789361.htm",success,,Dell Technologies Aliso reviews,Aliso,diversity_inclusion,diversity_inclusion:page_missing,2026-06-28T15:09:17.970228+00:00
Dell Technologies,"Bedford, MA","https://www.glassdoor.com/Reviews/Dell-Technologies-Bedford-Reviews-EI_IE1327.0,17_IL.18,25_IC1154527.htm","https://www.glassdoor.com/Reviews/Dell-Technologies-Bedford-Reviews-EI_IE1327.0,17_IL.18,25_IC1154527.htm",success,,Dell Technologies Bedford reviews,Bedford,,,2026-06-28T15:09:25.536663+00:00
Dell Technologies,"Boston, MA","https://www.glassdoor.com/Reviews/Dell-Technologies-Boston-Reviews-EI_IE1327.0,17_IL.18,24_IC1154532.htm","https://www.glassdoor.com/Reviews/Dell-Technologies-Boston-Reviews-EI_IE1327.0,17_IL.18,24_IC1154532.htm",success,,Dell Technologies Boston reviews,Boston,,,2026-06-28T15:09:35.353763+00:00
Dell Technologies,"Boydton, VA","https://www.glassdoor.com/Reviews/Dell-Technologies-Boydton-Reviews-EI_IE1327.0,17_IL.18,25_IC1129623.htm","https://www.glassdoor.com/Reviews/Dell-Technologies-Boydton-Reviews-EI_IE1327.0,17_IL.18,25_IC1129623.htm",success,,Dell Technologies Boydton reviews,Boydton,diversity_inclusion,diversity_inclusion:page_missing,2026-06-28T15:09:43.424154+00:00
Dell Technologies,"Cambridge, MA","https://www.glassdoor.com/Reviews/Dell-Technologies-Cambridge-Reviews-EI_IE1327.0,17_IL.18,27_IC1154545.htm","https://www.glassdoor.com/Reviews/Dell-Technologies-Cambridge-Reviews-EI_IE1327.0,17_IL.18,27_IC1154545.htm",success,,Dell Technologies Cambridge reviews,Cambridge,diversity_inclusion,diversity_inclusion:selector_failure,2026-06-28T15:09:52.056712+00:00
Dell Technologies,"Canada, KY","https://www.glassdoor.com/Reviews/Dell-Technologies-Canada-Reviews-EI_IE1327.0,17_IL.18,24_IC1137126.htm","https://www.glassdoor.com/Reviews/Dell-Technologies-Canada-Reviews-EI_IE1327.0,17_IL.18,24_IC1137126.htm",success,,Dell Technologies Canada reviews,Canada,diversity_inclusion,diversity_inclusion:page_missing,2026-06-28T15:10:04.100884+00:00
Dell Technologies,"Canton, MA","https://www.glassdoor.com/Reviews/Dell-Technologies-Canton-Reviews-EI_IE1327.0,17_IL.18,24_IC1154546.htm","https://www.glassdoor.com/Reviews/Dell-Technologies-Canton-Reviews-EI_IE1327.0,17_IL.18,24_IC1154546.htm",success,,Dell Technologies Canton reviews,Canton,"diversity_inclusion,culture_values","culture_values:page_missing,diversity_inclusion:page_missing",2026-06-28T15:10:13.330132+00:00
Dell Technologies,"Cedar Park, TX","https://www.glassdoor.com/Reviews/Dell-Technologies-Cedar-Park-Reviews-EI_IE1327.0,17_IL.18,28_IC1139765.htm","https://www.glassdoor.com/Reviews/Dell-Technologies-Cedar-Park-Reviews-EI_IE1327.0,17_IL.18,28_IC1139765.htm",success,,Dell Technologies Cedar Park reviews,Cedar Park,diversity_inclusion,diversity_inclusion:selector_failure,2026-06-28T15:10:21.775196+00:00
Dell Technologies,"Framingham, MA","https://www.glassdoor.com/Reviews/Dell-Technologies-Framingham-Reviews-EI_IE1327.0,17_IL.18,28_IC1154571.htm","https://www.glassdoor.com/Reviews/Dell-Technologies-Framingham-Reviews-EI_IE1327.0,17_IL.18,28_IC1154571.htm",success,,Dell Technologies Framingham reviews,Framingham,ceo_approval,ceo_approval:selector_failure,2026-06-28T15:10:30.179841+00:00
Dell Technologies,"Franklin, MA","https://www.glassdoor.com/Reviews/Dell-Technologies-Franklin-Reviews-EI_IE1327.0,17_IL.18,26_IC1154572.htm","https://www.glassdoor.com/Reviews/Dell-Technologies-Franklin-Reviews-EI_IE1327.0,17_IL.18,26_IC1154572.htm",success,,Dell Technologies Franklin reviews,Franklin,,,2026-06-28T15:10:39.575220+00:00
Dell Technologies,"Fuquay-Varina, NC","https://www.glassdoor.com/Reviews/Dell-Technologies-Fuquay-Varina-Reviews-EI_IE1327.0,17_IL.18,31_IC3757296.htm","https://www.glassdoor.com/Reviews/Dell-Technologies-Fuquay-Varina-Reviews-EI_IE1327.0,17_IL.18,31_IC3757296.htm",success,,Dell Technologies Fuquay-Varina reviews,Fuquay-Varina,diversity_inclusion,diversity_inclusion:page_missing,2026-06-28T15:10:47.641751+00:00
Dell Technologies,"Georgetown, TX","https://www.glassdoor.com/Reviews/Dell-Technologies-Georgetown-Reviews-EI_IE1327.0,17_IL.18,28_IC1139774.htm","https://www.glassdoor.com/Reviews/Dell-Technologies-Georgetown-Reviews-EI_IE1327.0,17_IL.18,28_IC1139774.htm",success,,Dell Technologies Georgetown reviews,Georgetown,,,2026-06-28T15:10:55.155013+00:00
Dell Technologies,"Hopkinton, MA","https://www.glassdoor.com/Reviews/Dell-Technologies-Hopkinton-Reviews-EI_IE1327.0,17_IL.18,27_IC1154589.htm","https://www.glassdoor.com/Reviews/Dell-Technologies-Hopkinton-Reviews-EI_IE1327.0,17_IL.18,27_IC1154589.htm",success,,Dell Technologies Hopkinton reviews,Hopkinton,,,2026-06-28T15:11:02.563010+00:00
Dell Technologies,"India, TX","https://www.glassdoor.com/Reviews/Dell-Technologies-India-Reviews-EI_IE1327.0,17_IL.18,23_IC3759223.htm","https://www.glassdoor.com/Reviews/Dell-Technologies-India-Reviews-EI_IE1327.0,17_IL.18,23_IC3759223.htm",success,,Dell Technologies India reviews,India,,,2026-06-28T15:11:10.863297+00:00
Dell Technologies,"Land O' Lakes, FL","https://www.glassdoor.com/Reviews/Dell-Technologies-Land-O-Lakes-Reviews-EI_IE1327.0,17_IL.18,30_IC3817049.htm","https://www.glassdoor.com/Reviews/Dell-Technologies-Land-O-Lakes-Reviews-EI_IE1327.0,17_IL.18,30_IC3817049.htm",success,,Dell Technologies Land O' Lakes reviews,Land O' Lakes,diversity_inclusion,diversity_inclusion:page_missing,2026-06-28T15:11:18.878791+00:00
Dell Technologies,"Leander, TX","https://www.glassdoor.com/Reviews/Dell-Technologies-Leander-Reviews-EI_IE1327.0,17_IL.18,25_IC1139779.htm","https://www.glassdoor.com/Reviews/Dell-Technologies-Leander-Reviews-EI_IE1327.0,17_IL.18,25_IC1139779.htm",success,,Dell Technologies Leander reviews,Leander,"ceo_approval,diversity_inclusion","ceo_approval:selector_failure,diversity_inclusion:page_missing",2026-06-28T15:11:26.727140+00:00
Dell Technologies,"Pflugerville, TX","https://www.glassdoor.com/Reviews/Dell-Technologies-Pflugerville-Reviews-EI_IE1327.0,17_IL.18,30_IC1139790.htm","https://www.glassdoor.com/Reviews/Dell-Technologies-Pflugerville-Reviews-EI_IE1327.0,17_IL.18,30_IC1139790.htm",success,,Dell Technologies Pflugerville reviews,Pflugerville,,,2026-06-28T15:11:34.359862+00:00
Dell Technologies,"Quincy, MA","https://www.glassdoor.com/Reviews/Dell-Technologies-Quincy-Reviews-EI_IE1327.0,17_IL.18,24_IC1154667.htm","https://www.glassdoor.com/Reviews/Dell-Technologies-Quincy-Reviews-EI_IE1327.0,17_IL.18,24_IC1154667.htm",success,,Dell Technologies Quincy reviews,Quincy,diversity_inclusion,diversity_inclusion:selector_failure,2026-06-28T15:11:42.339790+00:00
Dell Technologies,"Round Rock, TX","https://www.glassdoor.com/Reviews/Dell-Technologies-Round-Rock-Reviews-EI_IE1327.0,17_IL.18,28_IC1139794.htm","https://www.glassdoor.com/Reviews/Dell-Technologies-Round-Rock-Reviews-EI_IE1327.0,17_IL.18,28_IC1139794.htm",success,,Dell Technologies Round Rock reviews,Round Rock,,,2026-06-28T15:11:51.083164+00:00
Dell Technologies,"San Marcos, TX","https://www.glassdoor.com/Reviews/Dell-Technologies-San-Marcos-Reviews-EI_IE1327.0,17_IL.18,28_IC1139795.htm","https://www.glassdoor.com/Reviews/Dell-Technologies-San-Marcos-Reviews-EI_IE1327.0,17_IL.18,28_IC1139795.htm",success,,Dell Technologies San Marcos reviews,San Marcos,diversity_inclusion,diversity_inclusion:page_missing,2026-06-28T15:12:01.879949+00:00
Dell Technologies,"Satellite Beach, FL","https://www.glassdoor.com/Reviews/Dell-Technologies-Satellite-Beach-Reviews-EI_IE1327.0,17_IL.18,33_IC1154294.htm","https://www.glassdoor.com/Reviews/Dell-Technologies-Satellite-Beach-Reviews-EI_IE1327.0,17_IL.18,33_IC1154294.htm",success,,Dell Technologies Satellite Beach reviews,Satellite Beach,diversity_inclusion,diversity_inclusion:page_missing,2026-06-28T15:12:10.148856+00:00
Dell Technologies,"Wellesley, MA","https://www.glassdoor.com/Reviews/Dell-Technologies-Wellesley-Reviews-EI_IE1327.0,17_IL.18,27_IC1154708.htm","https://www.glassdoor.com/Reviews/Dell-Technologies-Wellesley-Reviews-EI_IE1327.0,17_IL.18,27_IC1154708.htm",success,,Dell Technologies Wellesley reviews,Wellesley,diversity_inclusion,diversity_inclusion:selector_failure,2026-06-28T15:12:18.387856+00:00
Dell Technologies,"Domlur, KA","https://www.glassdoor.com/Reviews/Dell-Technologies-Domlur-Reviews-EI_IE1327.0,17_IL.18,24_IC4470560.htm","https://www.glassdoor.com/Reviews/Dell-Technologies-Domlur-Reviews-EI_IE1327.0,17_IL.18,24_IC4470560.htm",success,,Dell Technologies Domlur reviews,Domlur,,,2026-06-28T15:12:28.661142+00:00
Dell Technologies,"Chicago, IL","https://www.glassdoor.com/Reviews/Dell-Technologies-Chicago-Reviews-EI_IE1327.0,17_IL.18,25_IC1128808.htm","https://www.glassdoor.com/Reviews/Dell-Technologies-Chicago-Reviews-EI_IE1327.0,17_IL.18,25_IC1128808.htm",success,,Dell Technologies Chicago reviews,Chicago,,,2026-06-28T15:12:38.413146+00:00
Dell Technologies,"Morrisville, NC","https://www.glassdoor.com/Reviews/Dell-Technologies-Morrisville-Reviews-EI_IE1327.0,17_IL.18,29_IC1138956.htm","https://www.glassdoor.com/Reviews/Dell-Technologies-Morrisville-Reviews-EI_IE1327.0,17_IL.18,29_IC1138956.htm",success,,Dell Technologies Morrisville reviews,Morrisville,,,2026-06-28T15:12:46.527291+00:00
Dell Technologies,"Bratislava, 02","https://www.glassdoor.com/Reviews/Dell-Technologies-Bratislava-Reviews-EI_IE1327.0,17_IL.18,28_IC2907054.htm","https://www.glassdoor.com/Reviews/Dell-Technologies-Bratislava-Reviews-EI_IE1327.0,17_IL.18,28_IC2907054.htm",success,,Dell Technologies Bratislava reviews,Bratislava,,,2026-06-28T15:12:55.811183+00:00
Dell Technologies,"Stuttgart, BW","https://www.glassdoor.com/Reviews/Dell-Technologies-Stuttgart-Reviews-EI_IE1327.0,17_IL.18,27_IC2507190.htm","https://www.glassdoor.com/Reviews/Dell-Technologies-Stuttgart-Reviews-EI_IE1327.0,17_IL.18,27_IC2507190.htm",success,,Dell Technologies Stuttgart reviews,Stuttgart,,,2026-06-28T15:13:05.668156+00:00
Dell Technologies,"Beijing, 22","https://www.glassdoor.com/Reviews/Dell-Technologies-Beijing-Reviews-EI_IE1327.0,17_IL.18,25_IC2398510.htm","https://www.glassdoor.com/Reviews/Dell-Technologies-Beijing-Reviews-EI_IE1327.0,17_IL.18,25_IC2398510.htm",success,,Dell Technologies Beijing reviews,Beijing,,,2026-06-28T15:13:13.331368+00:00
Dell Technologies,Hong Kong,"https://www.glassdoor.com/Reviews/Dell-Technologies-Hong-Kong-Reviews-EI_IE1327.0,17_IL.18,27_IC2308631.htm","https://www.glassdoor.com/Reviews/Dell-Technologies-Hong-Kong-Reviews-EI_IE1327.0,17_IL.18,27_IC2308631.htm",success,,Dell Technologies Hong Kong reviews,Hong Kong,,,2026-06-28T15:13:21.537546+00:00
Dell Technologies,"Xiamen, 07","https://www.glassdoor.com/Reviews/Dell-Technologies-Xiamen-Reviews-EI_IE1327.0,17_IL.18,24_IC2564138.htm","https://www.glassdoor.com/Reviews/Dell-Technologies-Xiamen-Reviews-EI_IE1327.0,17_IL.18,24_IC2564138.htm",success,,Dell Technologies Xiamen reviews,Xiamen,,,2026-06-28T15:13:29.464153+00:00
Dell Technologies,"Buenos Aires, C","https://www.glassdoor.com/Reviews/Dell-Technologies-Buenos-Aires-Reviews-EI_IE1327.0,17_IL.18,30_IC2242084.htm","https://www.glassdoor.com/Reviews/Dell-Technologies-Buenos-Aires-Reviews-EI_IE1327.0,17_IL.18,30_IC2242084.htm",success,,Dell Technologies Buenos Aires reviews,Buenos Aires,,,2026-06-28T15:13:42.909972+00:00
Dell Technologies,"Campinas, SP","https://www.glassdoor.com/Reviews/Dell-Technologies-Campinas-Reviews-EI_IE1327.0,17_IL.18,26_IC2490130.htm","https://www.glassdoor.com/Reviews/Dell-Technologies-Campinas-Reviews-EI_IE1327.0,17_IL.18,26_IC2490130.htm",success,,Dell Technologies Campinas reviews,Campinas,,,2026-06-28T15:13:51.591251+00:00
Dell Technologies,"Martínez, B","https://www.glassdoor.com/Reviews/Dell-Technologies-Mart%C3%ADnez-Reviews-EI_IE1327.0,17_IL.18,26_IC2207815.htm","https://www.glassdoor.com/Reviews/Dell-Technologies-Mart%C3%ADnez-Reviews-EI_IE1327.0,17_IL.18,26_IC2207815.htm",success,,Dell Technologies Martínez reviews,Martínez,"ceo_approval,diversity_inclusion,senior_management","ceo_approval:selector_failure,diversity_inclusion:page_missing,senior_management:selector_failure",2026-06-28T15:13:58.998273+00:00
Dell Technologies,Global,https://www.glassdoor.com/Reviews/Dell-Technologies-Reviews-E1327.htm,https://www.glassdoor.com/Reviews/Dell-Technologies-Reviews-E1327.htm,success,,Dell Technologies reviews,Global,,,2026-06-28T15:14:09.714943+00:00
Dell Technologies,Taipei,"https://www.glassdoor.com/Reviews/Dell-Technologies-Taipei-Reviews-EI_IE1327.0,17_IL.18,24_IC3271041.htm","https://www.glassdoor.com/Reviews/Dell-Technologies-Taipei-Reviews-EI_IE1327.0,17_IL.18,24_IC3271041.htm",success,,Dell Technologies Taipei reviews,Taipei,,,2026-06-28T15:14:09.816354+00:00
Dell Technologies,Shanghai,"https://www.glassdoor.com/Reviews/Dell-Technologies-Shanghai-Reviews-EI_IE1327.0,17_IL.18,26_IC2416009.htm","https://www.glassdoor.com/Reviews/Dell-Technologies-Shanghai-Reviews-EI_IE1327.0,17_IL.18,26_IC2416009.htm",success,,Dell Technologies Shanghai reviews,Shanghai,,,2026-06-28T15:14:09.913972+00:00
Dell Technologies,Tokyo,"https://www.glassdoor.com/Reviews/Dell-Technologies-Tokyo-Reviews-EI_IE1327.0,17_IL.18,23_IC2851580.htm","https://www.glassdoor.com/Reviews/Dell-Technologies-Tokyo-Reviews-EI_IE1327.0,17_IL.18,23_IC2851580.htm",success,,Dell Technologies Tokyo reviews,Tokyo,,,2026-06-28T15:14:10.013268+00:00
Dell Technologies,Seoul,"https://www.glassdoor.com/Reviews/Dell-Technologies-Seoul-Reviews-EI_IE1327.0,17_IL.18,23_IC3021489.htm","https://www.glassdoor.com/Reviews/Dell-Technologies-Seoul-Reviews-EI_IE1327.0,17_IL.18,23_IC3021489.htm",success,,Dell Technologies Seoul reviews,Seoul,,,2026-06-28T15:14:10.108760+00:00
Dell Technologies,Austin,"https://www.glassdoor.com/Reviews/Dell-Technologies-Austin-Reviews-EI_IE1327.0,17_IL.18,24_IC1139761.htm","https://www.glassdoor.com/Reviews/Dell-Technologies-Austin-Reviews-EI_IE1327.0,17_IL.18,24_IC1139761.htm",success,,Dell Technologies Austin reviews,Austin,,,2026-06-28T15:14:10.221973+00:00
Dell Technologies,London,"https://www.glassdoor.com/Reviews/Dell-Technologies-London-Reviews-EI_IE1327.0,17_IL.18,24_IC2671300.htm","https://www.glassdoor.com/Reviews/Dell-Technologies-London-Reviews-EI_IE1327.0,17_IL.18,24_IC2671300.htm",success,,Dell Technologies London reviews,London,,,2026-06-28T15:14:10.335063+00:00
Dell Technologies,Munich,"https://www.glassdoor.com/Reviews/Dell-Technologies-Munich-Reviews-EI_IE1327.0,17_IL.18,24_IC4990924.htm","https://www.glassdoor.com/Reviews/Dell-Technologies-Munich-Reviews-EI_IE1327.0,17_IL.18,24_IC4990924.htm",success,,Dell Technologies Munich reviews,Munich,,,2026-06-28T15:14:10.423368+00:00
Acer Group,"Barcelona, CT","https://www.glassdoor.com/Reviews/Acer-Group-Barcelona-Reviews-EI_IE3802.0,10_IL.11,20_IC2547194.htm","https://www.glassdoor.com/Reviews/Acer-Group-Barcelona-Reviews-EI_IE3802.0,10_IL.11,20_IC2547194.htm",success,,Acer Group Barcelona reviews,Barcelona,"ceo_approval,diversity_inclusion","ceo_approval:selector_failure,diversity_inclusion:page_missing",2026-06-28T15:14:19.420507+00:00
Acer Group,"Milan, LOM","https://www.glassdoor.com/Reviews/Acer-Group-Milan-Reviews-EI_IE3802.0,10_IL.11,16_IC2802090.htm","https://www.glassdoor.com/Reviews/Acer-Group-Milan-Reviews-EI_IE3802.0,10_IL.11,16_IC2802090.htm",success,,Acer Group Milan reviews,Milan,ceo_approval,ceo_approval:selector_failure,2026-06-28T15:14:27.114928+00:00
Acer Group,"Warsaw, MZ","https://www.glassdoor.com/Reviews/Acer-Group-Warsaw-Reviews-EI_IE3802.0,10_IL.11,17_IC3094484.htm","https://www.glassdoor.com/Reviews/Acer-Group-Warsaw-Reviews-EI_IE3802.0,10_IL.11,17_IC3094484.htm",success,,Acer Group Warsaw reviews,Warsaw,"ceo_approval,diversity_inclusion","ceo_approval:selector_failure,diversity_inclusion:page_missing",2026-06-28T15:14:35.284352+00:00
Acer Group,"Bangkok, 10","https://www.glassdoor.com/Reviews/Acer-Group-Bangkok-Reviews-EI_IE3802.0,10_IL.11,18_IC3179725.htm","https://www.glassdoor.com/Reviews/Acer-Group-Bangkok-Reviews-EI_IE3802.0,10_IL.11,18_IC3179725.htm",success,,Acer Group Bangkok reviews,Bangkok,"ceo_approval,diversity_inclusion","ceo_approval:selector_failure,diversity_inclusion:page_missing",2026-06-28T15:14:43.920604+00:00
Acer Group,"Dubai, DU","https://www.glassdoor.com/Reviews/Acer-Group-Dubai-Reviews-EI_IE3802.0,10_IL.11,16_IC2204498.htm","https://www.glassdoor.com/Reviews/Acer-Group-Dubai-Reviews-EI_IE3802.0,10_IL.11,16_IC2204498.htm",success,,Acer Group Dubai reviews,Dubai,diversity_inclusion,diversity_inclusion:page_missing,2026-06-28T15:14:54.215227+00:00
Acer Group,"Jakarta, JK","https://www.glassdoor.com/Reviews/Acer-Group-Jakarta-Reviews-EI_IE3802.0,10_IL.11,18_IC2709872.htm","https://www.glassdoor.com/Reviews/Acer-Group-Jakarta-Reviews-EI_IE3802.0,10_IL.11,18_IC2709872.htm",success,,Acer Group Jakarta reviews,Jakarta,ceo_approval,ceo_approval:selector_failure,2026-06-28T15:15:01.868430+00:00
Acer Group,"Kuala Lumpur, 14","https://www.glassdoor.com/Reviews/Acer-Group-Kuala-Lumpur-Reviews-EI_IE3802.0,10_IL.11,23_IC2986682.htm","https://www.glassdoor.com/Reviews/Acer-Group-Kuala-Lumpur-Reviews-EI_IE3802.0,10_IL.11,23_IC2986682.htm",success,,Acer Group Kuala Lumpur reviews,Kuala Lumpur,diversity_inclusion,diversity_inclusion:page_missing,2026-06-28T15:15:10.382970+00:00
Acer Group,"Manila, D9","https://www.glassdoor.com/Reviews/Acer-Group-Manila-Reviews-EI_IE3802.0,10_IL.11,17_IC2363570.htm","https://www.glassdoor.com/Reviews/Acer-Group-Manila-Reviews-EI_IE3802.0,10_IL.11,17_IC2363570.htm",success,,Acer Group Manila reviews,Manila,,,2026-06-28T15:15:20.292445+00:00
Acer Group,"Mumbai, MH","https://www.glassdoor.com/Reviews/Acer-Group-Mumbai-Reviews-EI_IE3802.0,10_IL.11,17_IC2851180.htm","https://www.glassdoor.com/Reviews/Acer-Group-Mumbai-Reviews-EI_IE3802.0,10_IL.11,17_IC2851180.htm",success,,Acer Group Mumbai reviews,Mumbai,,,2026-06-28T15:15:29.061758+00:00
Acer Group,Singapore,"https://www.glassdoor.com/Reviews/Acer-Group-Singapore-Reviews-EI_IE3802.0,10_IL.11,20_IC3235921.htm","https://www.glassdoor.com/Reviews/Acer-Group-Singapore-Reviews-EI_IE3802.0,10_IL.11,20_IC3235921.htm",success,,Acer Group Singapore reviews,Singapore,,,2026-06-28T15:15:37.765570+00:00
Acer Group,"Taipei, TPQ","https://www.glassdoor.com/Reviews/Acer-Group-Taipei-Reviews-EI_IE3802.0,10_IL.11,17_IC3271041.htm","https://www.glassdoor.com/Reviews/Acer-Group-Taipei-Reviews-EI_IE3802.0,10_IL.11,17_IC3271041.htm",success,,Acer Group Taipei reviews,Taipei,,,2026-06-28T15:15:46.756644+00:00
Acer Group,"Tokyo, 40","https://www.glassdoor.com/Reviews/Acer-Group-Tokyo-Reviews-EI_IE3802.0,10_IL.11,16_IC2851580.htm","https://www.glassdoor.com/Reviews/Acer-Group-Tokyo-Reviews-EI_IE3802.0,10_IL.11,16_IC2851580.htm",success,,Acer Group Tokyo reviews,Tokyo,,,2026-06-28T15:15:54.892672+00:00
Acer Group,"São Paulo, SP","https://www.glassdoor.com/Reviews/Acer-Group-S%C3%A3o-Paulo-Reviews-EI_IE3802.0,10_IL.11,20_IC2479061.htm","https://www.glassdoor.com/Reviews/Acer-Group-S%C3%A3o-Paulo-Reviews-EI_IE3802.0,10_IL.11,20_IC2479061.htm",success,,Acer Group São Paulo reviews,São Paulo,,,2026-06-28T15:16:03.988927+00:00
Acer Group,"Sydney, NSW","https://www.glassdoor.com/Reviews/Acer-Group-Sydney-Reviews-EI_IE3802.0,10_IL.11,17_IC2235932.htm","https://www.glassdoor.com/Reviews/Acer-Group-Sydney-Reviews-EI_IE3802.0,10_IL.11,17_IC2235932.htm",success,,Acer Group Sydney reviews,Sydney,,,2026-06-28T15:16:12.093904+00:00
Acer Group,"San Jose, CA","https://www.glassdoor.com/Reviews/Acer-Group-San-Jose-Reviews-EI_IE3802.0,10_IL.11,19_IC1147436.htm","https://www.glassdoor.com/Reviews/Acer-Group-San-Jose-Reviews-EI_IE3802.0,10_IL.11,19_IC1147436.htm",success,,Acer Group San Jose reviews,San Jose,,,2026-06-28T15:16:20.504101+00:00
Acer Group,"Reading, ENG","https://www.glassdoor.com/Reviews/Acer-Group-Reading-Reviews-EI_IE3802.0,10_IL.11,18_IC2675152.htm","https://www.glassdoor.com/Reviews/Acer-Group-Reading-Reviews-EI_IE3802.0,10_IL.11,18_IC2675152.htm",success,,Acer Group Reading reviews,Reading,,,2026-06-28T15:16:30.269706+00:00
Acer Group,"Zürich, ZH","https://www.glassdoor.com/Reviews/Acer-Group-Z%C3%BCrich-Reviews-EI_IE3802.0,10_IL.11,17_IC3297851.htm","https://www.glassdoor.com/Reviews/Acer-Group-Z%C3%BCrich-Reviews-EI_IE3802.0,10_IL.11,17_IC3297851.htm",success,,Acer Group Zürich reviews,Zürich,"recommend,ceo_approval,diversity_inclusion,work_life_balance,compensation_benefits,culture_values,career_opportunities,senior_management","career_opportunities:selector_failure,ceo_approval:selector_failure,compensation_benefits:selector_failure,culture_values:page_missing,diversity_inclusion:page_missing,recommend:selector_failure,senior_management:selector_failure,work_life_balance:selector_failure",2026-06-28T15:16:39.732645+00:00
Acer Group,"Bengaluru, KA","https://www.glassdoor.com/Reviews/Acer-Group-Bengaluru-Reviews-EI_IE3802.0,10_IL.11,20_IC2940587.htm","https://www.glassdoor.com/Reviews/Acer-Group-Bengaluru-Reviews-EI_IE3802.0,10_IL.11,20_IC2940587.htm",success,,Acer Group Bengaluru reviews,Bengaluru,,,2026-06-28T15:16:48.454962+00:00
Acer Group,"Hsinchu, TXG","https://www.glassdoor.com/Reviews/Acer-Group-Hsinchu-Reviews-EI_IE3802.0,10_IL.11,18_IC4915323.htm","https://www.glassdoor.com/Reviews/Acer-Group-Hsinchu-Reviews-EI_IE3802.0,10_IL.11,18_IC4915323.htm",success,,Acer Group Hsinchu reviews,Hsinchu,"recommend,ceo_approval,diversity_inclusion,work_life_balance,compensation_benefits,culture_values,career_opportunities,senior_management","career_opportunities:selector_failure,ceo_approval:selector_failure,compensation_benefits:selector_failure,culture_values:page_missing,diversity_inclusion:page_missing,recommend:selector_failure,senior_management:selector_failure,work_life_balance:selector_failure",2026-06-28T15:16:56.689729+00:00
Acer Group,"Shanghai, 23","https://www.glassdoor.com/Reviews/Acer-Group-Shanghai-Reviews-EI_IE3802.0,10_IL.11,19_IC2416009.htm","https://www.glassdoor.com/Reviews/Acer-Group-Shanghai-Reviews-EI_IE3802.0,10_IL.11,19_IC2416009.htm",success,,Acer Group Shanghai reviews,Shanghai,,,2026-06-28T15:17:05.955061+00:00
Acer Group,"San Jose, MP","https://www.glassdoor.com/Reviews/Acer-Group-San-Jose-Reviews-EI_IE3802.0,10_IL.11,19_IC1147436.htm","https://www.glassdoor.com/Reviews/Acer-Group-San-Jose-Reviews-EI_IE3802.0,10_IL.11,19_IC1147436.htm",success,,Acer Group San Jose reviews,San Jose,,,2026-06-28T15:17:06.050516+00:00
Acer Group,"Houston, TX","https://www.glassdoor.com/Reviews/Acer-Group-Houston-Reviews-EI_IE3802.0,10_IL.11,18_IC1140171.htm","https://www.glassdoor.com/Reviews/Acer-Group-Houston-Reviews-EI_IE3802.0,10_IL.11,18_IC1140171.htm",success,,Acer Group Houston reviews,Houston,"recommend,ceo_approval,diversity_inclusion,work_life_balance,compensation_benefits,culture_values,career_opportunities,senior_management","career_opportunities:selector_failure,ceo_approval:selector_failure,compensation_benefits:selector_failure,culture_values:page_missing,diversity_inclusion:page_missing,recommend:selector_failure,senior_management:selector_failure,work_life_balance:selector_failure",2026-06-28T15:17:15.120491+00:00
Acer Group,"Sunnyvale, CA","https://www.glassdoor.com/Reviews/Acer-Group-Sunnyvale-Reviews-EI_IE3802.0,10_IL.11,20_IC1147442.htm","https://www.glassdoor.com/Reviews/Acer-Group-Sunnyvale-Reviews-EI_IE3802.0,10_IL.11,20_IC1147442.htm",success,,Acer Group Sunnyvale reviews,Sunnyvale,"ceo_approval,diversity_inclusion","ceo_approval:selector_failure,diversity_inclusion:page_missing",2026-06-28T15:17:30.288579+00:00
Acer Group,"Paris, A8","https://www.glassdoor.com/Reviews/Acer-Group-Paris-Reviews-EI_IE3802.0,10_IL.11,16_IC2881970.htm","https://www.glassdoor.com/Reviews/Acer-Group-Paris-Reviews-EI_IE3802.0,10_IL.11,16_IC2881970.htm",success,,Acer Group Paris reviews,Paris,,,2026-06-28T15:17:40.101761+00:00
Acer Group,"London, ENG","https://www.glassdoor.com/Reviews/Acer-Group-London-Reviews-EI_IE3802.0,10_IL.11,17_IC2671300.htm","https://www.glassdoor.com/Reviews/Acer-Group-London-Reviews-EI_IE3802.0,10_IL.11,17_IC2671300.htm",success,,Acer Group London reviews,London,ceo_approval,ceo_approval:selector_failure,2026-06-28T15:17:48.486662+00:00
Acer Group,"Chicago, IL","https://www.glassdoor.com/Reviews/Acer-Group-Chicago-Reviews-EI_IE3802.0,10_IL.11,18_IC1128808.htm","https://www.glassdoor.com/Reviews/Acer-Group-Chicago-Reviews-EI_IE3802.0,10_IL.11,18_IC1128808.htm",success,,Acer Group Chicago reviews,Chicago,,,2026-06-28T15:17:57.217597+00:00
Acer Group,"Beijing, 22","https://www.glassdoor.com/Reviews/Acer-Group-Beijing-Reviews-EI_IE3802.0,10_IL.11,18_IC2398510.htm","https://www.glassdoor.com/Reviews/Acer-Group-Beijing-Reviews-EI_IE3802.0,10_IL.11,18_IC2398510.htm",success,,Acer Group Beijing reviews,Beijing,"recommend,diversity_inclusion","diversity_inclusion:page_missing,recommend:selector_failure",2026-06-28T15:18:05.608851+00:00
Acer Group,Hong Kong,"https://www.glassdoor.com/Reviews/Acer-Group-Hong-Kong-Reviews-EI_IE3802.0,10_IL.11,20_IC2308631.htm","https://www.glassdoor.com/Reviews/Acer-Group-Hong-Kong-Reviews-EI_IE3802.0,10_IL.11,20_IC2308631.htm",success,,Acer Group Hong Kong reviews,Hong Kong,ceo_approval,ceo_approval:selector_failure,2026-06-28T15:18:13.745843+00:00
Acer Group,Global,https://www.glassdoor.com/Reviews/Acer-Group-Reviews-E3802.htm,https://www.glassdoor.com/Reviews/Acer-Group-Reviews-E3802.htm,success,,Acer Group reviews,Global,,,2026-06-28T15:18:21.349268+00:00
Acer Group,Taipei,"https://www.glassdoor.com/Reviews/Acer-Group-Taipei-Reviews-EI_IE3802.0,10_IL.11,17_IC3271041.htm","https://www.glassdoor.com/Reviews/Acer-Group-Taipei-Reviews-EI_IE3802.0,10_IL.11,17_IC3271041.htm",success,,Acer Group Taipei reviews,Taipei,,,2026-06-28T15:18:21.466428+00:00
Acer Group,Hsinchu,"https://www.glassdoor.com/Reviews/Acer-Group-Hsinchu-Reviews-EI_IE3802.0,10_IL.11,18_IC4915323.htm","https://www.glassdoor.com/Reviews/Acer-Group-Hsinchu-Reviews-EI_IE3802.0,10_IL.11,18_IC4915323.htm",success,,Acer Group Hsinchu reviews,Hsinchu,"recommend,ceo_approval,diversity_inclusion,work_life_balance,compensation_benefits,culture_values,career_opportunities,senior_management","career_opportunities:selector_failure,ceo_approval:selector_failure,compensation_benefits:selector_failure,culture_values:page_missing,diversity_inclusion:page_missing,recommend:selector_failure,senior_management:selector_failure,work_life_balance:selector_failure",2026-06-28T15:18:21.680157+00:00
Acer Group,Shanghai,"https://www.glassdoor.com/Reviews/Acer-Group-Shanghai-Reviews-EI_IE3802.0,10_IL.11,19_IC2416009.htm","https://www.glassdoor.com/Reviews/Acer-Group-Shanghai-Reviews-EI_IE3802.0,10_IL.11,19_IC2416009.htm",success,,Acer Group Shanghai reviews,Shanghai,,,2026-06-28T15:18:21.796998+00:00
Acer Group,Tokyo,"https://www.glassdoor.com/Reviews/Acer-Group-Tokyo-Reviews-EI_IE3802.0,10_IL.11,16_IC2851580.htm","https://www.glassdoor.com/Reviews/Acer-Group-Tokyo-Reviews-EI_IE3802.0,10_IL.11,16_IC2851580.htm",success,,Acer Group Tokyo reviews,Tokyo,,,2026-06-28T15:18:21.892220+00:00
Acer Group,London,"https://www.glassdoor.com/Reviews/Acer-Group-London-Reviews-EI_IE3802.0,10_IL.11,17_IC2671300.htm","https://www.glassdoor.com/Reviews/Acer-Group-London-Reviews-EI_IE3802.0,10_IL.11,17_IC2671300.htm",success,,Acer Group London reviews,London,ceo_approval,ceo_approval:selector_failure,2026-06-28T15:18:22.031481+00:00
Lenovo,"Ciudad de Mexico, MEX","https://www.glassdoor.com/Reviews/Lenovo-Ciudad-de-Mexico-Reviews-EI_IE8034.0,6_IL.7,23_IC5017436.htm","https://www.glassdoor.com/Reviews/Lenovo-Ciudad-de-Mexico-Reviews-EI_IE8034.0,6_IL.7,23_IC5017436.htm",success,,Lenovo Ciudad de Mexico reviews,Ciudad de Mexico,,,2026-06-28T15:18:31.626527+00:00
Lenovo,"Markham, ON","https://www.glassdoor.com/Reviews/Lenovo-Markham-Reviews-EI_IE8034.0,6_IL.7,14_IC2280736.htm","https://www.glassdoor.com/Reviews/Lenovo-Markham-Reviews-EI_IE8034.0,6_IL.7,14_IC2280736.htm",success,,Lenovo Markham reviews,Markham,,,2026-06-28T15:18:40.426995+00:00
Lenovo,"Barcelona, CT","https://www.glassdoor.com/Reviews/Lenovo-Barcelona-Reviews-EI_IE8034.0,6_IL.7,16_IC2547194.htm","https://www.glassdoor.com/Reviews/Lenovo-Barcelona-Reviews-EI_IE8034.0,6_IL.7,16_IC2547194.htm",success,,Lenovo Barcelona reviews,Barcelona,,,2026-06-28T15:18:50.376358+00:00
Lenovo,"Budapest, BU","https://www.glassdoor.com/Reviews/Lenovo-Budapest-Reviews-EI_IE8034.0,6_IL.7,15_IC3125126.htm","https://www.glassdoor.com/Reviews/Lenovo-Budapest-Reviews-EI_IE8034.0,6_IL.7,15_IC3125126.htm",success,,Lenovo Budapest reviews,Budapest,,,2026-06-28T15:18:59.209979+00:00
Lenovo,"Milan, LOM","https://www.glassdoor.com/Reviews/Lenovo-Milan-Reviews-EI_IE8034.0,6_IL.7,12_IC2802090.htm","https://www.glassdoor.com/Reviews/Lenovo-Milan-Reviews-EI_IE8034.0,6_IL.7,12_IC2802090.htm",success,,Lenovo Milan reviews,Milan,,,2026-06-28T15:19:09.913935+00:00
Lenovo,"Warsaw, MZ","https://www.glassdoor.com/Reviews/Lenovo-Warsaw-Reviews-EI_IE8034.0,6_IL.7,13_IC3094484.htm","https://www.glassdoor.com/Reviews/Lenovo-Warsaw-Reviews-EI_IE8034.0,6_IL.7,13_IC3094484.htm",success,,Lenovo Warsaw reviews,Warsaw,,,2026-06-28T15:19:18.364746+00:00
Lenovo,"Bangkok, 10","https://www.glassdoor.com/Reviews/Lenovo-Bangkok-Reviews-EI_IE8034.0,6_IL.7,14_IC3179725.htm","https://www.glassdoor.com/Reviews/Lenovo-Bangkok-Reviews-EI_IE8034.0,6_IL.7,14_IC3179725.htm",success,,Lenovo Bangkok reviews,Bangkok,diversity_inclusion,diversity_inclusion:page_missing,2026-06-28T15:19:25.249565+00:00
Lenovo,"Dubai, DU","https://www.glassdoor.com/Reviews/Lenovo-Dubai-Reviews-EI_IE8034.0,6_IL.7,12_IC2204498.htm","https://www.glassdoor.com/Reviews/Lenovo-Dubai-Reviews-EI_IE8034.0,6_IL.7,12_IC2204498.htm",success,,Lenovo Dubai reviews,Dubai,,,2026-06-28T15:19:34.027083+00:00
Lenovo,"Jakarta, JK","https://www.glassdoor.com/Reviews/Lenovo-Jakarta-Reviews-EI_IE8034.0,6_IL.7,14_IC2709872.htm","https://www.glassdoor.com/Reviews/Lenovo-Jakarta-Reviews-EI_IE8034.0,6_IL.7,14_IC2709872.htm",success,,Lenovo Jakarta reviews,Jakarta,diversity_inclusion,diversity_inclusion:page_missing,2026-06-28T15:19:41.129005+00:00
Lenovo,"Kuala Lumpur, 14","https://www.glassdoor.com/Reviews/Lenovo-Kuala-Lumpur-Reviews-EI_IE8034.0,6_IL.7,19_IC2986682.htm","https://www.glassdoor.com/Reviews/Lenovo-Kuala-Lumpur-Reviews-EI_IE8034.0,6_IL.7,19_IC2986682.htm",success,,Lenovo Kuala Lumpur reviews,Kuala Lumpur,,,2026-06-28T15:19:50.229308+00:00
Lenovo,"Manila, D9","https://www.glassdoor.com/Reviews/Lenovo-Manila-Reviews-EI_IE8034.0,6_IL.7,13_IC2363570.htm","https://www.glassdoor.com/Reviews/Lenovo-Manila-Reviews-EI_IE8034.0,6_IL.7,13_IC2363570.htm",success,,Lenovo Manila reviews,Manila,"ceo_approval,diversity_inclusion,work_life_balance,compensation_benefits,culture_values,career_opportunities,senior_management","career_opportunities:selector_failure,ceo_approval:selector_failure,compensation_benefits:selector_failure,culture_values:page_missing,diversity_inclusion:page_missing,senior_management:selector_failure,work_life_balance:selector_failure",2026-06-28T15:19:59.467324+00:00
Lenovo,"Mumbai, MH","https://www.glassdoor.com/Reviews/Lenovo-Mumbai-Reviews-EI_IE8034.0,6_IL.7,13_IC2851180.htm","https://www.glassdoor.com/Reviews/Lenovo-Mumbai-Reviews-EI_IE8034.0,6_IL.7,13_IC2851180.htm",success,,Lenovo Mumbai reviews,Mumbai,,,2026-06-28T15:20:08.116429+00:00
Lenovo,"Seoul, 11","https://www.glassdoor.com/Reviews/Lenovo-Seoul-Reviews-EI_IE8034.0,6_IL.7,12_IC3021489.htm","https://www.glassdoor.com/Reviews/Lenovo-Seoul-Reviews-EI_IE8034.0,6_IL.7,12_IC3021489.htm",success,,Lenovo Seoul reviews,Seoul,,,2026-06-28T15:20:16.685286+00:00
Lenovo,Singapore,"https://www.glassdoor.com/Reviews/Lenovo-Singapore-Reviews-EI_IE8034.0,6_IL.7,16_IC3235921.htm","https://www.glassdoor.com/Reviews/Lenovo-Singapore-Reviews-EI_IE8034.0,6_IL.7,16_IC3235921.htm",success,,Lenovo Singapore reviews,Singapore,,,2026-06-28T15:20:25.085878+00:00
Lenovo,"Taipei, TPQ","https://www.glassdoor.com/Reviews/Lenovo-Taipei-Reviews-EI_IE8034.0,6_IL.7,13_IC3271041.htm","https://www.glassdoor.com/Reviews/Lenovo-Taipei-Reviews-EI_IE8034.0,6_IL.7,13_IC3271041.htm",success,,Lenovo Taipei reviews,Taipei,,,2026-06-28T15:20:33.976368+00:00
Lenovo,"Tokyo, 40","https://www.glassdoor.com/Reviews/Lenovo-Tokyo-Reviews-EI_IE8034.0,6_IL.7,12_IC2851580.htm","https://www.glassdoor.com/Reviews/Lenovo-Tokyo-Reviews-EI_IE8034.0,6_IL.7,12_IC2851580.htm",success,,Lenovo Tokyo reviews,Tokyo,,,2026-06-28T15:20:43.413740+00:00
Lenovo,"Santiago, RM","https://www.glassdoor.com/Reviews/Lenovo-Santiago-Reviews-EI_IE8034.0,6_IL.7,15_IC2434030.htm","https://www.glassdoor.com/Reviews/Lenovo-Santiago-Reviews-EI_IE8034.0,6_IL.7,15_IC2434030.htm",success,,Lenovo Santiago reviews,Santiago,ceo_approval,ceo_approval:selector_failure,2026-06-28T15:20:52.454733+00:00
Lenovo,"São Paulo, SP","https://www.glassdoor.com/Reviews/Lenovo-São-Paulo-Reviews-EI_IE8034.0,6_IL.7,16_IC2479061.htm","https://www.glassdoor.com/Reviews/Lenovo-S%C3%A3o-Paulo-Reviews-EI_IE8034.0,6_IL.7,16_IC2479061.htm",success,,Lenovo São Paulo reviews,São Paulo,,,2026-06-28T15:21:00.504467+00:00
Lenovo,"Sydney, NSW","https://www.glassdoor.com/Reviews/Lenovo-Sydney-Reviews-EI_IE8034.0,6_IL.7,13_IC2235932.htm","https://www.glassdoor.com/Reviews/Lenovo-Sydney-Reviews-EI_IE8034.0,6_IL.7,13_IC2235932.htm",success,,Lenovo Sydney reviews,Sydney,,,2026-06-28T15:21:14.033474+00:00
Lenovo,"Austin, TX","https://www.glassdoor.com/Reviews/Lenovo-Austin-Reviews-EI_IE8034.0,6_IL.7,13_IC1139761.htm","https://www.glassdoor.com/Reviews/Lenovo-Austin-Reviews-EI_IE8034.0,6_IL.7,13_IC1139761.htm",success,,Lenovo Austin reviews,Austin,,,2026-06-28T15:21:22.985209+00:00
Lenovo,"Bellevue, WA","https://www.glassdoor.com/Reviews/Lenovo-Bellevue-Reviews-EI_IE8034.0,6_IL.7,15_IC1150442.htm","https://www.glassdoor.com/Reviews/Lenovo-Bellevue-Reviews-EI_IE8034.0,6_IL.7,15_IC1150442.htm",success,,Lenovo Bellevue reviews,Bellevue,,,2026-06-28T15:21:31.584387+00:00
Lenovo,"Durham, NC","https://www.glassdoor.com/Reviews/Lenovo-Durham-Reviews-EI_IE8034.0,6_IL.7,13_IC1138697.htm","https://www.glassdoor.com/Reviews/Lenovo-Durham-Reviews-EI_IE8034.0,6_IL.7,13_IC1138697.htm",success,,Lenovo Durham reviews,Durham,,,2026-06-28T15:21:40.809456+00:00
Lenovo,"Redmond, WA","https://www.glassdoor.com/Reviews/Lenovo-Redmond-Reviews-EI_IE8034.0,6_IL.7,14_IC1150499.htm","https://www.glassdoor.com/Reviews/Lenovo-Redmond-Reviews-EI_IE8034.0,6_IL.7,14_IC1150499.htm",success,,Lenovo Redmond reviews,Redmond,diversity_inclusion,diversity_inclusion:page_missing,2026-06-28T15:21:49.912301+00:00
Lenovo,"Saint Louis, MO","https://www.glassdoor.com/Reviews/Lenovo-Saint-Louis-Reviews-EI_IE8034.0,6_IL.7,18_IC1131270.htm","https://www.glassdoor.com/Reviews/Lenovo-Saint-Louis-Reviews-EI_IE8034.0,6_IL.7,18_IC1131270.htm",success,,Lenovo Saint Louis reviews,Saint Louis,"ceo_approval,diversity_inclusion","ceo_approval:selector_failure,diversity_inclusion:page_missing",2026-06-28T15:21:58.053666+00:00
Lenovo,"San Francisco, CA","https://www.glassdoor.com/Reviews/Lenovo-San-Francisco-Reviews-EI_IE8034.0,6_IL.7,20_IC1147401.htm","https://www.glassdoor.com/Reviews/Lenovo-San-Francisco-Reviews-EI_IE8034.0,6_IL.7,20_IC1147401.htm",success,,Lenovo San Francisco reviews,San Francisco,diversity_inclusion,diversity_inclusion:page_missing,2026-06-28T15:22:05.862065+00:00
Lenovo,"San Jose, CA","https://www.glassdoor.com/Reviews/Lenovo-San-Jose-Reviews-EI_IE8034.0,6_IL.7,15_IC1147436.htm","https://www.glassdoor.com/Reviews/Lenovo-San-Jose-Reviews-EI_IE8034.0,6_IL.7,15_IC1147436.htm",success,,Lenovo San Jose reviews,San Jose,,,2026-06-28T15:22:14.438310+00:00
Lenovo,"Santa Clara, CA","https://www.glassdoor.com/Reviews/Lenovo-Santa-Clara-Reviews-EI_IE8034.0,6_IL.7,18_IC1147439.htm","https://www.glassdoor.com/Reviews/Lenovo-Santa-Clara-Reviews-EI_IE8034.0,6_IL.7,18_IC1147439.htm",success,,Lenovo Santa Clara reviews,Santa Clara,,,2026-06-28T15:22:22.839269+00:00
Lenovo,"Toronto, ON","https://www.glassdoor.com/Reviews/Lenovo-Toronto-Reviews-EI_IE8034.0,6_IL.7,14_IC2281069.htm","https://www.glassdoor.com/Reviews/Lenovo-Toronto-Reviews-EI_IE8034.0,6_IL.7,14_IC2281069.htm",success,,Lenovo Toronto reviews,Toronto,,,2026-06-28T15:22:33.058414+00:00
Lenovo,"Moscow, 48","https://www.glassdoor.com/Reviews/Lenovo-Moscow-Reviews-EI_IE8034.0,6_IL.7,13_IC3348306.htm","https://www.glassdoor.com/Reviews/Lenovo-Moscow-Reviews-EI_IE8034.0,6_IL.7,13_IC3348306.htm",success,,Lenovo Moscow reviews,Moscow,,,2026-06-28T15:22:41.723050+00:00
Lenovo,"Munich, BY","https://www.glassdoor.com/Reviews/Lenovo-Munich-Reviews-EI_IE8034.0,6_IL.7,13_IC4990924.htm","https://www.glassdoor.com/Reviews/Lenovo-Munich-Reviews-EI_IE8034.0,6_IL.7,13_IC4990924.htm",success,,Lenovo Munich reviews,Munich,ceo_approval,ceo_approval:selector_failure,2026-06-28T15:22:50.849603+00:00
Lenovo,"Reading, ENG","https://www.glassdoor.com/Reviews/Lenovo-Reading-Reviews-EI_IE8034.0,6_IL.7,14_IC2675152.htm","https://www.glassdoor.com/Reviews/Lenovo-Reading-Reviews-EI_IE8034.0,6_IL.7,14_IC2675152.htm",success,,Lenovo Reading reviews,Reading,,,2026-06-28T15:23:00.477215+00:00
Lenovo,"Zürich, ZH","https://www.glassdoor.com/Reviews/Lenovo-Z%C3%BCrich-Reviews-EI_IE8034.0,6_IL.7,13_IC3297851.htm","https://www.glassdoor.com/Reviews/Lenovo-Z%C3%BCrich-Reviews-EI_IE8034.0,6_IL.7,13_IC3297851.htm",success,,Lenovo Zürich reviews,Zürich,,,2026-06-28T15:23:12.575065+00:00
Lenovo,"Bengaluru, KA","https://www.glassdoor.com/Reviews/Lenovo-Bengaluru-Reviews-EI_IE8034.0,6_IL.7,16_IC2940587.htm","https://www.glassdoor.com/Reviews/Lenovo-Bengaluru-Reviews-EI_IE8034.0,6_IL.7,16_IC2940587.htm",success,,Lenovo Bengaluru reviews,Bengaluru,,,2026-06-28T15:23:22.088052+00:00
Lenovo,"Pune, MH","https://www.glassdoor.com/Reviews/Lenovo-Pune-Reviews-EI_IE8034.0,6_IL.7,11_IC2856202.htm","https://www.glassdoor.com/Reviews/Lenovo-Pune-Reviews-EI_IE8034.0,6_IL.7,11_IC2856202.htm",success,,Lenovo Pune reviews,Pune,"ceo_approval,diversity_inclusion","ceo_approval:selector_failure,diversity_inclusion:page_missing",2026-06-28T15:23:29.649651+00:00
Lenovo,"Shanghai, 23","https://www.glassdoor.com/Reviews/Lenovo-Shanghai-Reviews-EI_IE8034.0,6_IL.7,15_IC2416009.htm","https://www.glassdoor.com/Reviews/Lenovo-Shanghai-Reviews-EI_IE8034.0,6_IL.7,15_IC2416009.htm",success,,Lenovo Shanghai reviews,Shanghai,,,2026-06-28T15:23:38.000573+00:00
Lenovo,"San Jose, MP","https://www.glassdoor.com/Reviews/Lenovo-San-Jose-Reviews-EI_IE8034.0,6_IL.7,15_IC1147436.htm","https://www.glassdoor.com/Reviews/Lenovo-San-Jose-Reviews-EI_IE8034.0,6_IL.7,15_IC1147436.htm",success,,Lenovo San Jose reviews,San Jose,,,2026-06-28T15:23:38.093350+00:00
Lenovo,"Guadalajara, JAL","https://www.glassdoor.com/Reviews/Lenovo-Guadalajara-Reviews-EI_IE8034.0,6_IL.7,18_IC3486357.htm","https://www.glassdoor.com/Reviews/Lenovo-Guadalajara-Reviews-EI_IE8034.0,6_IL.7,18_IC3486357.htm",success,,Lenovo Guadalajara reviews,Guadalajara,,,2026-06-28T15:23:45.981996+00:00
Lenovo,"Houston, TX","https://www.glassdoor.com/Reviews/Lenovo-Houston-Reviews-EI_IE8034.0,6_IL.7,14_IC1140171.htm","https://www.glassdoor.com/Reviews/Lenovo-Houston-Reviews-EI_IE8034.0,6_IL.7,14_IC1140171.htm",success,,Lenovo Houston reviews,Houston,,,2026-06-28T15:23:53.766491+00:00
Lenovo,"Portland, OR","https://www.glassdoor.com/Reviews/Lenovo-Portland-Reviews-EI_IE8034.0,6_IL.7,15_IC1151614.htm","https://www.glassdoor.com/Reviews/Lenovo-Portland-Reviews-EI_IE8034.0,6_IL.7,15_IC1151614.htm",success,,Lenovo Portland reviews,Portland,"recommend,ceo_approval,diversity_inclusion,compensation_benefits,culture_values,career_opportunities,senior_management","career_opportunities:selector_failure,ceo_approval:selector_failure,compensation_benefits:selector_failure,culture_values:page_missing,diversity_inclusion:page_missing,recommend:selector_failure,senior_management:selector_failure",2026-06-28T15:24:02.728816+00:00
Lenovo,"Zapopan, JAL","https://www.glassdoor.com/Reviews/Lenovo-Zapopan-Reviews-EI_IE8034.0,6_IL.7,14_IC3487018.htm","https://www.glassdoor.com/Reviews/Lenovo-Zapopan-Reviews-EI_IE8034.0,6_IL.7,14_IC3487018.htm",success,,Lenovo Zapopan reviews,Zapopan,"ceo_approval,diversity_inclusion","ceo_approval:selector_failure,diversity_inclusion:page_missing",2026-06-28T15:24:12.107899+00:00
Lenovo,"Bucharest, B","https://www.glassdoor.com/Reviews/Lenovo-Bucharest-Reviews-EI_IE8034.0,6_IL.7,16_IC3184907.htm","https://www.glassdoor.com/Reviews/Lenovo-Bucharest-Reviews-EI_IE8034.0,6_IL.7,16_IC3184907.htm",success,,Lenovo Bucharest reviews,Bucharest,,,2026-06-28T15:24:19.747887+00:00
Lenovo,"Paris, A8","https://www.glassdoor.com/Reviews/Lenovo-Paris-Reviews-EI_IE8034.0,6_IL.7,12_IC2881970.htm","https://www.glassdoor.com/Reviews/Lenovo-Paris-Reviews-EI_IE8034.0,6_IL.7,12_IC2881970.htm",success,,Lenovo Paris reviews,Paris,,,2026-06-28T15:24:27.495556+00:00
Lenovo,"Jersey City, NJ","https://www.glassdoor.com/Reviews/Lenovo-Jersey-City-Reviews-EI_IE8034.0,6_IL.7,18_IC1126819.htm","https://www.glassdoor.com/Reviews/Lenovo-Jersey-City-Reviews-EI_IE8034.0,6_IL.7,18_IC1126819.htm",success,,Lenovo Jersey City reviews,Jersey City,,,2026-06-28T15:24:36.061029+00:00
Lenovo,"London, ENG","https://www.glassdoor.com/Reviews/Lenovo-London-Reviews-EI_IE8034.0,6_IL.7,13_IC2671300.htm","https://www.glassdoor.com/Reviews/Lenovo-London-Reviews-EI_IE8034.0,6_IL.7,13_IC2671300.htm",success,,Lenovo London reviews,London,,,2026-06-28T15:24:44.436242+00:00
Lenovo,"Boston, MA","https://www.glassdoor.com/Reviews/Lenovo-Boston-Reviews-EI_IE8034.0,6_IL.7,13_IC1154532.htm","https://www.glassdoor.com/Reviews/Lenovo-Boston-Reviews-EI_IE8034.0,6_IL.7,13_IC1154532.htm",success,,Lenovo Boston reviews,Boston,,,2026-06-28T15:24:57.340307+00:00
Lenovo,"Canada, KY","https://www.glassdoor.com/Reviews/Lenovo-Canada-Reviews-EI_IE8034.0,6_IL.7,13_IC1137126.htm","https://www.glassdoor.com/Reviews/Lenovo-Canada-Reviews-EI_IE8034.0,6_IL.7,13_IC1137126.htm",success,,Lenovo Canada reviews,Canada,,,2026-06-28T15:25:05.484506+00:00
Lenovo,"Round Rock, TX","https://www.glassdoor.com/Reviews/Lenovo-Round-Rock-Reviews-EI_IE8034.0,6_IL.7,17_IC1139794.htm","https://www.glassdoor.com/Reviews/Lenovo-Round-Rock-Reviews-EI_IE8034.0,6_IL.7,17_IC1139794.htm",success,,Lenovo Round Rock reviews,Round Rock,"ceo_approval,diversity_inclusion","ceo_approval:selector_failure,diversity_inclusion:page_missing",2026-06-28T15:25:14.486033+00:00
Lenovo,"Chicago, IL","https://www.glassdoor.com/Reviews/Lenovo-Chicago-Reviews-EI_IE8034.0,6_IL.7,14_IC1128808.htm","https://www.glassdoor.com/Reviews/Lenovo-Chicago-Reviews-EI_IE8034.0,6_IL.7,14_IC1128808.htm",success,,Lenovo Chicago reviews,Chicago,,,2026-06-28T15:25:23.264734+00:00
Lenovo,"Morrisville, NC","https://www.glassdoor.com/Reviews/Lenovo-Morrisville-Reviews-EI_IE8034.0,6_IL.7,18_IC1138956.htm","https://www.glassdoor.com/Reviews/Lenovo-Morrisville-Reviews-EI_IE8034.0,6_IL.7,18_IC1138956.htm",success,,Lenovo Morrisville reviews,Morrisville,,,2026-06-28T15:25:31.847821+00:00
Lenovo,"Bratislava, 02","https://www.glassdoor.com/Reviews/Lenovo-Bratislava-Reviews-EI_IE8034.0,6_IL.7,17_IC2907054.htm","https://www.glassdoor.com/Reviews/Lenovo-Bratislava-Reviews-EI_IE8034.0,6_IL.7,17_IC2907054.htm",success,,Lenovo Bratislava reviews,Bratislava,,,2026-06-28T15:25:40.105190+00:00
Lenovo,"Stuttgart, BW","https://www.glassdoor.com/Reviews/Lenovo-Stuttgart-Reviews-EI_IE8034.0,6_IL.7,16_IC2507190.htm","https://www.glassdoor.com/Reviews/Lenovo-Stuttgart-Reviews-EI_IE8034.0,6_IL.7,16_IC2507190.htm",success,,Lenovo Stuttgart reviews,Stuttgart,,,2026-06-28T15:25:49.568722+00:00
Lenovo,"Beijing, 22","https://www.glassdoor.com/Reviews/Lenovo-Beijing-Reviews-EI_IE8034.0,6_IL.7,14_IC2398510.htm","https://www.glassdoor.com/Reviews/Lenovo-Beijing-Reviews-EI_IE8034.0,6_IL.7,14_IC2398510.htm",success,,Lenovo Beijing reviews,Beijing,,,2026-06-28T15:25:57.375446+00:00
Lenovo,"Changping, 22","https://www.glassdoor.com/Reviews/Lenovo-Changping-Reviews-EI_IE8034.0,6_IL.7,16_IC2405661.htm","https://www.glassdoor.com/Reviews/Lenovo-Changping-Reviews-EI_IE8034.0,6_IL.7,16_IC2405661.htm",success,,Lenovo Changping reviews,Changping,diversity_inclusion,diversity_inclusion:page_missing,2026-06-28T15:26:05.580449+00:00
Lenovo,"Haidian, 22","https://www.glassdoor.com/Reviews/Lenovo-Haidian-Reviews-EI_IE8034.0,6_IL.7,14_IC2405685.htm","https://www.glassdoor.com/Reviews/Lenovo-Haidian-Reviews-EI_IE8034.0,6_IL.7,14_IC2405685.htm",success,,Lenovo Haidian reviews,Haidian,"recommend,ceo_approval,diversity_inclusion","ceo_approval:selector_failure,diversity_inclusion:page_missing,recommend:selector_failure",2026-06-28T15:26:14.954243+00:00
Lenovo,Hong Kong,"https://www.glassdoor.com/Reviews/Lenovo-Hong-Kong-Reviews-EI_IE8034.0,6_IL.7,16_IC2308631.htm","https://www.glassdoor.com/Reviews/Lenovo-Hong-Kong-Reviews-EI_IE8034.0,6_IL.7,16_IC2308631.htm",success,,Lenovo Hong Kong reviews,Hong Kong,,,2026-06-28T15:26:24.120242+00:00
Lenovo,"Shenzhenzhen, 02","https://www.glassdoor.com/Reviews/Lenovo-Shenzhenzhen-Reviews-EI_IE8034.0,6_IL.7,19_IC2441398.htm","https://www.glassdoor.com/Reviews/Lenovo-Shenzhenzhen-Reviews-EI_IE8034.0,6_IL.7,19_IC2441398.htm",success,,Lenovo Shenzhenzhen reviews,Shenzhenzhen,"diversity_inclusion,culture_values","culture_values:page_missing,diversity_inclusion:page_missing",2026-06-28T15:26:32.306463+00:00
Lenovo,"Xiamen, 07","https://www.glassdoor.com/Reviews/Lenovo-Xiamen-Reviews-EI_IE8034.0,6_IL.7,13_IC2564138.htm","https://www.glassdoor.com/Reviews/Lenovo-Xiamen-Reviews-EI_IE8034.0,6_IL.7,13_IC2564138.htm",success,,Lenovo Xiamen reviews,Xiamen,,,2026-06-28T15:26:41.872188+00:00
Lenovo,"Buenos Aires, C","https://www.glassdoor.com/Reviews/Lenovo-Buenos-Aires-Reviews-EI_IE8034.0,6_IL.7,19_IC2242084.htm","https://www.glassdoor.com/Reviews/Lenovo-Buenos-Aires-Reviews-EI_IE8034.0,6_IL.7,19_IC2242084.htm",success,,Lenovo Buenos Aires reviews,Buenos Aires,,,2026-06-28T15:26:49.872565+00:00
Lenovo,"Campinas, SP","https://www.glassdoor.com/Reviews/Lenovo-Campinas-Reviews-EI_IE8034.0,6_IL.7,15_IC2490130.htm","https://www.glassdoor.com/Reviews/Lenovo-Campinas-Reviews-EI_IE8034.0,6_IL.7,15_IC2490130.htm",success,,Lenovo Campinas reviews,Campinas,,,2026-06-28T15:26:58.787974+00:00
Lenovo,"Indaiatuba, SP","https://www.glassdoor.com/Reviews/Lenovo-Indaiatuba-Reviews-EI_IE8034.0,6_IL.7,17_IC2480058.htm","https://www.glassdoor.com/Reviews/Lenovo-Indaiatuba-Reviews-EI_IE8034.0,6_IL.7,17_IC2480058.htm",success,,Lenovo Indaiatuba reviews,Indaiatuba,,,2026-06-28T15:27:07.518530+00:00
Lenovo,"Itu, SP","https://www.glassdoor.com/Reviews/Lenovo-Itu-Reviews-EI_IE8034.0,6_IL.7,10_IC2490672.htm","https://www.glassdoor.com/Reviews/Lenovo-Itu-Reviews-EI_IE8034.0,6_IL.7,10_IC2490672.htm",success,,Lenovo Itu reviews,Itu,,,2026-06-28T15:27:16.637523+00:00
Lenovo,"Martínez, B","https://www.glassdoor.com/Reviews/Lenovo-Martínez-Reviews-EI_IE8034.0,6_IL.7,15_IC2207815.htm","https://www.glassdoor.com/Reviews/Lenovo-Mart%C3%ADnez-Reviews-EI_IE8034.0,6_IL.7,15_IC2207815.htm",success,,Lenovo Martínez reviews,Martínez,,,2026-06-28T15:27:24.989816+00:00
Lenovo,"Sorocaba, SP",https://www.glassdoor.com/Reviews/index.htm,https://www.glassdoor.com/Reviews/index.htm,validation_failed,company_mismatch,Explore companies,,"recommend,ceo_approval,total_reviews","ceo_approval:page_missing,recommend:selector_failure,total_reviews:page_missing",2026-06-28T15:27:25.120814+00:00
Lenovo,"Vicente López, B",https://www.glassdoor.com/Reviews/index.htm,https://www.glassdoor.com/Reviews/index.htm,validation_failed,company_mismatch,Explore companies,,"recommend,ceo_approval,total_reviews","ceo_approval:page_missing,recommend:selector_failure,total_reviews:page_missing",2026-06-28T15:27:25.258315+00:00
Lenovo,Global,https://www.glassdoor.com/Reviews/Lenovo-Reviews-E8034.htm,https://www.glassdoor.com/Reviews/Lenovo-Reviews-E8034.htm,success,,Lenovo reviews,Global,,,2026-06-28T15:27:33.320699+00:00
Lenovo,Taipei,"https://www.glassdoor.com/Reviews/Lenovo-Taipei-Reviews-EI_IE8034.0,6_IL.7,13_IC3271041.htm","https://www.glassdoor.com/Reviews/Lenovo-Taipei-Reviews-EI_IE8034.0,6_IL.7,13_IC3271041.htm",success,,Lenovo Taipei reviews,Taipei,,,2026-06-28T15:27:33.418543+00:00
Lenovo,Shanghai,"https://www.glassdoor.com/Reviews/Lenovo-Shanghai-Reviews-EI_IE8034.0,6_IL.7,15_IC2416009.htm","https://www.glassdoor.com/Reviews/Lenovo-Shanghai-Reviews-EI_IE8034.0,6_IL.7,15_IC2416009.htm",success,,Lenovo Shanghai reviews,Shanghai,,,2026-06-28T15:27:33.512697+00:00
Lenovo,Shenzhen,"https://www.glassdoor.com/Reviews/Lenovo-Shenzhenzhen-Reviews-EI_IE8034.0,6_IL.7,19_IC2441398.htm","https://www.glassdoor.com/Reviews/Lenovo-Shenzhenzhen-Reviews-EI_IE8034.0,6_IL.7,19_IC2441398.htm",success,,Lenovo Shenzhenzhen reviews,Shenzhenzhen,"diversity_inclusion,culture_values","culture_values:page_missing,diversity_inclusion:page_missing",2026-06-28T15:27:33.624876+00:00
Lenovo,Tokyo,"https://www.glassdoor.com/Reviews/Lenovo-Tokyo-Reviews-EI_IE8034.0,6_IL.7,12_IC2851580.htm","https://www.glassdoor.com/Reviews/Lenovo-Tokyo-Reviews-EI_IE8034.0,6_IL.7,12_IC2851580.htm",success,,Lenovo Tokyo reviews,Tokyo,,,2026-06-28T15:27:33.720165+00:00
Lenovo,Seoul,"https://www.glassdoor.com/Reviews/Lenovo-Seoul-Reviews-EI_IE8034.0,6_IL.7,12_IC3021489.htm","https://www.glassdoor.com/Reviews/Lenovo-Seoul-Reviews-EI_IE8034.0,6_IL.7,12_IC3021489.htm",success,,Lenovo Seoul reviews,Seoul,,,2026-06-28T15:27:33.810050+00:00
Lenovo,Austin,"https://www.glassdoor.com/Reviews/Lenovo-Austin-Reviews-EI_IE8034.0,6_IL.7,13_IC1139761.htm","https://www.glassdoor.com/Reviews/Lenovo-Austin-Reviews-EI_IE8034.0,6_IL.7,13_IC1139761.htm",success,,Lenovo Austin reviews,Austin,,,2026-06-28T15:27:33.907899+00:00
Lenovo,London,"https://www.glassdoor.com/Reviews/Lenovo-London-Reviews-EI_IE8034.0,6_IL.7,13_IC2671300.htm","https://www.glassdoor.com/Reviews/Lenovo-London-Reviews-EI_IE8034.0,6_IL.7,13_IC2671300.htm",success,,Lenovo London reviews,London,,,2026-06-28T15:27:34.023400+00:00
Lenovo,Munich,"https://www.glassdoor.com/Reviews/Lenovo-Munich-Reviews-EI_IE8034.0,6_IL.7,13_IC4990924.htm","https://www.glassdoor.com/Reviews/Lenovo-Munich-Reviews-EI_IE8034.0,6_IL.7,13_IC4990924.htm",success,,Lenovo Munich reviews,Munich,ceo_approval,ceo_approval:selector_failure,2026-06-28T15:27:34.128071+00:00
Google,"Ciudad de Mexico, MEX","https://www.glassdoor.com/Reviews/Google-Ciudad-de-Mexico-Reviews-EI_IE9079.0,6_IL.7,23_IC5017436.htm","https://www.glassdoor.com/Reviews/Google-Ciudad-de-Mexico-Reviews-EI_IE9079.0,6_IL.7,23_IC5017436.htm",success,,Google Ciudad de Mexico reviews,Ciudad de Mexico,,,2026-06-28T15:27:41.884919+00:00
Google,"Fremont, CA","https://www.glassdoor.com/Reviews/Google-Fremont-Reviews-EI_IE9079.0,6_IL.7,14_IC1147355.htm","https://www.glassdoor.com/Reviews/Google-Fremont-Reviews-EI_IE9079.0,6_IL.7,14_IC1147355.htm",success,,Google Fremont reviews,Fremont,,,2026-06-28T15:27:50.207241+00:00
Google,"Barcelona, CT","https://www.glassdoor.com/Reviews/Google-Barcelona-Reviews-EI_IE9079.0,6_IL.7,16_IC2547194.htm","https://www.glassdoor.com/Reviews/Google-Barcelona-Reviews-EI_IE9079.0,6_IL.7,16_IC2547194.htm",success,,Google Barcelona reviews,Barcelona,,,2026-06-28T15:27:59.227765+00:00
Google,"Budapest, BU","https://www.glassdoor.com/Reviews/Google-Budapest-Reviews-EI_IE9079.0,6_IL.7,15_IC3125126.htm","https://www.glassdoor.com/Reviews/Google-Budapest-Reviews-EI_IE9079.0,6_IL.7,15_IC3125126.htm",success,,Google Budapest reviews,Budapest,,,2026-06-28T15:28:06.618355+00:00
Google,"Milan, LOM","https://www.glassdoor.com/Reviews/Google-Milan-Reviews-EI_IE9079.0,6_IL.7,12_IC2802090.htm","https://www.glassdoor.com/Reviews/Google-Milan-Reviews-EI_IE9079.0,6_IL.7,12_IC2802090.htm",success,,Google Milan reviews,Milan,,,2026-06-28T15:28:14.983714+00:00
Google,"Warsaw, MZ","https://www.glassdoor.com/Reviews/Google-Warsaw-Reviews-EI_IE9079.0,6_IL.7,13_IC3094484.htm","https://www.glassdoor.com/Reviews/Google-Warsaw-Reviews-EI_IE9079.0,6_IL.7,13_IC3094484.htm",success,,Google Warsaw reviews,Warsaw,,,2026-06-28T15:28:28.514463+00:00
Google,"Bangkok, 10","https://www.glassdoor.com/Reviews/Google-Bangkok-Reviews-EI_IE9079.0,6_IL.7,14_IC3179725.htm","https://www.glassdoor.com/Reviews/Google-Bangkok-Reviews-EI_IE9079.0,6_IL.7,14_IC3179725.htm",success,,Google Bangkok reviews,Bangkok,,,2026-06-28T15:28:45.143993+00:00
Google,"Dubai, DU","https://www.glassdoor.com/Reviews/Google-Dubai-Reviews-EI_IE9079.0,6_IL.7,12_IC2204498.htm","https://www.glassdoor.com/Reviews/Google-Dubai-Reviews-EI_IE9079.0,6_IL.7,12_IC2204498.htm",success,,Google Dubai reviews,Dubai,,,2026-06-28T15:28:54.408528+00:00
Google,"Jakarta, JK","https://www.glassdoor.com/Reviews/Google-Jakarta-Reviews-EI_IE9079.0,6_IL.7,14_IC2709872.htm","https://www.glassdoor.com/Reviews/Google-Jakarta-Reviews-EI_IE9079.0,6_IL.7,14_IC2709872.htm",success,,Google Jakarta reviews,Jakarta,,,2026-06-28T15:29:01.610351+00:00
Google,"Kuala Lumpur, 14","https://www.glassdoor.com/Reviews/Google-Kuala-Lumpur-Reviews-EI_IE9079.0,6_IL.7,19_IC2986682.htm","https://www.glassdoor.com/Reviews/Google-Kuala-Lumpur-Reviews-EI_IE9079.0,6_IL.7,19_IC2986682.htm",success,,Google Kuala Lumpur reviews,Kuala Lumpur,,,2026-06-28T15:29:10.492134+00:00
Google,"Manila, D9","https://www.glassdoor.com/Reviews/Google-Manila-Reviews-EI_IE9079.0,6_IL.7,13_IC2363570.htm","https://www.glassdoor.com/Reviews/Google-Manila-Reviews-EI_IE9079.0,6_IL.7,13_IC2363570.htm",success,,Google Manila reviews,Manila,,,2026-06-28T15:29:18.302828+00:00
Google,"Mumbai, MH","https://www.glassdoor.com/Reviews/Google-Mumbai-Reviews-EI_IE9079.0,6_IL.7,13_IC2851180.htm","https://www.glassdoor.com/Reviews/Google-Mumbai-Reviews-EI_IE9079.0,6_IL.7,13_IC2851180.htm",success,,Google Mumbai reviews,Mumbai,,,2026-06-28T15:29:26.282312+00:00
Google,"Seoul, 11","https://www.glassdoor.com/Reviews/Google-Seoul-Reviews-EI_IE9079.0,6_IL.7,12_IC3021489.htm","https://www.glassdoor.com/Reviews/Google-Seoul-Reviews-EI_IE9079.0,6_IL.7,12_IC3021489.htm",success,,Google Seoul reviews,Seoul,,,2026-06-28T15:29:33.976037+00:00
Google,Singapore,"https://www.glassdoor.com/Reviews/Google-Singapore-Reviews-EI_IE9079.0,6_IL.7,16_IC3235921.htm","https://www.glassdoor.com/Reviews/Google-Singapore-Reviews-EI_IE9079.0,6_IL.7,16_IC3235921.htm",success,,Google Singapore reviews,Singapore,,,2026-06-28T15:29:41.399600+00:00
Google,"Taipei, TPQ","https://www.glassdoor.com/Reviews/Google-Taipei-Reviews-EI_IE9079.0,6_IL.7,13_IC3271041.htm","https://www.glassdoor.com/Reviews/Google-Taipei-Reviews-EI_IE9079.0,6_IL.7,13_IC3271041.htm",success,,Google Taipei reviews,Taipei,,,2026-06-28T15:29:41.504378+00:00
Google,"Tokyo, 40","https://www.glassdoor.com/Reviews/Google-Tokyo-Reviews-EI_IE9079.0,6_IL.7,12_IC2851580.htm","https://www.glassdoor.com/Reviews/Google-Tokyo-Reviews-EI_IE9079.0,6_IL.7,12_IC2851580.htm",success,,Google Tokyo reviews,Tokyo,,,2026-06-28T15:29:50.535971+00:00
Google,"Santiago, RM","https://www.glassdoor.com/Reviews/Google-Santiago-Reviews-EI_IE9079.0,6_IL.7,15_IC2434030.htm","https://www.glassdoor.com/Reviews/Google-Santiago-Reviews-EI_IE9079.0,6_IL.7,15_IC2434030.htm",success,,Google Santiago reviews,Santiago,,,2026-06-28T15:29:58.673963+00:00
Google,"São Paulo, SP","https://www.glassdoor.com/Reviews/Google-S%C3%A3o-Paulo-Reviews-EI_IE9079.0,6_IL.7,16_IC2479061.htm","https://www.glassdoor.com/Reviews/Google-S%C3%A3o-Paulo-Reviews-EI_IE9079.0,6_IL.7,16_IC2479061.htm",success,,Google São Paulo reviews,São Paulo,,,2026-06-28T15:30:07.532714+00:00
Google,"Sydney, NSW","https://www.glassdoor.com/Reviews/Google-Sydney-Reviews-EI_IE9079.0,6_IL.7,13_IC2235932.htm","https://www.glassdoor.com/Reviews/Google-Sydney-Reviews-EI_IE9079.0,6_IL.7,13_IC2235932.htm",success,,Google Sydney reviews,Sydney,,,2026-06-28T15:30:16.523875+00:00
Google,"Austin, TX","https://www.glassdoor.com/Reviews/Google-Austin-Reviews-EI_IE9079.0,6_IL.7,13_IC1139761.htm","https://www.glassdoor.com/Reviews/Google-Austin-Reviews-EI_IE9079.0,6_IL.7,13_IC1139761.htm",success,,Google Austin reviews,Austin,,,2026-06-28T15:30:25.199435+00:00
Google,"Bellevue, WA","https://www.glassdoor.com/Reviews/Google-Bellevue-Reviews-EI_IE9079.0,6_IL.7,15_IC1150442.htm","https://www.glassdoor.com/Reviews/Google-Bellevue-Reviews-EI_IE9079.0,6_IL.7,15_IC1150442.htm",success,,Google Bellevue reviews,Bellevue,,,2026-06-28T15:30:34.036016+00:00
Google,"Durham, NC","https://www.glassdoor.com/Reviews/Google-Durham-Reviews-EI_IE9079.0,6_IL.7,13_IC1138697.htm","https://www.glassdoor.com/Reviews/Google-Durham-Reviews-EI_IE9079.0,6_IL.7,13_IC1138697.htm",success,,Google Durham reviews,Durham,,,2026-06-28T15:30:42.942778+00:00
Google,"Redmond, WA","https://www.glassdoor.com/Reviews/Google-Redmond-Reviews-EI_IE9079.0,6_IL.7,14_IC1150499.htm","https://www.glassdoor.com/Reviews/Google-Redmond-Reviews-EI_IE9079.0,6_IL.7,14_IC1150499.htm",success,,Google Redmond reviews,Redmond,,,2026-06-28T15:30:51.595035+00:00
Google,"Saint Louis, MO","https://www.glassdoor.com/Reviews/Google-Saint-Louis-Reviews-EI_IE9079.0,6_IL.7,18_IC1131270.htm","https://www.glassdoor.com/Reviews/Google-Saint-Louis-Reviews-EI_IE9079.0,6_IL.7,18_IC1131270.htm",success,,Google Saint Louis reviews,Saint Louis,,,2026-06-28T15:30:59.352469+00:00
Google,"San Francisco, CA","https://www.glassdoor.com/Reviews/Google-San-Francisco-Reviews-EI_IE9079.0,6_IL.7,20_IC1147401.htm","https://www.glassdoor.com/Reviews/Google-San-Francisco-Reviews-EI_IE9079.0,6_IL.7,20_IC1147401.htm",success,,Google San Francisco reviews,San Francisco,,,2026-06-28T15:31:06.914558+00:00
Google,"San Jose, CA","https://www.glassdoor.com/Reviews/Google-San-Jose-Reviews-EI_IE9079.0,6_IL.7,15_IC1147436.htm","https://www.glassdoor.com/Reviews/Google-San-Jose-Reviews-EI_IE9079.0,6_IL.7,15_IC1147436.htm",success,,Google San Jose reviews,San Jose,,,2026-06-28T15:31:15.309344+00:00
Google,"Santa Clara, CA","https://www.glassdoor.com/Reviews/Google-Santa-Clara-Reviews-EI_IE9079.0,6_IL.7,18_IC1147439.htm","https://www.glassdoor.com/Reviews/Google-Santa-Clara-Reviews-EI_IE9079.0,6_IL.7,18_IC1147439.htm",success,,Google Santa Clara reviews,Santa Clara,,,2026-06-28T15:31:22.979239+00:00
Google,"Toronto, ON","https://www.glassdoor.com/Reviews/Google-Toronto-Reviews-EI_IE9079.0,6_IL.7,14_IC2281069.htm","https://www.glassdoor.com/Reviews/Google-Toronto-Reviews-EI_IE9079.0,6_IL.7,14_IC2281069.htm",success,,Google Toronto reviews,Toronto,,,2026-06-28T15:31:32.449510+00:00
Google,"Moscow, 48","https://www.glassdoor.com/Reviews/Google-Moscow-Reviews-EI_IE9079.0,6_IL.7,13_IC3348306.htm","https://www.glassdoor.com/Reviews/Google-Moscow-Reviews-EI_IE9079.0,6_IL.7,13_IC3348306.htm",success,,Google Moscow reviews,Moscow,,,2026-06-28T15:31:41.179838+00:00
Google,"Munich, BY","https://www.glassdoor.com/Reviews/Google-Munich-Reviews-EI_IE9079.0,6_IL.7,13_IC4990924.htm","https://www.glassdoor.com/Reviews/Google-Munich-Reviews-EI_IE9079.0,6_IL.7,13_IC4990924.htm",success,,Google Munich reviews,Munich,,,2026-06-28T15:31:49.204100+00:00
Google,"Reading, ENG","https://www.glassdoor.com/Reviews/Google-Reading-Reviews-EI_IE9079.0,6_IL.7,14_IC2675152.htm","https://www.glassdoor.com/Reviews/Google-Reading-Reviews-EI_IE9079.0,6_IL.7,14_IC2675152.htm",success,,Google Reading reviews,Reading,"recommend,ceo_approval,diversity_inclusion,work_life_balance,compensation_benefits,culture_values,career_opportunities,senior_management","career_opportunities:selector_failure,ceo_approval:selector_failure,compensation_benefits:selector_failure,culture_values:page_missing,diversity_inclusion:page_missing,recommend:selector_failure,senior_management:selector_failure,work_life_balance:selector_failure",2026-06-28T15:31:58.970504+00:00
Google,"Zürich, ZH","https://www.glassdoor.com/Reviews/Google-Z%C3%BCrich-Reviews-EI_IE9079.0,6_IL.7,13_IC3297851.htm","https://www.glassdoor.com/Reviews/Google-Z%C3%BCrich-Reviews-EI_IE9079.0,6_IL.7,13_IC3297851.htm",success,,Google Zürich reviews,Zürich,,,2026-06-28T15:32:12.548974+00:00
Google,"Bengaluru, KA","https://www.glassdoor.com/Reviews/Google-Bengaluru-Reviews-EI_IE9079.0,6_IL.7,16_IC2940587.htm","https://www.glassdoor.com/Reviews/Google-Bengaluru-Reviews-EI_IE9079.0,6_IL.7,16_IC2940587.htm",success,,Google Bengaluru reviews,Bengaluru,,,2026-06-28T15:32:26.750238+00:00
Google,"Pudong, 23","https://www.glassdoor.com/Reviews/Google-Pudong-Reviews-EI_IE9079.0,6_IL.7,13_IC2415109.htm","https://www.glassdoor.com/Reviews/Google-Pudong-Reviews-EI_IE9079.0,6_IL.7,13_IC2415109.htm",success,,Google Pudong reviews,Pudong,"recommend,ceo_approval","ceo_approval:selector_failure,recommend:selector_failure",2026-06-28T15:32:36.489109+00:00
Google,"Pune, MH","https://www.glassdoor.com/Reviews/Google-Pune-Reviews-EI_IE9079.0,6_IL.7,11_IC2856202.htm","https://www.glassdoor.com/Reviews/Google-Pune-Reviews-EI_IE9079.0,6_IL.7,11_IC2856202.htm",success,,Google Pune reviews,Pune,,,2026-06-28T15:32:45.379954+00:00
Google,"Shanghai, 23","https://www.glassdoor.com/Reviews/Google-Shanghai-Reviews-EI_IE9079.0,6_IL.7,15_IC2416009.htm","https://www.glassdoor.com/Reviews/Google-Shanghai-Reviews-EI_IE9079.0,6_IL.7,15_IC2416009.htm",success,,Google Shanghai reviews,Shanghai,,,2026-06-28T15:32:55.425210+00:00
Google,"San Jose, MP","https://www.glassdoor.com/Reviews/Google-San-Jose-Reviews-EI_IE9079.0,6_IL.7,15_IC1147436.htm","https://www.glassdoor.com/Reviews/Google-San-Jose-Reviews-EI_IE9079.0,6_IL.7,15_IC1147436.htm",success,,Google San Jose reviews,San Jose,,,2026-06-28T15:32:55.549630+00:00
Google,"Frankfurt am Main, HE","https://www.glassdoor.com/Reviews/Google-Frankfurt-am-Main-Reviews-EI_IE9079.0,6_IL.7,24_IC2632180.htm","https://www.glassdoor.com/Reviews/Google-Frankfurt-am-Main-Reviews-EI_IE9079.0,6_IL.7,24_IC2632180.htm",success,,Google Frankfurt am Main reviews,Frankfurt am Main,,,2026-06-28T15:33:10.626997+00:00
Google,"Boise, ID","https://www.glassdoor.com/Reviews/Google-Boise-Reviews-EI_IE9079.0,6_IL.7,12_IC1127927.htm","https://www.glassdoor.com/Reviews/Google-Boise-Reviews-EI_IE9079.0,6_IL.7,12_IC1127927.htm",success,,Google Boise reviews,Boise,ceo_approval,ceo_approval:selector_failure,2026-06-28T15:33:20.792853+00:00
Google,"Fort Collins, CO","https://www.glassdoor.com/Reviews/Google-Fort-Collins-Reviews-EI_IE9079.0,6_IL.7,19_IC1148233.htm","https://www.glassdoor.com/Reviews/Google-Fort-Collins-Reviews-EI_IE9079.0,6_IL.7,19_IC1148233.htm",success,,Google Fort Collins reviews,Fort Collins,"ceo_approval,diversity_inclusion","ceo_approval:selector_failure,diversity_inclusion:page_missing",2026-06-28T15:33:29.897640+00:00
Google,"Guadalajara, JAL","https://www.glassdoor.com/Reviews/Google-Guadalajara-Reviews-EI_IE9079.0,6_IL.7,18_IC3486357.htm","https://www.glassdoor.com/Reviews/Google-Guadalajara-Reviews-EI_IE9079.0,6_IL.7,18_IC3486357.htm",success,,Google Guadalajara reviews,Guadalajara,,,2026-06-28T15:33:38.843235+00:00
Google,"Houston, TX","https://www.glassdoor.com/Reviews/Google-Houston-Reviews-EI_IE9079.0,6_IL.7,14_IC1140171.htm","https://www.glassdoor.com/Reviews/Google-Houston-Reviews-EI_IE9079.0,6_IL.7,14_IC1140171.htm",success,,Google Houston reviews,Houston,,,2026-06-28T15:33:47.792075+00:00
Google,"Palo Alto, CA","https://www.glassdoor.com/Reviews/Google-Palo-Alto-Reviews-EI_IE9079.0,6_IL.7,16_IC1147434.htm","https://www.glassdoor.com/Reviews/Google-Palo-Alto-Reviews-EI_IE9079.0,6_IL.7,16_IC1147434.htm",success,,Google Palo Alto reviews,Palo Alto,,,2026-06-28T15:33:55.238780+00:00
Google,"Portland, OR","https://www.glassdoor.com/Reviews/Google-Portland-Reviews-EI_IE9079.0,6_IL.7,15_IC1151614.htm","https://www.glassdoor.com/Reviews/Google-Portland-Reviews-EI_IE9079.0,6_IL.7,15_IC1151614.htm",success,,Google Portland reviews,Portland,,,2026-06-28T15:34:04.082384+00:00
Google,"San Diego, CA","https://www.glassdoor.com/Reviews/Google-San-Diego-Reviews-EI_IE9079.0,6_IL.7,16_IC1147311.htm","https://www.glassdoor.com/Reviews/Google-San-Diego-Reviews-EI_IE9079.0,6_IL.7,16_IC1147311.htm",success,,Google San Diego reviews,San Diego,,,2026-06-28T15:34:12.237748+00:00
Google,"Sunnyvale, CA","https://www.glassdoor.com/Reviews/Google-Sunnyvale-Reviews-EI_IE9079.0,6_IL.7,16_IC1147442.htm","https://www.glassdoor.com/Reviews/Google-Sunnyvale-Reviews-EI_IE9079.0,6_IL.7,16_IC1147442.htm",success,,Google Sunnyvale reviews,Sunnyvale,,,2026-06-28T15:34:20.842085+00:00
Google,"Vancouver, WA","https://www.glassdoor.com/Reviews/Google-Vancouver-Reviews-EI_IE9079.0,6_IL.7,16_IC1150413.htm","https://www.glassdoor.com/Reviews/Google-Vancouver-Reviews-EI_IE9079.0,6_IL.7,16_IC1150413.htm",success,,Google Vancouver reviews,Vancouver,,,2026-06-28T15:34:29.229931+00:00
Google,"Bucharest, B","https://www.glassdoor.com/Reviews/Google-Bucharest-Reviews-EI_IE9079.0,6_IL.7,16_IC3184907.htm","https://www.glassdoor.com/Reviews/Google-Bucharest-Reviews-EI_IE9079.0,6_IL.7,16_IC3184907.htm",success,,Google Bucharest reviews,Bucharest,,,2026-06-28T15:34:38.397094+00:00
Google,"Cambridge, ENG","https://www.glassdoor.com/Reviews/Google-Cambridge-Reviews-EI_IE9079.0,6_IL.7,16_IC2662516.htm","https://www.glassdoor.com/Reviews/Google-Cambridge-Reviews-EI_IE9079.0,6_IL.7,16_IC2662516.htm",success,,Google Cambridge reviews,Cambridge,"recommend,ceo_approval,diversity_inclusion,work_life_balance,compensation_benefits,culture_values,career_opportunities,senior_management","career_opportunities:selector_failure,ceo_approval:selector_failure,compensation_benefits:selector_failure,culture_values:page_missing,diversity_inclusion:page_missing,recommend:selector_failure,senior_management:selector_failure,work_life_balance:selector_failure",2026-06-28T15:34:48.037312+00:00
Google,"Paris, A8","https://www.glassdoor.com/Reviews/Google-Paris-Reviews-EI_IE9079.0,6_IL.7,12_IC2881970.htm","https://www.glassdoor.com/Reviews/Google-Paris-Reviews-EI_IE9079.0,6_IL.7,12_IC2881970.htm",success,,Google Paris reviews,Paris,,,2026-06-28T15:34:57.853153+00:00
Google,"Whitefield, KA","https://www.glassdoor.com/Reviews/Google-Whitefield-Reviews-EI_IE9079.0,6_IL.7,17_IC2941717.htm","https://www.glassdoor.com/Reviews/Google-Whitefield-Reviews-EI_IE9079.0,6_IL.7,17_IC2941717.htm",success,,Google Whitefield reviews,Whitefield,,,2026-06-28T15:35:07.392263+00:00
Google,"Irving, TX","https://www.glassdoor.com/Reviews/Google-Irving-Reviews-EI_IE9079.0,6_IL.7,13_IC1140006.htm","https://www.glassdoor.com/Reviews/Google-Irving-Reviews-EI_IE9079.0,6_IL.7,13_IC1140006.htm",success,,Google Irving reviews,Irving,"recommend,ceo_approval,diversity_inclusion,work_life_balance,compensation_benefits,culture_values,career_opportunities,senior_management","career_opportunities:selector_failure,ceo_approval:selector_failure,compensation_benefits:selector_failure,culture_values:page_missing,diversity_inclusion:page_missing,recommend:selector_failure,senior_management:selector_failure,work_life_balance:selector_failure",2026-06-28T15:35:15.281270+00:00
Google,"Jersey City, NJ","https://www.glassdoor.com/Reviews/Google-Jersey-City-Reviews-EI_IE9079.0,6_IL.7,18_IC1126819.htm","https://www.glassdoor.com/Reviews/Google-Jersey-City-Reviews-EI_IE9079.0,6_IL.7,18_IC1126819.htm",success,,Google Jersey City reviews,Jersey City,,,2026-06-28T15:35:24.305427+00:00
Google,"Kanata, ON","https://www.glassdoor.com/Reviews/Google-Kanata-Reviews-EI_IE9079.0,6_IL.7,13_IC2282818.htm","https://www.glassdoor.com/Reviews/Google-Kanata-Reviews-EI_IE9079.0,6_IL.7,13_IC2282818.htm",success,,Google Kanata reviews,Kanata,,,2026-06-28T15:35:31.626854+00:00
Google,"Cork, M","https://www.glassdoor.com/Reviews/Google-Cork-Reviews-EI_IE9079.0,6_IL.7,11_IC4325638.htm","https://www.glassdoor.com/Reviews/Google-Cork-Reviews-EI_IE9079.0,6_IL.7,11_IC4325638.htm",success,,Google Cork reviews,Cork,,,2026-06-28T15:35:41.267601+00:00
Google,"London, ENG","https://www.glassdoor.com/Reviews/Google-London-Reviews-EI_IE9079.0,6_IL.7,13_IC2671300.htm","https://www.glassdoor.com/Reviews/Google-London-Reviews-EI_IE9079.0,6_IL.7,13_IC2671300.htm",success,,Google London reviews,London,,,2026-06-28T15:35:51.120034+00:00
Google,"Boston, MA","https://www.glassdoor.com/Reviews/Google-Boston-Reviews-EI_IE9079.0,6_IL.7,13_IC1154532.htm","https://www.glassdoor.com/Reviews/Google-Boston-Reviews-EI_IE9079.0,6_IL.7,13_IC1154532.htm",success,,Google Boston reviews,Boston,,,2026-06-28T15:35:58.937848+00:00
Google,"Cambridge, MA","https://www.glassdoor.com/Reviews/Google-Cambridge-Reviews-EI_IE9079.0,6_IL.7,16_IC1154545.htm","https://www.glassdoor.com/Reviews/Google-Cambridge-Reviews-EI_IE9079.0,6_IL.7,16_IC1154545.htm",success,,Google Cambridge reviews,Cambridge,,,2026-06-28T15:36:08.770137+00:00
Google,"Canada, KY","https://www.glassdoor.com/Reviews/Google-Canada-Reviews-EI_IE9079.0,6_IL.7,13_IC1137126.htm","https://www.glassdoor.com/Reviews/Google-Canada-Reviews-EI_IE9079.0,6_IL.7,13_IC1137126.htm",success,,Google Canada reviews,Canada,,,2026-06-28T15:36:21.768703+00:00
Google,"Georgetown, TX","https://www.glassdoor.com/Reviews/Google-Georgetown-Reviews-EI_IE9079.0,6_IL.7,17_IC1139774.htm","https://www.glassdoor.com/Reviews/Google-Georgetown-Reviews-EI_IE9079.0,6_IL.7,17_IC1139774.htm",success,,Google Georgetown reviews,Georgetown,"recommend,ceo_approval,diversity_inclusion,work_life_balance,compensation_benefits,culture_values,career_opportunities,senior_management","career_opportunities:selector_failure,ceo_approval:selector_failure,compensation_benefits:selector_failure,culture_values:page_missing,diversity_inclusion:page_missing,recommend:selector_failure,senior_management:selector_failure,work_life_balance:selector_failure",2026-06-28T15:36:30.541703+00:00
Google,"India, TX","https://www.glassdoor.com/Reviews/Google-India-Reviews-EI_IE9079.0,6_IL.7,12_IC3759223.htm","https://www.glassdoor.com/Reviews/Google-India-Reviews-EI_IE9079.0,6_IL.7,12_IC3759223.htm",success,,Google India reviews,India,,,2026-06-28T15:36:39.231829+00:00
Google,"Quincy, MA","https://www.glassdoor.com/Reviews/Google-Quincy-Reviews-EI_IE9079.0,6_IL.7,13_IC1154667.htm","https://www.glassdoor.com/Reviews/Google-Quincy-Reviews-EI_IE9079.0,6_IL.7,13_IC1154667.htm",success,,Google Quincy reviews,Quincy,"recommend,ceo_approval,diversity_inclusion,work_life_balance,compensation_benefits,culture_values,career_opportunities,senior_management","career_opportunities:selector_failure,ceo_approval:selector_failure,compensation_benefits:selector_failure,culture_values:page_missing,diversity_inclusion:page_missing,recommend:selector_failure,senior_management:selector_failure,work_life_balance:selector_failure",2026-06-28T15:36:47.342127+00:00
Google,"Round Rock, TX","https://www.glassdoor.com/Reviews/Google-Round-Rock-Reviews-EI_IE9079.0,6_IL.7,17_IC1139794.htm","https://www.glassdoor.com/Reviews/Google-Round-Rock-Reviews-EI_IE9079.0,6_IL.7,17_IC1139794.htm",success,,Google Round Rock reviews,Round Rock,diversity_inclusion,diversity_inclusion:page_missing,2026-06-28T15:36:56.160883+00:00
Google,"Chicago, IL","https://www.glassdoor.com/Reviews/Google-Chicago-Reviews-EI_IE9079.0,6_IL.7,14_IC1128808.htm","https://www.glassdoor.com/Reviews/Google-Chicago-Reviews-EI_IE9079.0,6_IL.7,14_IC1128808.htm",success,,Google Chicago reviews,Chicago,,,2026-06-28T15:37:03.897661+00:00
Google,"Morrisville, NC","https://www.glassdoor.com/Reviews/Google-Morrisville-Reviews-EI_IE9079.0,6_IL.7,18_IC1138956.htm","https://www.glassdoor.com/Reviews/Google-Morrisville-Reviews-EI_IE9079.0,6_IL.7,18_IC1138956.htm",success,,Google Morrisville reviews,Morrisville,"recommend,ceo_approval,diversity_inclusion,work_life_balance,compensation_benefits,culture_values,career_opportunities,senior_management","career_opportunities:selector_failure,ceo_approval:selector_failure,compensation_benefits:selector_failure,culture_values:page_missing,diversity_inclusion:page_missing,recommend:selector_failure,senior_management:selector_failure,work_life_balance:selector_failure",2026-06-28T15:37:12.722759+00:00
Google,"Bratislava, 02","https://www.glassdoor.com/Reviews/Google-Bratislava-Reviews-EI_IE9079.0,6_IL.7,17_IC2907054.htm","https://www.glassdoor.com/Reviews/Google-Bratislava-Reviews-EI_IE9079.0,6_IL.7,17_IC2907054.htm",success,,Google Bratislava reviews,Bratislava,,,2026-06-28T15:37:20.152126+00:00
Google,"Stuttgart, BW","https://www.glassdoor.com/Reviews/Google-Stuttgart-Reviews-EI_IE9079.0,6_IL.7,16_IC2507190.htm","https://www.glassdoor.com/Reviews/Google-Stuttgart-Reviews-EI_IE9079.0,6_IL.7,16_IC2507190.htm",success,,Google Stuttgart reviews,Stuttgart,"recommend,ceo_approval,diversity_inclusion,work_life_balance,compensation_benefits,culture_values,career_opportunities,senior_management","career_opportunities:selector_failure,ceo_approval:selector_failure,compensation_benefits:selector_failure,culture_values:page_missing,diversity_inclusion:page_missing,recommend:selector_failure,senior_management:selector_failure,work_life_balance:selector_failure",2026-06-28T15:37:28.566993+00:00
Google,"Beijing, 22","https://www.glassdoor.com/Reviews/Google-Beijing-Reviews-EI_IE9079.0,6_IL.7,14_IC2398510.htm","https://www.glassdoor.com/Reviews/Google-Beijing-Reviews-EI_IE9079.0,6_IL.7,14_IC2398510.htm",success,,Google Beijing reviews,Beijing,,,2026-06-28T15:37:37.618308+00:00
Google,Hong Kong,"https://www.glassdoor.com/Reviews/Google-Hong-Kong-Reviews-EI_IE9079.0,6_IL.7,16_IC2308631.htm","https://www.glassdoor.com/Reviews/Google-Hong-Kong-Reviews-EI_IE9079.0,6_IL.7,16_IC2308631.htm",success,,Google Hong Kong reviews,Hong Kong,,,2026-06-28T15:37:46.954428+00:00
Google,"Xiamen, 07","https://www.glassdoor.com/Reviews/Google-Xiamen-Reviews-EI_IE9079.0,6_IL.7,13_IC2564138.htm","https://www.glassdoor.com/Reviews/Google-Xiamen-Reviews-EI_IE9079.0,6_IL.7,13_IC2564138.htm",success,,Google Xiamen reviews,Xiamen,"recommend,ceo_approval,diversity_inclusion,work_life_balance,compensation_benefits,culture_values,career_opportunities,senior_management","career_opportunities:selector_failure,ceo_approval:selector_failure,compensation_benefits:selector_failure,culture_values:page_missing,diversity_inclusion:page_missing,recommend:selector_failure,senior_management:selector_failure,work_life_balance:selector_failure",2026-06-28T15:37:54.129970+00:00
Google,"Buenos Aires, C","https://www.glassdoor.com/Reviews/Google-Buenos-Aires-Reviews-EI_IE9079.0,6_IL.7,19_IC2242084.htm","https://www.glassdoor.com/Reviews/Google-Buenos-Aires-Reviews-EI_IE9079.0,6_IL.7,19_IC2242084.htm",success,,Google Buenos Aires reviews,Buenos Aires,,,2026-06-28T15:38:01.995710+00:00
Google,"Campinas, SP","https://www.glassdoor.com/Reviews/Google-Campinas-Reviews-EI_IE9079.0,6_IL.7,15_IC2490130.htm","https://www.glassdoor.com/Reviews/Google-Campinas-Reviews-EI_IE9079.0,6_IL.7,15_IC2490130.htm",success,,Google Campinas reviews,Campinas,,,2026-06-28T15:38:10.838566+00:00
Google,"Indaiatuba, SP","https://www.glassdoor.com/Reviews/Google-Indaiatuba-Reviews-EI_IE9079.0,6_IL.7,17_IC2480058.htm","https://www.glassdoor.com/Reviews/Google-Indaiatuba-Reviews-EI_IE9079.0,6_IL.7,17_IC2480058.htm",success,,Google Indaiatuba reviews,Indaiatuba,ceo_approval,ceo_approval:selector_failure,2026-06-28T15:38:19.938030+00:00
Google,"Sorocaba, SP","https://www.glassdoor.com/Reviews/Google-Sorocaba-Reviews-EI_IE9079.0,6_IL.7,15_IC2475809.htm","https://www.glassdoor.com/Reviews/Google-Sorocaba-Reviews-EI_IE9079.0,6_IL.7,15_IC2475809.htm",success,,Google Sorocaba reviews,Sorocaba,"recommend,ceo_approval,diversity_inclusion,work_life_balance,compensation_benefits,culture_values,career_opportunities,senior_management","career_opportunities:selector_failure,ceo_approval:selector_failure,compensation_benefits:selector_failure,culture_values:page_missing,diversity_inclusion:page_missing,recommend:selector_failure,senior_management:selector_failure,work_life_balance:selector_failure",2026-06-28T15:38:29.291913+00:00
Google,Global,https://www.glassdoor.com/Reviews/Google-Reviews-E9079.htm,https://www.glassdoor.com/Reviews/Google-Reviews-E9079.htm,success,,Google reviews,Global,,,2026-06-28T15:38:39.147183+00:00
Google,Shanghai,"https://www.glassdoor.com/Reviews/Google-Shanghai-Reviews-EI_IE9079.0,6_IL.7,15_IC2416009.htm","https://www.glassdoor.com/Reviews/Google-Shanghai-Reviews-EI_IE9079.0,6_IL.7,15_IC2416009.htm",success,,Google Shanghai reviews,Shanghai,,,2026-06-28T15:38:39.248565+00:00
Google,Tokyo,"https://www.glassdoor.com/Reviews/Google-Tokyo-Reviews-EI_IE9079.0,6_IL.7,12_IC2851580.htm","https://www.glassdoor.com/Reviews/Google-Tokyo-Reviews-EI_IE9079.0,6_IL.7,12_IC2851580.htm",success,,Google Tokyo reviews,Tokyo,,,2026-06-28T15:38:39.362695+00:00
Google,Seoul,"https://www.glassdoor.com/Reviews/Google-Seoul-Reviews-EI_IE9079.0,6_IL.7,12_IC3021489.htm","https://www.glassdoor.com/Reviews/Google-Seoul-Reviews-EI_IE9079.0,6_IL.7,12_IC3021489.htm",success,,Google Seoul reviews,Seoul,,,2026-06-28T15:38:39.472841+00:00
Google,Austin,"https://www.glassdoor.com/Reviews/Google-Austin-Reviews-EI_IE9079.0,6_IL.7,13_IC1139761.htm","https://www.glassdoor.com/Reviews/Google-Austin-Reviews-EI_IE9079.0,6_IL.7,13_IC1139761.htm",success,,Google Austin reviews,Austin,,,2026-06-28T15:38:39.574415+00:00
Google,London,"https://www.glassdoor.com/Reviews/Google-London-Reviews-EI_IE9079.0,6_IL.7,13_IC2671300.htm","https://www.glassdoor.com/Reviews/Google-London-Reviews-EI_IE9079.0,6_IL.7,13_IC2671300.htm",success,,Google London reviews,London,,,2026-06-28T15:38:39.680026+00:00
Google,Munich,"https://www.glassdoor.com/Reviews/Google-Munich-Reviews-EI_IE9079.0,6_IL.7,13_IC4990924.htm","https://www.glassdoor.com/Reviews/Google-Munich-Reviews-EI_IE9079.0,6_IL.7,13_IC4990924.htm",success,,Google Munich reviews,Munich,,,2026-06-28T15:38:39.777907+00:00
